#,<TEAM_ID>,<MISSION_TIME>,<PACKET_COUNT>,<BLE_TEMP>,<BLE_PRESSURE>,<BLE_ALT>,<HACKRF_FREQ>,<HACKRF_RSSI>,<AX>,<AY>,<AZ>,<GX>,<GY>,<GZ>,<MX>,<MY>,<MZ>,<SOFTWARE_STATE>,<GNSS_LAT>,<GNSS_LONG>,<GNSS_ALT>,<GNSS_TIME>,<GNSS_SATS>,<VOLTAGE>,<CURRENT>,<RPI_TEMP>,<ERROR_FLAGS>,<CHECKSUM>,<ACK>,$
#,050,0,0,29.00,941.00,10.00,Frequency_MHz,RSSI_dBm,0.03,-0.06,0.94,5.19,-1.40,43.76,35.05,-61.72,-39.64,1,0.00,0.00,0,0,0,4.15,0.00,52.7,0,00,0,$
#,050,0,0,29.00,941.00,10.00,Frequency_MHz,RSSI_dBm,0.02,-0.05,0.97,0.18,0.06,1.83,37.68,-63.68,-42.55,1,0.00,0.00,0,0,0,4.15,0.00,52.7,0,00,0,$
#,050,0,0,29.00,941.00,10.00,Frequency_MHz,RSSI_dBm,0.02,-0.06,0.98,1.16,0.49,4.52,37.12,-62.67,-42.30,1,0.00,0.00,0,0,0,4.15,0.00,54.9,0,00,0,$
#,050,0,0,29.00,941.00,10.00,Frequency_MHz,RSSI_dBm,0.02,-0.06,0.98,1.22,0.24,4.39,34.20,-59.17,-42.11,1,0.00,0.00,0,0,0,4.15,0.00,52.7,0,00,0,$
#,050,0,0,29.00,941.00,10.00,Frequency_MHz,RSSI_dBm,0.02,-0.06,0.98,0.73,0.43,3.85,34.53,-60.39,-43.43,1,0.00,0.00,0,0,0,4.15,0.00,53.8,0,00,0,$
#,050,0,0,29.00,941.00,10.00,Frequency_MHz,RSSI_dBm,0.01,-0.06,0.95,0.55,0.31,3.11,36.08,-61.95,-42.10,1,0.00,0.00,0,0,0,4.15,0.00,54.9,0,00,0,$
#,050,0,0,29.00,941.00,10.00,Frequency_MHz,RSSI_dBm,0.02,-0.05,0.98,2.62,-0.43,9.22,36.38,-61.58,-42.35,1,0.00,0.00,0,0,0,4.15,0.00,53.2,0,00,0,$
#,050,0,0,29.00,941.00,10.00,Frequency_MHz,RSSI_dBm,0.03,-0.06,0.99,-4.39,-0.73,-14.71,35.77,-62.48,-41.77,1,0.00,0.00,0,0,0,4.15,0.00,53.8,0,00,0,$
#,050,0,0,29.00,941.00,10.00,Frequency_MHz,RSSI_dBm,0.03,-0.06,0.92,-13.67,-2.26,-78.25,35.66,-62.16,-42.69,1,0.00,0.00,0,0,0,4.15,0.00,53.8,0,00,0,$
#,050,0,0,29.00,941.00,10.00,Frequency_MHz,RSSI_dBm,0.02,-0.06,0.98,-0.06,0.31,-0.98,35.14,-61.21,-40.05,1,0.00,0.00,0,0,0,4.15,0.00,53.2,0,00,0,$
#,050,1,0,29.00,941.00,10.00,Frequency_MHz,RSSI_dBm,0.02,-0.06,0.93,-14.34,0.98,-103.64,34.83,-61.06,-40.15,1,0.00,0.00,0,0,0,4.15,0.00,52.1,0,00,0,$
#,050,1,0,29.00,941.00,10.00,Frequency_MHz,RSSI_dBm,0.02,-0.06,0.98,0.43,0.06,3.30,34.68,-61.05,-40.15,1,0.00,0.00,0,0,0,4.15,0.00,52.7,0,00,0,$
#,050,1,1,29.00,941.00,10.00,Frequency_MHz,RSSI_dBm,0.02,-0.06,0.93,-4.64,-0.49,-38.02,35.30,-61.22,-40.84,1,0.00,0.00,0,0,0,4.15,0.00,52.1,0,00,0,$
#,050,1,1,29.00,941.00,10.00,Frequency_MHz,RSSI_dBm,0.02,-0.06,0.98,0.37,0.18,3.30,35.60,-62.56,-43.32,1,0.00,0.00,0,0,0,4.15,0.00,53.8,0,00,0,$
#,050,0,0,Temperature,Pressure,Altitude,Frequency_MHz,RSSI_dBm,ax,ay,az,gx,gy,gz,mx,my,mz,1,0.00,0.00,0,0,0,4.15,0.00,51.0,0,00,1,$
#,050,0,0,Temperature,Pressure,Altitude,Frequency_MHz,RSSI_dBm,ax,ay,az,gx,gy,gz,mx,my,mz,1,0.00,0.00,0,0,0,4.15,0.00,49.9,0,00,1,$
#,050,0,0,Temperature,Pressure,Altitude,Frequency_MHz,RSSI_dBm,ax,ay,az,gx,gy,gz,mx,my,mz,1,0.00,0.00,0,0,0,4.15,0.00,50.5,0,00,1,$
#,050,0,0,Temperature,Pressure,Altitude,Frequency_MHz,RSSI_dBm,ax,ay,az,gx,gy,gz,mx,my,mz,1,0.00,0.00,0,0,0,4.15,0.00,51.6,0,00,1,$
#,050,0,0,Temperature,Pressure,Altitude,Frequency_MHz,RSSI_dBm,ax,ay,az,gx,gy,gz,mx,my,mz,1,0.00,0.00,0,0,0,4.15,0.00,50.5,0,00,1,$
#,050,0,0,29.00,941.00,10.00,Frequency_MHz,RSSI_dBm,-0.03,-0.03,0.98,0.31,0.18,0.61,43.07,-46.28,-44.27,1,0.00,0.00,0,0,0,4.15,0.00,51.0,0,00,1,$
#,050,0,0,29.00,941.00,10.00,Frequency_MHz,RSSI_dBm,-0.03,-0.03,0.98,0.18,0.37,0.73,42.19,-46.33,-43.95,1,0.00,0.00,0,0,0,4.15,0.00,50.5,0,00,1,$
#,050,0,0,29.00,941.00,10.00,Frequency_MHz,RSSI_dBm,-0.03,-0.03,0.98,0.24,0.31,0.73,43.09,-46.37,-43.73,1,0.00,0.00,0,0,0,4.15,0.00,51.6,0,00,1,$
#,050,0,0,29.00,941.00,10.00,Frequency_MHz,RSSI_dBm,-0.03,-0.03,0.98,0.18,0.37,0.55,43.47,-46.51,-43.87,1,0.00,0.00,0,0,0,4.15,0.00,50.5,0,00,1,$
#,050,0,0,29.00,941.00,10.00,Frequency_MHz,RSSI_dBm,-0.03,-0.03,0.98,0.06,0.37,0.55,42.72,-45.14,-42.40,1,0.00,0.00,0,0,0,4.15,0.00,52.1,0,00,1,$
#,050,1,0,29.00,941.00,10.00,Frequency_MHz,RSSI_dBm,-0.03,-0.03,0.98,0.12,0.31,0.67,42.57,-45.42,-42.04,1,0.00,0.00,0,0,0,4.15,0.00,51.0,0,00,1,$
#,050,1,0,29.00,941.00,10.00,Frequency_MHz,RSSI_dBm,-0.03,-0.03,0.98,0.43,0.55,0.73,42.90,-45.08,-42.79,1,0.00,0.00,0,0,0,4.15,0.00,50.5,0,00,1,$
#,050,1,1,29.00,941.00,10.00,Frequency_MHz,RSSI_dBm,-0.03,-0.03,0.98,0.12,0.37,0.61,42.40,-44.68,-42.32,1,0.00,0.00,0,0,0,4.15,0.00,51.6,0,00,1,$
#,050,1,1,29.00,941.00,10.00,Frequency_MHz,RSSI_dBm,-0.03,-0.03,0.98,0.24,0.37,0.79,43.31,-46.37,-43.96,1,0.00,0.00,0,0,0,4.15,0.00,51.0,0,00,1,$
#,050,1,1,29.00,941.00,10.00,Frequency_MHz,RSSI_dBm,-0.03,-0.03,0.98,0.24,0.24,0.73,42.80,-46.42,-44.26,1,0.00,0.00,0,0,0,4.15,0.00,51.6,0,00,1,$
#,050,1,1,29.00,941.00,10.00,Frequency_MHz,RSSI_dBm,-0.03,-0.03,0.98,0.31,0.31,0.67,42.15,-46.15,-43.66,1,0.00,0.00,0,0,0,4.15,0.00,50.5,0,00,1,$
#,050,1,1,29.00,941.00,10.00,Frequency_MHz,RSSI_dBm,-0.03,-0.03,0.98,0.12,0.43,0.55,42.75,-46.01,-44.06,1,0.00,0.00,0,0,0,4.15,0.00,51.6,0,00,1,$
#,050,1,1,29.00,941.00,10.00,Frequency_MHz,RSSI_dBm,-0.03,-0.03,0.98,0.06,0.24,0.49,42.99,-46.09,-44.42,1,0.00,0.00,0,0,0,4.15,0.00,51.6,0,00,1,$
#,050,1,1,29.00,941.00,10.00,Frequency_MHz,RSSI_dBm,-0.03,-0.03,0.98,0.06,0.31,0.49,42.44,-46.01,-44.71,1,0.00,0.00,0,0,0,4.15,0.00,52.1,0,00,1,$
#,050,1,1,29.00,941.00,10.00,Frequency_MHz,RSSI_dBm,-0.03,-0.03,0.98,0.24,0.37,0.61,42.48,-45.17,-43.47,1,0.00,0.00,0,0,0,4.15,0.00,52.1,0,00,1,$
#,050,2,1,29.00,941.00,10.00,Frequency_MHz,RSSI_dBm,-0.03,-0.03,0.98,0.12,0.43,0.55,43.20,-45.03,-42.50,1,0.00,0.00,0,0,0,4.15,0.00,51.0,0,00,1,$
#,050,2,1,29.00,941.00,10.00,Frequency_MHz,RSSI_dBm,-0.03,-0.03,0.98,0.18,0.49,0.73,42.70,-45.85,-43.80,1,0.00,0.00,0,0,0,4.15,0.00,50.5,0,00,1,$
#,050,2,2,29.00,941.00,10.00,Frequency_MHz,RSSI_dBm,-0.03,-0.03,0.98,0.12,0.31,0.67,43.16,-46.06,-44.17,1,0.00,0.00,0,0,0,4.15,0.00,51.0,0,00,1,$
#,050,0,0,29.00,941.00,10.00,Frequency_MHz,RSSI_dBm,-0.03,-0.03,0.98,0.18,0.31,0.67,42.59,-45.92,-42.98,1,0.00,0.00,0,0,0,4.15,0.00,53.2,0,00,1,$
#,050,0,0,29.00,941.00,10.00,Frequency_MHz,RSSI_dBm,-0.03,-0.03,0.98,0.18,0.24,0.31,42.93,-46.03,-43.13,1,0.00,0.00,0,0,0,4.15,0.00,54.3,0,00,1,$
#,050,0,0,29.00,941.00,10.00,Frequency_MHz,RSSI_dBm,-0.03,-0.03,0.98,0.18,0.31,0.55,42.27,-45.87,-43.23,1,0.00,0.00,0,0,0,4.15,0.00,53.8,0,00,1,$
#,050,0,0,29.00,941.00,10.00,Frequency_MHz,RSSI_dBm,-0.03,-0.03,0.98,0.24,0.37,0.73,42.63,-46.91,-44.47,1,0.00,0.00,0,0,0,4.15,0.00,55.4,0,00,1,$
#,050,0,0,29.00,941.00,10.00,Frequency_MHz,RSSI_dBm,-0.03,-0.03,0.98,0.18,0.37,0.67,42.91,-46.83,-43.68,1,0.00,0.00,0,0,0,4.15,0.00,53.8,0,00,1,$
#,050,0,0,29.00,941.00,10.00,Frequency_MHz,RSSI_dBm,-0.03,-0.03,0.98,0.24,0.18,0.61,42.88,-46.97,-44.63,1,0.00,0.00,0,0,0,4.15,0.00,53.8,0,00,1,$
#,050,0,0,29.00,941.00,10.00,Frequency_MHz,RSSI_dBm,-0.03,-0.03,0.98,0.18,0.31,0.79,42.57,-46.57,-44.64,1,0.00,0.00,0,0,0,4.15,0.00,54.9,0,00,1,$
#,050,0,0,29.00,941.00,10.00,Frequency_MHz,RSSI_dBm,-0.03,-0.03,0.98,0.24,0.31,0.61,42.90,-47.45,-44.80,1,0.00,0.00,0,0,0,4.15,0.00,54.3,0,00,1,$
#,050,0,0,29.00,941.00,10.00,Frequency_MHz,RSSI_dBm,-0.03,-0.03,0.98,0.18,0.31,0.73,42.77,-46.89,-44.47,1,0.00,0.00,0,0,0,4.15,0.00,54.9,0,00,1,$
#,050,0,0,29.00,941.00,10.00,Frequency_MHz,RSSI_dBm,-0.03,-0.03,0.98,0.06,0.18,0.73,42.19,-45.84,-43.09,1,0.00,0.00,0,0,0,4.15,0.00,54.3,0,00,1,$
#,050,1,0,29.00,941.00,10.00,Frequency_MHz,RSSI_dBm,-0.03,-0.03,0.98,0.12,0.31,0.73,41.99,-45.59,-43.65,1,0.00,0.00,0,0,0,4.15,0.00,54.3,0,00,1,$
#,050,1,0,29.00,941.00,10.00,Frequency_MHz,RSSI_dBm,-0.03,-0.03,0.98,0.18,0.49,0.49,42.57,-45.87,-43.01,1,0.00,0.00,0,0,0,4.15,0.00,51.6,0,00,1,$
#,050,1,1,29.00,941.00,10.00,Frequency_MHz,RSSI_dBm,-0.03,-0.03,0.98,0.06,0.24,0.61,42.08,-45.62,-43.58,1,0.00,0.00,0,0,0,4.15,0.00,53.8,0,00,1,$
#,050,1,1,29.00,941.00,10.00,Frequency_MHz,RSSI_dBm,-0.03,-0.03,0.98,0.12,0.24,0.67,42.69,-46.33,-44.02,1,0.00,0.00,0,0,0,4.15,0.00,51.6,0,00,1,$
#,050,1,1,29.00,941.00,10.00,Frequency_MHz,RSSI_dBm,-0.03,-0.03,0.98,0.31,0.24,0.73,43.18,-46.56,-44.24,1,0.00,0.00,0,0,0,4.15,0.00,52.1,0,00,1,$
#,050,1,1,29.00,941.00,10.00,Frequency_MHz,RSSI_dBm,-0.03,-0.03,0.98,0.24,0.12,0.55,42.18,-46.07,-44.62,1,0.00,0.00,0,0,0,4.15,0.00,52.7,0,00,1,$
#,050,1,1,29.00,941.00,10.00,Frequency_MHz,RSSI_dBm,-0.03,-0.03,0.98,0.06,0.18,0.55,42.70,-45.92,-45.86,1,0.00,0.00,0,0,0,4.15,0.00,53.2,0,00,1,$
#,050,1,1,29.00,941.00,10.00,Frequency_MHz,RSSI_dBm,-0.03,-0.03,0.98,0.24,0.24,0.61,42.32,-46.12,-44.20,1,0.00,0.00,0,0,0,4.15,0.00,53.2,0,00,1,$
#,050,1,1,29.00,941.00,10.00,Frequency_MHz,RSSI_dBm,-0.03,-0.03,0.98,0.06,0.43,0.67,42.38,-46.55,-45.18,1,0.00,0.00,0,0,0,4.15,0.00,53.2,0,00,1,$
#,050,1,1,29.00,941.00,10.00,Frequency_MHz,RSSI_dBm,-0.03,-0.03,0.98,0.12,0.24,0.61,42.40,-45.41,-42.44,1,0.00,0.00,0,0,0,4.15,0.00,53.2,0,00,1,$
#,050,2,1,29.00,941.00,10.00,Frequency_MHz,RSSI_dBm,-0.03,-0.03,0.98,0.24,0.12,0.55,42.52,-44.75,-43.21,1,0.00,0.00,0,0,0,4.15,0.00,52.1,0,00,1,$
#,050,2,1,29.00,941.00,10.00,Frequency_MHz,RSSI_dBm,-0.03,-0.03,0.98,0.12,0.37,0.73,42.08,-45.95,-42.99,1,0.00,0.00,0,0,0,4.15,0.00,52.7,0,00,1,$
#,050,2,2,29.00,941.00,10.00,Frequency_MHz,RSSI_dBm,-0.03,-0.03,0.98,0.12,0.31,0.79,42.09,-46.44,-44.93,1,0.00,0.00,0,0,0,4.15,0.00,52.7,0,00,1,$
#,050,2,2,29.00,941.00,10.00,Frequency_MHz,RSSI_dBm,-0.03,-0.03,0.98,0.12,0.37,0.67,42.75,-47.00,-43.99,1,0.00,0.00,0,0,0,4.15,0.00,52.1,0,00,1,$
#,050,2,2,29.00,941.00,10.00,Frequency_MHz,RSSI_dBm,-0.03,-0.03,0.98,0.06,0.12,0.61,42.82,-46.30,-45.46,1,0.00,0.00,0,0,0,4.15,0.00,52.1,0,00,1,$
#,050,2,2,29.00,941.00,10.00,Frequency_MHz,RSSI_dBm,-0.03,-0.03,0.98,0.18,0.18,0.55,42.47,-46.77,-45.26,1,0.00,0.00,0,0,0,4.15,0.00,52.1,0,00,1,$
#,050,2,2,29.00,941.00,10.00,Frequency_MHz,RSSI_dBm,-0.03,-0.03,0.98,0.18,0.31,0.55,43.14,-46.61,-45.14,1,0.00,0.00,0,0,0,4.15,0.00,51.6,0,00,1,$
#,050,2,2,29.00,941.00,10.00,Frequency_MHz,RSSI_dBm,-0.03,-0.03,0.98,0.12,0.18,0.55,42.44,-46.84,-46.19,1,0.00,0.00,0,0,0,4.15,0.00,51.0,0,00,1,$
#,050,2,2,29.00,941.00,10.00,Frequency_MHz,RSSI_dBm,-0.03,-0.03,0.98,0.12,0.31,0.67,42.83,-46.15,-44.47,1,0.00,0.00,0,0,0,4.15,0.00,53.2,0,00,1,$
#,050,3,2,29.00,941.00,10.00,Frequency_MHz,RSSI_dBm,-0.03,-0.03,0.98,0.18,0.37,0.67,41.80,-45.79,-43.18,1,0.00,0.00,0,0,0,4.15,0.00,53.2,0,00,1,$
#,050,3,2,29.00,941.00,10.00,Frequency_MHz,RSSI_dBm,-0.03,-0.03,0.98,0.12,0.37,0.73,41.66,-45.58,-43.35,1,0.00,0.00,0,0,0,4.15,0.00,52.7,0,00,1,$
#,050,3,3,29.00,941.00,10.00,Frequency_MHz,RSSI_dBm,-0.03,-0.03,0.98,0.24,0.31,0.73,42.10,-45.47,-43.47,1,0.00,0.00,0,0,0,4.15,0.00,52.7,0,00,1,$
#,050,3,3,29.00,941.00,10.00,Frequency_MHz,RSSI_dBm,-0.03,-0.03,0.98,0.31,0.37,0.67,42.09,-46.15,-44.60,1,0.00,0.00,0,0,0,4.15,0.00,52.7,0,00,1,$
#,050,3,3,29.00,941.00,10.00,Frequency_MHz,RSSI_dBm,-0.03,-0.03,0.98,0.18,0.31,0.73,42.26,-46.17,-44.27,1,0.00,0.00,0,0,0,4.15,0.00,52.1,0,00,1,$
#,050,3,3,29.00,941.00,10.00,Frequency_MHz,RSSI_dBm,-0.03,-0.03,0.98,0.12,0.06,0.61,42.53,-46.35,-45.65,1,0.00,0.00,0,0,0,4.15,0.00,51.6,0,00,1,$
#,050,3,3,29.00,941.00,10.00,Frequency_MHz,RSSI_dBm,-0.03,-0.03,0.98,0.12,0.12,0.61,42.91,-46.79,-44.62,1,0.00,0.00,0,0,0,4.15,0.00,51.0,0,00,1,$
#,050,3,3,29.00,941.00,10.00,Frequency_MHz,RSSI_dBm,-0.03,-0.03,0.98,0.31,0.37,0.67,42.81,-46.02,-45.28,1,0.00,0.00,0,0,0,4.15,0.00,51.6,0,00,1,$
#,050,3,3,29.00,941.00,10.00,Frequency_MHz,RSSI_dBm,-0.03,-0.03,0.98,0.24,0.37,0.73,42.75,-46.53,-45.29,1,0.00,0.00,0,0,0,4.15,0.00,52.7,0,00,1,$
#,050,3,3,29.00,941.00,10.00,Frequency_MHz,RSSI_dBm,-0.03,-0.03,0.98,0.24,0.37,0.67,41.54,-45.17,-44.02,1,0.00,0.00,0,0,0,4.15,0.00,51.0,0,00,1,$
#,050,4,3,29.00,941.00,10.00,Frequency_MHz,RSSI_dBm,-0.03,-0.03,0.98,0.18,0.37,0.55,42.54,-45.37,-43.81,1,0.00,0.00,0,0,0,4.15,0.00,52.7,0,00,1,$
#,050,4,3,29.00,941.00,10.00,Frequency_MHz,RSSI_dBm,-0.03,-0.03,0.98,0.24,0.37,0.55,42.20,-45.64,-43.33,1,0.00,0.00,0,0,0,4.15,0.00,52.7,0,00,1,$
#,050,4,4,29.00,941.00,10.00,Frequency_MHz,RSSI_dBm,-0.03,-0.03,0.98,0.12,0.37,0.61,42.00,-45.10,-43.55,1,0.00,0.00,0,0,0,4.15,0.00,52.7,0,00,1,$
#,050,4,4,29.00,941.00,10.00,Frequency_MHz,RSSI_dBm,-0.03,-0.03,0.98,0.06,0.06,0.61,42.63,-46.34,-45.39,1,0.00,0.00,0,0,0,4.15,0.00,52.7,0,00,1,$
#,050,4,4,29.00,941.00,10.00,Frequency_MHz,RSSI_dBm,-0.03,-0.04,0.98,0.06,0.31,0.67,42.83,-46.51,-44.80,1,0.00,0.00,0,0,0,4.15,0.00,51.6,0,00,1,$
#,050,4,4,29.00,941.00,10.00,Frequency_MHz,RSSI_dBm,-0.02,-0.03,0.98,0.12,0.06,0.61,42.14,-46.48,-44.68,1,0.00,0.00,0,0,0,4.15,0.00,52.1,0,00,1,$
#,050,4,4,29.00,941.00,10.00,Frequency_MHz,RSSI_dBm,-0.03,-0.03,0.98,0.12,0.18,0.61,42.31,-45.89,-43.82,1,0.00,0.00,0,0,0,4.15,0.00,52.1,0,00,1,$
#,050,4,4,29.00,941.00,10.00,Frequency_MHz,RSSI_dBm,-0.02,-0.03,0.98,0.18,0.24,0.55,42.70,-46.06,-44.24,1,0.00,0.00,0,0,0,4.15,0.00,52.1,0,00,1,$
#,050,4,4,29.00,941.00,10.00,Frequency_MHz,RSSI_dBm,-0.02,-0.03,0.98,0.06,0.37,0.55,42.59,-45.96,-45.74,1,0.00,0.00,0,0,0,4.15,0.00,51.0,0,00,1,$
#,050,5,4,29.00,941.00,10.00,Frequency_MHz,RSSI_dBm,-0.02,-0.03,0.99,0.18,0.18,0.61,41.46,-45.17,-43.35,1,0.00,0.00,0,0,0,4.15,0.00,52.7,0,00,1,$
#,050,5,4,29.00,941.00,10.00,Frequency_MHz,RSSI_dBm,-0.03,-0.03,0.97,0.12,0.00,0.73,42.04,-45.75,-43.69,1,0.00,0.00,0,0,0,4.15,0.00,51.0,0,00,1,$
#,050,5,4,29.00,941.00,10.00,Frequency_MHz,RSSI_dBm,-0.03,-0.03,0.97,0.00,0.18,0.55,41.66,-45.32,-43.51,1,0.00,0.00,0,0,0,4.15,0.00,51.0,0,00,1,$
#,050,5,5,29.00,941.00,10.00,Frequency_MHz,RSSI_dBm,-0.02,-0.03,0.99,0.18,0.43,0.43,41.37,-44.74,-43.51,1,0.00,0.00,0,0,0,4.15,0.00,52.7,0,00,1,$
#,050,5,5,29.00,941.00,10.00,Frequency_MHz,RSSI_dBm,-0.03,-0.03,0.98,0.12,0.31,0.49,42.36,-46.06,-44.15,1,0.00,0.00,0,0,0,4.15,0.00,52.1,0,00,1,$
#,050,5,5,29.00,941.00,10.00,Frequency_MHz,RSSI_dBm,-0.03,-0.03,0.99,0.06,0.31,0.61,41.89,-46.46,-43.81,1,0.00,0.00,0,0,0,4.15,0.00,52.1,0,00,1,$
#,050,5,5,29.00,941.00,10.00,Frequency_MHz,RSSI_dBm,-0.03,-0.03,0.98,0.31,0.24,0.55,42.03,-46.22,-45.43,1,0.00,0.00,0,0,0,4.15,0.00,50.5,0,00,1,$
#,050,5,5,29.00,941.00,10.00,Frequency_MHz,RSSI_dBm,-0.03,-0.03,0.98,0.24,0.24,0.67,42.14,-46.13,-45.58,1,0.00,0.00,0,0,0,4.15,0.00,50.5,0,00,1,$
#,050,5,5,29.00,941.00,10.00,Frequency_MHz,RSSI_dBm,-0.03,-0.03,0.99,0.06,0.31,0.73,42.15,-46.51,-45.78,1,0.00,0.00,0,0,0,4.15,0.00,52.1,0,00,1,$
#,050,5,5,29.00,941.00,10.00,Frequency_MHz,RSSI_dBm,-0.03,-0.03,0.98,0.06,0.12,0.61,42.09,-45.78,-43.51,1,0.00,0.00,0,0,0,4.15,0.00,50.5,0,00,1,$
#,050,6,5,29.00,941.00,10.00,Frequency_MHz,RSSI_dBm,-0.03,-0.03,0.99,0.18,0.61,0.61,41.94,-45.94,-43.46,1,0.00,0.00,0,0,0,4.15,0.00,51.6,0,00,1,$
#,050,6,5,29.00,941.00,10.00,Frequency_MHz,RSSI_dBm,0.02,-0.07,1.19,1.16,2.87,0.79,42.20,-45.65,-42.85,1,0.00,0.00,0,0,0,4.15,0.00,51.0,0,00,1,$
#,050,6,6,29.00,941.00,10.00,Frequency_MHz,RSSI_dBm,-0.01,-0.05,1.05,0.37,1.22,0.67,42.09,-45.37,-43.87,1,0.00,0.00,0,0,0,4.15,0.00,51.0,0,00,1,$
#,050,6,6,29.00,941.00,10.00,Frequency_MHz,RSSI_dBm,-0.03,-0.03,0.97,0.06,0.12,0.61,42.55,-46.17,-44.07,1,0.00,0.00,0,0,0,4.15,0.00,51.6,0,00,1,$
#,050,6,6,29.00,941.00,10.00,Frequency_MHz,RSSI_dBm,-0.05,-0.02,0.97,0.18,0.12,0.43,42.16,-46.34,-44.74,1,0.00,0.00,0,0,0,4.15,0.00,52.1,0,00,1,$
#,050,6,6,29.00,941.00,10.00,Frequency_MHz,RSSI_dBm,-0.01,-0.04,1.01,0.43,0.79,0.79,42.35,-46.39,-45.23,1,0.00,0.00,0,0,0,4.15,0.00,51.0,0,00,1,$
#,050,6,6,29.00,941.00,10.00,Frequency_MHz,RSSI_dBm,-0.02,-0.03,0.98,0.00,-0.12,0.61,42.42,-46.04,-45.15,1,0.00,0.00,0,0,0,4.15,0.00,51.0,0,00,1,$
#,050,6,6,29.00,941.00,10.00,Frequency_MHz,RSSI_dBm,-0.02,-0.03,0.95,0.06,0.31,0.79,41.77,-46.56,-45.31,1,0.00,0.00,0,0,0,4.15,0.00,51.6,0,00,1,$
#,050,6,6,29.00,941.00,10.00,Frequency_MHz,RSSI_dBm,-0.02,-0.03,0.98,0.12,0.18,0.61,42.32,-46.14,-45.67,1,0.00,0.00,0,0,0,4.15,0.00,52.1,0,00,1,$
#,050,7,6,29.00,941.00,10.00,Frequency_MHz,RSSI_dBm,-0.03,-0.03,0.98,0.18,0.31,0.55,40.87,-45.65,-43.55,1,0.00,0.00,0,0,0,4.15,0.00,51.6,0,00,1,$
#,050,7,6,29.00,941.00,10.00,Frequency_MHz,RSSI_dBm,-0.02,-0.03,0.99,0.06,0.37,0.61,41.63,-45.14,-44.59,1,0.00,0.00,0,0,0,4.15,0.00,51.6,0,00,1,$
#,050,7,6,29.00,941.00,10.00,Frequency_MHz,RSSI_dBm,-0.02,-0.03,0.99,0.12,0.06,0.67,41.77,-45.15,-42.61,1,0.00,0.00,0,0,0,4.15,0.00,51.0,0,00,1,$
#,050,7,7,29.00,941.00,10.00,Frequency_MHz,RSSI_dBm,-0.03,-0.03,0.97,0.00,0.06,0.67,42.07,-44.93,-44.64,1,0.00,0.00,0,0,0,4.15,0.00,51.6,0,00,1,$
#,050,7,7,29.00,941.00,10.00,Frequency_MHz,RSSI_dBm,-0.03,-0.03,0.98,0.18,0.24,0.67,43.27,-46.40,-44.54,1,0.00,0.00,0,0,0,4.15,0.00,51.6,0,00,1,$
#,050,7,7,29.00,941.00,10.00,Frequency_MHz,RSSI_dBm,-0.03,-0.03,0.98,-0.06,0.12,0.61,42.41,-46.40,-44.29,1,0.00,0.00,0,0,0,4.15,0.00,52.1,0,00,1,$
#,050,7,7,29.00,941.00,10.00,Frequency_MHz,RSSI_dBm,-0.03,-0.03,0.98,0.18,0.00,0.67,42.57,-46.18,-44.80,1,0.00,0.00,0,0,0,4.15,0.00,49.9,0,00,1,$
#,050,7,7,29.00,941.00,10.00,Frequency_MHz,RSSI_dBm,-0.03,-0.03,0.97,0.24,0.31,0.61,42.86,-46.18,-44.74,1,0.00,0.00,0,0,0,4.15,0.00,50.5,0,00,1,$
#,050,7,7,29.00,941.00,10.00,Frequency_MHz,RSSI_dBm,-0.02,-0.03,0.99,0.06,0.49,0.49,42.50,-46.14,-44.91,1,0.00,0.00,0,0,0,4.15,0.00,50.5,0,00,1,$
#,050,7,7,29.00,941.00,10.00,Frequency_MHz,RSSI_dBm,-0.03,-0.03,0.98,0.24,0.31,0.55,42.68,-45.80,-44.62,1,0.00,0.00,0,0,0,4.15,0.00,52.1,0,00,1,$
#,050,8,7,29.00,941.00,10.00,Frequency_MHz,RSSI_dBm,-0.03,-0.03,0.98,0.24,0.24,0.55,42.33,-45.25,-44.17,1,0.00,0.00,0,0,0,4.15,0.00,51.6,0,00,1,$
#,050,8,7,29.00,941.00,10.00,Frequency_MHz,RSSI_dBm,-0.03,-0.03,0.98,0.18,0.37,0.61,41.96,-44.92,-43.80,1,0.00,0.00,0,0,0,4.15,0.00,50.5,0,00,1,$
#,050,8,8,29.00,941.00,10.00,Frequency_MHz,RSSI_dBm,-0.03,-0.03,0.98,0.18,0.67,0.49,41.83,-44.84,-43.37,1,0.00,0.00,0,0,0,4.15,0.00,51.6,0,00,1,$
#,050,8,8,29.00,941.00,10.00,Frequency_MHz,RSSI_dBm,-0.03,-0.04,0.98,0.79,4.03,-23.38,42.64,-47.60,-44.18,1,0.00,0.00,0,0,0,4.15,0.00,51.6,0,00,1,$
#,050,8,8,29.00,941.00,10.00,Frequency_MHz,RSSI_dBm,-0.05,-0.06,0.97,1.77,2.81,-37.17,41.15,-48.14,-44.84,1,0.00,0.00,0,0,0,4.15,0.00,51.6,0,00,1,$
#,050,8,8,29.00,941.00,10.00,Frequency_MHz,RSSI_dBm,-0.02,-0.04,1.05,-19.10,-1.53,-4.76,40.52,-49.22,-44.48,1,0.00,0.00,0,0,0,4.15,0.00,52.1,0,00,1,$
#,050,8,8,29.00,941.00,10.00,Frequency_MHz,RSSI_dBm,-0.04,-0.04,0.97,12.88,-4.27,13.85,41.31,-48.97,-44.76,1,0.00,0.00,0,0,0,4.15,0.00,51.6,0,00,1,$
#,050,9,8,29.00,941.00,10.00,Frequency_MHz,RSSI_dBm,-0.01,-0.02,1.03,10.44,8.36,13.24,41.50,-48.32,-44.82,1,0.00,0.00,0,0,0,4.15,0.00,52.1,0,00,1,$
#,050,9,8,29.00,941.00,10.00,Frequency_MHz,RSSI_dBm,0.04,-0.07,1.03,23.80,-0.85,8.73,42.65,-47.88,-44.26,1,0.00,0.00,0,0,0,4.15,0.00,52.1,0,00,1,$
#,050,9,8,29.00,941.00,10.00,Frequency_MHz,RSSI_dBm,-0.03,-0.11,0.96,19.84,-2.20,-1.59,41.58,-47.11,-43.97,1,0.00,0.00,0,0,0,4.15,0.00,51.0,0,00,1,$
#,050,9,8,29.00,941.00,10.00,Frequency_MHz,RSSI_dBm,-0.07,-0.16,0.98,14.10,-5.25,-0.92,41.35,-45.45,-40.81,1,0.00,0.00,0,0,0,4.15,0.00,52.1,0,00,1,$
#,050,9,8,29.00,941.00,10.00,Frequency_MHz,RSSI_dBm,-0.09,-0.19,0.95,4.39,-3.72,9.34,41.22,-45.06,-41.02,1,0.00,0.00,0,0,0,4.15,0.00,51.0,0,00,1,$
#,050,9,9,29.00,941.00,10.00,Frequency_MHz,RSSI_dBm,-0.04,-0.22,0.90,-4.03,4.58,15.99,41.30,-44.35,-41.27,1,0.00,0.00,0,0,0,4.15,0.00,52.1,0,00,1,$
#,050,9,9,29.00,941.00,10.00,Frequency_MHz,RSSI_dBm,-0.05,-0.19,1.00,-0.31,-0.37,12.70,43.63,-44.57,-42.11,1,0.00,0.00,0,0,0,4.15,0.00,52.1,0,00,1,$
#,050,9,9,29.00,941.00,10.00,Frequency_MHz,RSSI_dBm,-0.02,-0.22,0.98,0.18,6.53,11.41,43.74,-44.36,-43.46,1,0.00,0.00,0,0,0,4.15,0.00,52.7,0,00,1,$
#,050,9,9,29.00,941.00,10.00,Frequency_MHz,RSSI_dBm,-0.00,-0.22,0.94,2.08,11.84,18.55,45.17,-43.59,-42.32,1,0.00,0.00,0,0,0,4.15,0.00,52.1,0,00,1,$
#,050,9,9,29.00,941.00,10.00,Frequency_MHz,RSSI_dBm,0.04,-0.19,0.93,-1.16,10.68,14.95,45.89,-43.10,-42.83,1,0.00,0.00,0,0,0,4.15,0.00,51.0,0,00,1,$
#,050,10,9,29.00,941.00,10.00,Frequency_MHz,RSSI_dBm,0.08,-0.16,0.93,0.24,-15.44,10.01,46.67,-41.97,-44.87,1,0.00,0.00,0,0,0,4.15,0.00,51.0,0,00,1,$
#,050,10,9,29.00,941.00,10.00,Frequency_MHz,RSSI_dBm,0.13,-0.14,0.85,0.67,5.37,0.31,47.02,-42.27,-43.82,1,0.00,0.00,0,0,0,4.15,0.00,52.7,0,00,1,$
#,050,10,9,29.00,941.00,10.00,Frequency_MHz,RSSI_dBm,0.08,-0.13,0.88,-2.56,-3.42,-0.12,46.57,-41.30,-43.84,1,0.00,0.00,0,0,0,4.15,0.00,52.1,0,00,1,$
#,050,10,9,29.00,941.00,10.00,Frequency_MHz,RSSI_dBm,0.10,-0.13,1.00,0.85,-21.06,4.82,46.23,-41.69,-42.54,1,0.00,0.00,0,0,0,4.15,0.00,51.6,0,00,1,$
#,050,10,9,29.00,941.00,10.00,Frequency_MHz,RSSI_dBm,0.01,-0.18,0.98,-4.88,-2.87,-6.16,46.08,-42.05,-41.85,1,0.00,0.00,0,0,0,4.15,0.00,51.6,0,00,1,$
#,050,10,10,29.00,941.00,10.00,Frequency_MHz,RSSI_dBm,0.02,-0.17,1.01,2.14,1.34,-3.42,44.79,-41.81,-41.82,1,0.00,0.00,0,0,0,4.15,0.00,52.1,0,00,1,$
#,050,10,10,29.00,941.00,10.00,Frequency_MHz,RSSI_dBm,0.02,-0.17,0.98,3.60,8.30,-2.62,45.79,-43.16,-43.82,1,0.00,0.00,0,0,0,4.15,0.00,51.0,0,00,1,$
#,050,10,10,29.00,941.00,10.00,Frequency_MHz,RSSI_dBm,0.02,-0.16,0.99,4.64,5.43,-2.01,45.72,-43.21,-42.97,1,0.00,0.00,0,0,0,4.15,0.00,52.1,0,00,1,$
#,050,10,10,29.00,941.00,10.00,Frequency_MHz,RSSI_dBm,0.03,-0.19,0.97,3.48,0.12,-4.88,45.83,-42.99,-43.24,1,0.00,0.00,0,0,0,4.15,0.00,51.6,0,00,1,$
#,050,10,10,29.00,941.00,10.00,Frequency_MHz,RSSI_dBm,0.04,-0.19,0.92,1.34,1.22,3.42,45.36,-43.15,-43.82,1,0.00,0.00,0,0,0,4.15,0.00,51.0,0,00,1,$
#,050,11,10,29.00,941.00,10.00,Frequency_MHz,RSSI_dBm,0.01,-0.15,0.92,0.79,-3.78,-4.64,45.45,-43.13,-42.91,1,0.00,0.00,0,0,0,4.15,0.00,51.6,0,00,1,$
#,050,11,10,29.00,941.00,10.00,Frequency_MHz,RSSI_dBm,-0.00,-0.17,0.96,4.82,-12.15,-6.35,45.57,-43.24,-42.82,1,0.00,0.00,0,0,0,4.15,0.00,52.7,0,00,1,$
#,050,11,10,29.00,941.00,10.00,Frequency_MHz,RSSI_dBm,-0.01,-0.19,0.96,-7.69,-4.58,-6.29,45.07,-43.54,-42.31,1,0.00,0.00,0,0,0,4.15,0.00,51.0,0,00,1,$
#,050,11,10,29.00,941.00,10.00,Frequency_MHz,RSSI_dBm,-0.09,-0.29,1.35,-2.20,-9.40,-10.62,43.55,-43.21,-39.59,1,0.00,0.00,0,0,0,4.15,0.00,52.1,0,00,1,$
#,050,11,11,29.00,941.00,10.00,Frequency_MHz,RSSI_dBm,-0.13,-0.27,1.66,-0.49,29.24,11.23,42.97,-44.31,-40.37,1,0.00,0.00,0,0,0,4.15,0.00,51.6,0,00,1,$
#,050,11,11,29.00,941.00,10.00,Frequency_MHz,RSSI_dBm,-0.09,-0.18,0.71,60.73,62.26,17.94,46.45,-43.09,-43.57,1,0.00,0.00,0,0,0,4.15,0.00,52.7,0,00,1,$
#,050,11,11,29.00,941.00,10.00,Frequency_MHz,RSSI_dBm,0.06,-0.14,0.18,-11.96,24.41,8.97,48.73,-40.70,-43.19,1,0.00,0.00,0,0,0,4.15,0.00,52.7,0,00,1,$
#,050,11,11,29.00,941.00,10.00,Frequency_MHz,RSSI_dBm,0.43,-0.08,-0.16,-13.92,-14.95,-12.39,49.58,-41.50,-44.62,1,0.00,0.00,0,0,0,4.15,0.00,52.1,0,00,1,$
#,050,12,11,29.00,941.00,10.00,Frequency_MHz,RSSI_dBm,0.29,-0.15,0.23,-37.60,-47.91,-23.44,47.69,-42.93,-43.85,1,0.00,0.00,0,0,0,4.15,0.00,51.6,0,00,1,$
#,050,12,11,29.00,941.00,10.00,Frequency_MHz,RSSI_dBm,-0.16,-0.12,1.01,-19.41,-50.90,-8.48,45.53,-45.13,-43.95,1,0.00,0.00,0,0,0,4.15,0.00,51.0,0,00,1,$
#,050,12,11,29.00,941.00,10.00,Frequency_MHz,RSSI_dBm,-0.06,-0.17,1.17,-18.31,-42.18,-10.80,43.26,-45.37,-43.85,1,0.00,0.00,0,0,0,4.15,0.00,52.1,0,00,1,$
#,050,12,11,29.00,941.00,10.00,Frequency_MHz,RSSI_dBm,-0.16,-0.17,1.08,-8.30,-41.26,-24.11,42.42,-45.76,-42.13,1,0.00,0.00,0,0,0,4.15,0.00,52.1,0,00,1,$
#,050,12,11,29.00,941.00,10.00,Frequency_MHz,RSSI_dBm,-0.19,-0.21,1.38,-1.16,-3.60,-12.02,40.34,-46.48,-38.95,1,0.00,0.00,0,0,0,4.15,0.00,51.0,0,00,1,$
#,050,12,11,29.00,941.00,10.00,Frequency_MHz,RSSI_dBm,-0.23,-0.23,1.48,-0.06,0.24,-12.45,39.97,-47.33,-38.54,1,0.00,0.00,0,0,0,4.15,0.00,52.1,0,00,1,$
#,050,12,12,29.00,941.00,10.00,Frequency_MHz,RSSI_dBm,-0.17,-0.25,1.51,9.95,24.35,0.85,40.20,-47.01,-38.46,1,0.00,0.00,0,0,0,4.15,0.00,52.7,0,00,1,$
#,050,12,12,29.00,941.00,10.00,Frequency_MHz,RSSI_dBm,-0.18,-0.30,1.70,38.39,50.11,5.43,41.69,-47.24,-42.65,1,0.00,0.00,0,0,0,4.15,0.00,52.1,0,00,1,$
#,050,12,12,29.00,941.00,10.00,Frequency_MHz,RSSI_dBm,-0.13,-0.41,1.47,49.50,103.45,14.83,43.04,-46.06,-43.66,1,0.00,0.00,0,0,0,4.15,0.00,52.7,0,00,1,$
#,050,12,12,29.00,941.00,10.00,Frequency_MHz,RSSI_dBm,0.00,-0.05,0.23,53.71,50.90,17.09,46.57,-43.57,-44.38,1,0.00,0.00,0,0,0,4.15,0.00,52.7,0,00,1,$
#,050,13,12,29.00,941.00,10.00,Frequency_MHz,RSSI_dBm,0.32,-0.12,-0.17,-23.19,20.32,-11.54,48.16,-43.13,-44.51,1,0.00,0.00,0,0,0,4.15,0.00,52.7,0,00,1,$
#,050,13,12,29.00,941.00,10.00,Frequency_MHz,RSSI_dBm,0.41,-0.29,0.07,-28.75,-35.71,-4.03,47.30,-44.17,-45.14,1,0.00,0.00,0,0,0,4.15,0.00,52.7,0,00,1,$
#,050,13,12,29.00,941.00,10.00,Frequency_MHz,RSSI_dBm,0.15,-0.25,0.82,-29.48,-21.42,-10.44,45.48,-44.84,-46.15,1,0.00,0.00,0,0,0,4.15,0.00,51.6,0,00,1,$
#,050,13,12,29.00,941.00,10.00,Frequency_MHz,RSSI_dBm,0.15,-0.21,1.00,-24.96,-17.46,-7.81,45.18,-46.66,-47.08,1,0.00,0.00,0,0,0,4.15,0.00,52.1,0,00,1,$
#,050,13,12,29.00,941.00,10.00,Frequency_MHz,RSSI_dBm,0.17,-0.25,1.00,-15.08,-30.58,-9.89,43.81,-46.23,-44.64,1,0.00,0.00,0,0,0,4.15,0.00,52.7,0,00,1,$
#,050,13,12,29.00,941.00,10.00,Frequency_MHz,RSSI_dBm,0.08,-0.22,1.09,-9.46,-39.18,-4.58,42.31,-46.88,-44.48,1,0.00,0.00,0,0,0,4.15,0.00,52.1,0,00,1,$
#,050,13,13,29.00,941.00,10.00,Frequency_MHz,RSSI_dBm,0.00,-0.25,1.05,-6.84,-23.44,-7.45,40.89,-47.30,-42.10,1,0.00,0.00,0,0,0,4.15,0.00,51.6,0,00,1,$
#,050,13,13,29.00,941.00,10.00,Frequency_MHz,RSSI_dBm,0.04,-0.24,1.13,-19.10,-2.81,-9.22,40.28,-49.01,-42.90,1,0.00,0.00,0,0,0,4.15,0.00,52.1,0,00,1,$
#,050,13,13,29.00,941.00,10.00,Frequency_MHz,RSSI_dBm,0.03,-0.13,1.11,-13.79,9.58,-5.74,40.54,-50.39,-43.53,1,0.00,0.00,0,0,0,4.15,0.00,51.6,0,00,1,$
#,050,14,13,29.00,941.00,10.00,Frequency_MHz,RSSI_dBm,-0.00,-0.20,0.97,1.34,-30.82,-5.49,39.92,-50.43,-42.77,1,0.00,0.00,0,0,0,4.15,0.00,50.5,0,00,1,$
#,050,14,13,29.00,941.00,10.00,Frequency_MHz,RSSI_dBm,0.02,-0.12,1.04,-20.32,0.98,-6.84,39.33,-50.42,-42.63,1,0.00,0.00,0,0,0,4.15,0.00,50.5,0,00,1,$
#,050,14,13,29.00,941.00,10.00,Frequency_MHz,RSSI_dBm,-0.05,-0.07,0.99,-8.12,-0.73,-6.96,39.17,-51.56,-42.88,1,0.00,0.00,0,0,0,4.15,0.00,52.7,0,00,1,$
#,050,14,13,29.00,941.00,10.00,Frequency_MHz,RSSI_dBm,-0.08,-0.08,1.01,-6.41,5.13,2.20,39.33,-51.83,-43.19,1,0.00,0.00,0,0,0,4.15,0.00,52.7,0,00,1,$
#,050,14,13,29.00,941.00,10.00,Frequency_MHz,RSSI_dBm,-0.11,-0.06,1.06,1.16,2.32,5.92,39.09,-50.88,-42.63,1,0.00,0.00,0,0,0,4.15,0.00,51.0,0,00,1,$
#,050,14,13,29.00,941.00,10.00,Frequency_MHz,RSSI_dBm,-0.04,-0.07,1.01,-3.66,8.61,1.95,39.71,-50.57,-42.36,1,0.00,0.00,0,0,0,4.15,0.00,51.6,0,00,1,$
#,050,14,13,29.00,941.00,10.00,Frequency_MHz,RSSI_dBm,-0.06,-0.07,0.99,3.91,-2.62,-2.20,39.38,-50.13,-42.63,1,0.00,0.00,0,0,0,4.15,0.00,50.5,0,00,1,$
#,050,14,14,29.00,941.00,10.00,Frequency_MHz,RSSI_dBm,-0.06,-0.06,0.96,-3.60,-1.16,-0.85,39.15,-50.55,-41.97,1,0.00,0.00,0,0,0,4.15,0.00,52.7,0,00,1,$
#,050,14,14,29.00,941.00,10.00,Frequency_MHz,RSSI_dBm,-0.07,-0.06,0.98,2.38,-5.80,0.00,39.22,-51.27,-42.91,1,0.00,0.00,0,0,0,4.15,0.00,51.6,0,00,1,$
#,050,14,14,29.00,941.00,10.00,Frequency_MHz,RSSI_dBm,-0.10,-0.08,0.95,6.90,-7.14,0.49,39.93,-51.49,-44.07,1,0.00,0.00,0,0,0,4.15,0.00,52.1,0,00,1,$
#,050,15,14,29.00,941.00,10.00,Frequency_MHz,RSSI_dBm,-0.08,-0.04,0.96,-5.25,-5.07,-2.69,39.00,-51.32,-43.25,1,0.00,0.00,0,0,0,4.15,0.00,52.1,0,00,1,$
#,050,15,14,29.00,941.00,10.00,Frequency_MHz,RSSI_dBm,-0.14,-0.04,0.97,-9.46,-4.64,-2.93,38.59,-51.79,-41.98,1,0.00,0.00,0,0,0,4.15,0.00,51.0,0,00,1,$
#,050,15,14,29.00,941.00,10.00,Frequency_MHz,RSSI_dBm,-0.15,-0.01,1.01,-3.91,-0.67,0.55,38.71,-51.76,-41.96,1,0.00,0.00,0,0,0,4.15,0.00,50.5,0,00,1,$
#,050,15,14,29.00,941.00,10.00,Frequency_MHz,RSSI_dBm,-0.13,-0.03,0.97,2.99,1.46,0.43,38.84,-52.28,-42.77,1,0.00,0.00,0,0,0,4.15,0.00,51.0,0,00,1,$
#,050,15,14,29.00,941.00,10.00,Frequency_MHz,RSSI_dBm,-0.10,-0.04,0.98,3.66,3.36,-1.34,38.42,-51.71,-42.35,1,0.00,0.00,0,0,0,4.15,0.00,51.6,0,00,1,$
#,050,15,14,29.00,941.00,10.00,Frequency_MHz,RSSI_dBm,-0.12,-0.05,0.96,-2.44,0.49,1.95,37.98,-50.88,-40.73,1,0.00,0.00,0,0,0,4.15,0.00,50.5,0,00,1,$
#,050,15,14,29.00,941.00,10.00,Frequency_MHz,RSSI_dBm,-0.10,-0.04,0.98,2.01,4.27,-4.58,37.62,-51.32,-41.25,1,0.00,0.00,0,0,0,4.15,0.00,51.6,0,00,1,$
#,050,15,15,29.00,941.00,10.00,Frequency_MHz,RSSI_dBm,-0.09,-0.06,0.97,5.25,5.86,-0.18,38.42,-51.20,-41.16,1,0.00,0.00,0,0,0,4.15,0.00,50.5,0,00,1,$
#,050,15,15,29.00,941.00,10.00,Frequency_MHz,RSSI_dBm,-0.09,-0.06,0.96,-3.17,-3.23,-0.55,38.07,-51.23,-41.38,1,0.00,0.00,0,0,0,4.15,0.00,52.1,0,00,1,$
#,050,16,15,29.00,941.00,10.00,Frequency_MHz,RSSI_dBm,-0.11,-0.04,1.04,-6.10,-7.02,-8.97,38.42,-53.02,-42.31,1,0.00,0.00,0,0,0,4.15,0.00,52.1,0,00,1,$
#,050,16,15,29.00,941.00,10.00,Frequency_MHz,RSSI_dBm,-0.19,-0.00,1.59,-24.78,-4.46,-13.24,37.45,-54.02,-43.09,1,0.00,0.00,0,0,0,4.15,0.00,52.1,0,00,1,$
#,050,16,15,29.00,941.00,10.00,Frequency_MHz,RSSI_dBm,-0.21,0.10,2.54,2.87,47.91,-3.91,37.10,-55.33,-43.68,1,0.00,0.00,0,0,0,4.15,0.00,52.1,0,00,1,$
#,050,16,15,29.00,941.00,10.00,Frequency_MHz,RSSI_dBm,-0.60,-0.03,1.22,103.58,103.58,35.83,38.59,-53.36,-45.39,1,0.00,0.00,0,0,0,4.15,0.00,51.6,0,00,1,$
#,050,16,15,29.00,941.00,10.00,Frequency_MHz,RSSI_dBm,0.12,0.09,-0.24,44.98,90.27,13.98,44.98,-49.80,-48.44,1,0.00,0.00,0,0,0,4.15,0.00,52.1,0,00,1,$
#,050,16,15,29.00,941.00,10.00,Frequency_MHz,RSSI_dBm,0.36,-0.06,-0.45,5.98,11.90,-4.58,45.96,-47.94,-48.06,1,0.00,0.00,0,0,0,4.15,0.00,52.1,0,00,1,$
#,050,16,15,29.00,941.00,10.00,Frequency_MHz,RSSI_dBm,0.50,-0.21,-0.10,-20.39,-25.02,-22.09,45.42,-48.56,-49.58,1,0.00,0.00,0,0,0,4.15,0.00,49.9,0,00,1,$
#,050,16,15,29.00,941.00,10.00,Frequency_MHz,RSSI_dBm,0.14,-0.06,0.86,-56.95,-46.57,-5.92,43.49,-51.27,-47.55,1,0.00,0.00,0,0,0,4.15,0.00,50.5,0,00,1,$
#,050,16,16,29.00,941.00,10.00,Frequency_MHz,RSSI_dBm,0.09,0.06,1.24,-57.31,-33.39,-11.11,41.69,-54.63,-47.80,1,0.00,0.00,0,0,0,4.15,0.00,51.6,0,00,1,$
#,050,16,16,29.00,941.00,10.00,Frequency_MHz,RSSI_dBm,0.12,0.02,1.25,-39.73,-32.29,-8.73,40.32,-56.96,-48.61,1,0.00,0.00,0,0,0,4.15,0.00,50.5,0,00,1,$
#,050,17,16,29.00,941.00,10.00,Frequency_MHz,RSSI_dBm,-0.11,0.06,1.24,-4.70,-31.92,2.20,37.77,-58.08,-46.13,1,0.00,0.00,0,0,0,4.15,0.00,51.0,0,00,1,$
#,050,17,16,29.00,941.00,10.00,Frequency_MHz,RSSI_dBm,-0.15,0.00,1.16,2.32,-18.13,-9.34,36.21,-58.15,-42.54,1,0.00,0.00,0,0,0,4.15,0.00,50.5,0,00,1,$
#,050,17,16,29.00,941.00,10.00,Frequency_MHz,RSSI_dBm,-0.12,-0.01,1.03,-3.54,-0.12,-5.19,36.34,-58.61,-41.97,1,0.00,0.00,0,0,0,4.15,0.00,51.6,0,00,1,$
#,050,17,16,29.00,941.00,10.00,Frequency_MHz,RSSI_dBm,-0.10,0.00,1.07,-12.08,-8.91,-2.93,36.02,-59.46,-43.13,1,0.00,0.00,0,0,0,4.15,0.00,51.6,0,00,1,$
#,050,17,16,29.00,941.00,10.00,Frequency_MHz,RSSI_dBm,-0.12,0.05,1.31,-6.04,-2.50,-0.37,37.08,-59.51,-44.25,1,0.00,0.00,0,0,0,4.15,0.00,51.6,0,00,1,$
#,050,17,16,29.00,941.00,10.00,Frequency_MHz,RSSI_dBm,-0.20,-0.01,2.57,47.30,-16.48,-11.23,35.25,-57.73,-40.98,1,0.00,0.00,0,0,0,4.15,0.00,50.5,0,00,1,$
#,050,17,16,29.00,941.00,10.00,Frequency_MHz,RSSI_dBm,-0.93,0.15,1.89,92.10,146.48,68.60,37.41,-54.64,-43.33,1,0.00,0.00,0,0,0,4.15,0.00,50.5,0,00,1,$
#,050,17,16,29.00,941.00,10.00,Frequency_MHz,RSSI_dBm,-0.30,0.29,-0.19,101.14,173.77,18.74,44.07,-48.95,-49.56,1,0.00,0.00,0,0,0,4.15,0.00,51.0,0,00,1,$
#,050,17,17,29.00,941.00,10.00,Frequency_MHz,RSSI_dBm,0.56,0.03,-0.84,22.28,50.78,10.25,50.05,-47.14,-50.59,1,0.00,0.00,0,0,0,4.15,0.00,51.0,0,00,1,$
#,050,18,17,29.00,941.00,10.00,Frequency_MHz,RSSI_dBm,0.77,-0.41,-0.55,-35.40,-50.96,-5.68,62.76,-46.74,-47.08,1,0.00,0.00,0,0,0,4.15,0.00,50.5,0,00,1,$
#,050,18,17,29.00,941.00,10.00,Frequency_MHz,RSSI_dBm,0.01,-0.08,0.49,-87.71,-106.63,-15.50,44.68,-52.42,-50.38,1,0.00,0.00,0,0,0,4.15,0.00,50.5,0,00,1,$
#,050,18,17,29.00,941.00,10.00,Frequency_MHz,RSSI_dBm,-0.11,0.03,1.13,-68.79,-73.43,-17.82,40.15,-55.80,-47.89,1,0.00,0.00,0,0,0,4.15,0.00,51.6,0,00,1,$
#,050,18,17,29.00,941.00,10.00,Frequency_MHz,RSSI_dBm,-0.11,0.06,1.15,-29.24,-55.66,-5.49,37.78,-58.96,-46.30,1,0.00,0.00,0,0,0,4.15,0.00,51.6,0,00,1,$
#,050,18,17,29.00,941.00,10.00,Frequency_MHz,RSSI_dBm,-0.11,0.03,1.29,-23.44,-47.30,4.03,36.43,-59.42,-42.85,1,0.00,0.00,0,0,0,4.15,0.00,50.5,0,00,1,$
#,050,18,17,29.00,941.00,10.00,Frequency_MHz,RSSI_dBm,-0.19,0.05,1.40,-2.20,-14.83,0.79,35.83,-59.58,-42.09,1,0.00,0.00,0,0,0,4.15,0.00,51.6,0,00,1,$
#,050,18,17,29.00,941.00,10.00,Frequency_MHz,RSSI_dBm,-0.27,-0.01,1.11,6.29,-4.46,8.00,34.47,-59.63,-39.79,1,0.00,0.00,0,0,0,4.15,0.00,51.0,0,00,1,$
#,050,18,17,29.00,941.00,10.00,Frequency_MHz,RSSI_dBm,-0.19,0.01,1.00,8.24,1.04,9.03,34.11,-58.11,-39.79,1,0.00,0.00,0,0,0,4.15,0.00,51.0,0,00,1,$
#,050,18,17,29.00,941.00,10.00,Frequency_MHz,RSSI_dBm,-0.20,-0.03,0.96,7.69,2.01,3.78,35.18,-58.08,-37.46,1,0.00,0.00,0,0,0,4.15,0.00,51.6,0,00,1,$
#,050,18,18,29.00,941.00,10.00,Frequency_MHz,RSSI_dBm,-0.19,-0.03,0.95,9.46,2.26,1.28,34.88,-57.74,-38.57,1,0.00,0.00,0,0,0,4.15,0.00,49.9,0,00,1,$
#,050,19,18,29.00,941.00,10.00,Frequency_MHz,RSSI_dBm,-0.17,-0.04,0.97,2.44,5.49,0.92,35.13,-58.36,-40.14,1,0.00,0.00,0,0,0,4.15,0.00,51.0,0,00,1,$
#,050,19,18,29.00,941.00,10.00,Frequency_MHz,RSSI_dBm,-0.16,-0.05,1.00,8.30,1.10,4.27,35.79,-58.24,-40.39,1,0.00,0.00,0,0,0,4.15,0.00,51.0,0,00,1,$
#,050,19,18,29.00,941.00,10.00,Frequency_MHz,RSSI_dBm,-0.16,-0.03,1.01,5.49,4.09,4.09,35.13,-58.40,-40.94,1,0.00,0.00,0,0,0,4.15,0.00,51.0,0,00,1,$
#,050,19,18,29.00,941.00,10.00,Frequency_MHz,RSSI_dBm,-0.17,-0.05,0.94,-0.31,9.46,2.93,35.80,-57.15,-40.14,1,0.00,0.00,0,0,0,4.15,0.00,51.0,0,00,1,$
#,050,19,18,29.00,941.00,10.00,Frequency_MHz,RSSI_dBm,-0.14,-0.09,0.95,6.90,0.92,4.58,35.60,-57.60,-41.63,1,0.00,0.00,0,0,0,4.15,0.00,51.0,0,00,1,$
#,050,19,18,29.00,941.00,10.00,Frequency_MHz,RSSI_dBm,-0.11,-0.08,0.92,-1.04,11.47,7.02,36.74,-56.46,-42.13,1,0.00,0.00,0,0,0,4.15,0.00,51.0,0,00,1,$
#,050,19,18,29.00,941.00,10.00,Frequency_MHz,RSSI_dBm,-0.09,-0.08,1.00,-4.03,5.13,2.56,35.61,-54.97,-40.65,1,0.00,0.00,0,0,0,4.15,0.00,51.0,0,00,1,$
#,050,19,18,29.00,941.00,10.00,Frequency_MHz,RSSI_dBm,-0.06,-0.11,1.02,2.01,5.37,10.62,36.12,-55.21,-41.91,1,0.00,0.00,0,0,0,4.15,0.00,49.9,0,00,1,$
#,050,19,18,29.00,941.00,10.00,Frequency_MHz,RSSI_dBm,-0.08,-0.11,0.99,5.25,-0.67,8.30,36.34,-54.04,-42.55,1,0.00,0.00,0,0,0,4.15,0.00,49.9,0,00,1,$
#,050,20,19,29.00,941.00,10.00,Frequency_MHz,RSSI_dBm,-0.08,-0.10,0.98,3.42,2.62,7.87,36.83,-53.89,-41.30,1,0.00,0.00,0,0,0,4.15,0.00,50.5,0,00,1,$
#,050,20,19,29.00,941.00,10.00,Frequency_MHz,RSSI_dBm,-0.11,-0.11,1.00,4.70,0.43,5.13,37.87,-53.98,-43.35,1,0.00,0.00,0,0,0,4.15,0.00,50.5,0,00,1,$
#,050,20,19,29.00,941.00,10.00,Frequency_MHz,RSSI_dBm,-0.09,-0.13,0.99,8.85,-3.97,11.54,37.63,-54.22,-43.01,1,0.00,0.00,0,0,0,4.15,0.00,50.5,0,00,1,$
#,050,20,19,29.00,941.00,10.00,Frequency_MHz,RSSI_dBm,-0.05,-0.17,0.94,8.42,6.90,6.04,37.56,-53.08,-42.19,1,0.00,0.00,0,0,0,4.15,0.00,51.0,0,00,1,$
#,050,20,19,29.00,941.00,10.00,Frequency_MHz,RSSI_dBm,-0.01,-0.19,0.93,6.65,11.05,0.61,37.57,-52.36,-42.97,1,0.00,0.00,0,0,0,4.15,0.00,49.9,0,00,1,$
#,050,20,19,29.00,941.00,10.00,Frequency_MHz,RSSI_dBm,-0.07,-0.16,0.97,1.83,5.62,-4.15,37.87,-52.69,-42.68,1,0.00,0.00,0,0,0,4.15,0.00,50.5,0,00,1,$
#,050,20,19,29.00,941.00,10.00,Frequency_MHz,RSSI_dBm,-0.04,-0.20,0.94,1.77,3.72,-1.04,37.29,-52.53,-43.35,1,0.00,0.00,0,0,0,4.15,0.00,50.5,0,00,1,$
#,050,20,19,29.00,941.00,10.00,Frequency_MHz,RSSI_dBm,-0.05,-0.18,0.92,-4.46,0.55,-2.87,37.43,-51.99,-41.83,1,0.00,0.00,0,0,0,4.15,0.00,50.5,0,00,1,$
#,050,20,19,29.00,941.00,10.00,Frequency_MHz,RSSI_dBm,-0.08,-0.15,0.98,-5.37,-0.55,0.37,37.35,-51.75,-41.76,1,0.00,0.00,0,0,0,4.15,0.00,49.9,0,00,1,$
#,050,20,19,29.00,941.00,10.00,Frequency_MHz,RSSI_dBm,-0.05,-0.13,1.07,-1.53,-2.87,2.99,37.50,-52.28,-42.46,1,0.00,0.00,0,0,0,4.15,0.00,49.4,0,00,1,$
#,050,21,20,29.00,941.00,10.00,Frequency_MHz,RSSI_dBm,-0.04,-0.15,0.99,3.85,-0.79,2.44,37.26,-52.37,-41.58,1,0.00,0.00,0,0,0,4.15,0.00,49.9,0,00,1,$
#,050,21,20,29.00,941.00,10.00,Frequency_MHz,RSSI_dBm,-0.07,-0.17,0.97,2.56,1.77,-0.67,38.57,-53.22,-43.57,1,0.00,0.00,0,0,0,4.15,0.00,50.5,0,00,1,$
#,050,21,20,29.00,941.00,10.00,Frequency_MHz,RSSI_dBm,-0.08,-0.17,0.94,2.56,-2.01,2.75,38.34,-52.61,-43.05,1,0.00,0.00,0,0,0,4.15,0.00,51.0,0,00,1,$
#,050,21,20,29.00,941.00,10.00,Frequency_MHz,RSSI_dBm,-0.06,-0.15,0.96,-8.91,-1.04,8.73,38.10,-52.67,-41.82,1,0.00,0.00,0,0,0,4.15,0.00,51.6,0,00,1,$
#,050,21,20,29.00,941.00,10.00,Frequency_MHz,RSSI_dBm,-0.00,-0.14,1.01,-0.49,-1.83,6.65,38.12,-52.05,-43.19,1,0.00,0.00,0,0,0,4.15,0.00,51.0,0,00,1,$
#,050,21,20,29.00,941.00,10.00,Frequency_MHz,RSSI_dBm,-0.07,-0.18,0.87,-1.16,-0.67,-3.78,38.22,-52.05,-42.59,1,0.00,0.00,0,0,0,4.15,0.00,51.0,0,00,1,$
#,050,21,20,29.00,941.00,10.00,Frequency_MHz,RSSI_dBm,-0.09,-0.14,1.00,-9.70,8.48,-3.72,38.60,-52.33,-42.46,1,0.00,0.00,0,0,0,4.15,0.00,51.6,0,00,1,$
#,050,21,20,29.00,941.00,10.00,Frequency_MHz,RSSI_dBm,-0.03,-0.10,0.94,-8.61,-1.77,2.38,38.16,-53.06,-44.14,1,0.00,0.00,0,0,0,4.15,0.00,51.0,0,00,1,$
#,050,21,20,29.00,941.00,10.00,Frequency_MHz,RSSI_dBm,-0.05,-0.12,1.09,-12.08,-11.72,-3.85,37.93,-51.90,-41.85,1,0.00,0.00,0,0,0,4.15,0.00,50.5,0,00,1,$
#,050,22,20,29.00,941.00,10.00,Frequency_MHz,RSSI_dBm,-0.21,-0.11,2.32,-1.89,-26.98,4.33,37.08,-53.17,-42.02,1,0.00,0.00,0,0,0,4.15,0.00,51.0,0,00,1,$
#,050,22,21,29.00,941.00,10.00,Frequency_MHz,RSSI_dBm,-0.70,-0.07,2.36,18.37,100.40,36.44,36.77,-52.70,-41.60,1,0.00,0.00,0,0,0,4.15,0.00,49.9,0,00,1,$
#,050,22,21,29.00,941.00,10.00,Frequency_MHz,RSSI_dBm,-0.45,0.37,0.23,54.75,150.76,6.84,41.72,-51.21,-48.07,1,0.00,0.00,0,0,0,4.15,0.00,50.5,0,00,1,$
#,050,22,21,29.00,941.00,10.00,Frequency_MHz,RSSI_dBm,0.71,0.06,-0.84,99.67,14.40,19.47,45.59,-49.06,-50.88,1,0.00,0.00,0,0,0,4.15,0.00,51.0,0,00,1,$
#,050,22,21,29.00,941.00,10.00,Frequency_MHz,RSSI_dBm,0.55,-0.25,-0.36,-10.01,-40.65,-8.54,44.89,-45.23,-47.80,1,0.00,0.00,0,0,0,4.15,0.00,50.5,0,00,1,$
#,050,22,21,29.00,941.00,10.00,Frequency_MHz,RSSI_dBm,-0.01,-0.23,0.75,-73.67,-38.82,-25.63,42.79,-47.61,-47.46,1,0.00,0.00,0,0,0,4.15,0.00,50.5,0,00,1,$
#,050,22,21,29.00,941.00,10.00,Frequency_MHz,RSSI_dBm,-0.11,-0.02,0.98,-68.66,-26.37,-30.03,41.19,-51.04,-46.36,1,0.00,0.00,0,0,0,4.15,0.00,49.9,0,00,1,$
#,050,22,21,29.00,941.00,10.00,Frequency_MHz,RSSI_dBm,-0.02,-0.04,1.07,-47.97,-57.07,-12.02,38.75,-54.16,-46.34,1,0.00,0.00,0,0,0,4.15,0.00,49.9,0,00,1,$
#,050,22,21,29.00,941.00,10.00,Frequency_MHz,RSSI_dBm,-0.11,-0.05,1.14,-31.13,-72.81,-2.38,37.45,-55.18,-44.68,1,0.00,0.00,0,0,0,4.15,0.00,49.9,0,00,1,$
#,050,22,21,29.00,941.00,10.00,Frequency_MHz,RSSI_dBm,-0.27,-0.06,1.34,-13.18,-25.51,-4.94,35.45,-55.32,-39.94,1,0.00,0.00,0,0,0,4.15,0.00,49.9,0,00,1,$
#,050,23,21,29.00,941.00,10.00,Frequency_MHz,RSSI_dBm,-0.21,-0.01,1.32,-3.54,3.60,-6.10,34.78,-55.48,-38.96,1,0.00,0.00,0,0,0,4.15,0.00,51.6,0,00,1,$
#,050,23,22,29.00,941.00,10.00,Frequency_MHz,RSSI_dBm,-0.23,-0.01,1.05,8.91,7.63,-3.60,35.10,-55.42,-39.22,1,0.00,0.00,0,0,0,4.15,0.00,51.0,0,00,1,$
#,050,23,22,29.00,941.00,10.00,Frequency_MHz,RSSI_dBm,-0.16,0.01,1.00,13.37,9.40,5.43,36.94,-54.88,-42.19,1,0.00,0.00,0,0,0,4.15,0.00,49.4,0,00,1,$
#,050,23,22,29.00,941.00,10.00,Frequency_MHz,RSSI_dBm,-0.16,-0.03,1.04,12.88,0.00,-0.85,36.34,-54.96,-43.02,1,0.00,0.00,0,0,0,4.15,0.00,49.9,0,00,1,$
#,050,23,22,29.00,941.00,10.00,Frequency_MHz,RSSI_dBm,-0.08,-0.08,1.17,11.17,-4.33,-5.74,36.93,-54.81,-43.31,1,0.00,0.00,0,0,0,4.15,0.00,49.4,0,00,1,$
#,050,23,22,29.00,941.00,10.00,Frequency_MHz,RSSI_dBm,-0.13,-0.11,1.03,8.85,-1.22,2.14,37.13,-54.49,-41.46,1,0.00,0.00,0,0,0,4.15,0.00,49.9,0,00,1,$
#,050,23,22,29.00,941.00,10.00,Frequency_MHz,RSSI_dBm,-0.11,-0.15,0.98,3.36,-2.26,0.00,36.66,-54.21,-41.81,1,0.00,0.00,0,0,0,4.15,0.00,51.6,0,00,1,$
#,050,23,22,29.00,941.00,10.00,Frequency_MHz,RSSI_dBm,-0.10,-0.14,0.97,1.71,1.16,-2.14,37.19,-53.88,-42.54,1,0.00,0.00,0,0,0,4.15,0.00,50.5,0,00,1,$
#,050,23,22,29.00,941.00,10.00,Frequency_MHz,RSSI_dBm,-0.02,-0.14,1.11,-9.95,-11.84,-8.73,36.87,-53.20,-40.97,1,0.00,0.00,0,0,0,4.15,0.00,51.0,0,00,1,$
#,050,24,22,29.00,941.00,10.00,Frequency_MHz,RSSI_dBm,-0.12,-0.13,0.95,-5.31,-2.44,-2.93,36.33,-54.19,-39.86,1,0.00,0.00,0,0,0,4.15,0.00,49.9,0,00,1,$
#,050,24,22,29.00,941.00,10.00,Frequency_MHz,RSSI_dBm,-0.14,-0.13,0.93,-16.42,0.18,1.77,36.24,-53.71,-39.39,1,0.00,0.00,0,0,0,4.15,0.00,49.9,0,00,1,$
#,050,24,23,29.00,941.00,10.00,Frequency_MHz,RSSI_dBm,-0.11,-0.02,0.98,-27.16,14.22,11.35,35.91,-54.71,-40.76,1,0.00,0.00,0,0,0,4.15,0.00,51.0,0,00,1,$
#,050,24,23,29.00,941.00,10.00,Frequency_MHz,RSSI_dBm,-0.03,0.00,1.00,-1.16,33.63,20.94,38.55,-54.36,-44.29,1,0.00,0.00,0,0,0,4.15,0.00,50.5,0,00,1,$
#,050,24,23,29.00,941.00,10.00,Frequency_MHz,RSSI_dBm,-0.01,-0.04,0.98,-0.31,-0.37,3.66,38.95,-53.49,-46.03,1,0.00,0.00,0,0,0,4.15,0.00,49.9,0,00,1,$
#,050,24,23,29.00,941.00,10.00,Frequency_MHz,RSSI_dBm,-0.07,0.02,0.99,22.64,26.86,0.37,39.49,-52.72,-45.80,1,0.00,0.00,0,0,0,4.15,0.00,49.9,0,00,1,$
#,050,24,23,29.00,941.00,10.00,Frequency_MHz,RSSI_dBm,0.00,-0.06,0.98,-0.37,-0.67,0.67,39.75,-53.32,-45.64,1,0.00,0.00,0,0,0,4.15,0.00,50.5,0,00,1,$
#,050,24,23,29.00,941.00,10.00,Frequency_MHz,RSSI_dBm,0.09,-0.15,0.98,0.18,1.22,-9.46,39.22,-53.77,-46.00,1,0.00,0.00,0,0,0,4.15,0.00,49.9,0,00,1,$
#,050,24,23,29.00,941.00,10.00,Frequency_MHz,RSSI_dBm,0.10,-0.09,0.97,-2.08,-1.28,-6.90,39.16,-53.39,-45.62,1,0.00,0.00,0,0,0,4.15,0.00,49.4,0,00,1,$
#,050,24,23,29.00,941.00,10.00,Frequency_MHz,RSSI_dBm,-0.05,-0.09,0.96,-1.34,-1.10,-5.74,38.15,-52.71,-42.88,1,0.00,0.00,0,0,0,4.15,0.00,49.9,0,00,1,$
#,050,25,23,29.00,941.00,10.00,Frequency_MHz,RSSI_dBm,-0.06,-0.01,0.98,-0.31,-0.49,7.39,38.85,-53.00,-43.85,1,0.00,0.00,0,0,0,4.15,0.00,49.9,0,00,1,$
#,050,25,23,29.00,941.00,10.00,Frequency_MHz,RSSI_dBm,-0.03,0.00,0.98,-4.09,-4.27,7.93,38.40,-52.43,-44.40,1,0.00,0.00,0,0,0,4.15,0.00,51.6,0,00,1,$
#,050,25,24,29.00,941.00,10.00,Frequency_MHz,RSSI_dBm,-0.02,0.00,1.05,11.41,13.92,1.95,38.38,-52.48,-46.41,1,0.00,0.00,0,0,0,4.15,0.00,49.4,0,00,1,$
#,050,25,24,29.00,941.00,10.00,Frequency_MHz,RSSI_dBm,0.02,-0.07,0.98,0.06,0.18,0.55,38.20,-52.55,-44.41,1,0.00,0.00,0,0,0,4.15,0.00,51.6,0,00,1,$
#,050,25,24,29.00,941.00,10.00,Frequency_MHz,RSSI_dBm,0.02,-0.07,0.98,0.00,0.18,0.61,38.38,-53.50,-46.45,1,0.00,0.00,0,0,0,4.15,0.00,51.6,0,00,1,$
#,050,25,24,29.00,941.00,10.00,Frequency_MHz,RSSI_dBm,0.02,-0.07,0.98,0.06,0.37,0.55,38.85,-53.22,-45.70,1,0.00,0.00,0,0,0,4.15,0.00,49.9,0,00,1,$
#,050,25,24,29.00,941.00,10.00,Frequency_MHz,RSSI_dBm,0.04,-0.11,0.98,0.31,0.43,1.83,38.54,-53.44,-46.01,1,0.00,0.00,0,0,0,4.15,0.00,51.6,0,00,1,$
#,050,25,24,29.00,941.00,10.00,Frequency_MHz,RSSI_dBm,0.03,-0.07,0.98,0.18,0.24,0.67,38.95,-53.03,-47.13,1,0.00,0.00,0,0,0,4.15,0.00,49.9,0,00,1,$
#,050,25,24,29.00,941.00,10.00,Frequency_MHz,RSSI_dBm,-0.00,-0.07,0.98,-0.18,0.61,-5.62,38.93,-52.88,-45.54,1,0.00,0.00,0,0,0,4.15,0.00,50.5,0,00,1,$
#,050,26,24,29.00,941.00,10.00,Frequency_MHz,RSSI_dBm,0.03,0.09,1.52,-62.56,-59.14,-25.76,37.99,-52.72,-44.58,1,0.00,0.00,0,0,0,4.15,0.00,51.0,0,00,1,$
#,050,26,24,29.00,941.00,10.00,Frequency_MHz,RSSI_dBm,-0.16,0.00,2.32,-14.77,14.59,14.47,37.05,-54.81,-41.76,1,0.00,0.00,0,0,0,4.15,0.00,50.5,0,00,1,$
#,050,26,24,29.00,941.00,10.00,Frequency_MHz,RSSI_dBm,-0.30,0.19,1.82,3.17,133.36,30.64,38.68,-54.68,-45.51,1,0.00,0.00,0,0,0,4.15,0.00,49.9,0,00,1,$
#,050,26,25,29.00,941.00,10.00,Frequency_MHz,RSSI_dBm,-0.32,0.18,0.80,67.20,141.78,-7.69,44.47,-52.42,-50.87,1,0.00,0.00,0,0,0,4.15,0.00,49.9,0,00,1,$
#,050,26,25,29.00,941.00,10.00,Frequency_MHz,RSSI_dBm,0.35,-0.02,-0.58,94.48,92.83,-32.71,51.54,-50.55,-53.93,1,0.00,0.00,0,0,0,4.15,0.00,51.0,0,00,1,$
#,050,26,25,29.00,941.00,10.00,Frequency_MHz,RSSI_dBm,0.51,-0.25,-0.66,29.24,25.63,-12.70,52.76,-47.86,-54.05,1,0.00,0.00,0,0,0,4.15,0.00,49.4,0,00,1,$
#,050,26,25,29.00,941.00,10.00,Frequency_MHz,RSSI_dBm,0.43,-0.24,-0.03,-51.45,-62.13,6.29,51.88,-48.72,-53.49,1,0.00,0.00,0,0,0,4.15,0.00,49.9,0,00,1,$
#,050,26,25,29.00,941.00,10.00,Frequency_MHz,RSSI_dBm,0.25,-0.14,0.76,-56.40,-67.63,14.59,48.86,-51.00,-54.52,1,0.00,0.00,0,0,0,4.15,0.00,49.9,0,00,1,$
#,050,26,25,29.00,941.00,10.00,Frequency_MHz,RSSI_dBm,0.41,-0.02,1.10,-47.85,-47.55,8.12,46.50,-52.98,-52.84,1,0.00,0.00,0,0,0,4.15,0.00,51.0,0,00,1,$
#,050,26,25,29.00,941.00,10.00,Frequency_MHz,RSSI_dBm,0.28,-0.06,0.96,-11.47,-53.65,-0.61,43.58,-55.54,-52.08,1,0.00,0.00,0,0,0,4.15,0.00,51.6,0,00,1,$
#,050,27,25,29.00,941.00,10.00,Frequency_MHz,RSSI_dBm,0.08,0.05,1.13,-24.41,-41.63,-4.76,40.77,-55.22,-47.68,1,0.00,0.00,0,0,0,4.15,0.00,49.9,0,00,1,$
#,050,27,25,29.00,941.00,10.00,Frequency_MHz,RSSI_dBm,0.06,0.07,1.12,-13.85,-36.87,6.90,38.92,-56.13,-46.48,1,0.00,0.00,0,0,0,4.15,0.00,51.0,0,00,1,$
#,050,27,25,29.00,941.00,10.00,Frequency_MHz,RSSI_dBm,-0.01,0.08,1.06,-20.51,-16.48,7.75,38.04,-55.87,-45.29,1,0.00,0.00,0,0,0,4.15,0.00,51.0,0,00,1,$
#,050,27,26,29.00,941.00,10.00,Frequency_MHz,RSSI_dBm,-0.11,0.15,1.18,-15.87,-26.06,2.62,37.15,-55.69,-43.97,1,0.00,0.00,0,0,0,4.15,0.00,49.9,0,00,1,$
#,050,27,26,29.00,941.00,10.00,Frequency_MHz,RSSI_dBm,-0.13,0.09,1.15,7.14,-3.05,-4.15,37.85,-56.56,-44.64,1,0.00,0.00,0,0,0,4.15,0.00,49.9,0,00,1,$
#,050,27,26,29.00,941.00,10.00,Frequency_MHz,RSSI_dBm,-0.16,0.15,0.94,43.52,10.74,-21.42,37.70,-56.16,-43.23,1,0.00,0.00,0,0,0,4.15,0.00,49.9,0,00,1,$
#,050,27,26,29.00,941.00,10.00,Frequency_MHz,RSSI_dBm,0.02,0.05,0.99,37.72,-0.79,8.67,37.98,-54.43,-44.27,1,0.00,0.00,0,0,0,4.15,0.00,50.5,0,00,1,$
#,050,27,26,29.00,941.00,10.00,Frequency_MHz,RSSI_dBm,-0.03,-0.02,0.99,11.05,14.77,-3.17,37.38,-54.52,-45.72,1,0.00,0.00,0,0,0,4.15,0.00,49.9,0,00,1,$
#,050,27,26,29.00,941.00,10.00,Frequency_MHz,RSSI_dBm,0.16,-0.08,0.97,11.23,13.79,4.76,38.35,-53.88,-45.15,1,0.00,0.00,0,0,0,4.15,0.00,49.4,0,00,1,$
#,050,28,26,29.00,941.00,10.00,Frequency_MHz,RSSI_dBm,0.04,-0.09,0.99,0.00,0.73,-5.00,38.49,-54.20,-46.39,1,0.00,0.00,0,0,0,4.15,0.00,51.0,0,00,1,$
#,050,28,26,29.00,941.00,10.00,Frequency_MHz,RSSI_dBm,-0.00,-0.05,0.98,-0.55,0.73,-9.52,38.62,-54.53,-45.98,1,0.00,0.00,0,0,0,4.15,0.00,51.0,0,00,1,$
#,050,28,26,29.00,941.00,10.00,Frequency_MHz,RSSI_dBm,0.02,-0.06,0.98,0.12,0.18,0.67,38.01,-54.38,-43.75,1,0.00,0.00,0,0,0,4.15,0.00,50.5,0,00,1,$
#,050,28,26,29.00,941.00,10.00,Frequency_MHz,RSSI_dBm,0.02,-0.07,0.98,0.18,0.24,0.67,38.43,-53.45,-42.83,1,0.00,0.00,0,0,0,4.15,0.00,50.5,0,00,1,$
#,050,28,27,29.00,941.00,10.00,Frequency_MHz,RSSI_dBm,0.02,-0.06,0.98,0.06,0.31,0.61,37.73,-53.76,-44.47,1,0.00,0.00,0,0,0,4.15,0.00,51.0,0,00,1,$
#,050,28,27,29.00,941.00,10.00,Frequency_MHz,RSSI_dBm,0.03,-0.06,0.98,0.06,0.18,0.55,39.11,-54.72,-45.85,1,0.00,0.00,0,0,0,4.15,0.00,50.5,0,00,1,$
#,050,28,27,29.00,941.00,10.00,Frequency_MHz,RSSI_dBm,0.02,-0.07,0.98,0.12,0.18,0.61,38.95,-54.47,-45.68,1,0.00,0.00,0,0,0,4.15,0.00,51.0,0,00,1,$
#,050,28,27,29.00,941.00,10.00,Frequency_MHz,RSSI_dBm,0.03,-0.06,0.98,0.24,0.37,0.73,38.32,-54.38,-45.79,1,0.00,0.00,0,0,0,4.15,0.00,49.9,0,00,1,$
#,050,28,27,29.00,941.00,10.00,Frequency_MHz,RSSI_dBm,0.01,-0.06,0.98,0.12,0.18,0.79,38.34,-54.88,-45.32,1,0.00,0.00,0,0,0,4.15,0.00,51.6,0,00,1,$
#,050,28,27,29.00,941.00,10.00,Frequency_MHz,RSSI_dBm,0.03,-0.06,0.98,0.12,0.31,0.61,38.44,-54.74,-46.84,1,0.00,0.00,0,0,0,4.15,0.00,51.0,0,00,1,$
#,050,29,27,29.00,941.00,10.00,Frequency_MHz,RSSI_dBm,0.02,-0.07,0.98,0.24,0.43,0.61,38.32,-54.79,-45.24,1,0.00,0.00,0,0,0,4.15,0.00,51.0,0,00,1,$
#,050,29,27,29.00,941.00,10.00,Frequency_MHz,RSSI_dBm,0.03,-0.06,0.98,0.24,0.43,0.55,38.73,-55.10,-46.81,1,0.00,0.00,0,0,0,4.15,0.00,49.9,0,00,1,$
#,050,29,27,29.00,941.00,10.00,Frequency_MHz,RSSI_dBm,0.02,-0.06,0.97,0.18,0.43,0.67,37.78,-53.60,-44.69,1,0.00,0.00,0,0,0,4.15,0.00,51.0,0,00,1,$
#,050,29,27,29.00,941.00,10.00,Frequency_MHz,RSSI_dBm,0.03,-0.07,0.99,0.24,0.49,0.49,38.06,-53.80,-44.14,1,0.00,0.00,0,0,0,4.15,0.00,49.4,0,00,1,$
#,050,29,28,29.00,941.00,10.00,Frequency_MHz,RSSI_dBm,0.03,-0.06,0.98,0.12,0.31,0.55,37.79,-54.17,-44.04,1,0.00,0.00,0,0,0,4.15,0.00,51.0,0,00,1,$
#,050,29,28,29.00,941.00,10.00,Frequency_MHz,RSSI_dBm,0.02,-0.07,0.98,0.24,0.43,0.49,38.75,-55.08,-45.96,1,0.00,0.00,0,0,0,4.15,0.00,50.5,0,00,1,$
#,050,29,28,29.00,941.00,10.00,Frequency_MHz,RSSI_dBm,0.02,-0.06,0.98,0.12,0.31,0.61,38.38,-54.79,-45.79,1,0.00,0.00,0,0,0,4.15,0.00,49.9,0,00,1,$
#,050,0,0,Temperature,Pressure,Altitude,Frequency_MHz,RSSI_dBm,ax,ay,az,gx,gy,gz,mx,my,mz,1,0.00,0.00,0,0,0,4.15,0.00,51.6,0,00,1,$
#,050,0,0,29.00,941.00,10.00,Frequency_MHz,RSSI_dBm,0.02,-0.07,0.98,0.06,0.24,0.43,38.95,-53.92,-45.72,1,0.00,0.00,0,0,0,4.15,0.00,52.1,0,00,1,$
#,050,0,0,29.00,941.00,10.00,Frequency_MHz,RSSI_dBm,0.02,-0.06,0.98,0.24,0.31,0.73,39.21,-53.97,-44.38,1,0.00,0.00,0,0,0,4.15,0.00,52.1,0,00,1,$
#,050,0,0,29.00,941.00,10.00,Frequency_MHz,RSSI_dBm,0.03,-0.07,0.98,0.12,0.24,0.55,38.87,-54.37,-45.89,1,0.00,0.00,0,0,0,4.15,0.00,51.0,0,00,1,$
#,050,0,0,29.00,941.00,10.00,Frequency_MHz,RSSI_dBm,0.02,-0.06,0.98,0.37,0.18,0.73,39.69,-54.31,-45.97,1,0.00,0.00,0,0,0,4.15,0.00,52.1,0,00,1,$
#,050,0,0,29.00,941.00,10.00,Frequency_MHz,RSSI_dBm,0.03,-0.07,0.98,0.06,0.24,0.55,39.37,-54.32,-45.30,1,0.00,0.00,0,0,0,4.15,0.00,51.0,0,00,1,$
#,050,0,0,29.00,941.00,10.00,Frequency_MHz,RSSI_dBm,0.03,-0.06,0.98,0.06,0.31,0.61,39.31,-54.72,-46.35,1,0.00,0.00,0,0,0,4.15,0.00,51.6,0,00,1,$
#,050,0,0,29.00,941.00,10.00,Frequency_MHz,RSSI_dBm,0.02,-0.07,0.98,0.24,0.24,0.73,39.25,-54.80,-46.58,1,0.00,0.00,0,0,0,4.15,0.00,51.0,0,00,1,$
#,050,0,0,29.00,941.00,10.00,Frequency_MHz,RSSI_dBm,0.02,-0.06,0.98,0.06,0.24,0.61,39.32,-54.81,-46.75,1,0.00,0.00,0,0,0,4.15,0.00,51.6,0,00,1,$
#,050,0,0,29.00,941.00,10.00,Frequency_MHz,RSSI_dBm,0.02,-0.06,0.98,0.24,0.31,0.61,38.83,-53.34,-43.77,1,0.00,0.00,0,0,0,4.15,0.00,52.7,0,00,1,$
#,050,1,0,29.00,941.00,10.00,Frequency_MHz,RSSI_dBm,0.03,-0.06,0.98,0.24,0.31,0.67,38.60,-53.38,-44.37,1,0.00,0.00,0,0,0,4.15,0.00,51.6,0,00,1,$
#,050,1,0,29.00,941.00,10.00,Frequency_MHz,RSSI_dBm,0.02,-0.06,0.98,0.00,0.12,0.67,38.12,-53.64,-44.41,1,0.00,0.00,0,0,0,4.15,0.00,51.0,0,00,1,$
#,050,1,1,29.00,941.00,10.00,Frequency_MHz,RSSI_dBm,0.02,-0.06,0.98,0.00,0.24,0.43,38.33,-54.02,-44.53,1,0.00,0.00,0,0,0,4.15,0.00,51.0,0,00,1,$
#,050,1,1,29.00,941.00,10.00,Frequency_MHz,RSSI_dBm,0.02,-0.06,0.98,0.24,0.37,0.49,38.66,-54.94,-45.95,1,0.00,0.00,0,0,0,4.15,0.00,52.1,0,00,1,$
#,050,1,1,29.00,941.00,10.00,Frequency_MHz,RSSI_dBm,0.03,-0.07,0.98,0.18,0.31,0.61,38.46,-54.80,-45.64,1,0.00,0.00,0,0,0,4.15,0.00,52.1,0,00,1,$
#,050,1,1,29.00,941.00,10.00,Frequency_MHz,RSSI_dBm,0.02,-0.06,0.98,0.31,0.37,0.55,38.33,-54.50,-46.29,1,0.00,0.00,0,0,0,4.15,0.00,51.0,0,00,1,$
#,050,1,1,29.00,941.00,10.00,Frequency_MHz,RSSI_dBm,0.03,-0.07,0.98,0.24,0.31,0.73,38.42,-54.76,-46.41,1,0.00,0.00,0,0,0,4.15,0.00,51.0,0,00,1,$
#,050,1,1,29.00,941.00,10.00,Frequency_MHz,RSSI_dBm,0.03,-0.07,0.98,-0.06,0.12,0.61,38.48,-54.52,-45.41,1,0.00,0.00,0,0,0,4.15,0.00,52.1,0,00,1,$
#,050,1,1,29.00,941.00,10.00,Frequency_MHz,RSSI_dBm,0.03,-0.07,0.98,0.67,0.92,0.55,38.12,-55.11,-46.72,1,0.00,0.00,0,0,0,4.15,0.00,52.1,0,00,1,$
#,050,1,1,29.00,941.00,10.00,Frequency_MHz,RSSI_dBm,0.01,-0.06,0.98,-2.32,-3.11,6.04,38.20,-53.91,-44.26,1,0.00,0.00,0,0,0,4.15,0.00,50.5,0,00,1,$
#,050,2,1,29.00,941.00,10.00,Frequency_MHz,RSSI_dBm,0.04,-0.07,0.98,-0.31,-1.40,19.23,38.21,-52.83,-45.18,1,0.00,0.00,0,0,0,4.15,0.00,50.5,0,00,1,$
#,050,2,1,29.00,941.00,10.00,Frequency_MHz,RSSI_dBm,0.02,-0.04,0.98,2.87,2.01,31.07,38.61,-51.07,-43.95,1,0.00,0.00,0,0,0,4.15,0.00,51.0,0,00,1,$
#,050,2,2,29.00,941.00,10.00,Frequency_MHz,RSSI_dBm,0.02,-0.05,0.98,-0.79,-1.95,20.08,39.70,-50.96,-45.70,1,0.00,0.00,0,0,0,4.15,0.00,51.0,0,00,1,$
#,050,2,2,29.00,941.00,10.00,Frequency_MHz,RSSI_dBm,-0.00,-0.06,0.98,1.53,1.22,11.66,40.08,-50.70,-45.90,1,0.00,0.00,0,0,0,4.15,0.00,52.1,0,00,1,$
#,050,2,2,29.00,941.00,10.00,Frequency_MHz,RSSI_dBm,0.01,-0.06,0.98,1.77,2.38,0.73,39.89,-50.78,-46.77,1,0.00,0.00,0,0,0,4.15,0.00,52.1,0,00,1,$
#,050,2,2,29.00,941.00,10.00,Frequency_MHz,RSSI_dBm,0.01,-0.06,0.98,7.08,8.48,0.43,39.98,-50.37,-46.23,1,0.00,0.00,0,0,0,4.15,0.00,51.0,0,00,1,$
#,050,2,2,29.00,941.00,10.00,Frequency_MHz,RSSI_dBm,0.02,-0.06,0.98,0.00,0.43,-1.89,40.33,-50.28,-46.03,1,0.00,0.00,0,0,0,4.15,0.00,51.6,0,00,1,$
#,050,2,2,29.00,941.00,10.00,Frequency_MHz,RSSI_dBm,0.03,-0.07,0.98,0.12,0.37,0.55,40.50,-50.09,-45.32,1,0.00,0.00,0,0,0,4.15,0.00,51.6,0,00,1,$
#,050,2,2,29.00,941.00,10.00,Frequency_MHz,RSSI_dBm,0.03,-0.07,0.98,0.12,0.43,0.61,40.64,-50.35,-46.68,1,0.00,0.00,0,0,0,4.15,0.00,51.6,0,00,1,$
#,050,3,2,29.00,941.00,10.00,Frequency_MHz,RSSI_dBm,0.03,-0.07,0.98,0.12,0.18,0.49,39.75,-49.40,-43.27,1,0.00,0.00,0,0,0,4.15,0.00,52.1,0,00,1,$
#,050,3,2,29.00,941.00,10.00,Frequency_MHz,RSSI_dBm,0.03,-0.07,0.98,0.18,0.37,0.61,39.40,-49.55,-44.24,1,0.00,0.00,0,0,0,4.15,0.00,51.0,0,00,1,$
#,050,3,2,29.00,941.00,10.00,Frequency_MHz,RSSI_dBm,0.02,-0.07,0.98,0.00,0.37,0.85,40.05,-49.73,-43.69,1,0.00,0.00,0,0,0,4.15,0.00,51.6,0,00,1,$
#,050,3,3,29.00,941.00,10.00,Frequency_MHz,RSSI_dBm,0.02,-0.06,0.98,0.24,0.37,-1.22,40.09,-51.05,-45.73,1,0.00,0.00,0,0,0,4.15,0.00,52.7,0,00,1,$
#,050,3,3,29.00,941.00,10.00,Frequency_MHz,RSSI_dBm,0.03,-0.06,0.98,0.18,0.37,0.06,40.01,-50.73,-45.65,1,0.00,0.00,0,0,0,4.15,0.00,51.0,0,00,1,$
#,050,3,3,29.00,941.00,10.00,Frequency_MHz,RSSI_dBm,0.02,-0.06,0.98,0.06,0.31,-4.09,39.79,-50.95,-45.76,1,0.00,0.00,0,0,0,4.15,0.00,52.7,0,00,1,$
#,050,3,3,29.00,941.00,10.00,Frequency_MHz,RSSI_dBm,0.02,-0.06,0.98,0.24,0.37,0.61,39.77,-50.85,-45.21,1,0.00,0.00,0,0,0,4.15,0.00,52.1,0,00,1,$
#,050,3,3,29.00,941.00,10.00,Frequency_MHz,RSSI_dBm,0.02,-0.07,0.98,0.18,0.24,0.61,40.21,-50.89,-45.83,1,0.00,0.00,0,0,0,4.15,0.00,52.1,0,00,1,$
#,050,3,3,29.00,941.00,10.00,Frequency_MHz,RSSI_dBm,0.02,-0.07,0.98,0.12,0.31,0.55,39.48,-50.67,-47.27,1,0.00,0.00,0,0,0,4.15,0.00,50.5,0,00,1,$
#,050,4,3,29.00,941.00,10.00,Frequency_MHz,RSSI_dBm,0.04,0.02,1.10,-8.61,25.15,-0.98,38.90,-51.40,-43.81,1,0.00,0.00,0,0,0,4.15,0.00,52.7,0,00,1,$
#,050,4,3,29.00,941.00,10.00,Frequency_MHz,RSSI_dBm,-0.01,-0.07,0.96,14.22,-14.83,-1.04,39.98,-51.92,-44.38,1,0.00,0.00,0,0,0,4.15,0.00,52.1,0,00,1,$
#,050,4,4,29.00,941.00,10.00,Frequency_MHz,RSSI_dBm,0.03,-0.06,1.00,-0.98,9.16,1.53,40.04,-51.70,-44.57,1,0.00,0.00,0,0,0,4.15,0.00,51.6,0,00,1,$
#,050,4,4,29.00,941.00,10.00,Frequency_MHz,RSSI_dBm,0.01,-0.07,0.95,5.13,-3.54,-2.62,39.54,-52.15,-46.73,1,0.00,0.00,0,0,0,4.15,0.00,51.0,0,00,1,$
#,050,4,4,29.00,941.00,10.00,Frequency_MHz,RSSI_dBm,0.04,-0.09,0.94,2.32,1.04,-0.49,39.43,-52.27,-45.59,1,0.00,0.00,0,0,0,4.15,0.00,50.5,0,00,1,$
#,050,4,4,29.00,941.00,10.00,Frequency_MHz,RSSI_dBm,0.05,-0.08,0.94,0.79,3.48,-1.89,39.55,-52.71,-45.56,1,0.00,0.00,0,0,0,4.15,0.00,52.7,0,00,1,$
#,050,4,4,29.00,941.00,10.00,Frequency_MHz,RSSI_dBm,0.03,-0.08,1.00,-2.62,2.08,-6.16,39.14,-52.42,-46.19,1,0.00,0.00,0,0,0,4.15,0.00,52.7,0,00,1,$
#,050,4,4,29.00,941.00,10.00,Frequency_MHz,RSSI_dBm,0.02,-0.07,0.97,-6.41,2.26,-1.71,38.90,-52.99,-45.73,1,0.00,0.00,0,0,0,4.15,0.00,52.1,0,00,1,$
#,050,4,4,29.00,941.00,10.00,Frequency_MHz,RSSI_dBm,0.04,-0.05,0.97,-5.00,0.31,-0.43,39.16,-52.87,-46.72,1,0.00,0.00,0,0,0,4.15,0.00,52.7,0,00,1,$
#,050,4,4,29.00,941.00,10.00,Frequency_MHz,RSSI_dBm,0.02,-0.03,1.01,-2.99,-1.89,-1.59,38.75,-53.86,-46.23,1,0.00,0.00,0,0,0,4.15,0.00,51.6,0,00,1,$
#,050,5,4,29.00,941.00,10.00,Frequency_MHz,RSSI_dBm,-0.02,-0.04,1.04,-4.21,-8.85,-3.66,38.37,-53.02,-44.59,1,0.00,0.00,0,0,0,4.15,0.00,51.0,0,00,1,$
#,050,5,4,29.00,941.00,10.00,Frequency_MHz,RSSI_dBm,0.07,0.11,2.14,-39.06,-9.58,9.40,37.98,-53.70,-43.81,1,0.00,0.00,0,0,0,4.15,0.00,52.1,0,00,1,$
#,050,5,5,29.00,941.00,10.00,Frequency_MHz,RSSI_dBm,-0.26,0.08,1.53,24.72,45.59,2.38,38.46,-53.77,-45.25,1,0.00,0.00,0,0,0,4.15,0.00,51.0,0,00,1,$
#,050,5,5,29.00,941.00,10.00,Frequency_MHz,RSSI_dBm,-0.26,0.22,1.13,22.28,114.93,-16.24,41.46,-55.04,-50.11,1,0.00,0.00,0,0,0,4.15,0.00,52.1,0,00,1,$
#,050,5,5,29.00,941.00,10.00,Frequency_MHz,RSSI_dBm,0.07,0.02,-0.41,87.59,27.10,-19.17,45.65,-52.31,-52.59,1,0.00,0.00,0,0,0,4.15,0.00,51.6,0,00,1,$
#,050,5,5,29.00,941.00,10.00,Frequency_MHz,RSSI_dBm,0.32,-0.16,-0.12,49.56,-21.67,-3.17,44.62,-50.06,-51.60,1,0.00,0.00,0,0,0,4.15,0.00,51.0,0,00,1,$
#,050,5,5,29.00,941.00,10.00,Frequency_MHz,RSSI_dBm,0.28,-0.29,0.37,-7.14,-42.11,10.50,44.43,-48.61,-48.06,1,0.00,0.00,0,0,0,4.15,0.00,51.0,0,00,1,$
#,050,5,5,29.00,941.00,10.00,Frequency_MHz,RSSI_dBm,0.14,-0.23,1.05,-18.68,-17.52,17.33,44.27,-49.80,-48.01,1,0.00,0.00,0,0,0,4.15,0.00,51.0,0,00,1,$
#,050,5,5,29.00,941.00,10.00,Frequency_MHz,RSSI_dBm,0.28,-0.24,1.15,10.50,-7.45,1.16,44.20,-49.22,-46.50,1,0.00,0.00,0,0,0,4.15,0.00,50.5,0,00,1,$
#,050,6,5,29.00,941.00,10.00,Frequency_MHz,RSSI_dBm,0.33,-0.31,1.04,1.28,-6.59,-8.24,42.32,-48.02,-45.41,1,0.00,0.00,0,0,0,4.15,0.00,51.0,0,00,1,$
#,050,6,5,29.00,941.00,10.00,Frequency_MHz,RSSI_dBm,0.21,-0.38,0.91,-8.48,-14.77,-11.47,41.16,-48.44,-44.93,1,0.00,0.00,0,0,0,4.15,0.00,52.1,0,00,1,$
#,050,6,5,29.00,941.00,10.00,Frequency_MHz,RSSI_dBm,0.17,-0.30,0.99,-12.63,-32.29,-13.37,39.05,-48.84,-43.75,1,0.00,0.00,0,0,0,4.15,0.00,49.9,0,00,1,$
#,050,6,6,29.00,941.00,10.00,Frequency_MHz,RSSI_dBm,0.08,-0.32,0.84,-2.50,-26.25,-15.56,38.96,-51.10,-43.51,1,0.00,0.00,0,0,0,4.15,0.00,52.1,0,00,1,$
#,050,6,6,29.00,941.00,10.00,Frequency_MHz,RSSI_dBm,0.08,-0.23,0.85,-24.35,-13.92,-16.48,37.90,-52.38,-44.53,1,0.00,0.00,0,0,0,4.15,0.00,51.0,0,00,1,$
#,050,6,6,29.00,941.00,10.00,Frequency_MHz,RSSI_dBm,-0.07,-0.16,1.08,-22.83,-10.07,-4.76,36.78,-54.41,-42.21,1,0.00,0.00,0,0,0,4.15,0.00,51.6,0,00,1,$
#,050,6,6,29.00,941.00,10.00,Frequency_MHz,RSSI_dBm,-0.16,-0.14,1.04,-7.45,-18.49,-2.50,35.51,-55.22,-41.21,1,0.00,0.00,0,0,0,4.15,0.00,50.5,0,00,1,$
#,050,6,6,29.00,941.00,10.00,Frequency_MHz,RSSI_dBm,-0.05,-0.11,0.94,-6.53,9.77,16.24,35.94,-55.29,-40.84,1,0.00,0.00,0,0,0,4.15,0.00,51.6,0,00,1,$
#,050,6,6,29.00,941.00,10.00,Frequency_MHz,RSSI_dBm,-0.14,-0.10,0.99,-8.91,-3.36,2.81,35.50,-54.87,-41.85,1,0.00,0.00,0,0,0,4.15,0.00,50.5,0,00,1,$
#,050,6,6,29.00,941.00,10.00,Frequency_MHz,RSSI_dBm,-0.19,-0.05,1.09,-11.11,2.75,-2.81,35.69,-54.57,-39.38,1,0.00,0.00,0,0,0,4.15,0.00,49.9,0,00,1,$
#,050,7,6,29.00,941.00,10.00,Frequency_MHz,RSSI_dBm,-0.12,-0.03,1.09,-6.10,7.08,-0.06,35.42,-55.42,-40.08,1,0.00,0.00,0,0,0,4.15,0.00,51.6,0,00,1,$
#,050,7,6,29.00,941.00,10.00,Frequency_MHz,RSSI_dBm,-0.15,-0.03,1.01,4.03,1.04,-2.62,34.86,-55.53,-38.22,1,0.00,0.00,0,0,0,4.15,0.00,49.9,0,00,1,$
#,050,7,7,29.00,941.00,10.00,Frequency_MHz,RSSI_dBm,-0.19,-0.03,1.09,3.11,2.32,-3.91,35.34,-55.26,-38.46,1,0.00,0.00,0,0,0,4.15,0.00,50.5,0,00,1,$
#,050,7,7,29.00,941.00,10.00,Frequency_MHz,RSSI_dBm,-0.08,-0.34,2.10,-7.32,-24.96,14.40,35.93,-56.30,-41.47,1,0.00,0.00,0,0,0,4.15,0.00,51.0,0,00,1,$
#,050,7,7,29.00,941.00,10.00,Frequency_MHz,RSSI_dBm,-0.49,0.05,1.75,40.95,103.03,21.91,35.86,-55.38,-41.33,1,0.00,0.00,0,0,0,4.15,0.00,51.0,0,00,1,$
#,050,7,7,29.00,941.00,10.00,Frequency_MHz,RSSI_dBm,-0.08,0.11,0.04,73.85,88.44,8.24,38.88,-52.76,-45.53,1,0.00,0.00,0,0,0,4.15,0.00,51.6,0,00,1,$
#,050,7,7,29.00,941.00,10.00,Frequency_MHz,RSSI_dBm,0.26,-0.11,-0.30,8.79,32.17,-8.85,41.43,-51.09,-49.40,1,0.00,0.00,0,0,0,4.15,0.00,51.0,0,00,1,$
#,050,7,7,29.00,941.00,10.00,Frequency_MHz,RSSI_dBm,0.21,-0.06,0.03,-21.00,-42.54,-12.39,43.24,-51.99,-45.51,1,0.00,0.00,0,0,0,4.15,0.00,51.0,0,00,1,$
#,050,7,7,29.00,941.00,10.00,Frequency_MHz,RSSI_dBm,-0.10,-0.08,0.83,-46.63,-58.17,-8.00,40.15,-54.17,-44.45,1,0.00,0.00,0,0,0,4.15,0.00,52.1,0,00,1,$
#,050,8,7,29.00,941.00,10.00,Frequency_MHz,RSSI_dBm,-0.12,-0.10,1.40,-20.20,-54.87,-18.62,35.96,-55.02,-43.08,1,0.00,0.00,0,0,0,4.15,0.00,51.0,0,00,1,$
#,050,8,7,29.00,941.00,10.00,Frequency_MHz,RSSI_dBm,-0.23,-0.17,1.38,11.60,-31.37,-11.11,34.28,-55.54,-38.60,1,0.00,0.00,0,0,0,4.15,0.00,51.6,0,00,1,$
#,050,8,7,29.00,941.00,10.00,Frequency_MHz,RSSI_dBm,-0.31,-0.23,1.17,8.24,-15.56,1.16,33.28,-55.77,-36.08,1,0.00,0.00,0,0,0,4.15,0.00,50.5,0,00,1,$
#,050,8,8,29.00,941.00,10.00,Frequency_MHz,RSSI_dBm,-0.30,-0.20,0.98,10.31,-20.45,13.55,33.56,-55.35,-35.83,1,0.00,0.00,0,0,0,4.15,0.00,51.6,0,00,1,$
#,050,8,8,29.00,941.00,10.00,Frequency_MHz,RSSI_dBm,-0.23,-0.19,0.95,2.38,3.05,14.34,34.11,-55.59,-37.11,1,0.00,0.00,0,0,0,4.15,0.00,49.9,0,00,1,$
#,050,8,8,29.00,941.00,10.00,Frequency_MHz,RSSI_dBm,-0.26,-0.20,0.99,-3.23,0.79,6.90,34.94,-55.19,-36.93,1,0.00,0.00,0,0,0,4.15,0.00,49.9,0,00,1,$
#,050,8,8,29.00,941.00,10.00,Frequency_MHz,RSSI_dBm,-0.28,-0.20,0.92,5.80,-9.09,6.96,34.63,-54.75,-35.41,1,0.00,0.00,0,0,0,4.15,0.00,51.0,0,00,1,$
#,050,8,8,29.00,941.00,10.00,Frequency_MHz,RSSI_dBm,-0.26,-0.19,0.90,-1.04,-15.08,10.07,34.13,-54.09,-36.73,1,0.00,0.00,0,0,0,4.15,0.00,51.0,0,00,1,$
#,050,8,8,29.00,941.00,10.00,Frequency_MHz,RSSI_dBm,-0.30,-0.19,0.93,-7.20,-0.12,2.50,35.33,-53.72,-35.63,1,0.00,0.00,0,0,0,4.15,0.00,50.5,0,00,1,$
#,050,9,8,29.00,941.00,10.00,Frequency_MHz,RSSI_dBm,-0.31,-0.18,0.93,-9.03,6.84,7.45,34.62,-53.41,-35.83,1,0.00,0.00,0,0,0,4.15,0.00,49.9,0,00,1,$
#,050,9,8,29.00,941.00,10.00,Frequency_MHz,RSSI_dBm,-0.27,-0.17,0.96,-11.23,4.09,14.47,34.46,-53.23,-36.46,1,0.00,0.00,0,0,0,4.15,0.00,49.9,0,00,1,$
#,050,9,8,29.00,941.00,10.00,Frequency_MHz,RSSI_dBm,-0.30,-0.12,1.02,-25.39,6.84,15.50,34.90,-52.56,-35.85,1,0.00,0.00,0,0,0,4.15,0.00,50.5,0,00,1,$
#,050,9,8,29.00,941.00,10.00,Frequency_MHz,RSSI_dBm,-0.19,-0.13,0.91,7.87,-15.50,67.57,36.60,-49.07,-35.61,1,0.00,0.00,0,0,0,4.15,0.00,50.5,0,00,1,$
#,050,9,9,29.00,941.00,10.00,Frequency_MHz,RSSI_dBm,-0.14,-0.19,0.90,4.76,-13.18,53.59,38.09,-45.26,-34.92,1,0.00,0.00,0,0,0,4.15,0.00,49.9,0,00,1,$
#,050,9,9,29.00,941.00,10.00,Frequency_MHz,RSSI_dBm,-0.22,-0.29,0.84,-8.24,-9.77,0.31,40.01,-45.01,-36.30,1,0.00,0.00,0,0,0,4.15,0.00,50.5,0,00,1,$
#,050,9,9,29.00,941.00,10.00,Frequency_MHz,RSSI_dBm,-0.38,-0.23,0.87,-34.97,22.77,0.79,39.45,-46.06,-37.16,1,0.00,0.00,0,0,0,4.15,0.00,50.5,0,00,1,$
#,050,9,9,29.00,941.00,10.00,Frequency_MHz,RSSI_dBm,-0.13,-0.04,1.13,-17.09,32.84,-10.62,39.92,-46.67,-40.41,1,0.00,0.00,0,0,0,4.15,0.00,50.5,0,00,1,$
#,050,9,9,29.00,941.00,10.00,Frequency_MHz,RSSI_dBm,-0.14,-0.11,0.99,28.20,-47.79,-30.15,39.16,-46.94,-40.49,1,0.00,0.00,0,0,0,4.15,0.00,51.6,0,00,1,$
#,050,9,9,29.00,941.00,10.00,Frequency_MHz,RSSI_dBm,-0.47,-0.06,0.93,20.63,-46.14,-50.05,37.37,-48.62,-35.47,1,0.00,0.00,0,0,0,4.15,0.00,51.0,0,00,1,$
#,050,10,9,29.00,941.00,10.00,Frequency_MHz,RSSI_dBm,-0.45,-0.15,0.88,1.59,-24.17,-46.08,35.23,-50.94,-33.12,1,0.00,0.00,0,0,0,4.15,0.00,51.6,0,00,1,$
#,050,10,9,29.00,941.00,10.00,Frequency_MHz,RSSI_dBm,-0.38,-0.07,0.88,-15.38,-4.15,-33.33,34.34,-53.02,-29.60,1,0.00,0.00,0,0,0,4.15,0.00,49.9,0,00,1,$
#,050,10,9,29.00,941.00,10.00,Frequency_MHz,RSSI_dBm,-0.46,-0.00,0.87,-14.04,22.03,-20.94,32.67,-54.36,-31.64,1,0.00,0.00,0,0,0,4.15,0.00,50.5,0,00,1,$
#,050,10,9,29.00,941.00,10.00,Frequency_MHz,RSSI_dBm,-0.36,0.06,0.86,-13.55,29.54,-20.63,32.89,-56.29,-33.67,1,0.00,0.00,0,0,0,4.15,0.00,49.9,0,00,1,$
#,050,10,10,29.00,941.00,10.00,Frequency_MHz,RSSI_dBm,-0.40,-0.01,0.93,15.81,12.51,-9.89,32.85,-55.97,-34.02,1,0.00,0.00,0,0,0,4.15,0.00,51.0,0,00,1,$
#,050,10,10,29.00,941.00,10.00,Frequency_MHz,RSSI_dBm,-0.36,0.13,0.91,-17.27,-4.94,-19.71,32.87,-60.68,-34.85,1,0.00,0.00,0,0,0,4.15,0.00,51.6,0,00,1,$
#,050,10,10,29.00,941.00,10.00,Frequency_MHz,RSSI_dBm,-0.36,0.07,0.89,2.62,-17.09,-7.51,32.81,-61.39,-34.22,1,0.00,0.00,0,0,0,4.15,0.00,51.6,0,00,1,$
#,050,10,10,29.00,941.00,10.00,Frequency_MHz,RSSI_dBm,-0.41,0.11,0.90,1.46,-24.90,-8.73,32.21,-62.16,-31.82,1,0.00,0.00,0,0,0,4.15,0.00,49.9,0,00,1,$
#,050,10,10,29.00,941.00,10.00,Frequency_MHz,RSSI_dBm,-0.42,0.11,0.86,-1.10,-18.37,2.69,32.24,-62.41,-30.43,1,0.00,0.00,0,0,0,4.15,0.00,51.0,0,00,1,$
#,050,11,10,29.00,941.00,10.00,Frequency_MHz,RSSI_dBm,-0.42,0.13,0.75,-3.97,-8.54,33.63,31.68,-61.76,-30.29,1,0.00,0.00,0,0,0,4.15,0.00,50.5,0,00,1,$
#,050,11,10,29.00,941.00,10.00,Frequency_MHz,RSSI_dBm,-0.49,-0.05,0.82,-7.08,-23.68,42.48,32.57,-58.70,-28.87,1,0.00,0.00,0,0,0,4.15,0.00,49.9,0,00,1,$
#,050,11,10,29.00,941.00,10.00,Frequency_MHz,RSSI_dBm,-0.64,0.01,0.79,-21.00,-26.12,22.46,32.47,-58.02,-27.26,1,0.00,0.00,0,0,0,4.15,0.00,51.0,0,00,1,$
#,050,11,10,29.00,941.00,10.00,Frequency_MHz,RSSI_dBm,-0.68,0.12,0.84,-22.58,-5.68,14.47,32.48,-56.58,-25.74,1,0.00,0.00,0,0,0,4.15,0.00,52.1,0,00,1,$
#,050,11,10,29.00,941.00,10.00,Frequency_MHz,RSSI_dBm,-0.71,0.21,0.75,-27.71,4.70,14.53,32.32,-55.37,-26.83,1,0.00,0.00,0,0,0,4.15,0.00,51.0,0,00,1,$
#,050,11,11,29.00,941.00,10.00,Frequency_MHz,RSSI_dBm,-0.63,0.11,0.74,10.99,22.52,26.92,32.51,-54.26,-27.31,1,0.00,0.00,0,0,0,4.15,0.00,49.9,0,00,1,$
#,050,11,11,29.00,941.00,10.00,Frequency_MHz,RSSI_dBm,-0.59,0.11,0.82,11.60,27.47,37.60,33.83,-53.14,-27.16,1,0.00,0.00,0,0,0,4.15,0.00,50.5,0,00,1,$
#,050,11,11,29.00,941.00,10.00,Frequency_MHz,RSSI_dBm,-0.70,-0.12,0.94,28.75,49.44,33.33,35.35,-50.50,-31.81,1,0.00,0.00,0,0,0,4.15,0.00,51.6,0,00,1,$
#,050,11,11,29.00,941.00,10.00,Frequency_MHz,RSSI_dBm,-0.43,-0.03,0.82,17.88,10.25,15.38,36.35,-48.82,-33.85,1,0.00,0.00,0,0,0,4.15,0.00,50.5,0,00,1,$
#,050,11,11,29.00,941.00,10.00,Frequency_MHz,RSSI_dBm,-0.35,-0.08,0.87,2.38,-0.18,-5.55,36.51,-47.81,-35.85,1,0.00,0.00,0,0,0,4.15,0.00,51.0,0,00,1,$
#,050,12,11,29.00,941.00,10.00,Frequency_MHz,RSSI_dBm,-0.26,-0.18,0.86,-0.61,18.43,6.47,36.83,-48.38,-35.78,1,0.00,0.00,0,0,0,4.15,0.00,51.0,0,00,1,$
#,050,12,11,29.00,941.00,10.00,Frequency_MHz,RSSI_dBm,-0.34,-0.08,0.83,-26.98,21.36,-4.09,37.04,-47.46,-36.47,1,0.00,0.00,0,0,0,4.15,0.00,50.5,0,00,1,$
#,050,12,11,29.00,941.00,10.00,Frequency_MHz,RSSI_dBm,-0.22,0.00,0.93,-5.43,26.49,-5.49,37.76,-48.96,-37.96,1,0.00,0.00,0,0,0,4.15,0.00,52.1,0,00,1,$
#,050,12,11,29.00,941.00,10.00,Frequency_MHz,RSSI_dBm,-0.27,-0.02,0.81,3.11,19.35,-10.01,36.89,-47.28,-36.13,1,0.00,0.00,0,0,0,4.15,0.00,49.9,0,00,1,$
#,050,12,11,29.00,941.00,10.00,Frequency_MHz,RSSI_dBm,-0.27,-0.06,1.06,-16.42,-8.97,-4.39,36.96,-48.43,-37.34,1,0.00,0.00,0,0,0,4.15,0.00,49.4,0,00,1,$
#,050,12,12,29.00,941.00,10.00,Frequency_MHz,RSSI_dBm,-0.25,-0.00,1.06,-15.01,-11.60,4.82,36.55,-49.16,-37.44,1,0.00,0.00,0,0,0,4.15,0.00,50.5,0,00,1,$
#,050,12,12,29.00,941.00,10.00,Frequency_MHz,RSSI_dBm,-0.36,0.11,1.01,-19.29,-22.09,-4.70,36.63,-50.24,-39.38,1,0.00,0.00,0,0,0,4.15,0.00,50.5,0,00,1,$
#,050,12,12,29.00,941.00,10.00,Frequency_MHz,RSSI_dBm,-0.35,0.10,0.97,-12.88,-6.65,5.00,36.44,-50.32,-39.20,1,0.00,0.00,0,0,0,4.15,0.00,49.9,0,00,1,$
#,050,12,12,29.00,941.00,10.00,Frequency_MHz,RSSI_dBm,-0.40,0.08,0.94,4.70,-5.00,-6.59,35.84,-50.60,-39.28,1,0.00,0.00,0,0,0,4.15,0.00,52.1,0,00,1,$
#,050,13,12,29.00,941.00,10.00,Frequency_MHz,RSSI_dBm,-0.30,0.08,0.86,2.62,4.88,-3.05,35.69,-51.39,-38.28,1,0.00,0.00,0,0,0,4.15,0.00,49.9,0,00,1,$
#,050,13,12,29.00,941.00,10.00,Frequency_MHz,RSSI_dBm,-0.50,0.08,0.93,3.72,-22.64,0.18,35.84,-51.35,-37.50,1,0.00,0.00,0,0,0,4.15,0.00,51.6,0,00,1,$
#,050,13,12,29.00,941.00,10.00,Frequency_MHz,RSSI_dBm,-0.44,0.11,0.91,2.20,31.56,-23.93,35.73,-51.53,-36.69,1,0.00,0.00,0,0,0,4.15,0.00,50.5,0,00,1,$
#,050,13,12,29.00,941.00,10.00,Frequency_MHz,RSSI_dBm,-0.33,0.11,0.90,7.08,7.63,8.06,35.55,-50.93,-37.39,1,0.00,0.00,0,0,0,4.15,0.00,50.5,0,00,1,$
#,050,13,12,29.00,941.00,10.00,Frequency_MHz,RSSI_dBm,-0.36,0.11,0.97,6.84,-7.63,15.38,35.93,-49.79,-38.11,1,0.00,0.00,0,0,0,4.15,0.00,49.9,0,00,1,$
#,050,13,12,29.00,941.00,10.00,Frequency_MHz,RSSI_dBm,-0.40,0.03,0.91,19.41,-12.02,22.34,35.90,-49.21,-36.29,1,0.00,0.00,0,0,0,4.15,0.00,51.0,0,00,1,$
#,050,13,13,29.00,941.00,10.00,Frequency_MHz,RSSI_dBm,-0.43,-0.08,0.82,8.54,4.64,11.84,36.40,-47.84,-34.77,1,0.00,0.00,0,0,0,4.15,0.00,49.9,0,00,1,$
#,050,13,13,29.00,941.00,10.00,Frequency_MHz,RSSI_dBm,-0.36,-0.08,0.86,-12.94,19.35,1.04,37.18,-48.97,-37.02,1,0.00,0.00,0,0,0,4.15,0.00,50.5,0,00,1,$
#,050,13,13,29.00,941.00,10.00,Frequency_MHz,RSSI_dBm,-0.22,-0.04,0.88,-12.08,3.11,1.77,37.32,-48.62,-36.74,1,0.00,0.00,0,0,0,4.15,0.00,49.9,0,00,1,$
#,050,13,13,29.00,941.00,10.00,Frequency_MHz,RSSI_dBm,-0.30,0.05,0.83,-15.20,-0.85,-21.91,37.05,-49.32,-39.28,1,0.00,0.00,0,0,0,4.15,0.00,51.6,0,00,1,$
#,050,14,13,29.00,941.00,10.00,Frequency_MHz,RSSI_dBm,-0.39,0.15,1.01,-9.70,-23.32,-19.04,36.41,-50.60,-38.04,1,0.00,0.00,0,0,0,4.15,0.00,51.6,0,00,1,$
#,050,14,13,29.00,941.00,10.00,Frequency_MHz,RSSI_dBm,-1.08,0.20,2.12,9.70,24.23,10.68,35.62,-49.99,-36.45,1,0.00,0.00,0,0,0,4.15,0.00,51.6,0,00,1,$
#,050,14,13,29.00,941.00,10.00,Frequency_MHz,RSSI_dBm,-0.67,-0.14,1.07,25.94,179.57,3.23,37.67,-49.88,-42.47,1,0.00,0.00,0,0,0,4.15,0.00,50.5,0,00,1,$
#,050,14,13,29.00,941.00,10.00,Frequency_MHz,RSSI_dBm,-0.06,0.00,0.57,26.67,98.39,3.72,41.48,-47.46,-46.25,1,0.00,0.00,0,0,0,4.15,0.00,51.6,0,00,1,$
#,050,14,13,29.00,941.00,10.00,Frequency_MHz,RSSI_dBm,0.32,-0.03,-0.39,74.10,52.73,25.57,43.81,-45.52,-46.88,1,0.00,0.00,0,0,0,4.15,0.00,51.6,0,00,1,$
#,050,14,13,29.00,941.00,10.00,Frequency_MHz,RSSI_dBm,0.36,-0.12,-0.15,18.31,-16.85,4.94,44.90,-44.17,-45.84,1,0.00,0.00,0,0,0,4.15,0.00,51.6,0,00,1,$
#,050,14,14,29.00,941.00,10.00,Frequency_MHz,RSSI_dBm,0.12,-0.15,0.49,-51.33,-65.55,-2.01,42.91,-46.03,-46.95,1,0.00,0.00,0,0,0,4.15,0.00,51.0,0,00,1,$
#,050,14,14,29.00,941.00,10.00,Frequency_MHz,RSSI_dBm,-0.18,0.07,1.10,-27.53,-101.87,-3.36,39.87,-48.61,-44.53,1,0.00,0.00,0,0,0,4.15,0.00,50.5,0,00,1,$
#,050,15,14,29.00,941.00,10.00,Frequency_MHz,RSSI_dBm,-0.60,0.06,1.23,-3.48,-95.83,-15.62,35.78,-49.57,-39.75,1,0.00,0.00,0,0,0,4.15,0.00,50.5,0,00,1,$
#,050,15,14,29.00,941.00,10.00,Frequency_MHz,RSSI_dBm,-0.65,-0.01,1.19,-5.37,-22.71,-23.01,36.57,-50.50,-36.35,1,0.00,0.00,0,0,0,4.15,0.00,50.5,0,00,1,$
#,050,15,14,29.00,941.00,10.00,Frequency_MHz,RSSI_dBm,-0.76,0.11,1.35,1.16,-13.49,0.31,35.72,-51.87,-35.31,1,0.00,0.00,0,0,0,4.15,0.00,51.6,0,00,1,$
#,050,15,14,29.00,941.00,10.00,Frequency_MHz,RSSI_dBm,-0.93,0.13,2.26,7.51,60.85,4.09,35.45,-51.33,-34.69,1,0.00,0.00,0,0,0,4.15,0.00,51.0,0,00,1,$
#,050,15,14,29.00,941.00,10.00,Frequency_MHz,RSSI_dBm,-0.81,0.19,1.41,71.59,191.22,-20.51,36.95,-50.79,-39.31,1,0.00,0.00,0,0,0,4.15,0.00,51.6,0,00,1,$
#,050,15,14,29.00,941.00,10.00,Frequency_MHz,RSSI_dBm,-0.13,0.11,-0.26,82.52,141.91,-0.12,40.37,-49.84,-46.12,1,0.00,0.00,0,0,0,4.15,0.00,51.0,0,00,1,$
#,050,15,14,29.00,941.00,10.00,Frequency_MHz,RSSI_dBm,0.45,-0.10,-0.32,15.87,33.33,12.15,43.80,-46.81,-46.31,1,0.00,0.00,0,0,0,4.15,0.00,49.9,0,00,1,$
#,050,15,14,29.00,941.00,10.00,Frequency_MHz,RSSI_dBm,0.36,-0.27,0.15,-37.48,-37.96,1.77,44.87,-46.89,-47.20,1,0.00,0.00,0,0,0,4.15,0.00,51.0,0,00,1,$
#,050,15,15,29.00,941.00,10.00,Frequency_MHz,RSSI_dBm,0.05,-0.06,0.78,-53.28,-57.92,-6.65,44.34,-48.51,-48.38,1,0.00,0.00,0,0,0,4.15,0.00,51.0,0,00,1,$
#,050,15,15,29.00,941.00,10.00,Frequency_MHz,RSSI_dBm,-0.02,0.00,1.00,-49.62,-78.98,1.95,41.61,-50.44,-45.47,1,0.00,0.00,0,0,0,4.15,0.00,51.0,0,00,1,$
#,050,16,15,29.00,941.00,10.00,Frequency_MHz,RSSI_dBm,-0.28,0.14,1.23,-4.15,-111.94,16.05,37.39,-53.58,-44.04,1,0.00,0.00,0,0,0,4.15,0.00,51.0,0,00,1,$
#,050,16,15,29.00,941.00,10.00,Frequency_MHz,RSSI_dBm,-0.40,-0.01,1.18,8.91,-44.01,-0.79,36.06,-52.91,-38.34,1,0.00,0.00,0,0,0,4.15,0.00,51.0,0,00,1,$
#,050,16,15,29.00,941.00,10.00,Frequency_MHz,RSSI_dBm,-0.45,0.03,1.07,-6.16,-19.23,-0.79,35.60,-53.17,-36.17,1,0.00,0.00,0,0,0,4.15,0.00,51.0,0,00,1,$
#,050,16,15,29.00,941.00,10.00,Frequency_MHz,RSSI_dBm,-0.48,0.01,0.98,-5.92,-15.14,0.85,35.36,-52.94,-35.28,1,0.00,0.00,0,0,0,4.15,0.00,51.0,0,00,1,$
#,050,16,15,29.00,941.00,10.00,Frequency_MHz,RSSI_dBm,-0.52,0.04,1.00,-7.57,-9.95,-12.02,35.31,-53.39,-33.84,1,0.00,0.00,0,0,0,4.15,0.00,51.0,0,00,1,$
#,050,16,15,29.00,941.00,10.00,Frequency_MHz,RSSI_dBm,-0.52,0.08,0.99,4.82,7.75,-0.67,34.97,-53.70,-33.22,1,0.00,0.00,0,0,0,4.15,0.00,51.0,0,00,1,$
#,050,16,15,29.00,941.00,10.00,Frequency_MHz,RSSI_dBm,-0.43,0.04,0.83,5.00,14.10,2.93,34.62,-52.55,-32.04,1,0.00,0.00,0,0,0,4.15,0.00,51.6,0,00,1,$
#,050,16,15,29.00,941.00,10.00,Frequency_MHz,RSSI_dBm,-0.48,0.07,0.84,-2.38,-1.46,7.93,34.42,-52.43,-32.20,1,0.00,0.00,0,0,0,4.15,0.00,51.6,0,00,1,$
#,050,16,16,29.00,941.00,10.00,Frequency_MHz,RSSI_dBm,-0.44,0.04,0.92,5.55,3.72,14.16,35.02,-52.25,-32.54,1,0.00,0.00,0,0,0,4.15,0.00,52.1,0,00,1,$
#,050,16,16,29.00,941.00,10.00,Frequency_MHz,RSSI_dBm,-0.43,0.01,0.83,2.62,0.49,-1.40,36.33,-52.69,-35.31,1,0.00,0.00,0,0,0,4.15,0.00,51.0,0,00,1,$
#,050,17,16,29.00,941.00,10.00,Frequency_MHz,RSSI_dBm,-0.46,0.03,0.86,-5.80,-1.53,1.59,35.11,-52.70,-34.86,1,0.00,0.00,0,0,0,4.15,0.00,52.1,0,00,1,$
#,050,17,16,29.00,941.00,10.00,Frequency_MHz,RSSI_dBm,-0.42,0.05,0.93,-1.53,-1.65,10.62,35.90,-52.26,-34.01,1,0.00,0.00,0,0,0,4.15,0.00,52.1,0,00,1,$
#,050,17,16,29.00,941.00,10.00,Frequency_MHz,RSSI_dBm,-0.45,0.03,0.92,6.96,-3.97,14.47,35.12,-51.03,-35.46,1,0.00,0.00,0,0,0,4.15,0.00,51.6,0,00,1,$
#,050,17,16,29.00,941.00,10.00,Frequency_MHz,RSSI_dBm,-0.41,-0.04,0.86,1.83,2.44,6.35,36.47,-51.06,-33.85,1,0.00,0.00,0,0,0,4.15,0.00,51.0,0,00,1,$
#,050,17,16,29.00,941.00,10.00,Frequency_MHz,RSSI_dBm,-0.40,-0.01,0.88,-0.55,2.99,1.46,36.57,-50.72,-35.83,1,0.00,0.00,0,0,0,4.15,0.00,51.0,0,00,1,$
#,050,17,16,29.00,941.00,10.00,Frequency_MHz,RSSI_dBm,-0.42,-0.00,0.91,-1.89,3.30,-0.49,35.95,-50.63,-35.56,1,0.00,0.00,0,0,0,4.15,0.00,52.1,0,00,1,$
#,050,17,16,29.00,941.00,10.00,Frequency_MHz,RSSI_dBm,-0.41,0.02,0.91,-0.31,-0.92,-1.95,36.01,-50.10,-33.65,1,0.00,0.00,0,0,0,4.15,0.00,52.7,0,00,1,$
#,050,17,16,29.00,941.00,10.00,Frequency_MHz,RSSI_dBm,-0.46,0.00,0.87,1.10,-2.81,-4.52,35.49,-50.50,-33.46,1,0.00,0.00,0,0,0,4.15,0.00,49.9,0,00,1,$
#,050,17,17,29.00,941.00,10.00,Frequency_MHz,RSSI_dBm,-0.46,0.00,0.88,-2.01,5.92,3.72,35.11,-50.59,-32.89,1,0.00,0.00,0,0,0,4.15,0.00,51.0,0,00,1,$
#,050,18,17,29.00,941.00,10.00,Frequency_MHz,RSSI_dBm,-0.46,0.01,0.90,-9.95,25.82,2.08,36.73,-51.67,-35.44,1,0.00,0.00,0,0,0,4.15,0.00,52.7,0,00,1,$
#,050,18,17,29.00,941.00,10.00,Frequency_MHz,RSSI_dBm,-0.36,0.06,0.96,-9.09,25.15,13.92,37.19,-51.43,-37.73,1,0.00,0.00,0,0,0,4.15,0.00,51.6,0,00,1,$
#,050,18,17,29.00,941.00,10.00,Frequency_MHz,RSSI_dBm,-0.28,0.04,0.93,-0.55,13.79,10.80,37.38,-50.50,-38.50,1,0.00,0.00,0,0,0,4.15,0.00,52.7,0,00,1,$
#,050,18,17,29.00,941.00,10.00,Frequency_MHz,RSSI_dBm,-0.28,0.07,0.95,5.80,5.00,2.50,37.10,-50.79,-38.60,1,0.00,0.00,0,0,0,4.15,0.00,51.0,0,00,1,$
#,050,18,17,29.00,941.00,10.00,Frequency_MHz,RSSI_dBm,-0.31,0.03,0.94,7.93,3.17,-0.79,37.48,-50.13,-39.18,1,0.00,0.00,0,0,0,4.15,0.00,51.0,0,00,1,$
#,050,18,17,29.00,941.00,10.00,Frequency_MHz,RSSI_dBm,-0.33,-0.01,0.94,10.99,0.18,7.75,36.90,-50.01,-39.44,1,0.00,0.00,0,0,0,4.15,0.00,51.0,0,00,1,$
#,050,18,17,29.00,941.00,10.00,Frequency_MHz,RSSI_dBm,-0.31,-0.04,0.93,9.46,0.00,3.42,37.77,-49.54,-38.90,1,0.00,0.00,0,0,0,4.15,0.00,51.6,0,00,1,$
#,050,18,17,29.00,941.00,10.00,Frequency_MHz,RSSI_dBm,-0.26,-0.06,0.90,2.75,1.95,-2.93,36.87,-48.00,-37.68,1,0.00,0.00,0,0,0,4.15,0.00,52.1,0,00,1,$
#,050,18,17,29.00,941.00,10.00,Frequency_MHz,RSSI_dBm,-0.24,-0.03,0.91,6.71,-10.50,-9.28,36.89,-48.01,-36.69,1,0.00,0.00,0,0,0,4.15,0.00,52.1,0,00,1,$
#,050,18,18,29.00,941.00,10.00,Frequency_MHz,RSSI_dBm,-0.36,-0.05,0.92,8.36,-16.42,-3.85,36.23,-48.58,-37.08,1,0.00,0.00,0,0,0,4.15,0.00,52.1,0,00,1,$
#,050,19,18,29.00,941.00,10.00,Frequency_MHz,RSSI_dBm,-0.38,-0.07,0.92,-1.40,-3.97,-1.04,37.76,-50.17,-36.60,1,0.00,0.00,0,0,0,4.15,0.00,51.6,0,00,1,$
#,050,19,18,29.00,941.00,10.00,Frequency_MHz,RSSI_dBm,-0.39,-0.07,0.91,-4.70,-0.12,-0.24,38.00,-49.84,-37.45,1,0.00,0.00,0,0,0,4.15,0.00,51.6,0,00,1,$
#,050,19,18,29.00,941.00,10.00,Frequency_MHz,RSSI_dBm,-0.36,-0.04,0.94,0.61,-1.59,0.49,36.98,-50.02,-36.24,1,0.00,0.00,0,0,0,4.15,0.00,52.1,0,00,1,$
#,050,19,18,29.00,941.00,10.00,Frequency_MHz,RSSI_dBm,-0.38,-0.09,0.86,-6.84,8.06,-3.97,37.19,-50.06,-36.78,1,0.00,0.00,0,0,0,4.15,0.00,52.7,0,00,1,$
#,050,19,18,29.00,941.00,10.00,Frequency_MHz,RSSI_dBm,-0.34,0.00,0.92,-6.16,7.08,-2.01,36.68,-50.43,-36.36,1,0.00,0.00,0,0,0,4.15,0.00,51.6,0,00,1,$
#,050,19,18,29.00,941.00,10.00,Frequency_MHz,RSSI_dBm,-0.32,-0.01,0.93,-5.98,5.37,3.78,36.55,-50.23,-38.49,1,0.00,0.00,0,0,0,4.15,0.00,52.7,0,00,1,$
#,050,19,18,29.00,941.00,10.00,Frequency_MHz,RSSI_dBm,-0.33,-0.00,0.91,-4.52,7.32,-1.04,36.62,-50.55,-37.45,1,0.00,0.00,0,0,0,4.15,0.00,51.6,0,00,1,$
#,050,19,18,29.00,941.00,10.00,Frequency_MHz,RSSI_dBm,-0.28,-0.00,0.88,-14.22,12.21,-3.23,36.87,-49.67,-37.10,1,0.00,0.00,0,0,0,4.15,0.00,51.6,0,00,1,$
#,050,19,18,29.00,941.00,10.00,Frequency_MHz,RSSI_dBm,-0.32,0.11,1.00,-9.83,2.87,3.66,37.18,-50.27,-38.05,1,0.00,0.00,0,0,0,4.15,0.00,51.6,0,00,1,$
#,050,20,19,29.00,941.00,10.00,Frequency_MHz,RSSI_dBm,-0.28,0.07,0.94,2.26,-6.59,6.65,37.15,-49.93,-36.15,1,0.00,0.00,0,0,0,4.15,0.00,51.0,0,00,1,$
#,050,20,19,29.00,941.00,10.00,Frequency_MHz,RSSI_dBm,-0.28,0.05,0.88,-1.16,-0.85,-3.42,37.68,-50.78,-39.36,1,0.00,0.00,0,0,0,4.15,0.00,52.1,0,00,1,$
#,050,20,19,29.00,941.00,10.00,Frequency_MHz,RSSI_dBm,-0.32,0.06,0.91,-5.13,-2.20,-4.39,37.44,-51.64,-39.47,1,0.00,0.00,0,0,0,4.15,0.00,52.1,0,00,1,$
#,050,20,19,29.00,941.00,10.00,Frequency_MHz,RSSI_dBm,-0.31,0.12,0.92,-10.25,5.43,-5.98,37.13,-51.27,-40.09,1,0.00,0.00,0,0,0,4.15,0.00,52.7,0,00,1,$
#,050,20,19,29.00,941.00,10.00,Frequency_MHz,RSSI_dBm,-0.25,0.13,0.94,-3.66,-3.85,-3.72,37.76,-52.89,-38.82,1,0.00,0.00,0,0,0,4.15,0.00,51.0,0,00,1,$
#,050,20,19,29.00,941.00,10.00,Frequency_MHz,RSSI_dBm,-0.29,0.14,0.98,1.53,-1.83,-2.75,37.41,-52.67,-38.64,1,0.00,0.00,0,0,0,4.15,0.00,51.0,0,00,1,$
#,050,20,19,29.00,941.00,10.00,Frequency_MHz,RSSI_dBm,-0.32,0.13,0.96,12.94,-5.86,-2.38,37.35,-53.16,-39.60,1,0.00,0.00,0,0,0,4.15,0.00,51.0,0,00,1,$
#,050,20,19,29.00,941.00,10.00,Frequency_MHz,RSSI_dBm,-0.36,0.05,0.90,5.68,-8.73,5.13,37.35,-52.54,-38.11,1,0.00,0.00,0,0,0,4.15,0.00,51.0,0,00,1,$
#,050,20,19,29.00,941.00,10.00,Frequency_MHz,RSSI_dBm,-0.36,0.05,0.90,-1.16,-6.59,6.47,36.49,-50.83,-36.38,1,0.00,0.00,0,0,0,4.15,0.00,51.0,0,00,1,$
#,050,20,19,29.00,941.00,10.00,Frequency_MHz,RSSI_dBm,-0.39,0.10,0.92,-3.30,12.27,-4.21,36.08,-51.17,-36.27,1,0.00,0.00,0,0,0,4.15,0.00,51.0,0,00,1,$
#,050,21,20,29.00,941.00,10.00,Frequency_MHz,RSSI_dBm,-0.27,0.11,0.95,1.59,2.08,1.10,37.45,-51.34,-37.43,1,0.00,0.00,0,0,0,4.15,0.00,50.5,0,00,1,$
#,050,21,20,29.00,941.00,10.00,Frequency_MHz,RSSI_dBm,-0.37,0.08,0.95,-0.06,-3.11,-1.95,38.60,-52.65,-38.76,1,0.00,0.00,0,0,0,4.15,0.00,51.6,0,00,1,$
#,050,21,20,29.00,941.00,10.00,Frequency_MHz,RSSI_dBm,-0.34,0.07,0.91,0.37,-8.30,10.74,37.83,-52.82,-38.72,1,0.00,0.00,0,0,0,4.15,0.00,51.0,0,00,1,$
#,050,21,20,29.00,941.00,10.00,Frequency_MHz,RSSI_dBm,-0.33,0.08,0.94,-4.33,20.51,0.43,37.82,-52.04,-38.02,1,0.00,0.00,0,0,0,4.15,0.00,52.1,0,00,1,$
#,050,21,20,29.00,941.00,10.00,Frequency_MHz,RSSI_dBm,-0.30,0.09,0.92,6.29,5.19,2.32,37.73,-52.26,-38.53,1,0.00,0.00,0,0,0,4.15,0.00,50.5,0,00,1,$
#,050,21,20,29.00,941.00,10.00,Frequency_MHz,RSSI_dBm,-0.27,0.05,0.89,4.88,5.74,2.20,38.20,-52.64,-39.40,1,0.00,0.00,0,0,0,4.15,0.00,50.5,0,00,1,$
#,050,21,20,29.00,941.00,10.00,Frequency_MHz,RSSI_dBm,-0.28,0.04,0.93,-2.14,-2.38,-2.26,38.28,-52.69,-37.88,1,0.00,0.00,0,0,0,4.15,0.00,52.1,0,00,1,$
#,050,21,20,29.00,941.00,10.00,Frequency_MHz,RSSI_dBm,-0.24,0.09,0.98,-3.66,1.22,-2.93,37.73,-52.08,-37.15,1,0.00,0.00,0,0,0,4.15,0.00,50.5,0,00,1,$
#,050,21,20,29.00,941.00,10.00,Frequency_MHz,RSSI_dBm,-0.30,0.08,0.96,2.32,6.59,-3.23,37.38,-52.70,-37.51,1,0.00,0.00,0,0,0,4.15,0.00,50.5,0,00,1,$
#,050,22,20,29.00,941.00,10.00,Frequency_MHz,RSSI_dBm,-0.24,0.12,0.94,-6.04,-18.37,0.61,37.51,-52.67,-38.09,1,0.00,0.00,0,0,0,4.15,0.00,51.6,0,00,1,$
#,050,22,21,29.00,941.00,10.00,Frequency_MHz,RSSI_dBm,-0.35,0.07,0.86,7.20,-27.59,-4.27,37.15,-53.23,-36.33,1,0.00,0.00,0,0,0,4.15,0.00,51.6,0,00,1,$
#,050,22,21,29.00,941.00,10.00,Frequency_MHz,RSSI_dBm,-0.49,0.14,1.11,-6.65,-48.95,-2.99,37.44,-54.00,-35.89,1,0.00,0.00,0,0,0,4.15,0.00,51.0,0,00,1,$
#,050,22,21,29.00,941.00,10.00,Frequency_MHz,RSSI_dBm,-0.91,0.11,1.76,0.67,30.52,13.92,37.00,-55.21,-34.31,1,0.00,0.00,0,0,0,4.15,0.00,52.1,0,00,1,$
#,050,22,21,29.00,941.00,10.00,Frequency_MHz,RSSI_dBm,-0.95,0.00,2.25,40.04,131.59,41.63,37.85,-54.63,-38.84,1,0.00,0.00,0,0,0,4.15,0.00,49.9,0,00,1,$
#,050,22,21,29.00,941.00,10.00,Frequency_MHz,RSSI_dBm,-1.00,0.07,0.61,16.48,234.92,-50.90,41.33,-51.82,-45.31,1,0.00,0.00,0,0,0,4.15,0.00,50.5,0,00,1,$
#,050,22,21,29.00,941.00,10.00,Frequency_MHz,RSSI_dBm,0.67,0.07,-1.10,67.50,123.72,22.09,46.88,-51.94,-51.38,1,0.00,0.00,0,0,0,4.15,0.00,50.5,0,00,1,$
#,050,22,21,29.00,941.00,10.00,Frequency_MHz,RSSI_dBm,0.50,0.13,-0.63,16.78,-12.88,-7.93,51.56,-45.52,-50.88,1,0.00,0.00,0,0,0,4.15,0.00,51.6,0,00,1,$
#,050,22,21,29.00,941.00,10.00,Frequency_MHz,RSSI_dBm,0.08,-0.18,0.46,-57.62,-71.17,-25.76,49.87,-46.11,-49.00,1,0.00,0.00,0,0,0,4.15,0.00,52.1,0,00,1,$
#,050,22,21,29.00,941.00,10.00,Frequency_MHz,RSSI_dBm,0.19,-0.06,1.10,-42.18,-53.22,-4.15,46.67,-49.00,-48.27,1,0.00,0.00,0,0,0,4.15,0.00,52.1,0,00,1,$
#,050,23,21,29.00,941.00,10.00,Frequency_MHz,RSSI_dBm,-0.03,0.15,1.28,-50.48,-49.01,-36.01,44.67,-53.64,-48.45,1,0.00,0.00,0,0,0,4.15,0.00,50.5,0,00,1,$
#,050,23,22,29.00,941.00,10.00,Frequency_MHz,RSSI_dBm,-0.02,0.05,1.13,-1.40,-28.87,-4.27,42.61,-56.40,-47.31,1,0.00,0.00,0,0,0,4.15,0.00,51.0,0,00,1,$
#,050,23,22,29.00,941.00,10.00,Frequency_MHz,RSSI_dBm,-0.10,0.04,1.17,-18.80,-41.75,-0.61,42.50,-55.36,-45.20,1,0.00,0.00,0,0,0,4.15,0.00,51.6,0,00,1,$
#,050,23,22,29.00,941.00,10.00,Frequency_MHz,RSSI_dBm,-0.38,0.16,1.16,-11.96,-35.03,2.44,41.30,-59.95,-43.25,1,0.00,0.00,0,0,0,4.15,0.00,51.6,0,00,1,$
#,050,23,22,29.00,941.00,10.00,Frequency_MHz,RSSI_dBm,-0.29,0.15,1.05,3.78,-17.88,10.19,35.24,-60.58,-40.33,1,0.00,0.00,0,0,0,4.15,0.00,52.1,0,00,1,$
#,050,23,22,29.00,941.00,10.00,Frequency_MHz,RSSI_dBm,-0.28,0.15,0.99,-4.39,-1.16,0.79,35.91,-60.38,-39.40,1,0.00,0.00,0,0,0,4.15,0.00,51.6,0,00,1,$
#,050,23,22,29.00,941.00,10.00,Frequency_MHz,RSSI_dBm,-0.26,0.18,0.95,-1.71,-0.92,-2.87,35.10,-60.01,-39.31,1,0.00,0.00,0,0,0,4.15,0.00,50.5,0,00,1,$
#,050,23,22,29.00,941.00,10.00,Frequency_MHz,RSSI_dBm,-0.25,0.16,0.96,-0.18,-8.36,1.71,35.84,-60.05,-38.59,1,0.00,0.00,0,0,0,4.15,0.00,51.6,0,00,1,$
#,050,23,22,29.00,941.00,10.00,Frequency_MHz,RSSI_dBm,-0.38,0.20,1.17,5.19,-23.13,3.48,35.34,-60.08,-37.46,1,0.00,0.00,0,0,0,4.15,0.00,50.5,0,00,1,$
#,050,24,22,29.00,941.00,10.00,Frequency_MHz,RSSI_dBm,-0.30,0.11,0.96,25.09,15.26,2.62,34.88,-59.08,-35.79,1,0.00,0.00,0,0,0,4.15,0.00,50.5,0,00,1,$
#,050,24,22,29.00,941.00,10.00,Frequency_MHz,RSSI_dBm,-0.26,0.06,0.80,6.96,17.76,0.24,35.03,-57.18,-35.44,1,0.00,0.00,0,0,0,4.15,0.00,50.5,0,00,1,$
#,050,24,23,29.00,941.00,10.00,Frequency_MHz,RSSI_dBm,-0.23,0.06,0.84,1.16,6.65,3.72,35.77,-57.45,-37.12,1,0.00,0.00,0,0,0,4.15,0.00,51.0,0,00,1,$
#,050,24,23,29.00,941.00,10.00,Frequency_MHz,RSSI_dBm,-0.21,0.04,0.89,-1.28,3.54,2.14,37.32,-59.20,-39.04,1,0.00,0.00,0,0,0,4.15,0.00,51.0,0,00,1,$
#,050,24,23,29.00,941.00,10.00,Frequency_MHz,RSSI_dBm,-0.23,0.05,0.93,-5.86,2.99,3.30,36.27,-58.40,-38.75,1,0.00,0.00,0,0,0,4.15,0.00,51.6,0,00,1,$
#,050,24,23,29.00,941.00,10.00,Frequency_MHz,RSSI_dBm,-0.22,0.10,0.96,-1.89,23.99,7.57,36.90,-58.79,-40.14,1,0.00,0.00,0,0,0,4.15,0.00,51.0,0,00,1,$
#,050,24,23,29.00,941.00,10.00,Frequency_MHz,RSSI_dBm,-0.16,0.09,0.93,-2.87,9.52,13.12,37.59,-57.93,-40.37,1,0.00,0.00,0,0,0,4.15,0.00,51.0,0,00,1,$
#,050,24,23,29.00,941.00,10.00,Frequency_MHz,RSSI_dBm,-0.16,0.12,0.97,-0.12,-11.47,7.81,37.83,-58.29,-41.31,1,0.00,0.00,0,0,0,4.15,0.00,51.6,0,00,1,$
#,050,24,23,29.00,941.00,10.00,Frequency_MHz,RSSI_dBm,-0.20,0.10,0.98,4.15,0.12,5.98,37.72,-58.23,-40.77,1,0.00,0.00,0,0,0,4.15,0.00,51.6,0,00,1,$
#,050,24,23,29.00,941.00,10.00,Frequency_MHz,RSSI_dBm,-0.20,0.09,0.95,5.37,-5.68,-2.01,37.43,-56.63,-37.95,1,0.00,0.00,0,0,0,4.15,0.00,51.0,0,00,1,$
#,050,25,23,29.00,941.00,10.00,Frequency_MHz,RSSI_dBm,-0.23,0.06,0.94,3.54,-10.74,-0.24,37.26,-56.53,-36.96,1,0.00,0.00,0,0,0,4.15,0.00,51.0,0,00,1,$
#,050,25,23,29.00,941.00,10.00,Frequency_MHz,RSSI_dBm,-0.18,0.08,0.99,-8.48,-41.14,-6.53,36.45,-56.68,-36.01,1,0.00,0.00,0,0,0,4.15,0.00,51.0,0,00,1,$
#,050,25,24,29.00,941.00,10.00,Frequency_MHz,RSSI_dBm,-0.53,0.17,1.53,-28.38,-91.49,-8.54,34.35,-58.12,-31.09,1,0.00,0.00,0,0,0,4.15,0.00,50.5,0,00,1,$
#,050,25,24,29.00,941.00,10.00,Frequency_MHz,RSSI_dBm,-1.28,0.20,2.93,-39.37,-4.33,-9.09,34.89,-58.74,-31.29,1,0.00,0.00,0,0,0,4.15,0.00,51.0,0,00,1,$
#,050,25,24,29.00,941.00,10.00,Frequency_MHz,RSSI_dBm,-2.45,0.60,1.40,101.14,200.26,24.29,37.10,-58.84,-38.22,1,0.00,0.00,0,0,0,4.15,0.00,50.5,0,00,1,$
#,050,25,24,29.00,941.00,10.00,Frequency_MHz,RSSI_dBm,0.21,0.30,-1.31,31.19,213.26,-2.87,45.69,-50.49,-49.01,1,0.00,0.00,0,0,0,4.15,0.00,51.0,0,00,1,$
#,050,25,24,29.00,941.00,10.00,Frequency_MHz,RSSI_dBm,0.10,-0.46,-0.05,-52.37,-60.73,-22.71,49.88,-43.76,-48.62,1,0.00,0.00,0,0,0,4.15,0.00,51.6,0,00,1,$
#,050,25,24,29.00,941.00,10.00,Frequency_MHz,RSSI_dBm,0.14,-0.08,1.04,-43.03,-42.72,-0.73,43.42,-55.00,-44.01,1,0.00,0.00,0,0,0,4.15,0.00,50.5,0,00,1,$
#,050,25,24,29.00,941.00,10.00,Frequency_MHz,RSSI_dBm,0.03,0.11,1.22,-24.66,-25.27,-17.09,42.37,-58.30,-45.52,1,0.00,0.00,0,0,0,4.15,0.00,49.9,0,00,1,$
#,050,26,24,29.00,941.00,10.00,Frequency_MHz,RSSI_dBm,-0.05,0.12,1.27,-13.00,-31.19,-5.92,41.15,-59.62,-44.20,1,0.00,0.00,0,0,0,4.15,0.00,51.0,0,00,1,$
#,050,26,24,29.00,941.00,10.00,Frequency_MHz,RSSI_dBm,-0.17,0.07,1.14,3.36,-45.90,0.24,39.48,-58.95,-42.68,1,0.00,0.00,0,0,0,4.15,0.00,50.5,0,00,1,$
#,050,26,24,29.00,941.00,10.00,Frequency_MHz,RSSI_dBm,-0.16,0.11,1.16,-0.31,-16.72,-3.72,40.86,-60.36,-38.54,1,0.00,0.00,0,0,0,4.15,0.00,50.5,0,00,1,$
#,050,26,25,29.00,941.00,10.00,Frequency_MHz,RSSI_dBm,-0.18,0.10,1.02,-4.09,-14.10,-1.40,40.62,-60.18,-37.90,1,0.00,0.00,0,0,0,4.15,0.00,49.9,0,00,1,$
#,050,26,25,29.00,941.00,10.00,Frequency_MHz,RSSI_dBm,-0.18,0.14,1.00,-8.30,-4.15,-1.22,41.77,-62.13,-38.15,1,0.00,0.00,0,0,0,4.15,0.00,51.6,0,00,1,$
#,050,26,25,29.00,941.00,10.00,Frequency_MHz,RSSI_dBm,-0.17,0.13,0.98,-1.83,-3.97,1.71,41.46,-62.13,-38.40,1,0.00,0.00,0,0,0,4.15,0.00,52.1,0,00,1,$
#,050,26,25,29.00,941.00,10.00,Frequency_MHz,RSSI_dBm,-0.18,0.12,0.96,-1.34,-0.67,1.53,41.05,-62.22,-37.17,1,0.00,0.00,0,0,0,4.15,0.00,49.9,0,00,1,$
#,050,26,25,29.00,941.00,10.00,Frequency_MHz,RSSI_dBm,-0.18,0.11,0.94,-4.15,1.10,-0.31,40.91,-62.82,-38.48,1,0.00,0.00,0,0,0,4.15,0.00,51.0,0,00,1,$
#,050,26,25,29.00,941.00,10.00,Frequency_MHz,RSSI_dBm,-0.18,0.14,0.97,-3.30,2.56,1.71,41.63,-63.22,-37.95,1,0.00,0.00,0,0,0,4.15,0.00,51.6,0,00,1,$
#,050,26,25,29.00,941.00,10.00,Frequency_MHz,RSSI_dBm,-0.17,0.14,0.96,2.20,-0.12,1.59,41.65,-62.29,-38.39,1,0.00,0.00,0,0,0,4.15,0.00,50.5,0,00,1,$
#,050,27,25,29.00,941.00,10.00,Frequency_MHz,RSSI_dBm,-0.17,0.13,0.96,6.04,3.60,1.16,40.75,-61.44,-37.45,1,0.00,0.00,0,0,0,4.15,0.00,51.6,0,00,1,$
#,050,27,25,29.00,941.00,10.00,Frequency_MHz,RSSI_dBm,-0.17,0.13,0.95,3.30,-2.26,1.16,40.94,-61.69,-35.94,1,0.00,0.00,0,0,0,4.15,0.00,49.9,0,00,1,$
#,050,27,25,29.00,941.00,10.00,Frequency_MHz,RSSI_dBm,-0.18,0.11,0.94,1.46,-2.44,1.16,41.00,-61.00,-36.65,1,0.00,0.00,0,0,0,4.15,0.00,49.9,0,00,1,$
#,050,27,26,29.00,941.00,10.00,Frequency_MHz,RSSI_dBm,-0.18,0.12,0.96,-0.43,-1.04,0.37,40.39,-61.55,-36.72,1,0.00,0.00,0,0,0,4.15,0.00,51.6,0,00,1,$
#,050,27,26,29.00,941.00,10.00,Frequency_MHz,RSSI_dBm,-0.18,0.13,0.96,-0.67,1.34,-0.06,41.30,-62.22,-38.05,1,0.00,0.00,0,0,0,4.15,0.00,50.5,0,00,1,$
#,050,27,26,29.00,941.00,10.00,Frequency_MHz,RSSI_dBm,-0.16,0.11,0.94,6.59,-2.50,0.24,41.02,-62.12,-37.61,1,0.00,0.00,0,0,0,4.15,0.00,50.5,0,00,1,$
#,050,27,26,29.00,941.00,10.00,Frequency_MHz,RSSI_dBm,-0.17,0.11,0.97,4.64,-2.69,0.49,41.02,-62.62,-36.93,1,0.00,0.00,0,0,0,4.15,0.00,50.5,0,00,1,$
#,050,27,26,29.00,941.00,10.00,Frequency_MHz,RSSI_dBm,-0.17,0.10,0.97,1.89,-1.40,0.79,41.31,-62.05,-36.60,1,0.00,0.00,0,0,0,4.15,0.00,51.6,0,00,1,$
#,050,27,26,29.00,941.00,10.00,Frequency_MHz,RSSI_dBm,-0.19,0.11,0.98,3.91,-1.71,-1.16,40.82,-62.00,-36.36,1,0.00,0.00,0,0,0,4.15,0.00,51.0,0,00,1,$
#,050,28,26,29.00,941.00,10.00,Frequency_MHz,RSSI_dBm,-0.19,0.09,0.97,5.74,0.79,0.31,41.59,-61.85,-36.98,1,0.00,0.00,0,0,0,4.15,0.00,51.6,0,00,1,$
#,050,28,26,29.00,941.00,10.00,Frequency_MHz,RSSI_dBm,-0.18,0.06,0.94,4.94,-0.18,-1.10,40.34,-61.01,-35.27,1,0.00,0.00,0,0,0,4.15,0.00,50.5,0,00,1,$
#,050,28,26,29.00,941.00,10.00,Frequency_MHz,RSSI_dBm,-0.18,0.05,0.96,2.99,-1.59,0.43,40.30,-61.44,-34.48,1,0.00,0.00,0,0,0,4.15,0.00,49.9,0,00,1,$
#,050,28,26,29.00,941.00,10.00,Frequency_MHz,RSSI_dBm,-0.19,0.04,0.95,1.89,-1.89,1.83,40.91,-61.78,-35.73,1,0.00,0.00,0,0,0,4.15,0.00,51.0,0,00,1,$
#,050,28,27,29.00,941.00,10.00,Frequency_MHz,RSSI_dBm,-0.20,0.04,0.97,5.37,-3.78,3.11,40.23,-60.75,-34.42,1,0.00,0.00,0,0,0,4.15,0.00,51.0,0,00,1,$
#,050,28,27,29.00,941.00,10.00,Frequency_MHz,RSSI_dBm,-0.20,0.02,0.97,4.52,-2.14,3.48,40.42,-61.43,-35.16,1,0.00,0.00,0,0,0,4.15,0.00,49.4,0,00,1,$
#,050,28,27,29.00,941.00,10.00,Frequency_MHz,RSSI_dBm,-0.21,0.03,0.97,3.66,0.61,1.83,41.09,-61.10,-35.10,1,0.00,0.00,0,0,0,4.15,0.00,49.9,0,00,1,$
#,050,28,27,29.00,941.00,10.00,Frequency_MHz,RSSI_dBm,-0.20,0.02,0.95,1.22,3.11,1.34,40.00,-60.53,-36.87,1,0.00,0.00,0,0,0,4.15,0.00,49.9,0,00,1,$
#,050,28,27,29.00,941.00,10.00,Frequency_MHz,RSSI_dBm,-0.20,0.02,0.94,2.44,-2.20,2.93,40.94,-60.46,-35.71,1,0.00,0.00,0,0,0,4.15,0.00,51.6,0,00,1,$
#,050,28,27,29.00,941.00,10.00,Frequency_MHz,RSSI_dBm,-0.20,0.01,0.95,4.03,-2.44,3.54,40.01,-60.22,-36.13,1,0.00,0.00,0,0,0,4.15,0.00,49.9,0,00,1,$
#,050,29,27,29.00,941.00,10.00,Frequency_MHz,RSSI_dBm,-0.22,0.01,0.97,-0.12,0.31,0.06,40.55,-60.23,-36.63,1,0.00,0.00,0,0,0,4.15,0.00,49.9,0,00,1,$
#,050,29,27,29.00,941.00,10.00,Frequency_MHz,RSSI_dBm,-0.23,0.00,0.97,-3.17,-1.22,-1.83,40.26,-59.80,-36.05,1,0.00,0.00,0,0,0,4.15,0.00,51.6,0,00,1,$
#,050,29,27,29.00,941.00,10.00,Frequency_MHz,RSSI_dBm,-0.23,0.02,0.98,-0.24,-0.73,0.43,39.29,-59.23,-34.62,1,0.00,0.00,0,0,0,4.15,0.00,51.0,0,00,1,$
#,050,29,27,29.00,941.00,10.00,Frequency_MHz,RSSI_dBm,-0.19,0.00,0.98,1.22,19.29,-5.43,39.37,-59.94,-34.67,1,0.00,0.00,0,0,0,4.15,0.00,51.0,0,00,1,$
#,050,29,28,29.00,941.00,10.00,Frequency_MHz,RSSI_dBm,-0.18,-0.00,0.95,6.23,-1.59,3.42,40.45,-60.13,-34.81,1,0.00,0.00,0,0,0,4.15,0.00,51.0,0,00,1,$
#,050,29,28,29.00,941.00,10.00,Frequency_MHz,RSSI_dBm,-0.21,0.03,0.97,1.04,11.60,0.49,41.13,-61.21,-35.99,1,0.00,0.00,0,0,0,4.15,0.00,51.6,0,00,1,$
#,050,29,28,29.00,941.00,10.00,Frequency_MHz,RSSI_dBm,-0.17,-0.02,0.96,17.15,14.34,-1.04,41.78,-60.96,-36.22,1,0.00,0.00,0,0,0,4.15,0.00,51.6,0,00,1,$
#,050,29,28,29.00,941.00,10.00,Frequency_MHz,RSSI_dBm,-0.19,-0.04,0.95,5.62,-10.56,1.40,41.33,-59.86,-37.01,1,0.00,0.00,0,0,0,4.15,0.00,51.0,0,00,1,$
#,050,29,28,29.00,941.00,10.00,Frequency_MHz,RSSI_dBm,-0.18,-0.04,0.96,-0.06,3.97,-0.85,40.91,-59.41,-36.11,1,0.00,0.00,0,0,0,4.15,0.00,51.0,0,00,1,$
#,050,30,28,29.00,941.00,10.00,Frequency_MHz,RSSI_dBm,-0.20,-0.04,0.96,-1.04,0.37,-2.50,41.26,-60.03,-35.79,1,0.00,0.00,0,0,0,4.15,0.00,51.6,0,00,1,$
#,050,30,28,29.00,941.00,10.00,Frequency_MHz,RSSI_dBm,-0.19,-0.06,0.96,4.03,-0.49,1.59,41.10,-60.50,-36.74,1,0.00,0.00,0,0,0,4.15,0.00,51.6,0,00,1,$
#,050,30,28,29.00,941.00,10.00,Frequency_MHz,RSSI_dBm,-0.20,-0.05,0.98,2.01,-2.93,0.98,40.89,-59.62,-34.02,1,0.00,0.00,0,0,0,4.15,0.00,50.5,0,00,1,$
#,050,30,28,29.00,941.00,10.00,Frequency_MHz,RSSI_dBm,-0.19,-0.08,0.97,2.01,-1.22,2.01,40.72,-58.14,-33.76,1,0.00,0.00,0,0,0,4.15,0.00,49.9,0,00,1,$
#,050,30,28,29.00,941.00,10.00,Frequency_MHz,RSSI_dBm,-0.28,-0.10,1.02,-0.24,8.73,8.30,40.21,-59.02,-34.07,1,0.00,0.00,0,0,0,4.15,0.00,51.0,0,00,1,$
#,050,30,29,29.00,941.00,10.00,Frequency_MHz,RSSI_dBm,-0.12,-0.05,0.96,-6.41,-1.10,2.50,41.19,-57.90,-34.79,1,0.00,0.00,0,0,0,4.15,0.00,50.5,0,00,1,$
#,050,30,29,29.00,941.00,10.00,Frequency_MHz,RSSI_dBm,-0.18,-0.01,0.99,3.11,1.22,3.60,42.08,-59.23,-35.97,1,0.00,0.00,0,0,0,4.15,0.00,49.4,0,00,1,$
#,050,30,29,29.00,941.00,10.00,Frequency_MHz,RSSI_dBm,-0.17,-0.06,0.94,1.16,-0.31,1.71,41.88,-59.00,-35.96,1,0.00,0.00,0,0,0,4.15,0.00,52.1,0,00,1,$
#,050,30,29,29.00,941.00,10.00,Frequency_MHz,RSSI_dBm,-0.18,-0.10,0.96,1.59,-1.10,4.94,41.28,-58.79,-36.10,1,0.00,0.00,0,0,0,4.15,0.00,51.0,0,00,1,$
#,050,30,29,29.00,941.00,10.00,Frequency_MHz,RSSI_dBm,-0.19,-0.11,0.98,-4.27,0.31,4.52,41.86,-58.19,-36.51,1,0.00,0.00,0,0,0,4.15,0.00,52.1,0,00,1,$
#,050,31,29,29.00,941.00,10.00,Frequency_MHz,RSSI_dBm,-0.20,-0.07,0.99,-1.77,2.38,8.91,41.54,-57.89,-36.93,1,0.00,0.00,0,0,0,4.15,0.00,51.6,0,00,1,$
#,050,31,29,29.00,941.00,10.00,Frequency_MHz,RSSI_dBm,-0.16,-0.06,0.94,-4.64,6.59,8.67,41.92,-57.59,-37.10,1,0.00,0.00,0,0,0,4.15,0.00,49.9,0,00,1,$
#,050,31,29,29.00,941.00,10.00,Frequency_MHz,RSSI_dBm,-0.14,-0.00,0.93,-6.77,-0.37,7.08,42.18,-56.90,-35.96,1,0.00,0.00,0,0,0,4.15,0.00,49.9,0,00,1,$
#,050,31,29,29.00,941.00,10.00,Frequency_MHz,RSSI_dBm,-0.16,0.02,0.98,-4.52,-0.12,2.93,41.81,-56.99,-35.66,1,0.00,0.00,0,0,0,4.15,0.00,50.5,0,00,1,$
#,050,31,29,29.00,941.00,10.00,Frequency_MHz,RSSI_dBm,-0.16,-0.01,0.98,0.67,-1.40,-2.44,42.37,-56.63,-35.45,1,0.00,0.00,0,0,0,4.15,0.00,49.9,0,00,1,$
#,050,31,30,29.00,941.00,10.00,Frequency_MHz,RSSI_dBm,-0.16,-0.02,0.98,2.62,-1.65,-2.99,41.53,-57.42,-35.36,1,0.00,0.00,0,0,0,4.15,0.00,51.0,0,00,1,$
#,050,31,30,29.00,941.00,10.00,Frequency_MHz,RSSI_dBm,-0.17,-0.03,0.97,3.78,-3.54,-3.30,41.92,-57.73,-37.32,1,0.00,0.00,0,0,0,4.15,0.00,52.1,0,00,1,$
#,050,31,30,29.00,941.00,10.00,Frequency_MHz,RSSI_dBm,-0.18,-0.06,0.97,1.16,0.67,-3.78,41.58,-58.00,-36.29,1,0.00,0.00,0,0,0,4.15,0.00,50.5,0,00,1,$
#,050,31,30,29.00,941.00,10.00,Frequency_MHz,RSSI_dBm,-0.18,-0.04,0.96,-0.79,-2.62,-2.14,41.98,-58.13,-37.93,1,0.00,0.00,0,0,0,4.15,0.00,51.0,0,00,1,$
#,050,32,30,29.00,941.00,10.00,Frequency_MHz,RSSI_dBm,-0.18,-0.04,0.99,3.91,-3.54,-3.85,41.55,-58.09,-37.04,1,0.00,0.00,0,0,0,4.15,0.00,50.5,0,00,1,$
#,050,32,30,29.00,941.00,10.00,Frequency_MHz,RSSI_dBm,-0.15,-0.07,0.98,4.46,11.78,-4.52,41.58,-58.37,-37.68,1,0.00,0.00,0,0,0,4.15,0.00,50.5,0,00,1,$
#,050,32,30,29.00,941.00,10.00,Frequency_MHz,RSSI_dBm,-0.17,-0.07,0.95,2.69,3.11,-1.10,41.56,-58.83,-36.69,1,0.00,0.00,0,0,0,4.15,0.00,50.5,0,00,1,$
#,050,32,30,29.00,941.00,10.00,Frequency_MHz,RSSI_dBm,-0.17,-0.04,0.96,-1.40,3.54,-0.55,41.30,-57.96,-36.52,1,0.00,0.00,0,0,0,4.15,0.00,51.0,0,00,1,$
#,050,32,30,29.00,941.00,10.00,Frequency_MHz,RSSI_dBm,-0.16,-0.05,0.98,-4.76,1.16,1.65,40.53,-57.73,-36.15,1,0.00,0.00,0,0,0,4.15,0.00,51.0,0,00,1,$
#,050,32,30,29.00,941.00,10.00,Frequency_MHz,RSSI_dBm,-0.15,-0.05,1.00,-4.88,7.93,3.60,40.97,-57.70,-36.98,1,0.00,0.00,0,0,0,4.15,0.00,51.6,0,00,1,$
#,050,32,31,29.00,941.00,10.00,Frequency_MHz,RSSI_dBm,-0.14,-0.00,0.98,-2.20,2.56,0.73,41.30,-58.18,-37.26,1,0.00,0.00,0,0,0,4.15,0.00,50.5,0,00,1,$
#,050,32,31,29.00,941.00,10.00,Frequency_MHz,RSSI_dBm,-0.14,-0.01,0.97,2.87,3.30,3.11,41.99,-58.85,-38.75,1,0.00,0.00,0,0,0,4.15,0.00,50.5,0,00,1,$
#,050,32,31,29.00,941.00,10.00,Frequency_MHz,RSSI_dBm,-0.11,-0.03,0.94,-1.22,0.61,3.72,42.07,-58.73,-39.82,1,0.00,0.00,0,0,0,4.15,0.00,50.5,0,00,1,$
#,050,32,31,29.00,941.00,10.00,Frequency_MHz,RSSI_dBm,-0.13,-0.05,0.98,-1.04,-1.28,5.25,41.75,-58.06,-39.45,1,0.00,0.00,0,0,0,4.15,0.00,50.5,0,00,1,$
#,050,33,31,29.00,941.00,10.00,Frequency_MHz,RSSI_dBm,-0.14,-0.02,0.97,3.30,-5.55,5.86,42.09,-57.87,-39.69,1,0.00,0.00,0,0,0,4.15,0.00,51.6,0,00,1,$
#,050,33,31,29.00,941.00,10.00,Frequency_MHz,RSSI_dBm,-0.15,-0.01,0.97,-4.94,-2.20,5.92,42.32,-58.24,-38.61,1,0.00,0.00,0,0,0,4.15,0.00,51.6,0,00,1,$
#,050,33,31,29.00,941.00,10.00,Frequency_MHz,RSSI_dBm,-0.17,0.01,1.00,-1.89,-0.31,3.97,42.26,-57.67,-39.51,1,0.00,0.00,0,0,0,4.15,0.00,50.5,0,00,1,$
#,050,33,31,29.00,941.00,10.00,Frequency_MHz,RSSI_dBm,-0.16,-0.00,0.99,1.77,3.60,1.53,42.00,-57.17,-37.15,1,0.00,0.00,0,0,0,4.15,0.00,51.6,0,00,1,$
#,050,33,31,29.00,941.00,10.00,Frequency_MHz,RSSI_dBm,-0.16,-0.02,0.96,5.68,-2.38,3.42,42.05,-56.90,-38.40,1,0.00,0.00,0,0,0,4.15,0.00,49.4,0,00,1,$
#,050,33,31,29.00,941.00,10.00,Frequency_MHz,RSSI_dBm,-0.16,-0.08,0.94,3.48,-1.65,9.77,41.37,-55.91,-37.46,1,0.00,0.00,0,0,0,4.15,0.00,50.5,0,00,1,$
#,050,33,32,29.00,941.00,10.00,Frequency_MHz,RSSI_dBm,-0.17,-0.08,1.01,-1.28,0.79,13.37,41.88,-55.40,-37.28,1,0.00,0.00,0,0,0,4.15,0.00,50.5,0,00,1,$
#,050,33,32,29.00,941.00,10.00,Frequency_MHz,RSSI_dBm,-0.08,0.19,0.83,-9.83,-28.26,-3.48,42.98,-56.58,-37.33,1,0.00,0.00,0,0,0,4.15,0.00,50.5,0,00,1,$
#,050,33,32,29.00,941.00,10.00,Frequency_MHz,RSSI_dBm,-0.34,-0.19,1.07,33.63,-23.68,21.24,42.53,-55.71,-37.32,1,0.00,0.00,0,0,0,4.15,0.00,50.5,0,00,1,$
#,050,34,32,29.00,941.00,10.00,Frequency_MHz,RSSI_dBm,-0.27,-0.08,0.89,-0.31,2.32,2.14,41.72,-55.41,-35.41,1,0.00,0.00,0,0,0,4.15,0.00,49.9,0,00,1,$
#,050,34,32,29.00,941.00,10.00,Frequency_MHz,RSSI_dBm,-0.31,-0.11,0.89,-13.92,12.21,14.47,42.20,-55.27,-36.67,1,0.00,0.00,0,0,0,4.15,0.00,49.9,0,00,1,$
#,050,34,32,29.00,941.00,10.00,Frequency_MHz,RSSI_dBm,-0.22,-0.16,0.95,-9.28,12.88,18.86,43.87,-54.43,-37.50,1,0.00,0.00,0,0,0,4.15,0.00,50.5,0,00,1,$
#,050,34,32,29.00,941.00,10.00,Frequency_MHz,RSSI_dBm,-0.20,-0.05,0.98,-15.81,-1.22,6.90,44.89,-54.33,-38.48,1,0.00,0.00,0,0,0,4.15,0.00,50.5,0,00,1,$
#,050,34,32,29.00,941.00,10.00,Frequency_MHz,RSSI_dBm,-0.17,0.03,1.02,-6.04,2.75,7.45,44.37,-53.81,-37.01,1,0.00,0.00,0,0,0,4.15,0.00,51.6,0,00,1,$
#,050,34,32,29.00,941.00,10.00,Frequency_MHz,RSSI_dBm,-0.13,0.02,0.96,-7.14,-1.16,2.26,44.62,-54.17,-38.11,1,0.00,0.00,0,0,0,4.15,0.00,51.0,0,00,1,$
#,050,34,32,29.00,941.00,10.00,Frequency_MHz,RSSI_dBm,-0.20,0.02,0.98,-5.31,-2.38,1.65,44.25,-53.91,-38.66,1,0.00,0.00,0,0,0,4.15,0.00,51.0,0,00,1,$
#,050,34,33,29.00,941.00,10.00,Frequency_MHz,RSSI_dBm,-0.20,0.02,0.99,-2.69,-2.14,1.77,43.85,-53.65,-38.96,1,0.00,0.00,0,0,0,4.15,0.00,51.0,0,00,1,$
#,050,34,33,29.00,941.00,10.00,Frequency_MHz,RSSI_dBm,-0.19,0.00,0.94,3.05,-12.39,8.30,44.59,-54.60,-39.50,1,0.00,0.00,0,0,0,4.15,0.00,50.5,0,00,1,$
#,050,34,33,29.00,941.00,10.00,Frequency_MHz,RSSI_dBm,-0.27,0.05,0.95,-2.50,-0.61,5.92,44.65,-54.06,-40.60,1,0.00,0.00,0,0,0,4.15,0.00,52.1,0,00,1,$
#,050,35,33,29.00,941.00,10.00,Frequency_MHz,RSSI_dBm,-0.23,0.05,0.95,5.80,-4.88,5.86,44.82,-53.38,-40.17,1,0.00,0.00,0,0,0,4.15,0.00,50.5,0,00,1,$
#,050,35,33,29.00,941.00,10.00,Frequency_MHz,RSSI_dBm,-0.25,0.01,0.96,-1.34,-3.97,-2.69,44.68,-53.70,-39.66,1,0.00,0.00,0,0,0,4.15,0.00,49.9,0,00,1,$
#,050,35,33,29.00,941.00,10.00,Frequency_MHz,RSSI_dBm,-0.27,0.04,0.93,-2.81,-1.10,-4.27,44.20,-53.82,-40.15,1,0.00,0.00,0,0,0,4.15,0.00,49.9,0,00,1,$
#,050,35,33,29.00,941.00,10.00,Frequency_MHz,RSSI_dBm,-0.28,0.04,0.96,2.62,-0.31,-3.54,44.26,-54.13,-38.82,1,0.00,0.00,0,0,0,4.15,0.00,50.5,0,00,1,$
#,050,35,33,29.00,941.00,10.00,Frequency_MHz,RSSI_dBm,-0.27,0.03,0.96,1.34,2.93,-0.31,43.53,-53.45,-37.55,1,0.00,0.00,0,0,0,4.15,0.00,50.5,0,00,1,$
#,050,35,33,29.00,941.00,10.00,Frequency_MHz,RSSI_dBm,-0.26,0.03,0.94,0.73,2.81,-2.56,43.10,-53.60,-38.77,1,0.00,0.00,0,0,0,4.15,0.00,49.9,0,00,1,$
#,050,35,33,29.00,941.00,10.00,Frequency_MHz,RSSI_dBm,-0.27,0.03,0.96,-0.37,3.48,-1.95,42.83,-53.67,-38.17,1,0.00,0.00,0,0,0,4.15,0.00,50.5,0,00,1,$
#,050,35,34,29.00,941.00,10.00,Frequency_MHz,RSSI_dBm,-0.25,0.03,0.94,0.24,3.85,-2.62,43.04,-53.52,-37.82,1,0.00,0.00,0,0,0,4.15,0.00,52.1,0,00,1,$
#,050,35,34,29.00,941.00,10.00,Frequency_MHz,RSSI_dBm,-0.26,0.02,0.96,0.67,0.61,-3.85,44.18,-54.93,-40.20,1,0.00,0.00,0,0,0,4.15,0.00,50.5,0,00,1,$
#,050,36,34,29.00,941.00,10.00,Frequency_MHz,RSSI_dBm,-0.24,0.02,0.94,3.11,-0.43,-2.14,43.73,-55.62,-39.64,1,0.00,0.00,0,0,0,4.15,0.00,49.9,0,00,1,$
#,050,36,34,29.00,941.00,10.00,Frequency_MHz,RSSI_dBm,-0.24,0.01,0.93,4.82,-4.58,-3.91,43.13,-55.15,-39.04,1,0.00,0.00,0,0,0,4.15,0.00,50.5,0,00,1,$
#,050,36,34,29.00,941.00,10.00,Frequency_MHz,RSSI_dBm,-0.26,0.01,0.96,-0.37,0.00,-4.03,42.81,-55.55,-38.27,1,0.00,0.00,0,0,0,4.15,0.00,51.6,0,00,1,$
#,050,36,34,29.00,941.00,10.00,Frequency_MHz,RSSI_dBm,-0.25,0.01,0.95,0.43,0.31,-1.46,42.48,-55.27,-39.31,1,0.00,0.00,0,0,0,4.15,0.00,51.0,0,00,1,$
#,050,36,34,29.00,941.00,10.00,Frequency_MHz,RSSI_dBm,-0.25,0.02,0.91,-0.79,4.15,0.92,42.53,-55.54,-39.79,1,0.00,0.00,0,0,0,4.15,0.00,51.0,0,00,1,$
#,050,36,34,29.00,941.00,10.00,Frequency_MHz,RSSI_dBm,-0.17,0.05,0.82,-8.61,14.59,-0.67,42.54,-55.19,-38.34,1,0.00,0.00,0,0,0,4.15,0.00,49.9,0,00,1,$
#,050,36,34,29.00,941.00,10.00,Frequency_MHz,RSSI_dBm,-0.25,0.05,0.99,2.81,-2.01,-3.97,42.99,-55.38,-38.61,1,0.00,0.00,0,0,0,4.15,0.00,51.6,0,00,1,$
#,050,36,34,29.00,941.00,10.00,Frequency_MHz,RSSI_dBm,-0.23,0.01,0.98,2.38,13.85,-1.28,42.44,-55.55,-38.20,1,0.00,0.00,0,0,0,4.15,0.00,50.5,0,00,1,$
#,050,36,35,29.00,941.00,10.00,Frequency_MHz,RSSI_dBm,-0.19,0.03,1.01,-8.54,5.62,-6.04,43.40,-56.40,-37.44,1,0.00,0.00,0,0,0,4.15,0.00,51.0,0,00,1,$
#,050,36,35,29.00,941.00,10.00,Frequency_MHz,RSSI_dBm,-0.20,0.09,1.00,-2.44,0.92,-4.03,43.84,-58.03,-38.39,1,0.00,0.00,0,0,0,4.15,0.00,52.1,0,00,1,$
#,050,37,35,29.00,941.00,10.00,Frequency_MHz,RSSI_dBm,-0.19,0.05,0.98,0.79,1.28,-0.06,44.25,-58.74,-39.38,1,0.00,0.00,0,0,0,4.15,0.00,51.0,0,00,1,$
#,050,37,35,29.00,941.00,10.00,Frequency_MHz,RSSI_dBm,-0.21,0.07,0.96,-5.37,5.07,-1.89,43.77,-58.78,-38.33,1,0.00,0.00,0,0,0,4.15,0.00,50.5,0,00,1,$
#,050,37,35,29.00,941.00,10.00,Frequency_MHz,RSSI_dBm,-0.19,0.07,0.96,1.71,-4.15,-1.34,43.95,-58.70,-38.43,1,0.00,0.00,0,0,0,4.15,0.00,50.5,0,00,1,$
#,050,37,35,29.00,941.00,10.00,Frequency_MHz,RSSI_dBm,-0.18,0.06,0.98,1.46,2.20,-1.16,43.75,-58.97,-38.78,1,0.00,0.00,0,0,0,4.15,0.00,50.5,0,00,1,$
#,050,37,35,29.00,941.00,10.00,Frequency_MHz,RSSI_dBm,-0.19,0.06,0.92,-0.18,0.06,-3.97,43.12,-58.51,-40.42,1,0.00,0.00,0,0,0,4.15,0.00,50.5,0,00,1,$
#,050,37,35,29.00,941.00,10.00,Frequency_MHz,RSSI_dBm,-0.18,0.08,0.94,-7.63,-1.83,-8.79,42.26,-57.95,-38.81,1,0.00,0.00,0,0,0,4.15,0.00,52.1,0,00,1,$
#,050,37,35,29.00,941.00,10.00,Frequency_MHz,RSSI_dBm,-0.18,0.09,0.93,-3.72,-4.94,-6.35,42.02,-58.12,-38.76,1,0.00,0.00,0,0,0,4.15,0.00,50.5,0,00,1,$
#,050,37,35,29.00,941.00,10.00,Frequency_MHz,RSSI_dBm,-0.21,0.11,1.04,9.58,-17.94,-9.58,41.69,-58.11,-38.31,1,0.00,0.00,0,0,0,4.15,0.00,52.1,0,00,1,$
#,050,37,36,29.00,941.00,10.00,Frequency_MHz,RSSI_dBm,-0.14,0.00,1.26,5.43,-63.72,-6.29,40.17,-57.90,-35.77,1,0.00,0.00,0,0,0,4.15,0.00,51.6,0,00,1,$
#,050,38,36,29.00,941.00,10.00,Frequency_MHz,RSSI_dBm,-2.24,0.23,3.48,-24.35,53.65,-14.83,39.20,-58.02,-38.72,1,0.00,0.00,0,0,0,4.15,0.00,50.5,0,00,1,$
#,050,38,36,29.00,941.00,10.00,Frequency_MHz,RSSI_dBm,-1.50,0.55,-0.09,58.23,215.70,30.82,39.81,-59.56,-41.24,1,0.00,0.00,0,0,0,4.15,0.00,50.5,0,00,1,$
#,050,38,36,29.00,941.00,10.00,Frequency_MHz,RSSI_dBm,1.10,-0.06,-1.82,33.57,54.26,-86.61,46.00,-54.66,-50.10,1,0.00,0.00,0,0,0,4.15,0.00,51.6,0,00,1,$
#,050,38,36,29.00,941.00,10.00,Frequency_MHz,RSSI_dBm,0.34,-0.40,-0.08,13.12,-22.58,26.92,45.62,-48.21,-48.40,1,0.00,0.00,0,0,0,4.15,0.00,51.6,0,00,1,$
#,050,38,36,29.00,941.00,10.00,Frequency_MHz,RSSI_dBm,0.25,-0.15,0.95,-0.55,44.01,0.49,48.78,-50.54,-47.77,1,0.00,0.00,0,0,0,4.15,0.00,51.6,0,00,1,$
#,050,38,36,29.00,941.00,10.00,Frequency_MHz,RSSI_dBm,0.24,-0.16,1.12,-10.80,-2.50,-7.02,50.01,-50.61,-48.07,1,0.00,0.00,0,0,0,4.15,0.00,51.0,0,00,1,$
#,050,38,36,29.00,941.00,10.00,Frequency_MHz,RSSI_dBm,0.30,-0.12,1.12,5.13,-46.20,-5.62,50.20,-51.59,-48.96,1,0.00,0.00,0,0,0,4.15,0.00,49.9,0,00,1,$
#,050,38,36,29.00,941.00,10.00,Frequency_MHz,RSSI_dBm,0.14,-0.05,1.17,-16.66,-25.94,-7.32,47.29,-51.16,-43.65,1,0.00,0.00,0,0,0,4.15,0.00,51.0,0,00,1,$
#,050,38,36,29.00,941.00,10.00,Frequency_MHz,RSSI_dBm,0.07,-0.05,1.11,-18.13,-6.96,-7.75,46.41,-51.95,-43.52,1,0.00,0.00,0,0,0,4.15,0.00,50.5,0,00,1,$
#,050,38,37,29.00,941.00,10.00,Frequency_MHz,RSSI_dBm,0.06,-0.01,1.06,-7.87,-13.18,-2.01,45.32,-52.23,-43.47,1,0.00,0.00,0,0,0,4.15,0.00,50.5,0,00,1,$
#,050,39,37,29.00,941.00,10.00,Frequency_MHz,RSSI_dBm,0.07,0.01,1.02,-4.39,-2.26,-1.10,46.04,-53.31,-45.28,1,0.00,0.00,0,0,0,4.15,0.00,49.9,0,00,1,$
#,050,39,37,29.00,941.00,10.00,Frequency_MHz,RSSI_dBm,0.05,0.00,1.01,0.73,-4.09,-1.71,45.12,-53.75,-44.71,1,0.00,0.00,0,0,0,4.15,0.00,51.6,0,00,1,$
#,050,39,37,29.00,941.00,10.00,Frequency_MHz,RSSI_dBm,0.08,-0.00,0.90,-1.04,-2.01,-0.85,45.40,-54.88,-45.29,1,0.00,0.00,0,0,0,4.15,0.00,51.0,0,00,1,$
#,050,39,37,29.00,941.00,10.00,Frequency_MHz,RSSI_dBm,0.10,0.03,0.77,-8.06,6.29,-4.39,45.40,-54.35,-45.19,1,0.00,0.00,0,0,0,4.15,0.00,50.5,0,00,1,$
#,050,39,37,29.00,941.00,10.00,Frequency_MHz,RSSI_dBm,0.07,0.06,0.72,-13.31,-30.09,1.22,44.13,-54.16,-44.87,1,0.00,0.00,0,0,0,4.15,0.00,50.5,0,00,1,$
#,050,39,37,29.00,941.00,10.00,Frequency_MHz,RSSI_dBm,-0.14,0.02,0.93,-20.94,-39.55,-3.91,43.48,-54.50,-42.64,1,0.00,0.00,0,0,0,4.15,0.00,49.9,0,00,1,$
#,050,39,37,29.00,941.00,10.00,Frequency_MHz,RSSI_dBm,-0.18,0.18,1.70,-28.75,-64.70,-12.88,43.30,-60.03,-37.46,1,0.00,0.00,0,0,0,4.15,0.00,51.0,0,00,1,$
#,050,39,37,29.00,941.00,10.00,Frequency_MHz,RSSI_dBm,-0.13,0.29,4.00,26.18,160.52,23.74,42.79,-58.23,-35.10,1,0.00,0.00,0,0,0,4.15,0.00,52.1,0,00,1,$
#,050,39,37,29.00,941.00,10.00,Frequency_MHz,RSSI_dBm,-0.81,0.52,1.05,94.48,185.85,21.97,47.57,-54.11,-41.15,1,0.00,0.00,0,0,0,4.15,0.00,49.9,0,00,1,$
#,050,40,38,29.00,941.00,10.00,Frequency_MHz,RSSI_dBm,0.79,-0.04,-1.92,65.73,-145.08,44.01,50.90,-45.29,-51.31,1,0.00,0.00,0,0,0,4.15,0.00,51.6,0,00,1,$
#,050,40,38,29.00,941.00,10.00,Frequency_MHz,RSSI_dBm,0.10,-0.25,0.73,-33.02,9.58,-20.94,50.15,-44.27,-50.12,1,0.00,0.00,0,0,0,4.15,0.00,49.9,0,00,1,$
#,050,40,38,29.00,941.00,10.00,Frequency_MHz,RSSI_dBm,0.31,-0.06,1.08,-23.25,-27.71,-24.11,47.80,-46.58,-50.17,1,0.00,0.00,0,0,0,4.15,0.00,50.5,0,00,1,$
#,050,40,38,29.00,941.00,10.00,Frequency_MHz,RSSI_dBm,0.18,-0.04,1.32,-16.30,-29.42,-31.19,45.87,-47.71,-50.38,1,0.00,0.00,0,0,0,4.15,0.00,51.6,0,00,1,$
#,050,40,38,29.00,941.00,10.00,Frequency_MHz,RSSI_dBm,0.16,-0.09,1.26,-4.82,-72.45,-2.14,43.38,-50.27,-49.66,1,0.00,0.00,0,0,0,4.15,0.00,50.5,0,00,1,$
#,050,40,38,29.00,941.00,10.00,Frequency_MHz,RSSI_dBm,0.01,-0.09,1.16,-6.47,-25.88,-7.93,41.05,-50.33,-47.31,1,0.00,0.00,0,0,0,4.15,0.00,50.5,0,00,1,$
#,050,40,38,29.00,941.00,10.00,Frequency_MHz,RSSI_dBm,-0.02,-0.06,1.04,-6.84,-13.55,-4.39,41.42,-50.59,-47.64,1,0.00,0.00,0,0,0,4.15,0.00,49.9,0,00,1,$
#,050,40,38,29.00,941.00,10.00,Frequency_MHz,RSSI_dBm,-0.04,-0.04,1.01,-10.93,1.65,2.14,45.23,-51.20,-48.34,1,0.00,0.00,0,0,0,4.15,0.00,51.6,0,00,1,$
#,050,40,38,29.00,941.00,10.00,Frequency_MHz,RSSI_dBm,0.01,-0.02,1.06,-6.71,12.94,8.54,41.70,-50.42,-47.19,1,0.00,0.00,0,0,0,4.15,0.00,51.6,0,00,1,$
#,050,40,38,29.00,941.00,10.00,Frequency_MHz,RSSI_dBm,0.02,0.03,0.99,-3.17,-2.50,-1.40,41.10,-50.67,-46.01,1,0.00,0.00,0,0,0,4.15,0.00,51.0,0,00,1,$
#,050,41,39,29.00,941.00,10.00,Frequency_MHz,RSSI_dBm,0.00,0.03,1.01,-0.73,-1.65,3.30,41.05,-50.24,-46.86,1,0.00,0.00,0,0,0,4.15,0.00,50.5,0,00,1,$
#,050,41,39,29.00,941.00,10.00,Frequency_MHz,RSSI_dBm,0.03,0.02,1.00,-0.31,1.71,1.16,45.65,-51.04,-47.60,1,0.00,0.00,0,0,0,4.15,0.00,51.0,0,00,1,$
#,050,41,39,29.00,941.00,10.00,Frequency_MHz,RSSI_dBm,0.00,0.08,0.99,-13.18,13.55,-3.17,42.29,-52.65,-46.83,1,0.00,0.00,0,0,0,4.15,0.00,51.6,0,00,1,$
#,050,41,39,29.00,941.00,10.00,Frequency_MHz,RSSI_dBm,0.03,0.05,0.99,7.63,-0.92,3.30,41.32,-52.56,-47.75,1,0.00,0.00,0,0,0,4.15,0.00,49.9,0,00,1,$
#,050,41,39,29.00,941.00,10.00,Frequency_MHz,RSSI_dBm,0.07,0.04,0.98,7.08,-0.92,2.44,41.82,-51.87,-47.40,1,0.00,0.00,0,0,0,4.15,0.00,51.0,0,00,1,$
#,050,41,39,29.00,941.00,10.00,Frequency_MHz,RSSI_dBm,0.04,0.03,1.00,4.52,-2.01,-0.61,40.80,-51.12,-46.84,1,0.00,0.00,0,0,0,4.15,0.00,49.9,0,00,1,$
#,050,41,39,29.00,941.00,10.00,Frequency_MHz,RSSI_dBm,0.01,0.01,0.99,4.64,-1.53,2.50,40.92,-51.09,-47.41,1,0.00,0.00,0,0,0,4.15,0.00,51.6,0,00,1,$
#,050,41,39,29.00,941.00,10.00,Frequency_MHz,RSSI_dBm,0.05,-0.00,0.90,3.23,-1.46,1.34,41.81,-50.77,-46.46,1,0.00,0.00,0,0,0,4.15,0.00,50.5,0,00,1,$
#,050,41,39,29.00,941.00,10.00,Frequency_MHz,RSSI_dBm,0.07,-0.01,0.80,-5.07,-4.09,-3.72,40.45,-50.24,-45.61,1,0.00,0.00,0,0,0,4.15,0.00,51.0,0,00,1,$
#,050,42,39,29.00,941.00,10.00,Frequency_MHz,RSSI_dBm,-0.03,0.05,0.94,-13.79,-20.02,-12.88,40.39,-50.90,-43.88,1,0.00,0.00,0,0,0,4.15,0.00,49.9,0,00,1,$
#,050,42,40,29.00,941.00,10.00,Frequency_MHz,RSSI_dBm,-0.06,0.07,1.09,-6.77,-11.66,-3.36,39.87,-52.67,-43.44,1,0.00,0.00,0,0,0,4.15,0.00,49.9,0,00,1,$
#,050,42,40,29.00,941.00,10.00,Frequency_MHz,RSSI_dBm,-0.12,0.04,1.31,-3.48,-18.92,-1.71,40.00,-53.33,-42.37,1,0.00,0.00,0,0,0,4.15,0.00,51.6,0,00,1,$
#,050,42,40,29.00,941.00,10.00,Frequency_MHz,RSSI_dBm,-0.07,0.12,2.46,-19.90,44.31,10.86,41.05,-55.03,-43.81,1,0.00,0.00,0,0,0,4.15,0.00,49.9,0,00,1,$
#,050,42,40,29.00,941.00,10.00,Frequency_MHz,RSSI_dBm,-0.43,0.07,1.15,33.33,219.30,-9.40,46.68,-54.75,-50.90,1,0.00,0.00,0,0,0,4.15,0.00,49.9,0,00,1,$
#,050,42,40,29.00,941.00,10.00,Frequency_MHz,RSSI_dBm,-0.09,0.00,-0.78,12.88,73.73,-15.99,54.32,-53.98,-54.33,1,0.00,0.00,0,0,0,4.15,0.00,50.5,0,00,1,$
#,050,42,40,29.00,941.00,10.00,Frequency_MHz,RSSI_dBm,0.19,-0.05,-0.66,6.65,-22.22,23.99,57.92,-53.30,-54.93,1,0.00,0.00,0,0,0,4.15,0.00,49.9,0,00,1,$
#,050,42,40,29.00,941.00,10.00,Frequency_MHz,RSSI_dBm,0.30,-0.10,0.13,-33.08,-29.91,8.18,56.77,-54.19,-54.64,1,0.00,0.00,0,0,0,4.15,0.00,49.9,0,00,1,$
#,050,42,40,29.00,941.00,10.00,Frequency_MHz,RSSI_dBm,0.40,0.14,0.86,-25.39,-12.27,12.70,56.80,-56.52,-55.19,1,0.00,0.00,0,0,0,4.15,0.00,51.6,0,00,1,$
#,050,42,40,29.00,941.00,10.00,Frequency_MHz,RSSI_dBm,0.46,0.16,1.03,26.73,-65.86,8.85,52.99,-55.62,-53.36,1,0.00,0.00,0,0,0,4.15,0.00,49.9,0,00,1,$
#,050,43,40,29.00,941.00,10.00,Frequency_MHz,RSSI_dBm,0.24,0.03,1.10,10.01,-85.63,-8.54,49.71,-54.21,-51.07,1,0.00,0.00,0,0,0,4.15,0.00,51.6,0,00,1,$
#,050,43,41,29.00,941.00,10.00,Frequency_MHz,RSSI_dBm,0.18,-0.02,1.23,-0.85,-61.58,2.69,46.68,-54.38,-48.77,1,0.00,0.00,0,0,0,4.15,0.00,51.6,0,00,1,$
#,050,43,41,29.00,941.00,10.00,Frequency_MHz,RSSI_dBm,0.08,0.04,1.24,-15.81,-41.32,-3.48,46.73,-56.12,-47.27,1,0.00,0.00,0,0,0,4.15,0.00,49.9,0,00,1,$
#,050,43,41,29.00,941.00,10.00,Frequency_MHz,RSSI_dBm,-0.01,0.07,1.21,-12.57,-14.34,-2.38,45.19,-56.91,-46.24,1,0.00,0.00,0,0,0,4.15,0.00,49.9,0,00,1,$
#,050,43,41,29.00,941.00,10.00,Frequency_MHz,RSSI_dBm,-0.04,0.09,1.10,-6.47,-6.16,3.11,44.78,-57.45,-45.56,1,0.00,0.00,0,0,0,4.15,0.00,51.0,0,00,1,$
#,050,43,41,29.00,941.00,10.00,Frequency_MHz,RSSI_dBm,-0.04,0.12,1.01,-2.08,2.44,1.53,45.01,-57.07,-45.58,1,0.00,0.00,0,0,0,4.15,0.00,51.0,0,00,1,$
#,050,43,41,29.00,941.00,10.00,Frequency_MHz,RSSI_dBm,-0.02,0.11,0.91,-1.16,5.43,5.00,45.09,-57.48,-44.48,1,0.00,0.00,0,0,0,4.15,0.00,50.5,0,00,1,$
#,050,43,41,29.00,941.00,10.00,Frequency_MHz,RSSI_dBm,-0.04,0.13,0.90,-8.36,-1.89,0.61,45.41,-58.45,-44.46,1,0.00,0.00,0,0,0,4.15,0.00,49.9,0,00,1,$
#,050,43,41,29.00,941.00,10.00,Frequency_MHz,RSSI_dBm,0.00,0.17,1.05,-4.46,-12.45,2.99,44.85,-59.69,-40.43,1,0.00,0.00,0,0,0,4.15,0.00,51.0,0,00,1,$
#,050,44,41,29.00,941.00,10.00,Frequency_MHz,RSSI_dBm,-0.06,0.30,1.52,-5.07,-4.46,1.16,43.62,-59.75,-41.37,1,0.00,0.00,0,0,0,4.15,0.00,51.0,0,00,1,$
#,050,44,42,29.00,941.00,10.00,Frequency_MHz,RSSI_dBm,0.01,0.41,2.05,45.84,61.89,9.16,45.73,-59.28,-43.79,1,0.00,0.00,0,0,0,4.15,0.00,50.5,0,00,1,$
#,050,44,42,29.00,941.00,10.00,Frequency_MHz,RSSI_dBm,0.31,-0.06,0.63,-7.87,113.89,-18.98,54.48,-53.21,-54.02,1,0.00,0.00,0,0,0,4.15,0.00,51.0,0,00,1,$
#,050,44,42,29.00,941.00,10.00,Frequency_MHz,RSSI_dBm,0.11,-0.03,0.08,1.04,81.91,4.52,62.43,-57.26,-53.47,1,0.00,0.00,0,0,0,4.15,0.00,51.0,0,00,1,$
#,050,44,42,29.00,941.00,10.00,Frequency_MHz,RSSI_dBm,0.34,-0.02,-0.55,1.16,-28.02,-24.41,60.19,-55.92,-52.99,1,0.00,0.00,0,0,0,4.15,0.00,49.9,0,00,1,$
#,050,44,42,29.00,941.00,10.00,Frequency_MHz,RSSI_dBm,0.27,-0.09,0.22,-18.43,-38.76,17.76,59.05,-58.46,-50.90,1,0.00,0.00,0,0,0,4.15,0.00,49.9,0,00,1,$
#,050,44,42,29.00,941.00,10.00,Frequency_MHz,RSSI_dBm,0.49,0.18,0.98,-24.11,-54.99,25.33,59.50,-64.50,-49.37,1,0.00,0.00,0,0,0,4.15,0.00,49.4,0,00,1,$
#,050,44,42,29.00,941.00,10.00,Frequency_MHz,RSSI_dBm,0.37,0.14,0.96,-8.36,-68.91,10.07,56.51,-64.43,-47.62,1,0.00,0.00,0,0,0,4.15,0.00,50.5,0,00,1,$
#,050,44,42,29.00,941.00,10.00,Frequency_MHz,RSSI_dBm,0.36,0.12,0.94,-8.36,-64.45,15.50,52.93,-62.99,-45.46,1,0.00,0.00,0,0,0,4.15,0.00,49.9,0,00,1,$
#,050,45,42,29.00,941.00,10.00,Frequency_MHz,RSSI_dBm,0.32,0.08,1.06,-14.95,-35.95,3.97,51.25,-62.56,-43.81,1,0.00,0.00,0,0,0,4.15,0.00,50.5,0,00,1,$
#,050,45,42,29.00,941.00,10.00,Frequency_MHz,RSSI_dBm,0.18,0.14,1.11,-7.20,-42.72,8.36,49.40,-62.90,-43.20,1,0.00,0.00,0,0,0,4.15,0.00,50.5,0,00,1,$
#,050,45,43,29.00,941.00,10.00,Frequency_MHz,RSSI_dBm,0.15,0.21,1.15,5.68,-17.94,27.40,49.17,-63.59,-40.70,1,0.00,0.00,0,0,0,4.15,0.00,51.0,0,00,1,$
#,050,45,43,29.00,941.00,10.00,Frequency_MHz,RSSI_dBm,0.02,0.09,1.04,23.25,-11.60,40.34,49.06,-60.22,-42.77,1,0.00,0.00,0,0,0,4.15,0.00,51.0,0,00,1,$
#,050,45,43,29.00,941.00,10.00,Frequency_MHz,RSSI_dBm,0.04,0.03,0.93,8.79,3.17,45.84,48.99,-56.62,-43.65,1,0.00,0.00,0,0,0,4.15,0.00,50.5,0,00,1,$
#,050,45,43,29.00,941.00,10.00,Frequency_MHz,RSSI_dBm,0.06,0.07,0.94,-9.52,3.11,22.64,51.60,-53.04,-45.50,1,0.00,0.00,0,0,0,4.15,0.00,52.1,0,00,1,$
#,050,45,43,29.00,941.00,10.00,Frequency_MHz,RSSI_dBm,0.15,0.02,1.43,-19.90,-20.39,21.79,51.66,-52.65,-45.58,1,0.00,0.00,0,0,0,4.15,0.00,50.5,0,00,1,$
#,050,45,43,29.00,941.00,10.00,Frequency_MHz,RSSI_dBm,-0.05,0.19,0.99,13.06,-43.70,15.93,50.72,-52.14,-45.92,1,0.00,0.00,0,0,0,4.15,0.00,50.5,0,00,1,$
#,050,45,43,29.00,941.00,10.00,Frequency_MHz,RSSI_dBm,-0.15,0.18,0.95,-3.60,-18.25,-5.43,49.80,-51.57,-44.75,1,0.00,0.00,0,0,0,4.15,0.00,51.6,0,00,1,$
#,050,46,43,29.00,941.00,10.00,Frequency_MHz,RSSI_dBm,-0.19,0.22,0.96,-12.21,-11.23,-1.65,49.01,-51.35,-45.24,1,0.00,0.00,0,0,0,4.15,0.00,51.6,0,00,1,$
#,050,46,43,29.00,941.00,10.00,Frequency_MHz,RSSI_dBm,-0.21,0.20,0.96,1.71,-12.02,3.97,47.39,-50.38,-42.79,1,0.00,0.00,0,0,0,4.15,0.00,50.5,0,00,1,$
#,050,46,43,29.00,941.00,10.00,Frequency_MHz,RSSI_dBm,-0.21,0.18,0.92,-1.65,-4.52,-0.12,46.90,-50.90,-41.50,1,0.00,0.00,0,0,0,4.15,0.00,51.6,0,00,1,$
#,050,46,44,29.00,941.00,10.00,Frequency_MHz,RSSI_dBm,-0.22,0.21,0.93,-2.50,7.93,5.25,46.26,-49.78,-41.75,1,0.00,0.00,0,0,0,4.15,0.00,53.2,0,00,1,$
#,050,46,44,29.00,941.00,10.00,Frequency_MHz,RSSI_dBm,-0.14,0.22,0.95,1.95,15.26,9.64,47.50,-50.50,-42.74,1,0.00,0.00,0,0,0,4.15,0.00,51.0,0,00,1,$
#,050,46,44,29.00,941.00,10.00,Frequency_MHz,RSSI_dBm,-0.16,0.21,0.96,1.10,-1.71,-3.42,47.84,-50.44,-43.97,1,0.00,0.00,0,0,0,4.15,0.00,50.5,0,00,1,$
#,050,46,44,29.00,941.00,10.00,Frequency_MHz,RSSI_dBm,-0.19,0.21,0.93,3.36,-4.15,-6.29,48.12,-50.48,-43.85,1,0.00,0.00,0,0,0,4.15,0.00,51.0,0,00,1,$
#,050,46,44,29.00,941.00,10.00,Frequency_MHz,RSSI_dBm,-0.15,0.17,0.93,-0.43,-10.01,3.66,47.34,-50.70,-43.91,1,0.00,0.00,0,0,0,4.15,0.00,51.0,0,00,1,$
#,050,46,44,29.00,941.00,10.00,Frequency_MHz,RSSI_dBm,-0.23,0.20,0.92,2.01,-2.44,-2.99,47.62,-50.33,-43.84,1,0.00,0.00,0,0,0,4.15,0.00,52.1,0,00,1,$
#,050,46,44,29.00,941.00,10.00,Frequency_MHz,RSSI_dBm,-0.21,0.17,0.94,0.18,2.44,2.44,47.09,-50.59,-44.24,1,0.00,0.00,0,0,0,4.15,0.00,52.1,0,00,1,$
#,050,47,44,29.00,941.00,10.00,Frequency_MHz,RSSI_dBm,-0.16,0.18,0.94,-0.06,1.65,3.66,46.36,-48.56,-42.82,1,0.00,0.00,0,0,0,4.15,0.00,52.1,0,00,1,$
#,050,47,44,29.00,941.00,10.00,Frequency_MHz,RSSI_dBm,-0.19,0.18,0.94,0.67,-0.31,1.71,46.83,-48.56,-42.66,1,0.00,0.00,0,0,0,4.15,0.00,50.5,0,00,1,$
#,050,47,44,29.00,941.00,10.00,Frequency_MHz,RSSI_dBm,-0.20,0.19,0.94,0.00,0.49,0.67,46.36,-48.63,-42.14,1,0.00,0.00,0,0,0,4.15,0.00,52.1,0,00,1,$
#,050,47,45,29.00,941.00,10.00,Frequency_MHz,RSSI_dBm,-0.20,0.19,0.94,0.67,-1.71,-1.89,46.09,-49.38,-42.21,1,0.00,0.00,0,0,0,4.15,0.00,52.1,0,00,1,$
#,050,47,45,29.00,941.00,10.00,Frequency_MHz,RSSI_dBm,-0.21,0.18,0.93,0.31,0.31,-2.20,47.13,-50.11,-43.68,1,0.00,0.00,0,0,0,4.15,0.00,52.7,0,00,1,$
#,050,47,45,29.00,941.00,10.00,Frequency_MHz,RSSI_dBm,-0.20,0.19,0.94,-0.24,1.53,-2.50,47.24,-50.16,-44.71,1,0.00,0.00,0,0,0,4.15,0.00,51.0,0,00,1,$
#,050,47,45,29.00,941.00,10.00,Frequency_MHz,RSSI_dBm,-0.19,0.19,0.94,-0.18,1.28,-3.91,46.20,-49.82,-43.82,1,0.00,0.00,0,0,0,4.15,0.00,51.6,0,00,1,$
#,050,47,45,29.00,941.00,10.00,Frequency_MHz,RSSI_dBm,-0.19,0.19,0.94,-0.06,-0.12,-0.43,46.94,-50.13,-44.45,1,0.00,0.00,0,0,0,4.15,0.00,51.6,0,00,1,$
#,050,47,45,29.00,941.00,10.00,Frequency_MHz,RSSI_dBm,-0.19,0.19,0.94,0.67,-0.79,0.55,47.12,-50.62,-43.58,1,0.00,0.00,0,0,0,4.15,0.00,50.5,0,00,1,$
#,050,48,45,29.00,941.00,10.00,Frequency_MHz,RSSI_dBm,-0.20,0.19,0.94,0.61,-0.98,0.67,46.77,-50.01,-44.74,1,0.00,0.00,0,0,0,4.15,0.00,52.1,0,00,1,$
#,050,48,45,29.00,941.00,10.00,Frequency_MHz,RSSI_dBm,-0.20,0.20,0.93,0.49,-2.56,0.73,46.73,-49.46,-42.53,1,0.00,0.00,0,0,0,4.15,0.00,52.7,0,00,1,$
#,050,48,45,29.00,941.00,10.00,Frequency_MHz,RSSI_dBm,-0.20,0.19,0.94,0.18,0.18,0.79,46.26,-49.72,-43.14,1,0.00,0.00,0,0,0,4.15,0.00,51.0,0,00,1,$
#,050,48,45,29.00,941.00,10.00,Frequency_MHz,RSSI_dBm,-0.21,0.19,0.94,0.24,0.00,0.37,46.47,-49.46,-42.05,1,0.00,0.00,0,0,0,4.15,0.00,52.7,0,00,1,$
#,050,48,46,29.00,941.00,10.00,Frequency_MHz,RSSI_dBm,-0.20,0.19,0.94,0.00,0.85,0.37,45.41,-49.79,-42.03,1,0.00,0.00,0,0,0,4.15,0.00,50.5,0,00,1,$
#,050,48,46,29.00,941.00,10.00,Frequency_MHz,RSSI_dBm,-0.20,0.19,0.94,0.00,1.71,0.67,46.62,-50.83,-44.03,1,0.00,0.00,0,0,0,4.15,0.00,52.1,0,00,1,$
#,050,48,46,29.00,941.00,10.00,Frequency_MHz,RSSI_dBm,-0.20,0.19,0.94,0.18,0.67,-0.67,46.61,-50.46,-43.90,1,0.00,0.00,0,0,0,4.15,0.00,52.1,0,00,1,$
#,050,48,46,29.00,941.00,10.00,Frequency_MHz,RSSI_dBm,-0.20,0.19,0.94,0.37,-0.73,0.79,46.33,-51.03,-44.09,1,0.00,0.00,0,0,0,4.15,0.00,51.0,0,00,1,$
#,050,48,46,29.00,941.00,10.00,Frequency_MHz,RSSI_dBm,-0.20,0.19,0.94,0.43,0.00,1.04,46.95,-50.56,-44.43,1,0.00,0.00,0,0,0,4.15,0.00,52.1,0,00,1,$
#,050,48,46,29.00,941.00,10.00,Frequency_MHz,RSSI_dBm,-0.20,0.19,0.94,0.12,0.12,0.98,46.88,-50.60,-44.08,1,0.00,0.00,0,0,0,4.15,0.00,51.0,0,00,1,$
#,050,49,46,29.00,941.00,10.00,Frequency_MHz,RSSI_dBm,-0.20,0.19,0.94,0.00,-0.18,0.73,47.06,-50.93,-43.66,1,0.00,0.00,0,0,0,4.15,0.00,52.1,0,00,1,$
#,050,49,46,29.00,941.00,10.00,Frequency_MHz,RSSI_dBm,-0.20,0.19,0.94,0.24,0.24,0.43,46.66,-50.42,-43.32,1,0.00,0.00,0,0,0,4.15,0.00,50.5,0,00,1,$
#,050,49,46,29.00,941.00,10.00,Frequency_MHz,RSSI_dBm,-0.21,0.19,0.97,-0.12,1.16,0.55,46.30,-49.69,-41.60,1,0.00,0.00,0,0,0,4.15,0.00,52.1,0,00,1,$
#,050,49,46,29.00,941.00,10.00,Frequency_MHz,RSSI_dBm,-0.20,0.19,0.94,0.12,0.73,0.00,46.19,-50.24,-41.36,1,0.00,0.00,0,0,0,4.15,0.00,52.1,0,00,1,$
#,050,49,47,29.00,941.00,10.00,Frequency_MHz,RSSI_dBm,-0.20,0.19,0.94,0.18,0.73,0.67,46.08,-49.83,-42.41,1,0.00,0.00,0,0,0,4.15,0.00,52.1,0,00,1,$
#,050,49,47,29.00,941.00,10.00,Frequency_MHz,RSSI_dBm,-0.20,0.19,0.94,0.61,-0.37,0.73,46.62,-50.56,-43.79,1,0.00,0.00,0,0,0,4.15,0.00,52.7,0,00,1,$
#,050,49,47,29.00,941.00,10.00,Frequency_MHz,RSSI_dBm,-0.20,0.19,0.94,0.18,-0.55,0.92,46.40,-50.43,-42.76,1,0.00,0.00,0,0,0,4.15,0.00,51.6,0,00,1,$
#,050,49,47,29.00,941.00,10.00,Frequency_MHz,RSSI_dBm,-0.20,0.19,0.94,0.12,-0.12,0.73,46.35,-50.66,-43.14,1,0.00,0.00,0,0,0,4.15,0.00,52.7,0,00,1,$
#,050,49,47,29.00,941.00,10.00,Frequency_MHz,RSSI_dBm,-0.20,0.18,0.94,0.49,0.24,-0.49,46.26,-50.21,-43.59,1,0.00,0.00,0,0,0,4.15,0.00,51.0,0,00,1,$
#,050,50,47,29.00,941.00,10.00,Frequency_MHz,RSSI_dBm,-0.20,0.19,0.94,0.06,1.16,0.49,45.89,-50.35,-43.85,1,0.00,0.00,0,0,0,4.15,0.00,51.6,0,00,1,$
#,050,50,47,29.00,941.00,10.00,Frequency_MHz,RSSI_dBm,-0.21,0.19,0.94,0.61,1.10,0.92,45.64,-50.73,-42.36,1,0.00,0.00,0,0,0,4.15,0.00,51.0,0,00,1,$
#,050,50,47,29.00,941.00,10.00,Frequency_MHz,RSSI_dBm,-0.20,0.19,0.95,0.79,-1.65,-0.43,45.81,-49.49,-42.36,1,0.00,0.00,0,0,0,4.15,0.00,51.6,0,00,1,$
#,050,50,47,29.00,941.00,10.00,Frequency_MHz,RSSI_dBm,-0.22,0.18,0.93,-1.04,4.76,2.20,46.19,-49.91,-42.02,1,0.00,0.00,0,0,0,4.15,0.00,52.7,0,00,1,$
#,050,50,47,29.00,941.00,10.00,Frequency_MHz,RSSI_dBm,-0.15,0.19,0.96,-4.15,15.62,-4.82,46.52,-49.34,-41.78,1,0.00,0.00,0,0,0,4.15,0.00,52.7,0,00,1,$
#,050,50,48,29.00,941.00,10.00,Frequency_MHz,RSSI_dBm,-0.23,0.26,0.97,13.73,8.97,-10.68,46.35,-50.12,-42.44,1,0.00,0.00,0,0,0,4.15,0.00,51.6,0,00,1,$
#,050,50,48,29.00,941.00,10.00,Frequency_MHz,RSSI_dBm,-0.09,0.16,0.99,36.68,17.94,-13.55,45.87,-51.10,-44.36,1,0.00,0.00,0,0,0,4.15,0.00,51.6,0,00,1,$
#,050,50,48,29.00,941.00,10.00,Frequency_MHz,RSSI_dBm,-0.11,0.04,1.00,47.73,-20.20,1.89,45.18,-50.02,-42.60,1,0.00,0.00,0,0,0,4.15,0.00,52.1,0,00,1,$
#,050,50,48,29.00,941.00,10.00,Frequency_MHz,RSSI_dBm,-0.12,0.01,0.94,33.75,-6.65,-0.18,44.57,-48.23,-39.89,1,0.00,0.00,0,0,0,4.15,0.00,51.6,0,00,1,$
#,050,50,48,29.00,941.00,10.00,Frequency_MHz,RSSI_dBm,-0.18,-0.07,0.99,12.57,1.10,-7.51,45.45,-49.61,-37.76,1,0.00,0.00,0,0,0,4.15,0.00,52.1,0,00,1,$
#,050,51,48,29.00,941.00,10.00,Frequency_MHz,RSSI_dBm,-0.14,-0.10,0.94,15.26,-2.56,-19.29,45.17,-51.62,-36.44,1,0.00,0.00,0,0,0,4.15,0.00,51.0,0,00,1,$
#,050,51,48,29.00,941.00,10.00,Frequency_MHz,RSSI_dBm,-0.19,-0.15,0.94,19.84,-7.69,-10.93,44.59,-51.43,-35.22,1,0.00,0.00,0,0,0,4.15,0.00,52.1,0,00,1,$
#,050,51,48,29.00,941.00,10.00,Frequency_MHz,RSSI_dBm,-0.21,-0.28,0.97,24.78,3.36,5.43,43.37,-49.50,-34.03,1,0.00,0.00,0,0,0,4.15,0.00,51.6,0,00,1,$
#,050,51,48,29.00,941.00,10.00,Frequency_MHz,RSSI_dBm,-0.13,-0.23,0.98,13.49,18.55,10.31,43.55,-46.33,-37.23,1,0.00,0.00,0,0,0,4.15,0.00,52.1,0,00,1,$
#,050,51,48,29.00,941.00,10.00,Frequency_MHz,RSSI_dBm,0.07,-0.32,0.86,17.03,15.81,0.06,42.94,-45.37,-37.16,1,0.00,0.00,0,0,0,4.15,0.00,50.5,0,00,1,$
#,050,51,49,29.00,941.00,10.00,Frequency_MHz,RSSI_dBm,0.01,-0.20,0.95,-32.23,31.19,-25.21,42.05,-44.49,-38.57,1,0.00,0.00,0,0,0,4.15,0.00,51.6,0,00,1,$
#,050,51,49,29.00,941.00,10.00,Frequency_MHz,RSSI_dBm,-0.09,-0.18,0.96,-34.00,3.42,-32.53,41.32,-46.85,-43.26,1,0.00,0.00,0,0,0,4.15,0.00,51.0,0,00,1,$
#,050,51,49,29.00,941.00,10.00,Frequency_MHz,RSSI_dBm,-0.02,-0.14,0.98,-30.21,5.86,-18.13,40.11,-47.86,-43.35,1,0.00,0.00,0,0,0,4.15,0.00,52.7,0,00,1,$
#,050,51,49,29.00,941.00,10.00,Frequency_MHz,RSSI_dBm,-0.09,-0.04,1.01,14.34,-9.22,-3.97,40.69,-49.66,-43.53,1,0.00,0.00,0,0,0,4.15,0.00,51.6,0,00,1,$
#,050,52,49,29.00,941.00,10.00,Frequency_MHz,RSSI_dBm,-0.11,-0.17,0.94,10.93,-10.74,5.19,39.62,-49.01,-42.54,1,0.00,0.00,0,0,0,4.15,0.00,51.0,0,00,1,$
#,050,52,49,29.00,941.00,10.00,Frequency_MHz,RSSI_dBm,-0.12,-0.11,1.02,-1.10,-1.16,7.87,39.34,-49.01,-42.58,1,0.00,0.00,0,0,0,4.15,0.00,51.0,0,00,1,$
#,050,52,49,29.00,941.00,10.00,Frequency_MHz,RSSI_dBm,-0.08,-0.11,0.97,-4.70,-3.66,10.13,39.25,-48.52,-41.76,1,0.00,0.00,0,0,0,4.15,0.00,51.0,0,00,1,$
#,050,52,49,29.00,941.00,10.00,Frequency_MHz,RSSI_dBm,-0.09,-0.07,0.94,-17.21,6.65,-9.52,39.26,-48.33,-41.31,1,0.00,0.00,0,0,0,4.15,0.00,52.1,0,00,1,$
#,050,52,49,29.00,941.00,10.00,Frequency_MHz,RSSI_dBm,-0.04,-0.04,0.96,-23.62,-1.59,-15.93,39.23,-48.14,-42.04,1,0.00,0.00,0,0,0,4.15,0.00,52.1,0,00,1,$
#,050,52,49,29.00,941.00,10.00,Frequency_MHz,RSSI_dBm,-0.15,-0.02,1.04,4.15,-7.51,5.74,38.85,-50.13,-41.54,1,0.00,0.00,0,0,0,4.15,0.00,51.0,0,00,1,$
#,050,52,50,29.00,941.00,10.00,Frequency_MHz,RSSI_dBm,-0.07,-0.11,1.04,23.93,-4.15,36.38,38.54,-48.55,-40.33,1,0.00,0.00,0,0,0,4.15,0.00,52.7,0,00,1,$
#,050,52,50,29.00,941.00,10.00,Frequency_MHz,RSSI_dBm,-0.08,-0.17,0.97,29.36,7.87,43.58,41.08,-48.03,-42.99,1,0.00,0.00,0,0,0,4.15,0.00,52.7,0,00,1,$
#,050,52,50,29.00,941.00,10.00,Frequency_MHz,RSSI_dBm,-0.06,-0.12,0.95,4.21,3.23,25.09,41.93,-45.75,-41.54,1,0.00,0.00,0,0,0,4.15,0.00,51.6,0,00,1,$
#,050,52,50,29.00,941.00,10.00,Frequency_MHz,RSSI_dBm,-0.11,-0.19,0.94,-11.72,12.57,13.49,42.83,-44.35,-42.13,1,0.00,0.00,0,0,0,4.15,0.00,52.1,0,00,1,$
#,050,53,50,29.00,941.00,10.00,Frequency_MHz,RSSI_dBm,-0.05,-0.18,0.95,-2.87,0.06,19.90,43.26,-44.08,-42.49,1,0.00,0.00,0,0,0,4.15,0.00,51.6,0,00,1,$
#,050,53,50,29.00,941.00,10.00,Frequency_MHz,RSSI_dBm,0.12,-0.09,0.90,1.65,2.50,30.03,44.87,-42.82,-43.73,1,0.00,0.00,0,0,0,4.15,0.00,51.0,0,00,1,$
#,050,53,50,29.00,941.00,10.00,Frequency_MHz,RSSI_dBm,0.04,-0.11,0.87,9.58,-14.10,10.74,45.48,-42.36,-43.18,1,0.00,0.00,0,0,0,4.15,0.00,51.0,0,00,1,$
#,050,53,50,29.00,941.00,10.00,Frequency_MHz,RSSI_dBm,-0.05,-0.02,0.93,-7.81,-12.45,-4.46,44.67,-42.20,-42.30,1,0.00,0.00,0,0,0,4.15,0.00,52.7,0,00,1,$
#,050,53,50,29.00,941.00,10.00,Frequency_MHz,RSSI_dBm,-0.22,-0.08,0.91,-11.05,-18.43,-5.00,44.25,-41.77,-40.78,1,0.00,0.00,0,0,0,4.15,0.00,51.6,0,00,1,$
#,050,53,50,29.00,941.00,10.00,Frequency_MHz,RSSI_dBm,-0.21,-0.15,1.13,22.83,-24.72,-4.27,42.81,-42.49,-40.71,1,0.00,0.00,0,0,0,4.15,0.00,51.6,0,00,1,$
#,050,53,51,29.00,941.00,10.00,Frequency_MHz,RSSI_dBm,-0.09,-0.16,0.92,-15.99,7.14,-3.42,42.74,-41.81,-39.11,1,0.00,0.00,0,0,0,4.15,0.00,52.7,0,00,1,$
#,050,53,51,29.00,941.00,10.00,Frequency_MHz,RSSI_dBm,-0.13,-0.06,0.97,-26.06,3.30,-8.54,42.38,-44.12,-41.61,1,0.00,0.00,0,0,0,4.15,0.00,51.6,0,00,1,$
#,050,53,51,29.00,941.00,10.00,Frequency_MHz,RSSI_dBm,-0.26,0.06,0.88,-42.79,18.19,-6.10,41.71,-46.26,-43.97,1,0.00,0.00,0,0,0,4.15,0.00,52.1,0,00,1,$
#,050,53,51,29.00,941.00,10.00,Frequency_MHz,RSSI_dBm,-0.09,0.16,1.04,-54.63,13.00,-11.35,42.20,-47.90,-46.25,1,0.00,0.00,0,0,0,4.15,0.00,51.6,0,00,1,$
#,050,54,51,29.00,941.00,10.00,Frequency_MHz,RSSI_dBm,-0.02,0.18,1.02,-10.01,3.54,1.16,42.32,-48.90,-47.99,1,0.00,0.00,0,0,0,4.15,0.00,52.7,0,00,1,$
#,050,54,51,29.00,941.00,10.00,Frequency_MHz,RSSI_dBm,-0.09,0.21,0.94,-11.60,2.38,6.65,42.47,-49.35,-47.23,1,0.00,0.00,0,0,0,4.15,0.00,51.6,0,00,1,$
#,050,54,51,29.00,941.00,10.00,Frequency_MHz,RSSI_dBm,-0.10,0.24,0.92,-28.99,0.85,3.11,43.07,-50.02,-48.43,1,0.00,0.00,0,0,0,4.15,0.00,51.6,0,00,1,$
#,050,54,51,29.00,941.00,10.00,Frequency_MHz,RSSI_dBm,-0.09,0.40,0.84,-60.49,20.51,-5.86,42.65,-51.42,-47.80,1,0.00,0.00,0,0,0,4.15,0.00,52.1,0,00,1,$
#,050,54,51,29.00,941.00,10.00,Frequency_MHz,RSSI_dBm,-0.05,0.54,0.83,-20.57,-11.47,-29.30,43.08,-53.45,-50.94,1,0.00,0.00,0,0,0,4.15,0.00,51.0,0,00,1,$
#,050,54,51,29.00,941.00,10.00,Frequency_MHz,RSSI_dBm,0.01,0.41,0.88,32.29,5.13,14.04,42.72,-53.03,-49.60,1,0.00,0.00,0,0,0,4.15,0.00,52.7,0,00,1,$
#,050,54,52,29.00,941.00,10.00,Frequency_MHz,RSSI_dBm,0.03,0.34,0.92,33.69,0.24,2.62,43.02,-51.54,-49.65,1,0.00,0.00,0,0,0,4.15,0.00,53.2,0,00,1,$
#,050,54,52,29.00,941.00,10.00,Frequency_MHz,RSSI_dBm,-0.07,0.16,0.97,47.42,-8.85,-33.14,43.36,-49.83,-49.50,1,0.00,0.00,0,0,0,4.15,0.00,53.2,0,00,1,$
#,050,54,52,29.00,941.00,10.00,Frequency_MHz,RSSI_dBm,-0.06,0.13,0.97,-4.52,2.75,14.83,43.32,-49.61,-48.52,1,0.00,0.00,0,0,0,4.15,0.00,51.0,0,00,1,$
#,050,55,52,29.00,941.00,10.00,Frequency_MHz,RSSI_dBm,-0.03,0.08,0.98,3.36,4.15,20.81,43.87,-47.97,-48.68,1,0.00,0.00,0,0,0,4.15,0.00,51.6,0,00,1,$
#,050,55,52,29.00,941.00,10.00,Frequency_MHz,RSSI_dBm,-0.02,0.12,0.96,47.18,1.89,21.48,44.93,-46.55,-47.85,1,0.00,0.00,0,0,0,4.15,0.00,51.6,0,00,1,$
#,050,55,52,29.00,941.00,10.00,Frequency_MHz,RSSI_dBm,0.01,0.15,0.93,35.58,-0.06,9.83,45.42,-44.46,-46.04,1,0.00,0.00,0,0,0,4.15,0.00,52.7,0,00,1,$
#,050,55,52,29.00,941.00,10.00,Frequency_MHz,RSSI_dBm,-0.01,-0.01,0.98,0.18,0.24,-1.40,46.35,-43.63,-45.70,1,0.00,0.00,0,0,0,4.15,0.00,52.1,0,00,1,$
#,050,55,52,29.00,941.00,10.00,Frequency_MHz,RSSI_dBm,-0.03,-0.02,0.98,0.12,0.31,0.55,45.29,-42.99,-45.31,1,0.00,0.00,0,0,0,4.15,0.00,52.7,0,00,1,$
#,050,55,52,29.00,941.00,10.00,Frequency_MHz,RSSI_dBm,-0.02,-0.03,0.98,0.06,0.37,0.49,45.31,-42.09,-43.49,1,0.00,0.00,0,0,0,4.15,0.00,51.6,0,00,1,$
#,050,55,52,29.00,941.00,10.00,Frequency_MHz,RSSI_dBm,-0.02,-0.03,0.98,0.12,0.37,0.49,46.00,-42.19,-43.12,1,0.00,0.00,0,0,0,4.15,0.00,52.1,0,00,1,$
#,050,55,53,29.00,941.00,10.00,Frequency_MHz,RSSI_dBm,-0.02,-0.03,0.98,0.12,0.24,0.49,45.39,-42.05,-43.40,1,0.00,0.00,0,0,0,4.15,0.00,52.7,0,00,1,$
#,050,55,53,29.00,941.00,10.00,Frequency_MHz,RSSI_dBm,-0.02,-0.03,0.98,0.31,0.37,0.61,45.96,-42.93,-44.53,1,0.00,0.00,0,0,0,4.15,0.00,51.6,0,00,1,$
#,050,55,53,29.00,941.00,10.00,Frequency_MHz,RSSI_dBm,-0.02,-0.03,0.98,0.12,0.43,0.55,46.04,-43.31,-44.48,1,0.00,0.00,0,0,0,4.15,0.00,51.6,0,00,1,$
#,050,56,53,29.00,941.00,10.00,Frequency_MHz,RSSI_dBm,-0.02,-0.03,0.98,0.12,0.31,0.55,45.95,-42.88,-45.75,1,0.00,0.00,0,0,0,4.15,0.00,52.1,0,00,1,$
#,050,56,53,29.00,941.00,10.00,Frequency_MHz,RSSI_dBm,-0.02,-0.03,0.98,0.18,0.37,0.55,46.07,-43.31,-45.97,1,0.00,0.00,0,0,0,4.15,0.00,53.2,0,00,1,$
#,050,56,53,29.00,941.00,10.00,Frequency_MHz,RSSI_dBm,-0.02,-0.03,0.98,0.85,1.10,0.67,45.45,-42.77,-44.64,1,0.00,0.00,0,0,0,4.15,0.00,52.7,0,00,1,$
#,050,56,53,29.00,941.00,10.00,Frequency_MHz,RSSI_dBm,-0.03,-0.02,0.98,2.69,3.78,0.55,46.12,-42.91,-45.57,1,0.00,0.00,0,0,0,4.15,0.00,52.1,0,00,1,$
#,050,56,53,29.00,941.00,10.00,Frequency_MHz,RSSI_dBm,-0.01,-0.03,0.98,1.95,2.99,0.67,46.39,-43.23,-45.01,1,0.00,0.00,0,0,0,4.15,0.00,52.1,0,00,1,$
#,050,56,53,29.00,941.00,10.00,Frequency_MHz,RSSI_dBm,0.00,-0.05,0.98,2.20,3.11,0.61,45.20,-41.75,-43.04,1,0.00,0.00,0,0,0,4.15,0.00,53.8,0,00,1,$
#,050,56,53,29.00,941.00,10.00,Frequency_MHz,RSSI_dBm,0.00,-0.04,0.98,2.26,3.05,0.67,45.43,-41.94,-42.77,1,0.00,0.00,0,0,0,4.15,0.00,53.2,0,00,1,$
#,050,56,54,29.00,941.00,10.00,Frequency_MHz,RSSI_dBm,-0.01,-0.04,0.98,1.34,1.89,0.55,45.79,-41.80,-43.24,1,0.00,0.00,0,0,0,4.15,0.00,52.7,0,00,1,$
#,050,56,54,29.00,941.00,10.00,Frequency_MHz,RSSI_dBm,-0.01,-0.04,0.98,-0.92,-1.16,0.61,46.44,-43.21,-45.56,1,0.00,0.00,0,0,0,4.15,0.00,51.6,0,00,1,$
#,050,57,54,29.00,941.00,10.00,Frequency_MHz,RSSI_dBm,0.00,-0.05,0.98,-0.06,0.24,0.61,46.17,-42.93,-44.20,1,0.00,0.00,0,0,0,4.15,0.00,52.1,0,00,1,$
#,050,57,54,29.00,941.00,10.00,Frequency_MHz,RSSI_dBm,-0.00,-0.04,0.98,0.24,0.18,0.61,45.72,-42.79,-44.97,1,0.00,0.00,0,0,0,4.15,0.00,53.2,0,00,1,$
#,050,57,54,29.00,941.00,10.00,Frequency_MHz,RSSI_dBm,0.00,-0.04,0.98,0.06,0.31,0.67,45.87,-43.32,-45.46,1,0.00,0.00,0,0,0,4.15,0.00,53.2,0,00,1,$
#,050,57,54,29.00,941.00,10.00,Frequency_MHz,RSSI_dBm,-0.00,-0.04,0.98,0.12,0.06,0.73,45.90,-43.49,-46.13,1,0.00,0.00,0,0,0,4.15,0.00,52.7,0,00,1,$
#,050,57,54,29.00,941.00,10.00,Frequency_MHz,RSSI_dBm,-0.00,-0.04,0.98,0.12,0.37,0.61,46.28,-43.04,-44.65,1,0.00,0.00,0,0,0,4.15,0.00,52.7,0,00,1,$
#,050,57,54,29.00,941.00,10.00,Frequency_MHz,RSSI_dBm,0.00,-0.04,0.98,0.24,0.31,0.61,45.40,-41.87,-42.75,1,0.00,0.00,0,0,0,4.15,0.00,53.2,0,00,1,$
#,050,57,54,29.00,941.00,10.00,Frequency_MHz,RSSI_dBm,-0.00,-0.04,0.98,0.24,0.37,0.73,45.72,-42.35,-43.68,1,0.00,0.00,0,0,0,4.15,0.00,52.7,0,00,1,$
#,050,57,54,29.00,941.00,10.00,Frequency_MHz,RSSI_dBm,0.00,-0.05,0.98,0.31,0.49,0.67,45.31,-42.25,-43.57,1,0.00,0.00,0,0,0,4.15,0.00,51.6,0,00,1,$
#,050,57,55,29.00,941.00,10.00,Frequency_MHz,RSSI_dBm,-0.00,-0.04,0.98,0.18,0.12,0.61,45.32,-41.94,-44.82,1,0.00,0.00,0,0,0,4.15,0.00,52.1,0,00,1,$
#,050,57,55,29.00,941.00,10.00,Frequency_MHz,RSSI_dBm,0.00,-0.04,0.98,0.24,0.37,0.67,45.96,-42.10,-42.90,1,0.00,0.00,0,0,0,4.15,0.00,51.6,0,00,1,$
#,050,58,55,29.00,941.00,10.00,Frequency_MHz,RSSI_dBm,-0.00,-0.04,0.98,0.12,0.31,0.61,46.22,-42.38,-44.37,1,0.00,0.00,0,0,0,4.15,0.00,52.7,0,00,1,$
#,050,58,55,29.00,941.00,10.00,Frequency_MHz,RSSI_dBm,0.00,-0.04,0.98,0.12,0.18,0.49,46.00,-42.88,-46.06,1,0.00,0.00,0,0,0,4.15,0.00,51.6,0,00,1,$
#,050,58,55,29.00,941.00,10.00,Frequency_MHz,RSSI_dBm,-0.00,-0.04,0.98,0.31,0.31,0.61,46.45,-42.76,-44.78,1,0.00,0.00,0,0,0,4.15,0.00,52.7,0,00,1,$
#,050,58,55,29.00,941.00,10.00,Frequency_MHz,RSSI_dBm,0.00,-0.04,0.98,0.06,0.37,0.43,45.86,-42.99,-44.70,1,0.00,0.00,0,0,0,4.15,0.00,51.6,0,00,1,$
#,050,58,55,29.00,941.00,10.00,Frequency_MHz,RSSI_dBm,0.00,-0.04,0.98,0.24,0.31,0.55,46.52,-42.57,-44.62,1,0.00,0.00,0,0,0,4.15,0.00,52.7,0,00,1,$
#,050,58,55,29.00,941.00,10.00,Frequency_MHz,RSSI_dBm,-0.00,-0.04,0.98,0.06,0.24,0.61,45.32,-41.75,-43.30,1,0.00,0.00,0,0,0,4.15,0.00,52.1,0,00,1,$
#,050,58,55,29.00,941.00,10.00,Frequency_MHz,RSSI_dBm,0.00,-0.05,0.98,0.24,0.49,0.67,45.45,-42.16,-42.52,1,0.00,0.00,0,0,0,4.15,0.00,52.7,0,00,1,$
#,050,58,55,29.00,941.00,10.00,Frequency_MHz,RSSI_dBm,-0.00,-0.04,0.98,0.00,0.18,0.49,45.91,-41.80,-43.66,1,0.00,0.00,0,0,0,4.15,0.00,52.1,0,00,1,$
#,050,58,56,29.00,941.00,10.00,Frequency_MHz,RSSI_dBm,-0.00,-0.04,0.98,0.24,0.43,0.49,45.35,-41.82,-43.15,1,0.00,0.00,0,0,0,4.15,0.00,51.6,0,00,1,$
#,050,59,56,29.00,941.00,10.00,Frequency_MHz,RSSI_dBm,0.00,-0.05,0.98,0.12,0.43,0.67,46.11,-42.98,-45.41,1,0.00,0.00,0,0,0,4.15,0.00,53.2,0,00,1,$
#,050,59,56,29.00,941.00,10.00,Frequency_MHz,RSSI_dBm,-0.00,-0.05,0.98,0.18,0.31,0.73,46.57,-42.98,-44.85,1,0.00,0.00,0,0,0,4.15,0.00,52.1,0,00,1,$
#,050,59,56,29.00,941.00,10.00,Frequency_MHz,RSSI_dBm,0.00,-0.04,0.98,0.31,0.24,0.67,46.41,-42.99,-43.84,1,0.00,0.00,0,0,0,4.15,0.00,52.7,0,00,1,$
#,050,59,56,29.00,941.00,10.00,Frequency_MHz,RSSI_dBm,0.00,-0.05,0.98,0.06,0.37,0.73,46.64,-43.07,-44.95,1,0.00,0.00,0,0,0,4.15,0.00,50.5,0,00,1,$
#,050,59,56,29.00,941.00,10.00,Frequency_MHz,RSSI_dBm,0.00,-0.04,0.98,0.24,0.43,0.67,45.86,-42.88,-44.13,1,0.00,0.00,0,0,0,4.15,0.00,51.6,0,00,1,$
#,050,59,56,29.00,941.00,10.00,Frequency_MHz,RSSI_dBm,0.00,-0.04,0.99,0.37,0.49,0.43,47.40,-43.18,-45.83,1,0.00,0.00,0,0,0,4.15,0.00,53.2,0,00,1,$
#,050,59,56,29.00,941.00,10.00,Frequency_MHz,RSSI_dBm,0.00,-0.05,0.98,0.12,0.06,0.49,47.72,-42.27,-42.10,1,0.00,0.00,0,0,0,4.15,0.00,53.2,0,00,1,$
#,050,59,56,29.00,941.00,10.00,Frequency_MHz,RSSI_dBm,0.00,-0.04,0.98,0.18,0.24,0.61,46.25,-42.07,-43.65,1,0.00,0.00,0,0,0,4.15,0.00,52.1,0,00,1,$
#,050,59,56,29.00,941.00,10.00,Frequency_MHz,RSSI_dBm,-0.00,-0.04,0.98,0.24,0.18,0.61,45.85,-42.61,-43.31,1,0.00,0.00,0,0,0,4.15,0.00,52.7,0,00,1,$
#,050,59,57,29.00,941.00,10.00,Frequency_MHz,RSSI_dBm,-0.00,-0.04,0.98,0.06,0.31,0.73,45.59,-41.96,-41.94,1,0.00,0.00,0,0,0,4.15,0.00,53.2,0,00,1,$
#,050,60,57,29.00,941.00,10.00,Frequency_MHz,RSSI_dBm,0.00,-0.04,0.98,0.12,0.24,0.73,46.23,-43.10,-44.58,1,0.00,0.00,0,0,0,4.15,0.00,52.1,0,00,1,$
#,050,60,57,29.00,941.00,10.00,Frequency_MHz,RSSI_dBm,-0.00,-0.04,0.98,0.24,0.55,0.55,46.61,-42.85,-45.61,1,0.00,0.00,0,0,0,4.15,0.00,52.7,0,00,1,$
#,050,60,57,29.00,941.00,10.00,Frequency_MHz,RSSI_dBm,0.00,-0.04,0.98,0.18,0.31,0.61,46.22,-42.76,-44.45,1,0.00,0.00,0,0,0,4.15,0.00,53.2,0,00,1,$
#,050,60,57,29.00,941.00,10.00,Frequency_MHz,RSSI_dBm,0.00,-0.04,0.98,0.18,0.24,0.61,46.39,-43.05,-45.08,1,0.00,0.00,0,0,0,4.15,0.00,52.7,0,00,1,$
#,050,60,57,29.00,941.00,10.00,Frequency_MHz,RSSI_dBm,-0.00,-0.05,0.98,0.12,0.37,0.73,46.20,-43.14,-43.71,1,0.00,0.00,0,0,0,4.15,0.00,52.1,0,00,1,$
#,050,60,57,29.00,941.00,10.00,Frequency_MHz,RSSI_dBm,0.00,-0.04,0.98,0.31,0.37,0.79,45.78,-43.01,-43.66,1,0.00,0.00,0,0,0,4.15,0.00,52.7,0,00,1,$
#,050,60,57,29.00,941.00,10.00,Frequency_MHz,RSSI_dBm,0.00,-0.04,0.98,0.18,0.37,0.67,45.85,-42.94,-45.08,1,0.00,0.00,0,0,0,4.15,0.00,53.8,0,00,1,$
#,050,60,57,29.00,941.00,10.00,Frequency_MHz,RSSI_dBm,-0.00,-0.05,0.98,0.24,0.43,0.49,45.64,-42.08,-44.15,1,0.00,0.00,0,0,0,4.15,0.00,52.1,0,00,1,$
#,050,60,57,29.00,941.00,10.00,Frequency_MHz,RSSI_dBm,0.00,-0.04,0.98,0.24,0.37,0.67,45.92,-42.10,-43.49,1,0.00,0.00,0,0,0,4.15,0.00,53.8,0,00,1,$
#,050,61,58,29.00,941.00,10.00,Frequency_MHz,RSSI_dBm,0.00,-0.04,0.98,0.18,0.37,0.61,45.69,-42.11,-43.01,1,0.00,0.00,0,0,0,4.15,0.00,52.7,0,00,1,$
#,050,61,58,29.00,941.00,10.00,Frequency_MHz,RSSI_dBm,0.00,-0.05,0.98,0.24,0.55,0.61,46.07,-42.90,-44.56,1,0.00,0.00,0,0,0,4.15,0.00,53.8,0,00,1,$
#,050,61,58,29.00,941.00,10.00,Frequency_MHz,RSSI_dBm,0.00,-0.04,0.98,0.12,0.55,0.61,46.25,-43.04,-45.09,1,0.00,0.00,0,0,0,4.15,0.00,52.7,0,00,1,$
#,050,61,58,29.00,941.00,10.00,Frequency_MHz,RSSI_dBm,0.00,-0.05,0.98,0.31,0.43,0.61,46.56,-43.47,-44.15,1,0.00,0.00,0,0,0,4.15,0.00,51.6,0,00,1,$
#,050,61,58,29.00,941.00,10.00,Frequency_MHz,RSSI_dBm,0.00,-0.04,0.98,0.06,0.31,0.49,46.30,-43.21,-43.57,1,0.00,0.00,0,0,0,4.15,0.00,53.2,0,00,1,$
#,050,61,58,29.00,941.00,10.00,Frequency_MHz,RSSI_dBm,0.00,-0.05,0.98,0.12,0.24,0.43,46.11,-43.43,-44.21,1,0.00,0.00,0,0,0,4.15,0.00,51.6,0,00,1,$
#,050,61,58,29.00,941.00,10.00,Frequency_MHz,RSSI_dBm,0.00,-0.04,0.97,0.24,0.37,0.55,46.34,-42.90,-44.75,1,0.00,0.00,0,0,0,4.15,0.00,52.7,0,00,1,$
#,050,61,58,29.00,941.00,10.00,Frequency_MHz,RSSI_dBm,0.00,-0.04,0.98,0.06,0.00,0.61,45.95,-42.11,-43.25,1,0.00,0.00,0,0,0,4.15,0.00,54.3,0,00,1,$
#,050,61,58,29.00,941.00,10.00,Frequency_MHz,RSSI_dBm,0.00,-0.05,0.98,0.61,0.79,0.67,45.56,-42.22,-43.02,1,0.00,0.00,0,0,0,4.15,0.00,53.2,0,00,1,$
#,050,61,58,29.00,941.00,10.00,Frequency_MHz,RSSI_dBm,0.00,-0.05,0.97,0.18,0.49,0.79,45.62,-42.47,-43.13,1,0.00,0.00,0,0,0,4.15,0.00,52.1,0,00,1,$
#,050,62,59,29.00,941.00,10.00,Frequency_MHz,RSSI_dBm,-0.00,-0.04,0.98,0.12,0.18,0.73,45.83,-42.05,-43.19,1,0.00,0.00,0,0,0,4.15,0.00,52.7,0,00,1,$
#,050,62,59,29.00,941.00,10.00,Frequency_MHz,RSSI_dBm,0.00,-0.04,0.98,0.31,0.49,0.73,46.74,-43.30,-44.29,1,0.00,0.00,0,0,0,4.15,0.00,52.1,0,00,1,$
#,050,62,59,29.00,941.00,10.00,Frequency_MHz,RSSI_dBm,0.00,-0.05,0.98,0.12,0.31,0.55,46.70,-43.29,-44.30,1,0.00,0.00,0,0,0,4.15,0.00,52.1,0,00,1,$
#,050,62,59,29.00,941.00,10.00,Frequency_MHz,RSSI_dBm,0.00,-0.04,0.98,0.24,0.43,0.49,46.66,-42.98,-44.17,1,0.00,0.00,0,0,0,4.15,0.00,52.1,0,00,1,$
#,050,62,59,29.00,941.00,10.00,Frequency_MHz,RSSI_dBm,-0.00,-0.04,0.98,0.31,0.31,0.49,46.09,-43.01,-44.30,1,0.00,0.00,0,0,0,4.15,0.00,53.2,0,00,1,$
#,050,62,59,29.00,941.00,10.00,Frequency_MHz,RSSI_dBm,0.00,-0.05,0.98,0.67,0.67,0.67,46.31,-43.18,-44.76,1,0.00,0.00,0,0,0,4.15,0.00,52.1,0,00,1,$
#,050,62,59,29.00,941.00,10.00,Frequency_MHz,RSSI_dBm,0.00,-0.05,0.98,0.12,0.49,0.61,46.40,-42.90,-45.59,1,0.00,0.00,0,0,0,4.15,0.00,52.1,0,00,1,$
#,050,62,59,29.00,941.00,10.00,Frequency_MHz,RSSI_dBm,-0.00,-0.04,0.98,0.06,0.24,0.61,45.72,-41.94,-43.26,1,0.00,0.00,0,0,0,4.15,0.00,53.2,0,00,1,$
#,050,62,59,29.00,941.00,10.00,Frequency_MHz,RSSI_dBm,0.00,-0.04,0.98,0.37,0.31,0.67,45.53,-42.48,-42.46,1,0.00,0.00,0,0,0,4.15,0.00,53.2,0,00,1,$
#,050,63,59,29.00,941.00,10.00,Frequency_MHz,RSSI_dBm,0.00,-0.05,0.98,0.18,0.37,0.61,45.80,-41.70,-43.14,1,0.00,0.00,0,0,0,4.15,0.00,52.7,0,00,1,$
#,050,63,60,29.00,941.00,10.00,Frequency_MHz,RSSI_dBm,0.00,-0.04,0.98,0.12,0.31,0.55,45.43,-42.05,-43.31,1,0.00,0.00,0,0,0,4.15,0.00,52.7,0,00,1,$
#,050,63,60,29.00,941.00,10.00,Frequency_MHz,RSSI_dBm,-0.00,-0.04,0.98,0.18,0.31,0.61,45.90,-42.52,-45.07,1,0.00,0.00,0,0,0,4.15,0.00,52.1,0,00,1,$
#,050,63,60,29.00,941.00,10.00,Frequency_MHz,RSSI_dBm,-0.00,-0.04,0.98,0.31,0.37,0.79,46.07,-42.94,-44.45,1,0.00,0.00,0,0,0,4.15,0.00,52.1,0,00,1,$
#,050,63,60,29.00,941.00,10.00,Frequency_MHz,RSSI_dBm,0.00,-0.05,0.98,0.00,0.06,0.61,46.13,-42.58,-44.08,1,0.00,0.00,0,0,0,4.15,0.00,52.7,0,00,1,$
#,050,63,60,29.00,941.00,10.00,Frequency_MHz,RSSI_dBm,0.00,-0.04,0.98,0.06,0.18,0.49,46.28,-43.31,-44.31,1,0.00,0.00,0,0,0,4.15,0.00,52.1,0,00,1,$
#,050,63,60,29.00,941.00,10.00,Frequency_MHz,RSSI_dBm,0.00,-0.04,0.98,0.18,0.24,0.61,45.79,-43.27,-44.51,1,0.00,0.00,0,0,0,4.15,0.00,52.1,0,00,1,$
#,050,63,60,29.00,941.00,10.00,Frequency_MHz,RSSI_dBm,-0.00,-0.05,0.98,0.18,0.00,0.67,45.86,-43.04,-45.17,1,0.00,0.00,0,0,0,4.15,0.00,53.2,0,00,1,$
#,050,63,60,29.00,941.00,10.00,Frequency_MHz,RSSI_dBm,0.00,-0.04,0.98,0.31,0.37,0.67,46.40,-42.99,-43.80,1,0.00,0.00,0,0,0,4.15,0.00,51.6,0,00,1,$
#,050,63,60,29.00,941.00,10.00,Frequency_MHz,RSSI_dBm,0.00,-0.05,0.98,0.37,0.49,0.67,45.48,-41.47,-43.16,1,0.00,0.00,0,0,0,4.15,0.00,53.2,0,00,1,$
#,050,64,60,29.00,941.00,10.00,Frequency_MHz,RSSI_dBm,0.00,-0.04,0.98,0.24,0.43,0.61,45.98,-41.91,-43.25,1,0.00,0.00,0,0,0,4.15,0.00,53.2,0,00,1,$
#,050,64,61,29.00,941.00,10.00,Frequency_MHz,RSSI_dBm,-0.00,-0.05,0.98,0.37,0.43,0.67,45.95,-42.13,-43.21,1,0.00,0.00,0,0,0,4.15,0.00,53.2,0,00,1,$
#,050,64,61,29.00,941.00,10.00,Frequency_MHz,RSSI_dBm,0.00,-0.04,0.98,0.00,0.18,0.61,46.55,-42.90,-44.68,1,0.00,0.00,0,0,0,4.15,0.00,52.7,0,00,1,$
#,050,64,61,29.00,941.00,10.00,Frequency_MHz,RSSI_dBm,-0.00,-0.05,0.98,0.18,0.24,0.67,45.98,-42.94,-44.07,1,0.00,0.00,0,0,0,4.15,0.00,52.1,0,00,1,$
#,050,64,61,29.00,941.00,10.00,Frequency_MHz,RSSI_dBm,0.00,-0.04,0.98,0.12,0.18,0.67,46.24,-43.12,-44.51,1,0.00,0.00,0,0,0,4.15,0.00,52.1,0,00,1,$
#,050,64,61,29.00,941.00,10.00,Frequency_MHz,RSSI_dBm,0.00,-0.04,0.98,0.06,0.37,0.73,45.74,-42.80,-44.64,1,0.00,0.00,0,0,0,4.15,0.00,51.6,0,00,1,$
#,050,64,61,29.00,941.00,10.00,Frequency_MHz,RSSI_dBm,0.00,-0.05,0.98,0.31,0.49,0.79,45.81,-43.10,-45.39,1,0.00,0.00,0,0,0,4.15,0.00,53.2,0,00,1,$
#,050,64,61,29.00,941.00,10.00,Frequency_MHz,RSSI_dBm,0.00,-0.04,0.98,0.18,0.37,0.61,46.57,-42.86,-45.96,1,0.00,0.00,0,0,0,4.15,0.00,52.7,0,00,1,$
#,050,64,61,29.00,941.00,10.00,Frequency_MHz,RSSI_dBm,0.00,-0.05,0.98,0.24,0.18,0.55,45.57,-41.94,-42.99,1,0.00,0.00,0,0,0,4.15,0.00,51.6,0,00,1,$
#,050,64,61,29.00,941.00,10.00,Frequency_MHz,RSSI_dBm,0.00,-0.04,0.98,0.18,0.24,0.55,45.26,-42.22,-43.86,1,0.00,0.00,0,0,0,4.15,0.00,53.2,0,00,1,$
#,050,65,62,29.00,941.00,10.00,Frequency_MHz,RSSI_dBm,0.00,-0.04,0.98,0.18,0.37,0.61,45.19,-42.22,-43.84,1,0.00,0.00,0,0,0,4.15,0.00,53.2,0,00,1,$
#,050,65,62,29.00,941.00,10.00,Frequency_MHz,RSSI_dBm,0.00,-0.05,0.98,0.18,0.37,0.43,46.11,-42.76,-45.19,1,0.00,0.00,0,0,0,4.15,0.00,52.1,0,00,1,$
#,050,65,62,29.00,941.00,10.00,Frequency_MHz,RSSI_dBm,0.00,-0.04,0.98,0.18,0.31,0.61,45.86,-42.85,-45.31,1,0.00,0.00,0,0,0,4.15,0.00,52.7,0,00,1,$
#,050,65,62,29.00,941.00,10.00,Frequency_MHz,RSSI_dBm,0.03,-0.04,0.98,0.18,0.31,0.55,46.08,-43.18,-45.31,1,0.00,0.00,0,0,0,4.15,0.00,53.2,0,00,1,$
#,050,65,62,29.00,941.00,10.00,Frequency_MHz,RSSI_dBm,0.00,-0.04,0.98,-0.12,0.18,0.55,46.14,-42.76,-45.50,1,0.00,0.00,0,0,0,4.15,0.00,52.7,0,00,1,$
#,050,65,62,29.00,941.00,10.00,Frequency_MHz,RSSI_dBm,0.00,-0.05,0.98,0.31,0.49,0.61,45.59,-43.14,-44.69,1,0.00,0.00,0,0,0,4.15,0.00,51.0,0,00,1,$
#,050,65,62,29.00,941.00,10.00,Frequency_MHz,RSSI_dBm,0.00,-0.05,0.98,0.43,0.49,0.67,45.87,-42.57,-45.52,1,0.00,0.00,0,0,0,4.15,0.00,52.7,0,00,1,$
#,050,65,62,29.00,941.00,10.00,Frequency_MHz,RSSI_dBm,0.00,-0.05,0.98,0.24,0.24,0.55,45.14,-42.13,-43.80,1,0.00,0.00,0,0,0,4.15,0.00,52.7,0,00,1,$
#,050,66,62,29.00,941.00,10.00,Frequency_MHz,RSSI_dBm,-0.00,-0.04,0.98,0.12,0.24,0.67,45.73,-42.25,-44.47,1,0.00,0.00,0,0,0,4.15,0.00,52.7,0,00,1,$
#,050,66,62,29.00,941.00,10.00,Frequency_MHz,RSSI_dBm,0.00,-0.05,0.98,0.24,0.43,0.61,45.97,-41.85,-43.75,1,0.00,0.00,0,0,0,4.15,0.00,51.6,0,00,1,$
#,050,66,63,29.00,941.00,10.00,Frequency_MHz,RSSI_dBm,0.00,-0.05,0.98,0.06,0.37,0.61,45.53,-41.92,-44.12,1,0.00,0.00,0,0,0,4.15,0.00,53.2,0,00,1,$
#,050,66,63,29.00,941.00,10.00,Frequency_MHz,RSSI_dBm,0.00,-0.04,0.99,0.31,0.31,0.61,45.45,-42.94,-44.69,1,0.00,0.00,0,0,0,4.15,0.00,51.6,0,00,1,$
#,050,66,63,29.00,941.00,10.00,Frequency_MHz,RSSI_dBm,0.00,-0.04,0.99,0.18,0.49,0.61,46.19,-43.03,-45.36,1,0.00,0.00,0,0,0,4.15,0.00,52.1,0,00,1,$
#,050,66,63,29.00,941.00,10.00,Frequency_MHz,RSSI_dBm,0.00,-0.04,0.98,0.18,0.31,0.61,45.58,-42.99,-44.81,1,0.00,0.00,0,0,0,4.15,0.00,52.1,0,00,1,$
#,050,66,63,29.00,941.00,10.00,Frequency_MHz,RSSI_dBm,-0.00,-0.04,0.98,0.00,0.31,0.67,46.47,-43.03,-44.92,1,0.00,0.00,0,0,0,4.15,0.00,53.2,0,00,1,$
#,050,66,63,29.00,941.00,10.00,Frequency_MHz,RSSI_dBm,0.00,-0.04,0.98,0.24,0.49,0.55,46.78,-42.70,-44.89,1,0.00,0.00,0,0,0,4.15,0.00,52.7,0,00,1,$
#,050,66,63,29.00,941.00,10.00,Frequency_MHz,RSSI_dBm,0.00,-0.05,0.98,0.18,0.43,0.73,45.92,-43.44,-46.01,1,0.00,0.00,0,0,0,4.15,0.00,52.1,0,00,1,$
#,050,66,63,29.00,941.00,10.00,Frequency_MHz,RSSI_dBm,0.00,-0.04,0.98,0.12,0.37,0.61,46.33,-43.32,-46.29,1,0.00,0.00,0,0,0,4.15,0.00,53.2,0,00,1,$
#,050,67,63,29.00,941.00,10.00,Frequency_MHz,RSSI_dBm,0.00,-0.05,0.98,0.37,0.55,0.61,45.94,-42.09,-43.71,1,0.00,0.00,0,0,0,4.15,0.00,52.7,0,00,1,$
#,050,67,63,29.00,941.00,10.00,Frequency_MHz,RSSI_dBm,0.00,-0.05,0.98,0.12,0.43,0.55,45.74,-42.80,-43.52,1,0.00,0.00,0,0,0,4.15,0.00,52.1,0,00,1,$
#,050,67,64,29.00,941.00,10.00,Frequency_MHz,RSSI_dBm,0.00,-0.05,0.98,0.00,0.18,0.61,45.23,-42.36,-44.08,1,0.00,0.00,0,0,0,4.15,0.00,52.7,0,00,1,$
#,050,67,64,29.00,941.00,10.00,Frequency_MHz,RSSI_dBm,0.00,-0.04,0.98,0.24,0.43,0.67,46.23,-42.91,-44.14,1,0.00,0.00,0,0,0,4.15,0.00,52.1,0,00,1,$
#,050,67,64,29.00,941.00,10.00,Frequency_MHz,RSSI_dBm,0.00,-0.05,0.98,0.18,0.37,0.49,45.79,-43.32,-45.14,1,0.00,0.00,0,0,0,4.15,0.00,52.7,0,00,1,$
#,050,67,64,29.00,941.00,10.00,Frequency_MHz,RSSI_dBm,0.00,-0.04,0.98,0.18,0.24,0.55,46.41,-42.99,-45.21,1,0.00,0.00,0,0,0,4.15,0.00,53.2,0,00,1,$
#,050,67,64,29.00,941.00,10.00,Frequency_MHz,RSSI_dBm,0.00,-0.05,0.98,0.24,0.37,0.49,46.15,-42.59,-45.34,1,0.00,0.00,0,0,0,4.15,0.00,51.6,0,00,1,$
#,050,67,64,29.00,941.00,10.00,Frequency_MHz,RSSI_dBm,0.00,-0.05,0.98,0.24,0.49,0.61,46.01,-43.23,-45.90,1,0.00,0.00,0,0,0,4.15,0.00,53.2,0,00,1,$
#,050,67,64,29.00,941.00,10.00,Frequency_MHz,RSSI_dBm,0.00,-0.05,0.98,0.18,0.43,0.67,46.68,-43.36,-45.43,1,0.00,0.00,0,0,0,4.15,0.00,53.2,0,00,1,$
#,050,68,64,29.00,941.00,10.00,Frequency_MHz,RSSI_dBm,0.00,-0.05,0.98,0.18,0.31,0.73,45.89,-41.92,-44.42,1,0.00,0.00,0,0,0,4.15,0.00,52.1,0,00,1,$
#,050,68,64,29.00,941.00,10.00,Frequency_MHz,RSSI_dBm,0.00,-0.05,0.98,0.31,0.37,0.73,45.42,-42.14,-44.31,1,0.00,0.00,0,0,0,4.15,0.00,52.7,0,00,1,$
#,050,68,64,29.00,941.00,10.00,Frequency_MHz,RSSI_dBm,0.00,-0.04,0.98,0.18,0.43,0.61,45.79,-42.52,-43.85,1,0.00,0.00,0,0,0,4.15,0.00,52.1,0,00,1,$
#,050,68,65,29.00,941.00,10.00,Frequency_MHz,RSSI_dBm,0.00,-0.04,0.98,0.24,0.49,0.73,46.01,-42.33,-44.10,1,0.00,0.00,0,0,0,4.15,0.00,53.8,0,00,1,$
#,050,68,65,29.00,941.00,10.00,Frequency_MHz,RSSI_dBm,0.00,-0.05,0.98,0.24,0.24,0.73,47.11,-43.53,-46.14,1,0.00,0.00,0,0,0,4.15,0.00,51.6,0,00,1,$
#,050,68,65,29.00,941.00,10.00,Frequency_MHz,RSSI_dBm,0.00,-0.04,0.98,0.24,0.37,0.73,45.96,-43.05,-44.78,1,0.00,0.00,0,0,0,4.15,0.00,53.2,0,00,1,$
#,050,68,65,29.00,941.00,10.00,Frequency_MHz,RSSI_dBm,0.00,-0.04,0.98,0.31,0.37,0.49,46.24,-43.42,-45.32,1,0.00,0.00,0,0,0,4.15,0.00,53.2,0,00,1,$
#,050,68,65,29.00,941.00,10.00,Frequency_MHz,RSSI_dBm,0.00,-0.04,0.98,0.24,0.31,0.49,46.19,-42.66,-45.29,1,0.00,0.00,0,0,0,4.15,0.00,51.6,0,00,1,$
#,050,68,65,29.00,941.00,10.00,Frequency_MHz,RSSI_dBm,0.00,-0.04,0.98,0.06,0.37,0.61,46.45,-42.50,-44.20,1,0.00,0.00,0,0,0,4.15,0.00,52.7,0,00,1,$
#,050,68,65,29.00,941.00,10.00,Frequency_MHz,RSSI_dBm,0.00,-0.04,0.98,0.24,0.31,0.61,46.62,-42.83,-45.73,1,0.00,0.00,0,0,0,4.15,0.00,52.1,0,00,1,$
#,050,69,65,29.00,941.00,10.00,Frequency_MHz,RSSI_dBm,0.00,-0.04,0.98,0.37,0.31,0.67,46.06,-42.00,-43.43,1,0.00,0.00,0,0,0,4.15,0.00,52.1,0,00,1,$
#,050,69,66,29.00,941.00,10.00,Frequency_MHz,RSSI_dBm,0.00,-0.05,0.98,0.55,0.67,0.79,46.04,-42.04,-44.73,1,0.00,0.00,0,0,0,4.15,0.00,52.7,0,00,1,$
#,050,69,66,29.00,941.00,10.00,Frequency_MHz,RSSI_dBm,0.00,-0.04,0.98,0.31,0.49,0.61,46.67,-42.88,-46.03,1,0.00,0.00,0,0,0,4.15,0.00,53.2,0,00,1,$
#,050,69,66,29.00,941.00,10.00,Frequency_MHz,RSSI_dBm,0.00,-0.04,0.98,0.43,0.49,0.61,46.33,-43.21,-44.98,1,0.00,0.00,0,0,0,4.15,0.00,52.1,0,00,1,$
#,050,69,66,29.00,941.00,10.00,Frequency_MHz,RSSI_dBm,0.00,-0.05,0.98,0.18,0.37,0.55,46.46,-42.86,-45.43,1,0.00,0.00,0,0,0,4.15,0.00,53.2,0,00,1,$
#,050,69,66,29.00,941.00,10.00,Frequency_MHz,RSSI_dBm,0.00,-0.04,0.98,0.37,0.31,0.49,45.94,-42.59,-45.92,1,0.00,0.00,0,0,0,4.15,0.00,52.7,0,00,1,$
#,050,69,66,29.00,941.00,10.00,Frequency_MHz,RSSI_dBm,0.00,-0.05,0.98,0.18,0.37,0.55,45.89,-43.33,-44.09,1,0.00,0.00,0,0,0,4.15,0.00,53.8,0,00,1,$
#,050,69,66,29.00,941.00,10.00,Frequency_MHz,RSSI_dBm,0.00,-0.04,0.98,0.24,0.37,0.67,46.36,-43.03,-44.97,1,0.00,0.00,0,0,0,4.15,0.00,53.8,0,00,1,$
#,050,70,66,29.00,941.00,10.00,Frequency_MHz,RSSI_dBm,0.00,-0.05,0.98,0.37,0.43,0.67,46.58,-43.13,-45.35,1,0.00,0.00,0,0,0,4.15,0.00,53.2,0,00,1,$
#,050,70,66,29.00,941.00,10.00,Frequency_MHz,RSSI_dBm,0.00,-0.04,0.98,0.43,0.61,0.61,45.65,-42.63,-44.48,1,0.00,0.00,0,0,0,4.15,0.00,53.2,0,00,1,$
#,050,70,66,29.00,941.00,10.00,Frequency_MHz,RSSI_dBm,0.00,-0.05,0.98,0.37,0.73,0.61,45.96,-42.15,-44.04,1,0.00,0.00,0,0,0,4.15,0.00,52.7,0,00,1,$
#,050,70,67,29.00,941.00,10.00,Frequency_MHz,RSSI_dBm,0.00,-0.05,0.98,0.43,0.55,0.61,45.80,-42.46,-43.98,1,0.00,0.00,0,0,0,4.15,0.00,53.2,0,00,1,$
#,050,70,67,29.00,941.00,10.00,Frequency_MHz,RSSI_dBm,0.00,-0.05,0.98,0.24,0.55,0.55,46.79,-42.99,-44.57,1,0.00,0.00,0,0,0,4.15,0.00,53.8,0,00,1,$
#,050,70,67,29.00,941.00,10.00,Frequency_MHz,RSSI_dBm,0.00,-0.05,0.98,0.24,0.43,0.79,46.78,-42.97,-44.64,1,0.00,0.00,0,0,0,4.15,0.00,53.8,0,00,1,$
#,050,70,67,29.00,941.00,10.00,Frequency_MHz,RSSI_dBm,0.00,-0.05,0.98,0.06,0.43,0.55,45.91,-42.81,-45.68,1,0.00,0.00,0,0,0,4.15,0.00,51.6,0,00,1,$
#,050,70,67,29.00,941.00,10.00,Frequency_MHz,RSSI_dBm,0.00,-0.05,0.98,0.31,0.49,0.61,46.39,-43.13,-44.68,1,0.00,0.00,0,0,0,4.15,0.00,52.1,0,00,1,$
#,050,70,67,29.00,941.00,10.00,Frequency_MHz,RSSI_dBm,0.00,-0.05,0.98,0.49,0.73,0.67,46.59,-43.23,-44.89,1,0.00,0.00,0,0,0,4.15,0.00,52.7,0,00,1,$
#,050,71,67,29.00,941.00,10.00,Frequency_MHz,RSSI_dBm,0.00,-0.05,0.98,0.43,0.61,0.79,47.06,-43.41,-44.86,1,0.00,0.00,0,0,0,4.15,0.00,53.2,0,00,1,$
#,050,71,67,29.00,941.00,10.00,Frequency_MHz,RSSI_dBm,-0.00,-0.04,0.98,1.95,2.56,0.61,46.64,-42.18,-43.65,1,0.00,0.00,0,0,0,4.15,0.00,52.7,0,00,1,$
#,050,71,67,29.00,941.00,10.00,Frequency_MHz,RSSI_dBm,0.00,-0.04,0.98,-0.06,-0.12,0.67,45.96,-41.78,-43.15,1,0.00,0.00,0,0,0,4.15,0.00,52.1,0,00,1,$
#,050,71,67,29.00,941.00,10.00,Frequency_MHz,RSSI_dBm,0.03,-0.07,0.98,0.18,0.18,0.67,45.94,-42.97,-43.57,1,0.00,0.00,0,0,0,4.15,0.00,52.7,0,00,1,$
#,050,71,68,29.00,941.00,10.00,Frequency_MHz,RSSI_dBm,0.00,-0.04,0.98,-0.12,-0.12,0.55,45.84,-42.09,-44.54,1,0.00,0.00,0,0,0,4.15,0.00,53.2,0,00,1,$
#,050,71,68,29.00,941.00,10.00,Frequency_MHz,RSSI_dBm,0.01,-0.05,0.98,0.37,0.61,0.67,46.48,-43.47,-44.30,1,0.00,0.00,0,0,0,4.15,0.00,53.2,0,00,1,$
#,050,71,68,29.00,941.00,10.00,Frequency_MHz,RSSI_dBm,0.01,-0.06,0.98,0.43,0.49,0.49,46.37,-43.12,-44.37,1,0.00,0.00,0,0,0,4.15,0.00,51.6,0,00,1,$
#,050,71,68,29.00,941.00,10.00,Frequency_MHz,RSSI_dBm,0.01,-0.05,0.98,0.12,0.31,0.55,46.12,-43.21,-44.37,1,0.00,0.00,0,0,0,4.15,0.00,53.2,0,00,1,$
#,050,71,68,29.00,941.00,10.00,Frequency_MHz,RSSI_dBm,0.01,-0.05,0.98,0.24,0.18,0.61,46.04,-42.87,-45.26,1,0.00,0.00,0,0,0,4.15,0.00,51.6,0,00,1,$
#,050,71,68,29.00,941.00,10.00,Frequency_MHz,RSSI_dBm,0.01,-0.05,0.98,0.31,0.43,0.61,46.14,-42.63,-44.96,1,0.00,0.00,0,0,0,4.15,0.00,52.1,0,00,1,$
#,050,72,68,29.00,941.00,10.00,Frequency_MHz,RSSI_dBm,0.01,-0.05,0.98,0.18,0.31,0.55,46.61,-43.43,-44.89,1,0.00,0.00,0,0,0,4.15,0.00,53.2,0,00,1,$
#,050,72,68,29.00,941.00,10.00,Frequency_MHz,RSSI_dBm,0.01,-0.05,0.98,0.12,0.43,0.55,46.26,-42.26,-44.31,1,0.00,0.00,0,0,0,4.15,0.00,52.7,0,00,1,$
#,050,72,68,29.00,941.00,10.00,Frequency_MHz,RSSI_dBm,0.01,-0.05,0.98,0.18,0.37,0.49,45.81,-42.60,-43.59,1,0.00,0.00,0,0,0,4.15,0.00,51.6,0,00,1,$
#,050,72,68,29.00,941.00,10.00,Frequency_MHz,RSSI_dBm,0.01,-0.05,0.98,0.06,0.24,0.37,45.65,-42.22,-43.99,1,0.00,0.00,0,0,0,4.15,0.00,52.7,0,00,1,$
#,050,72,69,29.00,941.00,10.00,Frequency_MHz,RSSI_dBm,0.01,-0.05,0.98,0.37,0.37,0.55,46.33,-42.15,-44.42,1,0.00,0.00,0,0,0,4.15,0.00,51.6,0,00,1,$
#,050,72,69,29.00,941.00,10.00,Frequency_MHz,RSSI_dBm,0.01,-0.05,0.98,0.31,0.31,0.55,47.06,-43.10,-46.37,1,0.00,0.00,0,0,0,4.15,0.00,52.1,0,00,1,$
#,050,72,69,29.00,941.00,10.00,Frequency_MHz,RSSI_dBm,0.01,-0.06,0.98,0.18,0.49,0.61,46.48,-43.07,-45.39,1,0.00,0.00,0,0,0,4.15,0.00,52.1,0,00,1,$
#,050,72,69,29.00,941.00,10.00,Frequency_MHz,RSSI_dBm,0.01,-0.05,0.98,0.24,0.31,0.67,46.23,-43.62,-45.43,1,0.00,0.00,0,0,0,4.15,0.00,53.2,0,00,1,$
#,050,72,69,29.00,941.00,10.00,Frequency_MHz,RSSI_dBm,0.01,-0.05,0.98,0.06,0.31,0.61,46.58,-43.07,-45.40,1,0.00,0.00,0,0,0,4.15,0.00,51.6,0,00,1,$
#,050,73,69,29.00,941.00,10.00,Frequency_MHz,RSSI_dBm,0.01,-0.05,0.98,0.43,0.18,0.67,46.44,-43.07,-44.95,1,0.00,0.00,0,0,0,4.15,0.00,52.7,0,00,1,$
#,050,73,69,29.00,941.00,10.00,Frequency_MHz,RSSI_dBm,0.01,-0.05,0.98,0.24,0.37,0.73,46.83,-43.18,-45.21,1,0.00,0.00,0,0,0,4.15,0.00,52.1,0,00,1,$
#,050,73,69,29.00,941.00,10.00,Frequency_MHz,RSSI_dBm,0.01,-0.05,0.98,0.24,0.24,0.67,45.56,-42.60,-44.56,1,0.00,0.00,0,0,0,4.15,0.00,52.7,0,00,1,$
#,050,73,69,29.00,941.00,10.00,Frequency_MHz,RSSI_dBm,0.01,-0.05,0.98,0.43,0.37,0.55,45.78,-42.97,-44.35,1,0.00,0.00,0,0,0,4.15,0.00,52.7,0,00,1,$
#,050,73,69,29.00,941.00,10.00,Frequency_MHz,RSSI_dBm,0.01,-0.05,0.98,0.37,0.37,0.61,46.11,-42.35,-44.30,1,0.00,0.00,0,0,0,4.15,0.00,51.6,0,00,1,$
#,050,73,70,29.00,941.00,10.00,Frequency_MHz,RSSI_dBm,0.01,-0.05,0.98,0.37,0.43,0.67,46.08,-42.48,-43.24,1,0.00,0.00,0,0,0,4.15,0.00,51.6,0,00,1,$
#,050,73,70,29.00,941.00,10.00,Frequency_MHz,RSSI_dBm,0.01,-0.05,0.98,0.24,0.31,0.67,46.30,-42.99,-44.53,1,0.00,0.00,0,0,0,4.15,0.00,52.1,0,00,1,$
#,050,73,70,29.00,941.00,10.00,Frequency_MHz,RSSI_dBm,0.01,-0.05,0.98,0.24,0.31,0.61,47.47,-43.10,-45.36,1,0.00,0.00,0,0,0,4.15,0.00,52.7,0,00,1,$
#,050,73,70,29.00,941.00,10.00,Frequency_MHz,RSSI_dBm,0.01,-0.05,0.98,0.12,0.37,0.67,46.75,-43.59,-45.08,1,0.00,0.00,0,0,0,4.15,0.00,51.6,0,00,1,$
#,050,73,70,29.00,941.00,10.00,Frequency_MHz,RSSI_dBm,0.01,-0.05,0.98,0.37,0.37,0.61,46.08,-42.94,-45.36,1,0.00,0.00,0,0,0,4.15,0.00,51.0,0,00,1,$
#,050,74,70,29.00,941.00,10.00,Frequency_MHz,RSSI_dBm,0.01,-0.05,0.98,0.24,0.31,0.49,46.58,-42.46,-44.85,1,0.00,0.00,0,0,0,4.15,0.00,52.7,0,00,1,$
#,050,74,70,29.00,941.00,10.00,Frequency_MHz,RSSI_dBm,0.01,-0.05,0.98,0.49,0.73,0.61,46.42,-42.99,-44.90,1,0.00,0.00,0,0,0,4.15,0.00,52.1,0,00,1,$
#,050,74,70,29.00,941.00,10.00,Frequency_MHz,RSSI_dBm,0.01,-0.05,0.98,0.37,0.55,0.85,46.24,-42.25,-43.97,1,0.00,0.00,0,0,0,4.15,0.00,51.6,0,00,1,$
#,050,74,70,29.00,941.00,10.00,Frequency_MHz,RSSI_dBm,0.01,-0.05,0.98,0.24,0.49,0.49,46.18,-41.88,-44.25,1,0.00,0.00,0,0,0,4.15,0.00,51.6,0,00,1,$
#,050,74,70,29.00,941.00,10.00,Frequency_MHz,RSSI_dBm,0.01,-0.05,0.98,0.24,0.49,0.61,45.45,-42.13,-42.60,1,0.00,0.00,0,0,0,4.15,0.00,51.0,0,00,1,$
#,050,74,71,29.00,941.00,10.00,Frequency_MHz,RSSI_dBm,0.01,-0.05,0.98,0.18,0.49,0.37,45.78,-41.72,-43.54,1,0.00,0.00,0,0,0,4.15,0.00,52.7,0,00,1,$
#,050,74,71,29.00,941.00,10.00,Frequency_MHz,RSSI_dBm,0.01,-0.06,0.98,0.24,0.43,-0.31,46.83,-42.58,-45.70,1,0.00,0.00,0,0,0,4.15,0.00,53.2,0,00,1,$
#,050,74,71,29.00,941.00,10.00,Frequency_MHz,RSSI_dBm,0.00,-0.05,0.98,0.12,0.43,-2.01,46.52,-42.79,-45.94,1,0.00,0.00,0,0,0,4.15,0.00,52.7,0,00,1,$
#,050,74,71,29.00,941.00,10.00,Frequency_MHz,RSSI_dBm,0.02,-0.06,0.98,0.24,0.49,0.49,45.90,-43.55,-44.87,1,0.00,0.00,0,0,0,4.15,0.00,53.2,0,00,1,$
#,050,75,71,29.00,941.00,10.00,Frequency_MHz,RSSI_dBm,0.01,-0.05,0.98,0.24,0.24,0.61,46.45,-43.02,-44.70,1,0.00,0.00,0,0,0,4.15,0.00,52.7,0,00,1,$
#,050,75,71,29.00,941.00,10.00,Frequency_MHz,RSSI_dBm,0.01,-0.05,0.98,0.24,0.43,0.49,46.01,-42.94,-44.79,1,0.00,0.00,0,0,0,4.15,0.00,53.2,0,00,1,$
#,050,75,71,29.00,941.00,10.00,Frequency_MHz,RSSI_dBm,0.01,-0.05,0.98,0.12,0.31,0.61,46.01,-43.12,-45.03,1,0.00,0.00,0,0,0,4.15,0.00,51.6,0,00,1,$
#,050,75,71,29.00,941.00,10.00,Frequency_MHz,RSSI_dBm,0.01,-0.05,0.98,0.37,0.37,0.61,46.09,-42.29,-43.40,1,0.00,0.00,0,0,0,4.15,0.00,52.7,0,00,1,$
#,050,75,71,29.00,941.00,10.00,Frequency_MHz,RSSI_dBm,0.01,-0.05,0.98,0.12,0.55,0.61,45.52,-42.44,-43.10,1,0.00,0.00,0,0,0,4.15,0.00,52.7,0,00,1,$
#,050,75,71,29.00,941.00,10.00,Frequency_MHz,RSSI_dBm,0.01,-0.05,0.98,0.18,0.55,0.67,45.40,-42.54,-43.24,1,0.00,0.00,0,0,0,4.15,0.00,52.7,0,00,1,$
#,050,75,72,29.00,941.00,10.00,Frequency_MHz,RSSI_dBm,0.01,-0.05,0.98,0.12,0.43,0.67,45.81,-42.41,-43.93,1,0.00,0.00,0,0,0,4.15,0.00,51.6,0,00,1,$
#,050,75,72,29.00,941.00,10.00,Frequency_MHz,RSSI_dBm,0.01,-0.05,0.98,0.24,0.24,0.61,45.94,-43.37,-44.26,1,0.00,0.00,0,0,0,4.15,0.00,52.7,0,00,1,$
#,050,75,72,29.00,941.00,10.00,Frequency_MHz,RSSI_dBm,0.01,-0.05,0.98,0.18,0.24,0.61,46.12,-43.54,-44.21,1,0.00,0.00,0,0,0,4.15,0.00,51.6,0,00,1,$
#,050,75,72,29.00,941.00,10.00,Frequency_MHz,RSSI_dBm,0.01,-0.05,0.98,0.12,0.24,0.49,45.53,-42.97,-46.09,1,0.00,0.00,0,0,0,4.15,0.00,51.0,0,00,1,$
#,050,76,72,29.00,941.00,10.00,Frequency_MHz,RSSI_dBm,0.01,-0.05,0.98,0.06,0.18,0.55,45.72,-42.93,-45.24,1,0.00,0.00,0,0,0,4.15,0.00,51.0,0,00,1,$
#,050,76,72,29.00,941.00,10.00,Frequency_MHz,RSSI_dBm,0.01,-0.05,0.98,0.06,0.49,0.49,46.03,-42.30,-44.95,1,0.00,0.00,0,0,0,4.15,0.00,52.7,0,00,1,$
#,050,76,72,29.00,941.00,10.00,Frequency_MHz,RSSI_dBm,0.01,-0.05,0.98,-0.18,-0.06,0.73,46.26,-43.08,-45.57,1,0.00,0.00,0,0,0,4.15,0.00,51.6,0,00,1,$
#,050,76,72,29.00,941.00,10.00,Frequency_MHz,RSSI_dBm,0.01,-0.05,0.98,0.37,0.37,0.49,44.96,-42.32,-42.81,1,0.00,0.00,0,0,0,4.15,0.00,52.7,0,00,1,$
#,050,76,72,29.00,941.00,10.00,Frequency_MHz,RSSI_dBm,0.01,-0.05,0.98,0.18,0.37,0.73,45.53,-41.58,-42.44,1,0.00,0.00,0,0,0,4.15,0.00,52.7,0,00,1,$
#,050,76,72,29.00,941.00,10.00,Frequency_MHz,RSSI_dBm,0.01,-0.05,0.98,0.12,0.31,0.61,45.72,-42.38,-43.47,1,0.00,0.00,0,0,0,4.15,0.00,52.1,0,00,1,$
#,050,76,73,29.00,941.00,10.00,Frequency_MHz,RSSI_dBm,0.01,-0.05,0.98,0.12,0.24,0.49,45.81,-42.30,-44.24,1,0.00,0.00,0,0,0,4.15,0.00,52.1,0,00,1,$
#,050,76,73,29.00,941.00,10.00,Frequency_MHz,RSSI_dBm,0.01,-0.05,0.98,0.18,0.49,0.61,46.64,-43.13,-45.42,1,0.00,0.00,0,0,0,4.15,0.00,51.6,0,00,1,$
#,050,76,73,29.00,941.00,10.00,Frequency_MHz,RSSI_dBm,0.01,-0.05,0.98,0.43,0.43,0.55,46.12,-42.42,-45.94,1,0.00,0.00,0,0,0,4.15,0.00,52.1,0,00,1,$
#,050,77,73,29.00,941.00,10.00,Frequency_MHz,RSSI_dBm,0.01,-0.05,0.98,0.18,0.55,0.55,46.19,-43.03,-45.00,1,0.00,0.00,0,0,0,4.15,0.00,51.6,0,00,1,$
#,050,77,73,29.00,941.00,10.00,Frequency_MHz,RSSI_dBm,0.01,-0.05,0.98,0.18,0.31,0.73,46.15,-43.19,-45.74,1,0.00,0.00,0,0,0,4.15,0.00,51.6,0,00,1,$
#,050,77,73,29.00,941.00,10.00,Frequency_MHz,RSSI_dBm,0.01,-0.05,0.98,0.37,0.37,0.67,46.40,-43.15,-45.37,1,0.00,0.00,0,0,0,4.15,0.00,52.1,0,00,1,$
#,050,77,73,29.00,941.00,10.00,Frequency_MHz,RSSI_dBm,0.02,-0.07,0.97,0.73,1.04,0.79,46.57,-43.24,-45.47,1,0.00,0.00,0,0,0,4.15,0.00,53.2,0,00,1,$
#,050,77,73,29.00,941.00,10.00,Frequency_MHz,RSSI_dBm,0.01,-0.05,0.97,0.18,0.24,0.67,46.04,-42.61,-45.51,1,0.00,0.00,0,0,0,4.15,0.00,51.0,0,00,1,$
#,050,77,73,29.00,941.00,10.00,Frequency_MHz,RSSI_dBm,0.01,-0.05,0.99,0.00,0.06,0.61,45.59,-42.18,-43.16,1,0.00,0.00,0,0,0,4.15,0.00,52.7,0,00,1,$
#,050,77,73,29.00,941.00,10.00,Frequency_MHz,RSSI_dBm,0.01,-0.05,0.98,0.06,0.31,0.55,46.14,-42.42,-43.70,1,0.00,0.00,0,0,0,4.15,0.00,51.0,0,00,1,$
#,050,77,74,29.00,941.00,10.00,Frequency_MHz,RSSI_dBm,0.01,-0.05,0.98,0.12,0.43,0.61,45.57,-42.21,-42.72,1,0.00,0.00,0,0,0,4.15,0.00,51.0,0,00,1,$
#,050,77,74,29.00,941.00,10.00,Frequency_MHz,RSSI_dBm,0.01,-0.05,0.98,0.18,0.37,0.67,46.52,-43.23,-44.78,1,0.00,0.00,0,0,0,4.15,0.00,51.6,0,00,1,$
#,050,77,74,29.00,941.00,10.00,Frequency_MHz,RSSI_dBm,0.01,-0.05,0.98,0.24,0.37,0.61,46.44,-43.58,-44.98,1,0.00,0.00,0,0,0,4.15,0.00,52.1,0,00,1,$
#,050,78,74,29.00,941.00,10.00,Frequency_MHz,RSSI_dBm,0.01,-0.05,0.98,0.24,0.49,0.67,46.26,-42.72,-45.68,1,0.00,0.00,0,0,0,4.15,0.00,51.0,0,00,1,$
#,050,78,74,29.00,941.00,10.00,Frequency_MHz,RSSI_dBm,0.01,-0.05,0.98,0.24,0.37,0.49,46.47,-42.69,-44.81,1,0.00,0.00,0,0,0,4.15,0.00,52.1,0,00,1,$
#,050,78,74,29.00,941.00,10.00,Frequency_MHz,RSSI_dBm,0.01,-0.05,0.98,0.31,0.24,0.67,46.19,-43.49,-45.45,1,0.00,0.00,0,0,0,4.15,0.00,52.1,0,00,1,$
#,050,78,74,29.00,941.00,10.00,Frequency_MHz,RSSI_dBm,0.01,-0.05,0.98,0.18,0.37,0.55,46.52,-43.12,-44.96,1,0.00,0.00,0,0,0,4.15,0.00,51.6,0,00,1,$
#,050,78,74,29.00,941.00,10.00,Frequency_MHz,RSSI_dBm,0.01,-0.05,0.98,0.24,0.24,0.67,46.37,-42.88,-44.30,1,0.00,0.00,0,0,0,4.15,0.00,52.7,0,00,1,$
#,050,78,74,29.00,941.00,10.00,Frequency_MHz,RSSI_dBm,0.01,-0.05,0.98,0.12,0.31,0.55,45.64,-42.53,-43.04,1,0.00,0.00,0,0,0,4.15,0.00,51.6,0,00,1,$
#,050,78,74,29.00,941.00,10.00,Frequency_MHz,RSSI_dBm,0.02,-0.06,0.98,0.43,0.55,0.61,45.87,-42.11,-42.87,1,0.00,0.00,0,0,0,4.15,0.00,51.0,0,00,1,$
#,050,78,75,29.00,941.00,10.00,Frequency_MHz,RSSI_dBm,0.01,-0.05,0.98,0.12,0.06,0.61,45.54,-41.41,-44.18,1,0.00,0.00,0,0,0,4.15,0.00,51.6,0,00,1,$
#,050,78,75,29.00,941.00,10.00,Frequency_MHz,RSSI_dBm,0.01,-0.05,0.98,0.06,0.31,0.49,46.45,-43.32,-43.60,1,0.00,0.00,0,0,0,4.15,0.00,51.0,0,00,1,$
#,050,79,75,29.00,941.00,10.00,Frequency_MHz,RSSI_dBm,0.01,-0.05,0.98,0.18,0.24,0.79,46.29,-43.62,-45.34,1,0.00,0.00,0,0,0,4.15,0.00,52.7,0,00,1,$
#,050,79,75,29.00,941.00,10.00,Frequency_MHz,RSSI_dBm,0.00,-0.05,0.98,-0.18,-0.06,0.55,46.13,-43.33,-44.84,1,0.00,0.00,0,0,0,4.15,0.00,52.7,0,00,1,$
#,050,79,75,29.00,941.00,10.00,Frequency_MHz,RSSI_dBm,0.01,-0.05,0.98,0.24,0.24,0.61,46.01,-43.20,-45.15,1,0.00,0.00,0,0,0,4.15,0.00,52.1,0,00,1,$
#,050,79,75,29.00,941.00,10.00,Frequency_MHz,RSSI_dBm,0.01,-0.05,0.98,0.43,0.55,0.73,46.50,-42.76,-44.29,1,0.00,0.00,0,0,0,4.15,0.00,52.7,0,00,1,$
#,050,79,75,29.00,941.00,10.00,Frequency_MHz,RSSI_dBm,0.01,-0.05,0.98,0.31,0.31,0.67,46.95,-42.74,-45.31,1,0.00,0.00,0,0,0,4.15,0.00,51.6,0,00,1,$
#,050,79,75,29.00,941.00,10.00,Frequency_MHz,RSSI_dBm,0.01,-0.05,0.98,0.12,0.31,0.43,45.83,-42.47,-42.70,1,0.00,0.00,0,0,0,4.15,0.00,51.6,0,00,1,$
#,050,79,75,29.00,941.00,10.00,Frequency_MHz,RSSI_dBm,0.01,-0.05,0.98,0.18,0.43,0.67,45.51,-42.04,-43.69,1,0.00,0.00,0,0,0,4.15,0.00,50.5,0,00,1,$
#,050,79,75,29.00,941.00,10.00,Frequency_MHz,RSSI_dBm,0.01,-0.06,0.98,0.31,0.37,0.67,45.15,-41.92,-43.86,1,0.00,0.00,0,0,0,4.15,0.00,51.0,0,00,1,$
#,050,79,76,29.00,941.00,10.00,Frequency_MHz,RSSI_dBm,0.01,-0.05,0.98,0.24,0.37,0.55,45.90,-42.04,-43.64,1,0.00,0.00,0,0,0,4.15,0.00,52.1,0,00,1,$
#,050,79,76,29.00,941.00,10.00,Frequency_MHz,RSSI_dBm,0.01,-0.04,0.99,1.10,1.95,0.73,46.31,-42.57,-43.40,1,0.00,0.00,0,0,0,4.15,0.00,51.6,0,00,1,$
#,050,80,76,29.00,941.00,10.00,Frequency_MHz,RSSI_dBm,0.04,-0.07,1.02,-0.18,1.10,0.61,46.06,-42.99,-46.09,1,0.00,0.00,0,0,0,4.15,0.00,50.5,0,00,1,$
#,050,80,76,29.00,941.00,10.00,Frequency_MHz,RSSI_dBm,0.00,-0.05,0.96,0.12,0.12,0.55,45.80,-42.86,-44.20,1,0.00,0.00,0,0,0,4.15,0.00,51.0,0,00,1,$
#,050,80,76,29.00,941.00,10.00,Frequency_MHz,RSSI_dBm,0.02,-0.05,0.99,0.12,0.49,0.49,46.23,-42.90,-45.39,1,0.00,0.00,0,0,0,4.15,0.00,50.5,0,00,1,$
#,050,80,76,29.00,941.00,10.00,Frequency_MHz,RSSI_dBm,0.02,-0.06,0.97,-0.73,0.73,-30.15,45.86,-43.10,-44.89,1,0.00,0.00,0,0,0,4.15,0.00,51.6,0,00,1,$
#,050,80,76,29.00,941.00,10.00,Frequency_MHz,RSSI_dBm,0.00,-0.05,0.98,-0.49,0.85,-22.03,44.31,-44.26,-45.07,1,0.00,0.00,0,0,0,4.15,0.00,51.0,0,00,1,$
#,050,80,76,29.00,941.00,10.00,Frequency_MHz,RSSI_dBm,-0.02,-0.03,0.98,-0.31,1.16,-23.62,43.27,-45.39,-44.23,1,0.00,0.00,0,0,0,4.15,0.00,51.0,0,00,1,$
#,050,80,76,29.00,941.00,10.00,Frequency_MHz,RSSI_dBm,0.01,-0.05,0.98,-0.12,0.67,-8.97,41.72,-45.09,-43.62,1,0.00,0.00,0,0,0,4.15,0.00,50.5,0,00,1,$
#,050,80,76,29.00,941.00,10.00,Frequency_MHz,RSSI_dBm,0.02,-0.06,0.98,0.43,0.49,0.61,42.27,-46.13,-43.71,1,0.00,0.00,0,0,0,4.15,0.00,52.1,0,00,1,$
#,050,80,77,29.00,941.00,10.00,Frequency_MHz,RSSI_dBm,0.01,-0.05,0.98,0.12,0.12,0.55,42.16,-45.78,-43.01,1,0.00,0.00,0,0,0,4.15,0.00,51.0,0,00,1,$
#,050,81,77,29.00,941.00,10.00,Frequency_MHz,RSSI_dBm,0.01,-0.05,0.98,0.12,0.24,0.73,42.33,-46.67,-45.73,1,0.00,0.00,0,0,0,4.15,0.00,51.6,0,00,1,$
#,050,81,77,29.00,941.00,10.00,Frequency_MHz,RSSI_dBm,0.01,-0.05,0.98,0.18,0.31,0.55,42.40,-46.83,-46.00,1,0.00,0.00,0,0,0,4.15,0.00,51.0,0,00,1,$
#,050,81,77,29.00,941.00,10.00,Frequency_MHz,RSSI_dBm,0.02,-0.06,0.98,0.24,0.43,0.49,42.31,-46.66,-45.51,1,0.00,0.00,0,0,0,4.15,0.00,51.0,0,00,1,$
#,050,81,77,29.00,941.00,10.00,Frequency_MHz,RSSI_dBm,0.01,-0.05,0.98,0.00,0.12,0.55,42.66,-46.52,-44.78,1,0.00,0.00,0,0,0,4.15,0.00,52.1,0,00,1,$
#,050,81,77,29.00,941.00,10.00,Frequency_MHz,RSSI_dBm,0.01,-0.05,0.98,0.06,0.18,0.43,42.69,-46.95,-46.66,1,0.00,0.00,0,0,0,4.15,0.00,51.6,0,00,1,$
#,050,81,77,29.00,941.00,10.00,Frequency_MHz,RSSI_dBm,0.02,-0.05,0.98,0.00,0.31,0.67,42.65,-46.61,-45.29,1,0.00,0.00,0,0,0,4.15,0.00,52.1,0,00,1,$
#,050,81,77,29.00,941.00,10.00,Frequency_MHz,RSSI_dBm,0.02,-0.06,0.98,0.43,0.61,0.67,42.07,-46.23,-44.02,1,0.00,0.00,0,0,0,4.15,0.00,52.7,0,00,1,$
#,050,81,77,29.00,941.00,10.00,Frequency_MHz,RSSI_dBm,0.02,-0.05,0.98,0.24,0.24,0.67,41.71,-46.02,-42.90,1,0.00,0.00,0,0,0,4.15,0.00,51.6,0,00,1,$
#,050,81,77,29.00,941.00,10.00,Frequency_MHz,RSSI_dBm,0.01,-0.05,0.98,0.43,0.37,0.49,41.70,-45.91,-44.32,1,0.00,0.00,0,0,0,4.15,0.00,51.6,0,00,1,$
#,050,81,78,29.00,941.00,10.00,Frequency_MHz,RSSI_dBm,0.01,-0.05,0.98,0.18,0.31,0.73,42.03,-45.28,-43.23,1,0.00,0.00,0,0,0,4.15,0.00,51.0,0,00,1,$
#,050,82,78,29.00,941.00,10.00,Frequency_MHz,RSSI_dBm,0.01,-0.05,0.98,0.06,0.31,0.61,42.57,-46.98,-44.93,1,0.00,0.00,0,0,0,4.15,0.00,52.7,0,00,1,$
#,050,82,78,29.00,941.00,10.00,Frequency_MHz,RSSI_dBm,0.02,-0.06,0.98,0.37,0.55,0.79,42.15,-47.23,-46.30,1,0.00,0.00,0,0,0,4.15,0.00,51.0,0,00,1,$
#,050,82,78,29.00,941.00,10.00,Frequency_MHz,RSSI_dBm,0.01,-0.05,0.98,0.24,0.43,0.67,42.37,-47.07,-45.40,1,0.00,0.00,0,0,0,4.15,0.00,50.5,0,00,1,$
#,050,82,78,29.00,941.00,10.00,Frequency_MHz,RSSI_dBm,0.01,-0.05,0.98,0.31,0.31,0.73,42.16,-46.85,-45.73,1,0.00,0.00,0,0,0,4.15,0.00,52.1,0,00,1,$
#,050,82,78,29.00,941.00,10.00,Frequency_MHz,RSSI_dBm,0.01,-0.05,0.98,0.06,0.24,0.61,41.88,-46.67,-44.79,1,0.00,0.00,0,0,0,4.15,0.00,52.1,0,00,1,$
#,050,82,78,29.00,941.00,10.00,Frequency_MHz,RSSI_dBm,0.02,-0.06,0.98,-0.06,0.73,-7.08,42.60,-47.00,-45.67,1,0.00,0.00,0,0,0,4.15,0.00,49.9,0,00,1,$
#,050,82,78,29.00,941.00,10.00,Frequency_MHz,RSSI_dBm,-0.01,-0.03,0.98,0.37,3.36,-27.65,40.28,-47.31,-43.84,1,0.00,0.00,0,0,0,4.15,0.00,50.5,0,00,1,$
#,050,82,78,29.00,941.00,10.00,Frequency_MHz,RSSI_dBm,0.01,-0.05,0.98,0.12,0.31,0.61,40.16,-47.52,-43.73,1,0.00,0.00,0,0,0,4.15,0.00,52.7,0,00,1,$
#,050,83,79,29.00,941.00,10.00,Frequency_MHz,RSSI_dBm,0.01,-0.05,0.98,0.06,0.18,0.61,40.71,-47.90,-43.60,1,0.00,0.00,0,0,0,4.15,0.00,51.6,0,00,1,$
#,050,83,79,29.00,941.00,10.00,Frequency_MHz,RSSI_dBm,0.01,-0.05,0.98,0.18,0.49,0.73,41.55,-47.86,-44.60,1,0.00,0.00,0,0,0,4.15,0.00,51.6,0,00,1,$
#,050,83,79,29.00,941.00,10.00,Frequency_MHz,RSSI_dBm,0.01,-0.05,0.98,0.37,0.37,0.85,41.93,-48.75,-44.63,1,0.00,0.00,0,0,0,4.15,0.00,52.7,0,00,1,$
#,050,83,79,29.00,941.00,10.00,Frequency_MHz,RSSI_dBm,0.01,-0.06,0.98,0.18,0.31,0.67,41.00,-48.28,-44.67,1,0.00,0.00,0,0,0,4.15,0.00,51.0,0,00,1,$
#,050,83,79,29.00,941.00,10.00,Frequency_MHz,RSSI_dBm,0.01,-0.05,0.98,0.43,0.18,0.61,41.16,-48.46,-45.51,1,0.00,0.00,0,0,0,4.15,0.00,52.1,0,00,1,$
#,050,83,79,29.00,941.00,10.00,Frequency_MHz,RSSI_dBm,0.02,-0.05,0.98,0.24,0.24,0.67,41.49,-48.38,-44.08,1,0.00,0.00,0,0,0,4.15,0.00,52.7,0,00,1,$
#,050,83,79,29.00,941.00,10.00,Frequency_MHz,RSSI_dBm,0.02,-0.06,0.98,0.31,0.24,0.67,41.39,-47.75,-45.03,1,0.00,0.00,0,0,0,4.15,0.00,51.0,0,00,1,$
#,050,83,79,29.00,941.00,10.00,Frequency_MHz,RSSI_dBm,0.01,-0.05,0.98,0.12,0.24,0.85,41.11,-47.34,-43.02,1,0.00,0.00,0,0,0,4.15,0.00,53.2,0,00,1,$
#,050,83,79,29.00,941.00,10.00,Frequency_MHz,RSSI_dBm,0.01,-0.05,0.98,0.18,0.31,0.55,40.97,-48.27,-44.47,1,0.00,0.00,0,0,0,4.15,0.00,51.0,0,00,1,$
#,050,83,79,29.00,941.00,10.00,Frequency_MHz,RSSI_dBm,0.01,-0.05,0.98,0.06,0.24,0.55,40.72,-47.68,-43.80,1,0.00,0.00,0,0,0,4.15,0.00,51.0,0,00,1,$
#,050,84,80,29.00,941.00,10.00,Frequency_MHz,RSSI_dBm,0.01,-0.05,0.98,0.12,0.37,0.37,40.97,-47.31,-43.86,1,0.00,0.00,0,0,0,4.15,0.00,53.2,0,00,1,$
#,050,84,80,29.00,941.00,10.00,Frequency_MHz,RSSI_dBm,0.01,-0.05,0.98,0.18,0.37,0.73,41.31,-48.46,-46.24,1,0.00,0.00,0,0,0,4.15,0.00,51.0,0,00,1,$
#,050,84,80,29.00,941.00,10.00,Frequency_MHz,RSSI_dBm,0.01,-0.05,0.98,0.24,0.12,0.67,41.58,-48.82,-44.76,1,0.00,0.00,0,0,0,4.15,0.00,51.6,0,00,1,$
#,050,84,80,29.00,941.00,10.00,Frequency_MHz,RSSI_dBm,0.01,-0.05,0.98,0.24,0.31,0.61,41.21,-48.35,-45.07,1,0.00,0.00,0,0,0,4.15,0.00,51.6,0,00,1,$
#,050,84,80,29.00,941.00,10.00,Frequency_MHz,RSSI_dBm,0.01,-0.05,0.98,0.24,0.24,0.55,41.36,-47.99,-45.72,1,0.00,0.00,0,0,0,4.15,0.00,50.5,0,00,1,$
#,050,84,80,29.00,941.00,10.00,Frequency_MHz,RSSI_dBm,0.01,-0.05,0.98,0.24,0.18,0.73,41.21,-48.33,-45.25,1,0.00,0.00,0,0,0,4.15,0.00,50.5,0,00,1,$
#,050,84,80,29.00,941.00,10.00,Frequency_MHz,RSSI_dBm,0.01,-0.05,0.98,0.06,0.18,0.49,41.56,-49.00,-45.96,1,0.00,0.00,0,0,0,4.15,0.00,51.6,0,00,1,$
#,050,84,80,29.00,941.00,10.00,Frequency_MHz,RSSI_dBm,0.01,-0.05,0.98,0.00,0.31,0.49,41.32,-47.83,-43.47,1,0.00,0.00,0,0,0,4.15,0.00,52.1,0,00,1,$
#,050,84,80,29.00,941.00,10.00,Frequency_MHz,RSSI_dBm,0.01,-0.05,0.98,0.12,0.24,0.61,40.93,-47.46,-43.38,1,0.00,0.00,0,0,0,4.15,0.00,51.0,0,00,1,$
#,050,85,80,29.00,941.00,10.00,Frequency_MHz,RSSI_dBm,0.01,-0.05,0.98,0.18,0.18,0.55,41.13,-47.68,-42.65,1,0.00,0.00,0,0,0,4.15,0.00,50.5,0,00,1,$
#,050,85,81,29.00,941.00,10.00,Frequency_MHz,RSSI_dBm,0.01,-0.05,0.98,0.24,0.37,0.79,41.66,-47.44,-42.53,1,0.00,0.00,0,0,0,4.15,0.00,51.0,0,00,1,$
#,050,85,81,29.00,941.00,10.00,Frequency_MHz,RSSI_dBm,0.00,-0.04,0.98,0.31,0.37,0.55,41.52,-48.28,-45.62,1,0.00,0.00,0,0,0,4.15,0.00,52.7,0,00,1,$
#,050,85,81,29.00,941.00,10.00,Frequency_MHz,RSSI_dBm,0.01,-0.05,0.98,-0.43,-0.67,0.61,41.93,-48.52,-45.37,1,0.00,0.00,0,0,0,4.15,0.00,51.0,0,00,1,$
#,050,85,81,29.00,941.00,10.00,Frequency_MHz,RSSI_dBm,0.01,-0.05,0.98,-2.93,-3.11,0.43,40.73,-48.80,-44.90,1,0.00,0.00,0,0,0,4.15,0.00,51.0,0,00,1,$
#,050,85,81,29.00,941.00,10.00,Frequency_MHz,RSSI_dBm,0.03,-0.07,0.98,1.16,1.71,0.43,41.22,-48.63,-44.64,1,0.00,0.00,0,0,0,4.15,0.00,51.0,0,00,1,$
#,050,85,81,29.00,941.00,10.00,Frequency_MHz,RSSI_dBm,0.01,-0.05,0.98,-1.04,-1.10,0.55,40.80,-48.21,-44.71,1,0.00,0.00,0,0,0,4.15,0.00,52.1,0,00,1,$
#,050,85,81,29.00,941.00,10.00,Frequency_MHz,RSSI_dBm,-0.00,-0.03,0.98,-1.10,-1.22,0.92,41.89,-48.58,-44.51,1,0.00,0.00,0,0,0,4.15,0.00,52.1,0,00,1,$
#,050,85,81,29.00,941.00,10.00,Frequency_MHz,RSSI_dBm,0.00,-0.05,0.98,2.26,2.99,0.55,41.43,-48.71,-43.66,1,0.00,0.00,0,0,0,4.15,0.00,51.6,0,00,1,$
#,050,86,81,29.00,941.00,10.00,Frequency_MHz,RSSI_dBm,-0.00,-0.04,0.98,0.55,0.92,-0.61,40.37,-47.00,-43.09,1,0.00,0.00,0,0,0,4.15,0.00,51.6,0,00,1,$
#,050,86,81,29.00,941.00,10.00,Frequency_MHz,RSSI_dBm,0.03,-0.06,0.98,-0.24,-0.31,0.61,40.25,-46.98,-42.38,1,0.00,0.00,0,0,0,4.15,0.00,51.0,0,00,1,$
#,050,86,82,29.00,941.00,10.00,Frequency_MHz,RSSI_dBm,-0.02,-0.02,0.98,-0.24,15.44,0.55,39.92,-48.06,-43.55,1,0.00,0.00,0,0,0,4.15,0.00,50.5,0,00,1,$
#,050,86,82,29.00,941.00,10.00,Frequency_MHz,RSSI_dBm,-0.02,-0.03,0.98,0.55,0.67,0.55,40.86,-48.55,-45.61,1,0.00,0.00,0,0,0,4.15,0.00,51.6,0,00,1,$
#,050,86,82,29.00,941.00,10.00,Frequency_MHz,RSSI_dBm,-0.01,-0.03,0.98,0.43,0.43,0.61,41.64,-48.77,-45.81,1,0.00,0.00,0,0,0,4.15,0.00,51.6,0,00,1,$
#,050,86,82,29.00,941.00,10.00,Frequency_MHz,RSSI_dBm,0.01,-0.05,0.98,0.06,0.18,0.55,41.43,-48.57,-45.70,1,0.00,0.00,0,0,0,4.15,0.00,50.5,0,00,1,$
#,050,86,82,29.00,941.00,10.00,Frequency_MHz,RSSI_dBm,0.01,-0.05,0.98,-0.06,0.06,0.55,40.91,-48.02,-45.30,1,0.00,0.00,0,0,0,4.15,0.00,50.5,0,00,1,$
#,050,86,82,29.00,941.00,10.00,Frequency_MHz,RSSI_dBm,0.01,-0.05,0.98,0.18,0.37,0.61,41.10,-48.94,-45.17,1,0.00,0.00,0,0,0,4.15,0.00,49.9,0,00,1,$
#,050,86,82,29.00,941.00,10.00,Frequency_MHz,RSSI_dBm,0.01,-0.05,0.98,0.00,0.18,0.73,41.38,-48.38,-45.74,1,0.00,0.00,0,0,0,4.15,0.00,51.6,0,00,1,$
#,050,86,82,29.00,941.00,10.00,Frequency_MHz,RSSI_dBm,0.01,-0.05,0.98,0.06,0.24,0.55,41.06,-47.68,-43.55,1,0.00,0.00,0,0,0,4.15,0.00,50.5,0,00,1,$
#,050,87,82,29.00,941.00,10.00,Frequency_MHz,RSSI_dBm,0.01,-0.05,0.98,0.24,0.31,0.49,40.55,-47.78,-44.60,1,0.00,0.00,0,0,0,4.15,0.00,51.0,0,00,1,$
#,050,87,82,29.00,941.00,10.00,Frequency_MHz,RSSI_dBm,0.02,-0.05,0.98,0.31,0.18,0.61,41.09,-47.72,-43.02,1,0.00,0.00,0,0,0,4.15,0.00,50.5,0,00,1,$
#,050,87,83,29.00,941.00,10.00,Frequency_MHz,RSSI_dBm,0.02,-0.06,1.00,0.12,0.12,0.61,40.81,-47.45,-42.99,1,0.00,0.00,0,0,0,4.15,0.00,52.7,0,00,1,$
#,050,87,83,29.00,941.00,10.00,Frequency_MHz,RSSI_dBm,0.02,-0.06,0.98,0.06,0.18,0.55,41.87,-48.10,-44.98,1,0.00,0.00,0,0,0,4.15,0.00,52.7,0,00,1,$
#,050,87,83,29.00,941.00,10.00,Frequency_MHz,RSSI_dBm,0.02,-0.05,0.98,0.18,0.43,0.61,42.13,-48.39,-45.67,1,0.00,0.00,0,0,0,4.15,0.00,52.7,0,00,1,$
#,050,87,83,29.00,941.00,10.00,Frequency_MHz,RSSI_dBm,0.01,-0.05,0.98,0.12,0.18,0.61,41.03,-48.10,-45.41,1,0.00,0.00,0,0,0,4.15,0.00,51.6,0,00,1,$
#,050,87,83,29.00,941.00,10.00,Frequency_MHz,RSSI_dBm,0.01,-0.05,0.98,0.31,0.31,0.61,40.82,-48.35,-44.25,1,0.00,0.00,0,0,0,4.15,0.00,52.1,0,00,1,$
#,050,87,83,29.00,941.00,10.00,Frequency_MHz,RSSI_dBm,0.01,-0.05,0.98,0.31,0.37,0.49,41.50,-48.40,-44.19,1,0.00,0.00,0,0,0,4.15,0.00,51.0,0,00,1,$
#,050,87,83,29.00,941.00,10.00,Frequency_MHz,RSSI_dBm,0.01,-0.05,0.98,0.06,0.06,0.73,41.50,-48.27,-44.56,1,0.00,0.00,0,0,0,4.15,0.00,52.1,0,00,1,$
#,050,88,83,29.00,941.00,10.00,Frequency_MHz,RSSI_dBm,0.02,-0.05,0.98,0.18,0.37,0.61,40.76,-47.38,-43.69,1,0.00,0.00,0,0,0,4.15,0.00,50.5,0,00,1,$
#,050,88,83,29.00,941.00,10.00,Frequency_MHz,RSSI_dBm,0.02,-0.05,0.98,0.06,0.31,0.55,40.55,-47.42,-42.90,1,0.00,0.00,0,0,0,4.15,0.00,51.0,0,00,1,$
#,050,88,83,29.00,941.00,10.00,Frequency_MHz,RSSI_dBm,0.01,-0.05,0.98,0.12,0.18,0.79,41.00,-47.44,-42.76,1,0.00,0.00,0,0,0,4.15,0.00,52.1,0,00,1,$
#,050,88,84,29.00,941.00,10.00,Frequency_MHz,RSSI_dBm,0.01,-0.05,0.98,0.12,0.37,0.55,40.69,-47.49,-43.49,1,0.00,0.00,0,0,0,4.15,0.00,51.6,0,00,1,$
#,050,88,84,29.00,941.00,10.00,Frequency_MHz,RSSI_dBm,0.02,-0.06,0.98,0.00,0.55,-4.15,41.36,-48.28,-45.51,1,0.00,0.00,0,0,0,4.15,0.00,50.5,0,00,1,$
#,050,88,84,29.00,941.00,10.00,Frequency_MHz,RSSI_dBm,0.01,-0.05,0.97,0.18,1.22,-8.06,40.83,-48.73,-45.39,1,0.00,0.00,0,0,0,4.15,0.00,50.5,0,00,1,$
#,050,88,84,29.00,941.00,10.00,Frequency_MHz,RSSI_dBm,0.01,-0.05,0.98,0.12,0.24,0.49,41.37,-49.08,-45.47,1,0.00,0.00,0,0,0,4.15,0.00,50.5,0,00,1,$
#,050,88,84,29.00,941.00,10.00,Frequency_MHz,RSSI_dBm,0.03,-0.05,0.97,0.06,1.04,-11.11,40.54,-49.10,-44.48,1,0.00,0.00,0,0,0,4.15,0.00,51.6,0,00,1,$
#,050,88,84,29.00,941.00,10.00,Frequency_MHz,RSSI_dBm,0.01,-0.05,0.98,0.18,0.24,0.73,40.33,-50.01,-45.51,1,0.00,0.00,0,0,0,4.15,0.00,51.0,0,00,1,$
#,050,88,84,29.00,941.00,10.00,Frequency_MHz,RSSI_dBm,0.02,-0.05,0.97,0.24,0.31,0.55,40.76,-50.02,-45.26,1,0.00,0.00,0,0,0,4.15,0.00,50.5,0,00,1,$
#,050,89,84,29.00,941.00,10.00,Frequency_MHz,RSSI_dBm,0.02,-0.05,0.97,0.12,0.43,0.61,39.67,-48.80,-44.65,1,0.00,0.00,0,0,0,4.15,0.00,50.5,0,00,1,$
#,050,89,84,29.00,941.00,10.00,Frequency_MHz,RSSI_dBm,0.01,-0.05,0.98,0.18,0.31,0.55,39.94,-48.85,-43.79,1,0.00,0.00,0,0,0,4.15,0.00,51.0,0,00,1,$
#,050,89,84,29.00,941.00,10.00,Frequency_MHz,RSSI_dBm,0.01,-0.05,0.98,0.12,0.24,0.49,40.12,-49.04,-43.63,1,0.00,0.00,0,0,0,4.15,0.00,50.5,0,00,1,$
#,050,89,85,29.00,941.00,10.00,Frequency_MHz,RSSI_dBm,0.02,-0.05,0.98,0.18,0.37,0.55,40.39,-49.30,-43.73,1,0.00,0.00,0,0,0,4.15,0.00,52.1,0,00,1,$
#,050,89,85,29.00,941.00,10.00,Frequency_MHz,RSSI_dBm,0.01,-0.05,0.98,0.12,0.37,0.37,41.09,-50.12,-45.73,1,0.00,0.00,0,0,0,4.15,0.00,52.1,0,00,1,$
#,050,89,85,29.00,941.00,10.00,Frequency_MHz,RSSI_dBm,0.02,-0.05,0.98,0.24,0.31,0.67,40.60,-50.50,-44.70,1,0.00,0.00,0,0,0,4.15,0.00,51.6,0,00,1,$
#,050,89,85,29.00,941.00,10.00,Frequency_MHz,RSSI_dBm,0.01,-0.05,0.98,0.43,0.43,0.55,40.31,-50.10,-45.10,1,0.00,0.00,0,0,0,4.15,0.00,52.7,0,00,1,$
#,050,89,85,29.00,941.00,10.00,Frequency_MHz,RSSI_dBm,0.02,-0.05,0.98,0.12,0.24,0.43,40.37,-49.79,-45.45,1,0.00,0.00,0,0,0,4.15,0.00,52.1,0,00,1,$
#,050,89,85,29.00,941.00,10.00,Frequency_MHz,RSSI_dBm,0.01,-0.05,0.98,0.18,0.24,0.61,40.21,-49.96,-45.83,1,0.00,0.00,0,0,0,4.15,0.00,51.0,0,00,1,$
#,050,90,85,29.00,941.00,10.00,Frequency_MHz,RSSI_dBm,0.02,-0.05,0.98,0.18,0.37,0.73,40.89,-49.77,-44.58,1,0.00,0.00,0,0,0,4.15,0.00,52.7,0,00,1,$
#,050,90,85,29.00,941.00,10.00,Frequency_MHz,RSSI_dBm,0.02,-0.05,0.98,0.06,0.43,0.43,39.47,-49.10,-42.76,1,0.00,0.00,0,0,0,4.15,0.00,52.1,0,00,1,$
#,050,90,85,29.00,941.00,10.00,Frequency_MHz,RSSI_dBm,0.02,-0.05,0.98,0.18,0.31,0.67,39.95,-49.35,-43.03,1,0.00,0.00,0,0,0,4.15,0.00,51.0,0,00,1,$
#,050,90,85,29.00,941.00,10.00,Frequency_MHz,RSSI_dBm,0.01,-0.05,0.98,0.06,0.37,0.61,39.55,-49.34,-43.77,1,0.00,0.00,0,0,0,4.15,0.00,51.6,0,00,1,$
#,050,90,86,29.00,941.00,10.00,Frequency_MHz,RSSI_dBm,0.02,-0.05,0.98,0.06,0.24,0.49,39.98,-48.82,-43.92,1,0.00,0.00,0,0,0,4.15,0.00,51.6,0,00,1,$
#,050,90,86,29.00,941.00,10.00,Frequency_MHz,RSSI_dBm,0.02,-0.05,0.98,0.24,0.18,0.73,40.65,-50.01,-45.62,1,0.00,0.00,0,0,0,4.15,0.00,51.6,0,00,1,$
#,050,90,86,29.00,941.00,10.00,Frequency_MHz,RSSI_dBm,0.01,-0.05,0.98,0.24,0.24,0.67,40.36,-50.13,-45.10,1,0.00,0.00,0,0,0,4.15,0.00,52.7,0,00,1,$
#,050,90,86,29.00,941.00,10.00,Frequency_MHz,RSSI_dBm,0.01,-0.05,0.98,0.12,0.37,0.61,39.78,-50.02,-45.17,1,0.00,0.00,0,0,0,4.15,0.00,53.2,0,00,1,$
#,050,90,86,29.00,941.00,10.00,Frequency_MHz,RSSI_dBm,0.01,-0.05,0.98,0.31,0.31,0.67,40.41,-49.96,-45.64,1,0.00,0.00,0,0,0,4.15,0.00,51.6,0,00,1,$
#,050,90,86,29.00,941.00,10.00,Frequency_MHz,RSSI_dBm,0.01,-0.05,0.98,0.12,0.24,0.55,40.75,-50.43,-45.10,1,0.00,0.00,0,0,0,4.15,0.00,52.7,0,00,1,$
#,050,91,86,29.00,941.00,10.00,Frequency_MHz,RSSI_dBm,0.01,-0.05,0.98,0.24,0.31,0.67,40.50,-50.50,-43.91,1,0.00,0.00,0,0,0,4.15,0.00,52.7,0,00,1,$
#,050,91,86,29.00,941.00,10.00,Frequency_MHz,RSSI_dBm,0.01,-0.05,0.98,0.12,0.37,0.55,40.15,-50.28,-45.15,1,0.00,0.00,0,0,0,4.15,0.00,53.2,0,00,1,$
#,050,91,86,29.00,941.00,10.00,Frequency_MHz,RSSI_dBm,0.01,-0.05,0.98,0.24,0.24,0.55,40.20,-49.38,-43.21,1,0.00,0.00,0,0,0,4.15,0.00,51.0,0,00,1,$
#,050,91,86,29.00,941.00,10.00,Frequency_MHz,RSSI_dBm,0.02,-0.05,0.98,0.18,0.31,0.73,40.21,-49.37,-43.40,1,0.00,0.00,0,0,0,4.15,0.00,51.6,0,00,1,$
#,050,91,87,29.00,941.00,10.00,Frequency_MHz,RSSI_dBm,0.01,-0.05,0.98,0.18,0.31,0.61,40.45,-49.76,-44.04,1,0.00,0.00,0,0,0,4.15,0.00,52.7,0,00,1,$
#,050,91,87,29.00,941.00,10.00,Frequency_MHz,RSSI_dBm,0.02,-0.05,0.98,0.18,0.37,0.49,40.64,-50.13,-45.01,1,0.00,0.00,0,0,0,4.15,0.00,53.2,0,00,1,$
#,050,91,87,29.00,941.00,10.00,Frequency_MHz,RSSI_dBm,0.02,-0.05,0.98,0.18,0.31,0.67,40.05,-50.45,-45.19,1,0.00,0.00,0,0,0,4.15,0.00,51.6,0,00,1,$
#,050,91,87,29.00,941.00,10.00,Frequency_MHz,RSSI_dBm,0.00,-0.05,0.98,0.24,0.43,0.67,40.09,-50.37,-44.63,1,0.00,0.00,0,0,0,4.15,0.00,51.6,0,00,1,$
#,050,91,87,29.00,941.00,10.00,Frequency_MHz,RSSI_dBm,0.02,-0.05,0.98,0.43,0.37,0.49,40.47,-50.21,-45.28,1,0.00,0.00,0,0,0,4.15,0.00,52.7,0,00,1,$
#,050,91,87,29.00,941.00,10.00,Frequency_MHz,RSSI_dBm,0.02,-0.05,0.98,0.24,0.37,0.67,40.77,-50.44,-45.75,1,0.00,0.00,0,0,0,4.15,0.00,52.7,0,00,1,$
#,050,92,87,29.00,941.00,10.00,Frequency_MHz,RSSI_dBm,0.01,-0.05,0.98,0.12,0.24,0.49,40.11,-50.17,-45.57,1,0.00,0.00,0,0,0,4.15,0.00,52.1,0,00,1,$
#,050,92,87,29.00,941.00,10.00,Frequency_MHz,RSSI_dBm,0.02,-0.05,0.99,0.06,0.18,0.55,40.12,-49.46,-43.80,1,0.00,0.00,0,0,0,4.15,0.00,51.6,0,00,1,$
#,050,92,87,29.00,941.00,10.00,Frequency_MHz,RSSI_dBm,0.02,-0.05,0.98,0.18,0.31,0.67,39.78,-49.00,-43.77,1,0.00,0.00,0,0,0,4.15,0.00,52.7,0,00,1,$
#,050,92,87,29.00,941.00,10.00,Frequency_MHz,RSSI_dBm,0.02,-0.05,0.98,0.18,0.31,0.55,40.05,-49.17,-42.87,1,0.00,0.00,0,0,0,4.15,0.00,52.7,0,00,1,$
#,050,92,88,29.00,941.00,10.00,Frequency_MHz,RSSI_dBm,0.02,-0.05,0.98,0.31,0.31,0.73,39.84,-49.63,-43.76,1,0.00,0.00,0,0,0,4.15,0.00,51.6,0,00,1,$
#,050,92,88,29.00,941.00,10.00,Frequency_MHz,RSSI_dBm,0.01,-0.05,0.98,0.24,0.24,0.55,40.36,-50.16,-45.03,1,0.00,0.00,0,0,0,4.15,0.00,52.1,0,00,1,$
#,050,92,88,29.00,941.00,10.00,Frequency_MHz,RSSI_dBm,0.02,-0.05,0.98,0.12,0.37,-1.10,39.89,-50.89,-45.09,1,0.00,0.00,0,0,0,4.15,0.00,53.8,0,00,1,$
#,050,92,88,29.00,941.00,10.00,Frequency_MHz,RSSI_dBm,0.02,-0.05,0.98,0.18,0.37,0.67,40.93,-49.98,-45.53,1,0.00,0.00,0,0,0,4.15,0.00,52.1,0,00,1,$
#,050,92,88,29.00,941.00,10.00,Frequency_MHz,RSSI_dBm,0.01,-0.05,0.98,0.18,0.31,0.61,40.11,-50.09,-45.47,1,0.00,0.00,0,0,0,4.15,0.00,53.2,0,00,1,$
#,050,93,88,29.00,941.00,10.00,Frequency_MHz,RSSI_dBm,0.02,-0.05,0.98,0.12,0.18,0.67,40.33,-50.05,-45.61,1,0.00,0.00,0,0,0,4.15,0.00,51.6,0,00,1,$
#,050,93,88,29.00,941.00,10.00,Frequency_MHz,RSSI_dBm,0.02,-0.05,0.98,0.31,0.43,0.55,40.67,-49.83,-45.87,1,0.00,0.00,0,0,0,4.15,0.00,52.1,0,00,1,$
#,050,93,88,29.00,941.00,10.00,Frequency_MHz,RSSI_dBm,0.02,-0.05,0.99,0.18,0.43,0.67,39.65,-49.46,-44.24,1,0.00,0.00,0,0,0,4.15,0.00,52.7,0,00,1,$
#,050,93,88,29.00,941.00,10.00,Frequency_MHz,RSSI_dBm,0.02,-0.05,0.98,0.43,0.37,0.61,39.93,-49.77,-44.09,1,0.00,0.00,0,0,0,4.15,0.00,51.6,0,00,1,$
#,050,93,88,29.00,941.00,10.00,Frequency_MHz,RSSI_dBm,0.02,-0.06,0.98,0.18,0.37,0.49,39.67,-49.72,-44.46,1,0.00,0.00,0,0,0,4.15,0.00,53.2,0,00,1,$
#,050,93,89,29.00,941.00,10.00,Frequency_MHz,RSSI_dBm,0.01,-0.06,0.98,0.37,0.49,0.55,39.75,-49.55,-43.62,1,0.00,0.00,0,0,0,4.15,0.00,53.2,0,00,1,$
#,050,93,89,29.00,941.00,10.00,Frequency_MHz,RSSI_dBm,0.02,-0.05,0.98,0.24,0.24,0.61,40.00,-50.51,-45.39,1,0.00,0.00,0,0,0,4.15,0.00,52.1,0,00,1,$
#,050,93,89,29.00,941.00,10.00,Frequency_MHz,RSSI_dBm,0.01,-0.05,0.98,0.12,0.31,0.61,40.39,-50.52,-45.56,1,0.00,0.00,0,0,0,4.15,0.00,52.7,0,00,1,$
#,050,93,89,29.00,941.00,10.00,Frequency_MHz,RSSI_dBm,0.02,-0.04,0.96,0.18,0.24,0.61,40.33,-50.18,-45.83,1,0.00,0.00,0,0,0,4.15,0.00,51.6,0,00,1,$
#,050,93,89,29.00,941.00,10.00,Frequency_MHz,RSSI_dBm,0.03,-0.06,0.98,0.12,0.37,0.55,40.59,-50.51,-45.08,1,0.00,0.00,0,0,0,4.15,0.00,52.1,0,00,1,$
#,050,94,89,29.00,941.00,10.00,Frequency_MHz,RSSI_dBm,0.02,-0.05,0.98,0.18,0.18,0.55,39.95,-50.46,-44.48,1,0.00,0.00,0,0,0,4.15,0.00,52.7,0,00,1,$
#,050,94,89,29.00,941.00,10.00,Frequency_MHz,RSSI_dBm,0.01,-0.05,0.97,0.12,0.24,0.55,40.11,-50.12,-45.08,1,0.00,0.00,0,0,0,4.15,0.00,52.1,0,00,1,$
#,050,94,89,29.00,941.00,10.00,Frequency_MHz,RSSI_dBm,0.02,-0.05,0.98,0.24,0.37,0.55,40.21,-50.67,-44.76,1,0.00,0.00,0,0,0,4.15,0.00,52.1,0,00,1,$
#,050,94,89,29.00,941.00,10.00,Frequency_MHz,RSSI_dBm,0.02,-0.05,0.98,0.18,0.24,0.67,40.15,-49.78,-42.80,1,0.00,0.00,0,0,0,4.15,0.00,53.2,0,00,1,$
#,050,94,89,29.00,941.00,10.00,Frequency_MHz,RSSI_dBm,0.02,-0.05,0.98,0.24,0.31,0.55,39.77,-49.49,-43.77,1,0.00,0.00,0,0,0,4.15,0.00,51.6,0,00,1,$
#,050,94,90,29.00,941.00,10.00,Frequency_MHz,RSSI_dBm,0.02,-0.05,0.98,0.31,0.37,0.61,39.39,-49.66,-43.92,1,0.00,0.00,0,0,0,4.15,0.00,51.6,0,00,1,$
#,050,94,90,29.00,941.00,10.00,Frequency_MHz,RSSI_dBm,0.01,-0.05,0.98,0.24,0.43,0.61,40.16,-50.34,-45.12,1,0.00,0.00,0,0,0,4.15,0.00,53.2,0,00,1,$
#,050,94,90,29.00,941.00,10.00,Frequency_MHz,RSSI_dBm,0.02,-0.05,0.98,0.37,0.24,0.55,40.32,-50.23,-45.62,1,0.00,0.00,0,0,0,4.15,0.00,52.1,0,00,1,$
#,050,95,90,29.00,941.00,10.00,Frequency_MHz,RSSI_dBm,0.01,-0.05,0.98,0.24,0.24,0.61,40.86,-49.56,-44.78,1,0.00,0.00,0,0,0,4.15,0.00,51.6,0,00,1,$
#,050,95,90,29.00,941.00,10.00,Frequency_MHz,RSSI_dBm,0.02,-0.05,0.98,0.24,0.43,0.67,40.71,-50.37,-45.13,1,0.00,0.00,0,0,0,4.15,0.00,52.7,0,00,1,$
#,050,95,90,29.00,941.00,10.00,Frequency_MHz,RSSI_dBm,0.02,-0.05,0.98,0.18,0.37,0.49,40.62,-50.46,-45.24,1,0.00,0.00,0,0,0,4.15,0.00,51.0,0,00,1,$
#,050,95,90,29.00,941.00,10.00,Frequency_MHz,RSSI_dBm,0.02,-0.05,0.98,0.31,0.37,0.61,39.81,-49.66,-43.97,1,0.00,0.00,0,0,0,4.15,0.00,51.6,0,00,1,$
#,050,95,90,29.00,941.00,10.00,Frequency_MHz,RSSI_dBm,0.02,-0.05,0.98,0.24,0.24,0.73,39.48,-49.49,-43.20,1,0.00,0.00,0,0,0,4.15,0.00,52.7,0,00,1,$
#,050,95,90,29.00,941.00,10.00,Frequency_MHz,RSSI_dBm,0.02,-0.05,0.98,0.12,0.37,0.43,40.17,-49.54,-43.87,1,0.00,0.00,0,0,0,4.15,0.00,52.7,0,00,1,$
#,050,95,91,29.00,941.00,10.00,Frequency_MHz,RSSI_dBm,0.02,-0.05,0.98,0.12,0.37,0.61,39.26,-49.77,-43.65,1,0.00,0.00,0,0,0,4.15,0.00,52.7,0,00,1,$
#,050,95,91,29.00,941.00,10.00,Frequency_MHz,RSSI_dBm,0.02,-0.05,0.98,0.18,0.31,0.67,40.75,-50.29,-45.68,1,0.00,0.00,0,0,0,4.15,0.00,52.1,0,00,1,$
#,050,95,91,29.00,941.00,10.00,Frequency_MHz,RSSI_dBm,0.02,-0.05,0.98,0.37,0.31,0.73,40.82,-50.21,-44.51,1,0.00,0.00,0,0,0,4.15,0.00,52.1,0,00,1,$
#,050,95,91,29.00,941.00,10.00,Frequency_MHz,RSSI_dBm,0.02,-0.05,0.96,0.18,0.18,0.67,40.73,-49.71,-45.13,1,0.00,0.00,0,0,0,4.15,0.00,51.6,0,00,1,$
#,050,96,91,29.00,941.00,10.00,Frequency_MHz,RSSI_dBm,0.02,-0.05,0.99,0.31,0.37,0.73,40.73,-50.40,-44.43,1,0.00,0.00,0,0,0,4.15,0.00,51.0,0,00,1,$
#,050,96,91,29.00,941.00,10.00,Frequency_MHz,RSSI_dBm,0.01,-0.05,0.98,0.18,0.31,0.61,40.36,-49.89,-44.09,1,0.00,0.00,0,0,0,4.15,0.00,52.1,0,00,1,$
#,050,96,91,29.00,941.00,10.00,Frequency_MHz,RSSI_dBm,0.02,-0.05,0.98,0.06,0.43,0.49,40.89,-50.23,-44.92,1,0.00,0.00,0,0,0,4.15,0.00,52.7,0,00,1,$
#,050,96,91,29.00,941.00,10.00,Frequency_MHz,RSSI_dBm,0.02,-0.04,0.98,0.31,0.31,0.67,40.41,-50.43,-45.76,1,0.00,0.00,0,0,0,4.15,0.00,52.7,0,00,1,$
#,050,96,91,29.00,941.00,10.00,Frequency_MHz,RSSI_dBm,0.01,-0.05,0.99,0.18,0.18,0.61,39.61,-49.19,-43.30,1,0.00,0.00,0,0,0,4.15,0.00,52.7,0,00,1,$
#,050,96,91,29.00,941.00,10.00,Frequency_MHz,RSSI_dBm,0.01,-0.05,0.98,0.12,0.24,0.67,39.49,-48.77,-43.35,1,0.00,0.00,0,0,0,4.15,0.00,51.0,0,00,1,$
#,050,96,92,29.00,941.00,10.00,Frequency_MHz,RSSI_dBm,0.01,-0.05,0.98,0.06,0.24,0.61,40.06,-49.11,-45.50,1,0.00,0.00,0,0,0,4.15,0.00,51.6,0,00,1,$
#,050,96,92,29.00,941.00,10.00,Frequency_MHz,RSSI_dBm,0.02,-0.05,0.98,0.24,0.37,0.55,40.32,-48.90,-44.89,1,0.00,0.00,0,0,0,4.15,0.00,52.7,0,00,1,$
#,050,96,92,29.00,941.00,10.00,Frequency_MHz,RSSI_dBm,0.02,-0.06,0.98,0.31,0.49,0.49,40.95,-49.93,-45.30,1,0.00,0.00,0,0,0,4.15,0.00,51.6,0,00,1,$
#,050,97,92,29.00,941.00,10.00,Frequency_MHz,RSSI_dBm,0.02,-0.05,0.98,0.24,0.31,0.61,40.49,-50.29,-45.07,1,0.00,0.00,0,0,0,4.15,0.00,51.6,0,00,1,$
#,050,97,92,29.00,941.00,10.00,Frequency_MHz,RSSI_dBm,-0.00,-0.05,1.02,-0.06,-0.43,0.61,40.26,-50.27,-45.92,1,0.00,0.00,0,0,0,4.15,0.00,50.5,0,00,1,$
#,050,97,92,29.00,941.00,10.00,Frequency_MHz,RSSI_dBm,0.01,-0.04,0.97,0.12,0.12,0.79,40.43,-50.27,-45.34,1,0.00,0.00,0,0,0,4.15,0.00,52.1,0,00,1,$
#,050,97,92,29.00,941.00,10.00,Frequency_MHz,RSSI_dBm,0.02,-0.05,1.00,0.24,0.37,0.61,40.59,-50.17,-45.84,1,0.00,0.00,0,0,0,4.15,0.00,52.7,0,00,1,$
#,050,97,92,29.00,941.00,10.00,Frequency_MHz,RSSI_dBm,0.01,-0.05,0.97,0.06,0.31,0.61,39.84,-49.65,-43.97,1,0.00,0.00,0,0,0,4.15,0.00,51.0,0,00,1,$
#,050,97,92,29.00,941.00,10.00,Frequency_MHz,RSSI_dBm,0.02,-0.05,0.99,0.31,0.43,0.73,39.51,-49.71,-42.80,1,0.00,0.00,0,0,0,4.15,0.00,52.1,0,00,1,$
#,050,97,92,29.00,941.00,10.00,Frequency_MHz,RSSI_dBm,0.01,-0.05,0.98,0.12,0.12,0.61,39.76,-49.34,-43.31,1,0.00,0.00,0,0,0,4.15,0.00,50.5,0,00,1,$
#,050,97,93,29.00,941.00,10.00,Frequency_MHz,RSSI_dBm,0.01,-0.05,0.98,0.18,0.55,0.61,39.36,-49.35,-44.12,1,0.00,0.00,0,0,0,4.15,0.00,51.0,0,00,1,$
#,050,97,93,29.00,941.00,10.00,Frequency_MHz,RSSI_dBm,0.02,-0.05,0.98,-0.06,0.24,0.49,40.04,-50.18,-45.24,1,0.00,0.00,0,0,0,4.15,0.00,51.0,0,00,1,$
#,050,97,93,29.00,941.00,10.00,Frequency_MHz,RSSI_dBm,0.02,-0.05,0.98,0.24,0.37,0.61,40.28,-50.16,-45.54,1,0.00,0.00,0,0,0,4.15,0.00,52.1,0,00,1,$
#,050,98,93,29.00,941.00,10.00,Frequency_MHz,RSSI_dBm,0.02,-0.05,0.99,0.12,0.37,0.61,40.01,-50.28,-45.72,1,0.00,0.00,0,0,0,4.15,0.00,52.7,0,00,1,$
#,050,98,93,29.00,941.00,10.00,Frequency_MHz,RSSI_dBm,0.01,-0.05,0.98,0.24,0.31,0.67,40.60,-50.40,-45.58,1,0.00,0.00,0,0,0,4.15,0.00,52.1,0,00,1,$
#,050,98,93,29.00,941.00,10.00,Frequency_MHz,RSSI_dBm,0.02,-0.05,0.98,0.18,0.31,0.61,40.09,-50.89,-45.41,1,0.00,0.00,0,0,0,4.15,0.00,51.6,0,00,1,$
#,050,98,93,29.00,941.00,10.00,Frequency_MHz,RSSI_dBm,0.01,-0.04,0.95,0.24,0.49,0.55,41.31,-50.87,-44.86,1,0.00,0.00,0,0,0,4.15,0.00,53.2,0,00,1,$
#,050,98,93,29.00,941.00,10.00,Frequency_MHz,RSSI_dBm,0.02,-0.06,1.00,0.24,0.43,0.73,39.93,-49.62,-43.90,1,0.00,0.00,0,0,0,4.15,0.00,52.1,0,00,1,$
#,050,98,93,29.00,941.00,10.00,Frequency_MHz,RSSI_dBm,0.01,-0.05,0.97,0.12,0.18,0.61,40.37,-49.43,-44.32,1,0.00,0.00,0,0,0,4.15,0.00,52.7,0,00,1,$
#,050,98,93,29.00,941.00,10.00,Frequency_MHz,RSSI_dBm,0.01,-0.05,0.97,0.06,0.31,0.55,40.47,-48.93,-43.62,1,0.00,0.00,0,0,0,4.15,0.00,52.1,0,00,1,$
#,050,98,94,29.00,941.00,10.00,Frequency_MHz,RSSI_dBm,0.02,-0.05,0.99,0.24,0.31,0.61,40.72,-49.24,-42.94,1,0.00,0.00,0,0,0,4.15,0.00,53.8,0,00,1,$
#,050,98,94,29.00,941.00,10.00,Frequency_MHz,RSSI_dBm,0.02,-0.05,0.98,0.24,0.24,0.67,40.37,-50.52,-45.01,1,0.00,0.00,0,0,0,4.15,0.00,52.7,0,00,1,$
#,050,99,94,29.00,941.00,10.00,Frequency_MHz,RSSI_dBm,0.02,-0.05,0.98,0.18,0.49,0.55,41.11,-50.40,-44.53,1,0.00,0.00,0,0,0,4.15,0.00,52.1,0,00,1,$
#,050,99,94,29.00,941.00,10.00,Frequency_MHz,RSSI_dBm,0.02,-0.05,0.98,0.31,0.37,0.67,39.84,-50.65,-44.67,1,0.00,0.00,0,0,0,4.15,0.00,52.1,0,00,1,$
#,050,99,94,29.00,941.00,10.00,Frequency_MHz,RSSI_dBm,0.01,-0.05,0.98,0.00,0.18,0.61,40.49,-50.39,-45.25,1,0.00,0.00,0,0,0,4.15,0.00,52.1,0,00,1,$
#,050,99,94,29.00,941.00,10.00,Frequency_MHz,RSSI_dBm,0.02,-0.05,0.98,0.06,0.31,0.49,41.13,-50.37,-44.70,1,0.00,0.00,0,0,0,4.15,0.00,52.1,0,00,1,$
#,050,99,94,29.00,941.00,10.00,Frequency_MHz,RSSI_dBm,0.02,-0.05,0.98,0.24,0.31,0.55,40.64,-50.46,-45.10,1,0.00,0.00,0,0,0,4.15,0.00,52.1,0,00,1,$
#,050,99,94,29.00,941.00,10.00,Frequency_MHz,RSSI_dBm,0.02,-0.06,0.94,0.24,0.37,0.55,40.49,-50.05,-45.24,1,0.00,0.00,0,0,0,4.15,0.00,52.1,0,00,1,$
#,050,99,94,29.00,941.00,10.00,Frequency_MHz,RSSI_dBm,0.02,-0.05,0.95,0.24,0.31,0.55,39.94,-49.01,-43.96,1,0.00,0.00,0,0,0,4.15,0.00,51.6,0,00,1,$
#,050,99,94,29.00,941.00,10.00,Frequency_MHz,RSSI_dBm,0.02,-0.06,0.98,0.24,0.43,0.67,39.84,-49.39,-43.79,1,0.00,0.00,0,0,0,4.15,0.00,52.7,0,00,1,$
#,050,99,95,29.00,941.00,10.00,Frequency_MHz,RSSI_dBm,0.02,-0.05,0.98,0.00,0.49,0.61,40.76,-49.61,-43.84,1,0.00,0.00,0,0,0,4.15,0.00,54.3,0,00,1,$
#,050,99,95,29.00,941.00,10.00,Frequency_MHz,RSSI_dBm,0.02,-0.06,0.99,0.18,0.31,0.55,41.38,-49.55,-42.85,1,0.00,0.00,0,0,0,4.15,0.00,53.2,0,00,1,$
#,050,100,95,29.00,941.00,10.00,Frequency_MHz,RSSI_dBm,0.02,-0.06,1.00,0.12,0.49,0.67,40.75,-50.28,-45.09,1,0.00,0.00,0,0,0,4.15,0.00,52.7,0,00,1,$
#,050,100,95,29.00,941.00,10.00,Frequency_MHz,RSSI_dBm,0.01,-0.05,0.98,0.24,0.31,0.61,40.15,-49.88,-46.13,1,0.00,0.00,0,0,0,4.15,0.00,52.7,0,00,1,$
#,050,100,95,29.00,941.00,10.00,Frequency_MHz,RSSI_dBm,0.01,-0.05,0.98,0.24,0.24,0.61,39.75,-50.67,-45.35,1,0.00,0.00,0,0,0,4.15,0.00,52.1,0,00,1,$
#,050,100,95,29.00,941.00,10.00,Frequency_MHz,RSSI_dBm,0.02,-0.05,0.98,0.18,0.37,0.55,40.06,-50.46,-46.52,1,0.00,0.00,0,0,0,4.15,0.00,52.7,0,00,1,$
#,050,100,95,29.00,941.00,10.00,Frequency_MHz,RSSI_dBm,0.02,-0.05,0.98,0.12,0.18,0.61,40.78,-50.35,-45.19,1,0.00,0.00,0,0,0,4.15,0.00,52.1,0,00,1,$
#,050,100,95,29.00,941.00,10.00,Frequency_MHz,RSSI_dBm,0.02,-0.05,0.98,0.24,0.31,0.61,39.78,-48.56,-44.31,1,0.00,0.00,0,0,0,4.15,0.00,52.7,0,00,1,$
#,050,100,95,29.00,941.00,10.00,Frequency_MHz,RSSI_dBm,0.02,-0.06,0.98,0.31,0.31,0.67,40.05,-49.67,-44.14,1,0.00,0.00,0,0,0,4.15,0.00,52.7,0,00,1,$
#,050,100,95,29.00,941.00,10.00,Frequency_MHz,RSSI_dBm,0.02,-0.05,0.98,0.18,0.31,0.67,39.78,-49.30,-44.56,1,0.00,0.00,0,0,0,4.15,0.00,53.8,0,00,1,$
#,050,100,96,29.00,941.00,10.00,Frequency_MHz,RSSI_dBm,0.01,-0.05,0.98,0.18,0.31,0.55,39.44,-49.17,-44.17,1,0.00,0.00,0,0,0,4.15,0.00,53.8,0,00,1,$
#,050,101,96,29.00,941.00,10.00,Frequency_MHz,RSSI_dBm,0.02,-0.05,0.99,0.12,0.43,0.61,40.45,-49.58,-44.92,1,0.00,0.00,0,0,0,4.15,0.00,53.8,0,00,1,$
#,050,101,96,29.00,941.00,10.00,Frequency_MHz,RSSI_dBm,0.02,-0.05,0.98,0.24,0.31,0.61,40.71,-50.00,-45.00,1,0.00,0.00,0,0,0,4.15,0.00,53.8,0,00,1,$
#,050,101,96,29.00,941.00,10.00,Frequency_MHz,RSSI_dBm,0.01,-0.05,0.98,0.18,0.43,0.61,40.30,-50.11,-45.19,1,0.00,0.00,0,0,0,4.15,0.00,52.1,0,00,1,$
#,050,101,96,29.00,941.00,10.00,Frequency_MHz,RSSI_dBm,0.01,-0.05,0.98,0.00,0.24,0.67,40.19,-49.80,-45.30,1,0.00,0.00,0,0,0,4.15,0.00,54.3,0,00,1,$
#,050,101,96,29.00,941.00,10.00,Frequency_MHz,RSSI_dBm,0.02,-0.05,0.98,0.24,0.49,0.67,40.77,-49.87,-44.14,1,0.00,0.00,0,0,0,4.15,0.00,52.1,0,00,1,$
#,050,101,96,29.00,941.00,10.00,Frequency_MHz,RSSI_dBm,0.01,-0.05,0.98,0.24,0.31,0.55,40.76,-50.10,-45.24,1,0.00,0.00,0,0,0,4.15,0.00,53.8,0,00,1,$
#,050,0,0,Temperature,Pressure,Altitude,Frequency_MHz,RSSI_dBm,ax,ay,az,gx,gy,gz,mx,my,mz,1,0.00,0.00,0,0,0,4.08,-0.00,51.6,0,00,1,$
#,050,0,0,Temperature,Pressure,Altitude,Frequency_MHz,RSSI_dBm,ax,ay,az,gx,gy,gz,mx,my,mz,1,0.00,0.00,0,0,0,4.06,0.00,52.1,0,00,1,$
#,050,0,0,Temperature,Pressure,Altitude,Frequency_MHz,RSSI_dBm,ax,ay,az,gx,gy,gz,mx,my,mz,1,0.00,0.00,0,0,0,4.06,0.00,52.7,0,00,1,$
#,050,0,0,Temperature,Pressure,Altitude,Frequency_MHz,RSSI_dBm,ax,ay,az,gx,gy,gz,mx,my,mz,1,0.00,0.00,0,0,0,4.06,0.00,52.1,0,00,1,$
#,050,0,0,Temperature,Pressure,Altitude,Frequency_MHz,RSSI_dBm,ax,ay,az,gx,gy,gz,mx,my,mz,1,0.00,0.00,0,0,0,4.06,0.00,52.7,0,00,1,$
#,050,0,0,Temperature,Pressure,Altitude,Frequency_MHz,RSSI_dBm,ax,ay,az,gx,gy,gz,mx,my,mz,1,0.00,0.00,0,0,0,4.06,0.00,52.7,0,00,1,$
#,050,0,0,Temperature,Pressure,Altitude,Frequency_MHz,RSSI_dBm,ax,ay,az,gx,gy,gz,mx,my,mz,1,0.00,0.00,0,0,0,4.06,0.00,52.1,0,00,1,$
#,050,0,0,Temperature,Pressure,Altitude,Frequency_MHz,RSSI_dBm,ax,ay,az,gx,gy,gz,mx,my,mz,1,0.00,0.00,0,0,0,4.06,0.00,52.1,0,00,1,$
#,050,0,0,Temperature,Pressure,Altitude,Frequency_MHz,RSSI_dBm,ax,ay,az,gx,gy,gz,mx,my,mz,1,0.00,0.00,0,0,0,4.06,0.00,52.7,0,00,1,$
#,050,0,0,Temperature,Pressure,Altitude,Frequency_MHz,RSSI_dBm,ax,ay,az,gx,gy,gz,mx,my,mz,1,0.00,0.00,0,0,0,4.06,0.00,53.8,0,00,1,$
#,050,1,0,Temperature,Pressure,Altitude,Frequency_MHz,RSSI_dBm,ax,ay,az,gx,gy,gz,mx,my,mz,1,0.00,0.00,0,0,0,4.06,0.00,52.7,0,00,1,$
#,050,1,0,Temperature,Pressure,Altitude,Frequency_MHz,RSSI_dBm,ax,ay,az,gx,gy,gz,mx,my,mz,1,0.00,0.00,0,0,0,4.06,0.00,52.7,0,00,1,$
#,050,1,1,Temperature,Pressure,Altitude,Frequency_MHz,RSSI_dBm,ax,ay,az,gx,gy,gz,mx,my,mz,1,0.00,0.00,0,0,0,4.06,0.00,52.7,0,00,1,$
#,050,1,1,Temperature,Pressure,Altitude,Frequency_MHz,RSSI_dBm,ax,ay,az,gx,gy,gz,mx,my,mz,1,0.00,0.00,0,0,0,4.06,0.00,52.7,0,00,1,$
#,050,1,1,Temperature,Pressure,Altitude,Frequency_MHz,RSSI_dBm,ax,ay,az,gx,gy,gz,mx,my,mz,1,0.00,0.00,0,0,0,4.06,0.00,52.7,0,00,1,$
#,050,1,1,Temperature,Pressure,Altitude,Frequency_MHz,RSSI_dBm,ax,ay,az,gx,gy,gz,mx,my,mz,1,0.00,0.00,0,0,0,4.06,0.00,53.8,0,00,1,$
#,050,1,1,Temperature,Pressure,Altitude,Frequency_MHz,RSSI_dBm,ax,ay,az,gx,gy,gz,mx,my,mz,1,0.00,0.00,0,0,0,4.06,0.00,52.7,0,00,1,$
#,050,1,1,Temperature,Pressure,Altitude,Frequency_MHz,RSSI_dBm,ax,ay,az,gx,gy,gz,mx,my,mz,1,0.00,0.00,0,0,0,4.06,0.00,53.2,0,00,1,$
#,050,1,1,Temperature,Pressure,Altitude,Frequency_MHz,RSSI_dBm,ax,ay,az,gx,gy,gz,mx,my,mz,1,0.00,0.00,0,0,0,4.06,0.00,53.8,0,00,1,$
#,050,1,1,Temperature,Pressure,Altitude,Frequency_MHz,RSSI_dBm,ax,ay,az,gx,gy,gz,mx,my,mz,1,0.00,0.00,0,0,0,4.06,0.00,53.2,0,00,1,$
#,050,2,1,Temperature,Pressure,Altitude,Frequency_MHz,RSSI_dBm,ax,ay,az,gx,gy,gz,mx,my,mz,1,0.00,0.00,0,0,0,4.06,0.00,52.7,0,00,1,$
#,050,2,1,Temperature,Pressure,Altitude,Frequency_MHz,RSSI_dBm,ax,ay,az,gx,gy,gz,mx,my,mz,1,0.00,0.00,0,0,0,4.06,0.00,52.1,0,00,1,$
#,050,2,2,Temperature,Pressure,Altitude,Frequency_MHz,RSSI_dBm,ax,ay,az,gx,gy,gz,mx,my,mz,1,0.00,0.00,0,0,0,4.06,0.00,53.8,0,00,1,$
#,050,0,0,29.00,940.25,10.00,Frequency_MHz,RSSI_dBm,0.01,-0.05,0.97,1.04,1.40,1.59,60.78,-46.69,-23.13,1,0.00,0.00,0,0,0,4.06,0.00,50.5,0,00,1,$
#,050,0,0,29.00,940.25,10.00,Frequency_MHz,RSSI_dBm,0.01,-0.05,0.97,1.04,1.40,1.59,60.78,-46.69,-23.13,1,0.00,0.00,0,0,0,4.06,0.00,51.0,0,00,1,$
#,050,0,0,29.00,940.25,10.00,Frequency_MHz,RSSI_dBm,0.01,-0.05,0.97,1.04,1.40,1.59,60.78,-46.69,-23.13,1,0.00,0.00,0,0,0,4.06,0.00,49.4,0,00,1,$
#,050,0,0,29.00,940.25,10.00,Frequency_MHz,RSSI_dBm,0.01,-0.05,0.97,1.04,1.34,1.53,60.68,-47.33,-22.17,1,0.00,0.00,0,0,0,4.06,0.00,49.9,0,00,1,$
#,050,0,0,29.00,940.25,10.00,Frequency_MHz,RSSI_dBm,0.01,-0.05,0.97,1.04,1.34,1.53,60.68,-47.33,-22.17,1,0.00,0.00,0,0,0,4.06,0.00,50.5,0,00,1,$
#,050,0,0,29.00,940.25,10.00,Frequency_MHz,RSSI_dBm,0.01,-0.05,0.97,1.04,1.34,1.53,60.68,-47.33,-22.17,1,0.00,0.00,0,0,0,4.06,0.00,49.9,0,00,1,$
#,050,0,0,29.00,940.25,10.00,Frequency_MHz,RSSI_dBm,0.01,-0.05,0.97,0.92,1.40,1.46,60.67,-46.63,-21.56,1,0.00,0.00,0,0,0,4.06,0.00,50.5,0,00,1,$
#,050,0,0,29.00,940.25,10.00,Frequency_MHz,RSSI_dBm,0.01,-0.05,0.97,0.92,1.40,1.46,60.67,-46.63,-21.56,1,0.00,0.00,0,0,0,4.06,0.00,49.9,0,00,1,$
#,050,0,0,29.00,940.25,10.00,Frequency_MHz,RSSI_dBm,0.01,-0.05,0.97,0.92,1.40,1.46,60.67,-46.63,-21.56,1,0.00,0.00,0,0,0,4.06,0.00,51.0,0,00,1,$
#,050,0,0,29.00,940.25,10.00,Frequency_MHz,RSSI_dBm,0.01,-0.05,0.97,1.10,1.53,1.46,60.72,-46.57,-22.77,1,0.00,0.00,0,0,0,4.06,0.00,50.5,0,00,1,$
#,050,1,0,29.00,940.25,10.00,Frequency_MHz,RSSI_dBm,0.01,-0.05,0.97,1.10,1.53,1.46,60.72,-46.57,-22.77,1,0.00,0.00,0,0,0,4.06,0.00,51.0,0,00,1,$
#,050,1,0,29.00,940.25,10.00,Frequency_MHz,RSSI_dBm,0.01,-0.05,0.97,1.10,1.53,1.46,60.72,-46.57,-22.77,1,0.00,0.00,0,0,0,4.06,0.00,49.9,0,00,1,$
#,050,1,1,29.00,940.25,10.00,Frequency_MHz,RSSI_dBm,0.01,-0.05,0.97,1.04,1.40,1.65,60.18,-46.52,-22.23,1,0.00,0.00,0,0,0,4.06,0.00,50.5,0,00,1,$
#,050,1,1,29.00,940.25,10.00,Frequency_MHz,RSSI_dBm,0.01,-0.05,0.97,1.04,1.40,1.65,60.18,-46.52,-22.23,1,0.00,0.00,0,0,0,4.06,0.00,51.6,0,00,1,$
#,050,1,1,29.00,940.25,10.00,Frequency_MHz,RSSI_dBm,0.01,-0.05,0.97,1.04,1.40,1.65,60.18,-46.52,-22.23,1,0.00,0.00,0,0,0,4.06,0.00,50.5,0,00,1,$
#,050,1,1,29.00,940.25,10.00,Frequency_MHz,RSSI_dBm,0.01,-0.05,0.97,0.98,1.46,1.65,59.92,-46.92,-22.44,1,0.00,0.00,0,0,0,4.06,0.00,50.5,0,00,1,$
#,050,1,1,29.00,940.25,10.00,Frequency_MHz,RSSI_dBm,0.01,-0.05,0.97,0.98,1.46,1.65,59.92,-46.92,-22.44,1,0.00,0.00,0,0,0,4.06,0.00,49.9,0,00,1,$
#,050,1,1,29.00,940.25,10.00,Frequency_MHz,RSSI_dBm,0.01,-0.05,0.97,0.98,1.46,1.65,59.92,-46.92,-22.44,1,0.00,0.00,0,0,0,4.06,0.00,50.5,0,00,1,$
#,050,1,1,29.00,940.25,10.00,Frequency_MHz,RSSI_dBm,0.01,-0.05,0.97,1.10,1.40,1.65,60.90,-47.40,-23.38,1,0.00,0.00,0,0,0,4.06,0.00,49.9,0,00,1,$
#,050,1,1,29.00,940.25,10.00,Frequency_MHz,RSSI_dBm,0.01,-0.05,0.97,1.10,1.40,1.65,60.90,-47.40,-23.38,1,0.00,0.00,0,0,0,4.06,0.00,51.6,0,00,1,$
#,050,2,1,29.00,940.25,10.00,Frequency_MHz,RSSI_dBm,0.01,-0.05,0.97,1.10,1.40,1.65,60.90,-47.40,-23.38,1,0.00,0.00,0,0,0,4.06,0.00,49.9,0,00,1,$
#,050,2,1,29.00,940.25,10.00,Frequency_MHz,RSSI_dBm,0.01,-0.05,0.97,1.10,1.65,1.46,60.60,-46.18,-21.91,1,0.00,0.00,0,0,0,4.06,0.00,51.0,0,00,1,$
#,050,2,2,29.00,940.25,10.00,Frequency_MHz,RSSI_dBm,0.01,-0.05,0.97,1.10,1.65,1.46,60.60,-46.18,-21.91,1,0.00,0.00,0,0,0,4.06,0.00,50.5,0,00,1,$
#,050,2,2,29.00,940.25,10.00,Frequency_MHz,RSSI_dBm,0.01,-0.05,0.97,0.98,1.59,1.46,60.45,-47.33,-22.11,1,0.00,0.00,0,0,0,4.06,0.00,51.6,0,00,1,$
#,050,2,2,29.00,940.25,10.00,Frequency_MHz,RSSI_dBm,0.01,-0.05,0.97,0.98,1.59,1.46,60.45,-47.33,-22.11,1,0.00,0.00,0,0,0,4.06,0.00,49.9,0,00,1,$
#,050,2,2,29.00,940.25,10.00,Frequency_MHz,RSSI_dBm,0.01,-0.05,0.97,0.98,1.59,1.46,60.45,-47.33,-22.11,1,0.00,0.00,0,0,0,4.06,0.00,51.6,0,00,1,$
#,050,2,2,29.00,940.25,10.00,Frequency_MHz,RSSI_dBm,0.01,-0.05,0.97,1.04,1.59,1.46,60.46,-47.40,-21.53,1,0.00,0.00,0,0,0,4.06,0.00,51.0,0,00,1,$
#,050,2,2,29.00,940.25,10.00,Frequency_MHz,RSSI_dBm,0.01,-0.05,0.97,1.04,1.59,1.46,60.46,-47.40,-21.53,1,0.00,0.00,0,0,0,4.06,0.00,51.6,0,00,1,$
#,050,2,2,29.00,940.25,10.00,Frequency_MHz,RSSI_dBm,0.01,-0.05,0.97,1.04,1.59,1.46,60.46,-47.40,-21.53,1,0.00,0.00,0,0,0,4.06,0.00,51.0,0,00,1,$
#,050,3,2,29.00,940.25,10.00,Frequency_MHz,RSSI_dBm,0.01,-0.05,0.97,0.98,1.40,1.59,59.88,-46.61,-22.28,1,0.00,0.00,0,0,0,4.06,0.00,49.9,0,00,1,$
#,050,3,2,29.00,940.25,10.00,Frequency_MHz,RSSI_dBm,0.01,-0.05,0.97,0.98,1.40,1.59,59.88,-46.61,-22.28,1,0.00,0.00,0,0,0,4.06,0.00,49.9,0,00,1,$
#,050,3,2,29.00,940.25,10.00,Frequency_MHz,RSSI_dBm,0.01,-0.05,0.97,0.98,1.40,1.59,59.88,-46.61,-22.28,1,0.00,0.00,0,0,0,4.06,0.00,49.4,0,00,1,$
#,050,3,3,29.00,940.25,10.00,Frequency_MHz,RSSI_dBm,0.01,-0.05,0.97,0.92,1.65,1.65,60.39,-47.16,-22.62,1,0.00,0.00,0,0,0,4.06,0.00,51.0,0,00,1,$
#,050,3,3,29.00,940.25,10.00,Frequency_MHz,RSSI_dBm,0.01,-0.05,0.97,0.92,1.65,1.65,60.39,-47.16,-22.62,1,0.00,0.00,0,0,0,4.06,0.00,50.5,0,00,1,$
#,050,3,3,29.00,940.25,10.00,Frequency_MHz,RSSI_dBm,0.01,-0.05,0.97,0.92,1.65,1.65,60.39,-47.16,-22.62,1,0.00,0.00,0,0,0,4.06,0.00,51.0,0,00,1,$
#,050,3,3,29.00,940.25,10.00,Frequency_MHz,RSSI_dBm,0.01,-0.05,0.97,0.98,1.40,1.65,60.28,-47.34,-22.35,1,0.00,0.00,0,0,0,4.06,0.00,50.5,0,00,1,$
#,050,3,3,29.00,940.25,10.00,Frequency_MHz,RSSI_dBm,0.01,-0.05,0.97,0.98,1.40,1.65,60.28,-47.34,-22.35,1,0.00,0.00,0,0,0,4.06,0.00,51.0,0,00,1,$
#,050,3,3,29.00,940.25,10.00,Frequency_MHz,RSSI_dBm,0.01,-0.05,0.97,0.98,1.40,1.65,60.28,-47.34,-22.35,1,0.00,0.00,0,0,0,4.06,0.00,49.9,0,00,1,$
#,050,3,3,29.00,940.25,10.00,Frequency_MHz,RSSI_dBm,0.02,-0.05,0.97,0.98,1.53,1.59,59.94,-47.50,-22.08,1,0.00,0.00,0,0,0,4.06,0.00,49.9,0,00,1,$
#,050,4,3,29.00,940.25,10.00,Frequency_MHz,RSSI_dBm,0.02,-0.05,0.97,0.98,1.53,1.59,59.94,-47.50,-22.08,1,0.00,0.00,0,0,0,4.06,0.00,51.0,0,00,1,$
#,050,4,3,29.00,940.25,10.00,Frequency_MHz,RSSI_dBm,0.02,-0.05,0.97,0.98,1.53,1.59,59.94,-47.50,-22.08,1,0.00,0.00,0,0,0,4.06,0.00,50.5,0,00,1,$
#,050,4,4,29.00,940.25,10.00,Frequency_MHz,RSSI_dBm,0.01,-0.05,0.98,0.92,1.59,1.59,60.36,-46.52,-21.91,1,0.00,0.00,0,0,0,4.06,0.00,49.4,0,00,1,$
#,050,4,4,29.00,940.25,10.00,Frequency_MHz,RSSI_dBm,0.01,-0.05,0.98,0.92,1.59,1.59,60.36,-46.52,-21.91,1,0.00,0.00,0,0,0,4.06,0.00,49.4,0,00,1,$
#,050,4,4,29.00,940.25,10.00,Frequency_MHz,RSSI_dBm,0.01,-0.05,0.98,0.92,1.59,1.59,60.36,-46.52,-21.91,1,0.00,0.00,0,0,0,4.06,0.00,49.4,0,00,1,$
#,050,4,4,29.00,940.25,10.00,Frequency_MHz,RSSI_dBm,0.01,-0.05,0.97,1.04,1.59,1.53,60.18,-46.92,-23.19,1,0.00,0.00,0,0,0,4.06,0.00,49.4,0,00,1,$
#,050,4,4,29.00,940.25,10.00,Frequency_MHz,RSSI_dBm,0.01,-0.05,0.97,1.04,1.59,1.53,60.18,-46.92,-23.19,1,0.00,0.00,0,0,0,4.06,0.00,49.9,0,00,1,$
#,050,4,4,29.00,940.25,10.00,Frequency_MHz,RSSI_dBm,0.01,-0.05,0.97,0.98,1.46,1.59,60.51,-46.83,-22.19,1,0.00,0.00,0,0,0,4.06,0.00,49.9,0,00,1,$
#,050,4,4,29.00,940.25,10.00,Frequency_MHz,RSSI_dBm,0.01,-0.05,0.97,0.98,1.46,1.59,60.51,-46.83,-22.19,1,0.00,0.00,0,0,0,4.06,0.00,49.9,0,00,1,$
#,050,5,4,29.00,940.25,10.00,Frequency_MHz,RSSI_dBm,0.01,-0.05,0.97,0.98,1.46,1.59,60.51,-46.83,-22.19,1,0.00,0.00,0,0,0,4.06,0.00,49.9,0,00,1,$
#,050,5,4,29.00,940.25,10.00,Frequency_MHz,RSSI_dBm,0.01,-0.05,0.97,1.16,1.59,1.40,60.38,-46.58,-22.12,1,0.00,0.00,0,0,0,4.06,0.00,49.9,0,00,1,$
#,050,5,4,29.00,940.25,10.00,Frequency_MHz,RSSI_dBm,0.01,-0.05,0.97,1.16,1.59,1.40,60.38,-46.58,-22.12,1,0.00,0.00,0,0,0,4.06,0.00,50.5,0,00,1,$
#,050,5,5,29.00,940.25,10.00,Frequency_MHz,RSSI_dBm,0.01,-0.05,0.97,1.16,1.59,1.40,60.38,-46.58,-22.12,1,0.00,0.00,0,0,0,4.06,0.00,49.9,0,00,1,$
#,050,5,5,29.00,940.25,10.00,Frequency_MHz,RSSI_dBm,0.01,-0.05,0.97,1.10,1.65,1.59,60.13,-47.03,-22.68,1,0.00,0.00,0,0,0,4.06,0.00,50.5,0,00,1,$
#,050,5,5,29.00,940.25,10.00,Frequency_MHz,RSSI_dBm,0.01,-0.05,0.97,1.10,1.65,1.59,60.13,-47.03,-22.68,1,0.00,0.00,0,0,0,4.06,0.00,49.9,0,00,1,$
#,050,5,5,29.00,940.25,10.00,Frequency_MHz,RSSI_dBm,0.01,-0.05,0.97,1.10,1.65,1.59,60.13,-47.03,-22.68,1,0.00,0.00,0,0,0,4.06,0.00,51.0,0,00,1,$
#,050,5,5,29.00,940.25,10.00,Frequency_MHz,RSSI_dBm,0.01,-0.05,0.97,1.04,1.53,1.59,60.18,-47.95,-23.51,1,0.00,0.00,0,0,0,4.06,0.00,49.4,0,00,1,$
#,050,5,5,29.00,940.25,10.00,Frequency_MHz,RSSI_dBm,0.01,-0.05,0.97,1.04,1.53,1.59,60.18,-47.95,-23.51,1,0.00,0.00,0,0,0,4.06,0.00,49.9,0,00,1,$
#,050,5,5,29.00,940.25,10.00,Frequency_MHz,RSSI_dBm,0.01,-0.05,0.97,1.04,1.53,1.59,60.18,-47.95,-23.51,1,0.00,0.00,0,0,0,4.06,0.00,51.0,0,00,1,$
#,050,6,5,29.00,940.25,10.00,Frequency_MHz,RSSI_dBm,0.01,-0.05,0.97,1.04,1.46,1.46,59.68,-46.72,-23.06,1,0.00,0.00,0,0,0,4.06,0.00,49.4,0,00,1,$
#,050,6,5,29.00,940.25,10.00,Frequency_MHz,RSSI_dBm,0.01,-0.05,0.97,1.04,1.46,1.46,59.68,-46.72,-23.06,1,0.00,0.00,0,0,0,4.06,0.00,51.0,0,00,1,$
#,050,6,5,29.00,940.25,10.00,Frequency_MHz,RSSI_dBm,0.01,-0.05,0.97,1.04,1.46,1.46,59.68,-46.72,-23.06,1,0.00,0.00,0,0,0,4.06,0.00,51.0,0,00,1,$
#,050,6,6,29.00,940.25,10.00,Frequency_MHz,RSSI_dBm,0.01,-0.05,0.97,0.98,1.53,1.65,59.94,-46.70,-21.79,1,0.00,0.00,0,0,0,4.06,0.00,50.5,0,00,1,$
#,050,6,6,29.00,940.25,10.00,Frequency_MHz,RSSI_dBm,0.01,-0.05,0.97,0.98,1.53,1.65,59.94,-46.70,-21.79,1,0.00,0.00,0,0,0,4.06,0.00,50.5,0,00,1,$
#,050,6,6,29.00,940.25,10.00,Frequency_MHz,RSSI_dBm,0.01,-0.05,0.97,0.98,1.53,1.65,59.94,-46.70,-21.79,1,0.00,0.00,0,0,0,4.06,0.00,48.8,0,00,1,$
#,050,6,6,29.00,940.25,10.00,Frequency_MHz,RSSI_dBm,0.01,-0.05,0.97,0.98,1.59,1.71,60.42,-47.31,-22.28,1,0.00,0.00,0,0,0,4.06,0.00,48.8,0,00,1,$
#,050,6,6,29.00,940.25,10.00,Frequency_MHz,RSSI_dBm,0.01,-0.05,0.97,0.98,1.59,1.71,60.42,-47.31,-22.28,1,0.00,0.00,0,0,0,4.06,0.00,49.4,0,00,1,$
#,050,6,6,29.00,940.25,10.00,Frequency_MHz,RSSI_dBm,0.01,-0.05,0.97,1.10,1.65,1.53,61.24,-46.84,-23.08,1,0.00,0.00,0,0,0,4.06,0.00,51.0,0,00,1,$
#,050,7,6,29.00,940.25,10.00,Frequency_MHz,RSSI_dBm,0.01,-0.05,0.97,1.10,1.65,1.53,61.24,-46.84,-23.08,1,0.00,0.00,0,0,0,4.06,0.00,50.5,0,00,1,$
#,050,7,6,29.00,940.25,10.00,Frequency_MHz,RSSI_dBm,0.01,-0.05,0.97,1.10,1.65,1.53,61.24,-46.84,-23.08,1,0.00,0.00,0,0,0,4.06,0.00,48.8,0,00,1,$
#,050,7,6,29.00,940.25,10.00,Frequency_MHz,RSSI_dBm,0.01,-0.05,0.98,0.92,1.71,1.46,61.15,-48.55,-17.10,1,0.00,0.00,0,0,0,4.06,0.00,50.5,0,00,1,$
#,050,7,7,29.00,940.25,10.00,Frequency_MHz,RSSI_dBm,0.01,-0.05,0.98,0.92,1.71,1.46,61.15,-48.55,-17.10,1,0.00,0.00,0,0,0,4.06,0.00,49.9,0,00,1,$
#,050,7,7,29.00,940.25,10.00,Frequency_MHz,RSSI_dBm,0.01,-0.05,0.98,0.92,1.71,1.46,61.15,-48.55,-17.10,1,0.00,0.00,0,0,0,4.06,0.00,49.4,0,00,1,$
#,050,7,7,29.00,940.25,10.00,Frequency_MHz,RSSI_dBm,0.01,-0.05,0.97,1.04,1.53,1.71,60.77,-48.78,-17.68,1,0.00,0.00,0,0,0,4.06,0.00,49.4,0,00,1,$
#,050,7,7,29.00,940.25,10.00,Frequency_MHz,RSSI_dBm,0.01,-0.05,0.97,1.04,1.53,1.71,60.77,-48.78,-17.68,1,0.00,0.00,0,0,0,4.06,0.00,51.0,0,00,1,$
#,050,7,7,29.00,940.25,10.00,Frequency_MHz,RSSI_dBm,0.01,-0.05,0.97,1.04,1.53,1.71,60.77,-48.78,-17.68,1,0.00,0.00,0,0,0,4.06,0.00,49.9,0,00,1,$
#,050,7,7,29.00,940.25,10.00,Frequency_MHz,RSSI_dBm,0.02,-0.05,0.98,0.98,1.46,1.59,60.69,-48.99,-16.08,1,0.00,0.00,0,0,0,4.06,0.00,48.8,0,00,1,$
#,050,7,7,29.00,940.25,10.00,Frequency_MHz,RSSI_dBm,0.02,-0.05,0.98,0.98,1.46,1.59,60.69,-48.99,-16.08,1,0.00,0.00,0,0,0,4.06,0.00,51.0,0,00,1,$
#,050,8,7,29.00,940.25,10.00,Frequency_MHz,RSSI_dBm,0.02,-0.05,0.98,0.98,1.46,1.59,60.69,-48.99,-16.08,1,0.00,0.00,0,0,0,4.06,0.00,50.5,0,00,1,$
#,050,8,7,29.00,940.25,10.00,Frequency_MHz,RSSI_dBm,0.01,-0.05,0.98,1.04,1.53,1.65,60.46,-49.12,-17.46,1,0.00,0.00,0,0,0,4.06,0.00,48.8,0,00,1,$
#,050,8,7,29.00,940.25,10.00,Frequency_MHz,RSSI_dBm,0.01,-0.05,0.98,1.04,1.53,1.65,60.46,-49.12,-17.46,1,0.00,0.00,0,0,0,4.06,0.00,49.4,0,00,1,$
#,050,8,8,29.00,940.25,10.00,Frequency_MHz,RSSI_dBm,0.01,-0.05,0.98,1.04,1.53,1.65,60.46,-49.12,-17.46,1,0.00,0.00,0,0,0,4.06,0.00,49.9,0,00,1,$
#,050,0,0,29.00,940.25,10.00,Frequency_MHz,RSSI_dBm,0.01,-0.05,0.98,1.04,1.59,1.46,64.99,-41.67,-36.24,1,0.00,0.00,0,0,0,3.98,1.29,54.3,0,00,1,$
#,050,0,0,29.00,940.25,10.00,Frequency_MHz,RSSI_dBm,0.01,-0.05,0.98,1.04,1.59,1.46,64.99,-41.67,-36.24,1,0.00,0.00,0,0,0,3.98,1.29,54.3,0,00,1,$
#,050,0,0,29.00,940.25,10.00,Frequency_MHz,RSSI_dBm,0.01,-0.05,0.97,1.04,1.59,1.53,65.10,-42.69,-36.08,1,0.00,0.00,0,0,0,3.98,1.32,56.0,0,00,1,$
#,050,0,0,29.00,940.25,10.00,Frequency_MHz,RSSI_dBm,0.01,-0.05,0.97,1.04,1.59,1.53,65.10,-42.69,-36.08,1,0.00,0.00,0,0,0,3.98,1.32,56.0,0,00,1,$
#,050,0,0,29.00,940.25,10.00,Frequency_MHz,RSSI_dBm,0.01,-0.05,0.97,1.04,1.59,1.53,65.10,-42.69,-36.08,1,0.00,0.00,0,0,0,3.98,1.39,54.9,0,00,1,$
#,050,0,0,29.00,940.25,10.00,Frequency_MHz,RSSI_dBm,0.01,-0.05,0.97,1.10,1.77,1.46,64.53,-43.03,-35.89,1,0.00,0.00,0,0,0,3.98,1.39,54.9,0,00,1,$
#,050,0,0,29.00,940.25,10.00,Frequency_MHz,RSSI_dBm,0.01,-0.05,0.97,1.10,1.77,1.46,64.53,-43.03,-35.89,1,0.00,0.00,0,0,0,3.98,1.42,55.4,0,00,1,$
#,050,0,0,29.00,940.25,10.00,Frequency_MHz,RSSI_dBm,0.01,-0.05,0.97,1.10,1.77,1.46,64.53,-43.03,-35.89,1,0.00,0.00,0,0,0,3.98,1.38,56.5,0,00,1,$
#,050,0,0,29.00,940.25,10.00,Frequency_MHz,RSSI_dBm,0.01,-0.05,0.97,1.04,1.46,1.34,65.03,-43.38,-36.84,1,0.00,0.00,0,0,0,3.98,1.38,54.9,0,00,1,$
#,050,0,0,29.00,940.25,10.00,Frequency_MHz,RSSI_dBm,0.01,-0.05,0.97,1.04,1.46,1.34,65.03,-43.38,-36.84,1,0.00,0.00,0,0,0,4.00,0.99,55.4,0,00,1,$
#,050,1,0,29.00,940.25,10.00,Frequency_MHz,RSSI_dBm,0.01,-0.05,0.97,1.04,1.46,1.34,65.03,-43.38,-36.84,1,0.00,0.00,0,0,0,4.00,0.99,56.0,0,00,1,$
#,050,1,0,29.00,940.25,10.00,Frequency_MHz,RSSI_dBm,0.01,-0.05,0.97,0.98,1.40,1.28,65.60,-42.05,-36.65,1,0.00,0.00,0,0,0,3.98,1.43,55.4,0,00,1,$
#,050,1,1,29.00,940.25,10.00,Frequency_MHz,RSSI_dBm,0.01,-0.05,0.97,0.98,1.40,1.28,65.60,-42.05,-36.65,1,0.00,0.00,0,0,0,3.98,1.43,56.0,0,00,1,$
#,050,1,1,29.00,940.25,10.00,Frequency_MHz,RSSI_dBm,0.01,-0.05,0.97,0.98,1.40,1.28,65.60,-42.05,-36.65,1,0.00,0.00,0,0,0,3.98,1.45,57.1,0,00,1,$
#,050,1,1,29.00,940.25,10.00,Frequency_MHz,RSSI_dBm,0.01,-0.05,0.97,1.10,1.59,1.22,64.99,-43.44,-37.87,1,0.00,0.00,0,0,0,3.98,1.45,56.5,0,00,1,$
#,050,1,1,29.00,940.25,10.00,Frequency_MHz,RSSI_dBm,0.01,-0.05,0.97,1.10,1.59,1.22,64.99,-43.44,-37.87,1,0.00,0.00,0,0,0,3.98,1.24,55.4,0,00,1,$
#,050,1,1,29.00,940.25,10.00,Frequency_MHz,RSSI_dBm,0.01,-0.05,0.97,1.10,1.59,1.22,64.99,-43.44,-37.87,1,0.00,0.00,0,0,0,3.98,1.24,56.0,0,00,1,$
#,050,1,1,29.00,940.25,10.00,Frequency_MHz,RSSI_dBm,0.01,-0.05,0.97,1.04,1.65,1.34,65.30,-43.14,-37.55,1,0.00,0.00,0,0,0,3.99,1.41,56.0,0,00,1,$
#,050,1,1,29.00,940.25,10.00,Frequency_MHz,RSSI_dBm,0.01,-0.05,0.97,1.04,1.65,1.34,65.30,-43.14,-37.55,1,0.00,0.00,0,0,0,3.99,1.41,55.4,0,00,1,$
#,050,1,1,29.00,940.25,10.00,Frequency_MHz,RSSI_dBm,0.01,-0.05,0.97,1.04,1.65,1.34,65.30,-43.14,-37.55,1,0.00,0.00,0,0,0,3.99,1.34,56.5,0,00,1,$
#,050,2,1,29.00,940.25,10.00,Frequency_MHz,RSSI_dBm,0.01,-0.05,0.97,0.85,1.34,1.34,64.95,-42.66,-33.57,1,0.00,0.00,0,0,0,3.99,1.34,55.4,0,00,1,$
#,050,2,1,29.00,940.25,10.00,Frequency_MHz,RSSI_dBm,0.01,-0.05,0.97,0.85,1.34,1.34,64.95,-42.66,-33.57,1,0.00,0.00,0,0,0,3.99,1.17,56.5,0,00,1,$
#,050,2,2,29.00,940.25,10.00,Frequency_MHz,RSSI_dBm,0.01,-0.05,0.97,0.85,1.34,1.34,64.95,-42.66,-33.57,1,0.00,0.00,0,0,0,3.99,1.17,55.4,0,00,1,$
#,050,2,2,29.00,940.25,10.00,Frequency_MHz,RSSI_dBm,0.01,-0.05,0.97,1.04,1.46,1.40,64.49,-42.74,-34.79,1,0.00,0.00,0,0,0,4.00,1.08,56.5,0,00,1,$
#,050,2,2,29.00,940.25,10.00,Frequency_MHz,RSSI_dBm,0.01,-0.05,0.97,1.04,1.46,1.40,64.49,-42.74,-34.79,1,0.00,0.00,0,0,0,4.00,1.08,54.9,0,00,1,$
#,050,2,2,29.00,940.25,10.00,Frequency_MHz,RSSI_dBm,0.01,-0.05,0.97,0.92,1.65,1.22,64.84,-43.38,-36.04,1,0.00,0.00,0,0,0,4.00,1.14,56.0,0,00,1,$
#,050,2,2,29.00,940.25,10.00,Frequency_MHz,RSSI_dBm,0.01,-0.05,0.97,0.92,1.65,1.22,64.84,-43.38,-36.04,1,0.00,0.00,0,0,0,4.00,1.14,54.9,0,00,1,$
#,050,2,2,29.00,940.25,10.00,Frequency_MHz,RSSI_dBm,0.01,-0.05,0.97,0.92,1.65,1.22,64.84,-43.38,-36.04,1,0.00,0.00,0,0,0,4.00,1.13,56.5,0,00,1,$
#,050,2,2,29.00,940.25,10.00,Frequency_MHz,RSSI_dBm,0.01,-0.05,0.98,1.10,1.40,1.34,64.51,-43.47,-35.00,1,0.00,0.00,0,0,0,4.00,1.13,56.0,0,00,1,$
#,050,3,2,29.00,940.25,10.00,Frequency_MHz,RSSI_dBm,0.01,-0.05,0.98,1.10,1.40,1.34,64.51,-43.47,-35.00,1,0.00,0.00,0,0,0,4.00,0.98,56.5,0,00,1,$
#,050,0,0,Temperature,Pressure,Altitude,Frequency_MHz,RSSI_dBm,ax,ay,az,gx,gy,gz,mx,my,mz,1,0.00,0.00,0,0,0,4.00,0.78,56.0,0,00,1,$
#,050,0,0,Temperature,Pressure,Altitude,Frequency_MHz,RSSI_dBm,ax,ay,az,gx,gy,gz,mx,my,mz,1,0.00,0.00,0,0,0,3.96,1.70,56.0,0,00,1,$
#,050,0,0,29.00,940.25,10.00,Frequency_MHz,RSSI_dBm,0.01,-0.05,0.97,0.85,1.34,1.22,67.00,-42.37,-37.95,1,0.00,0.00,0,0,0,3.96,1.70,56.0,0,00,1,$
#,050,0,0,29.00,940.25,10.00,Frequency_MHz,RSSI_dBm,0.01,-0.05,0.97,0.85,1.34,1.22,67.00,-42.37,-37.95,1,0.00,0.00,0,0,0,3.96,1.80,56.5,0,00,1,$
#,050,0,0,29.00,940.25,10.00,Frequency_MHz,RSSI_dBm,0.01,-0.05,0.97,0.85,1.34,1.22,67.00,-42.37,-37.95,1,0.00,0.00,0,0,0,3.96,1.80,56.5,0,00,1,$
#,050,0,0,29.00,940.25,10.00,Frequency_MHz,RSSI_dBm,0.01,-0.05,0.97,0.85,1.53,1.16,66.74,-42.61,-38.35,1,0.00,0.00,0,0,0,3.96,1.89,57.1,0,00,1,$
#,050,0,0,29.00,940.25,10.00,Frequency_MHz,RSSI_dBm,0.01,-0.05,0.97,0.85,1.53,1.16,66.74,-42.61,-38.35,1,0.00,0.00,0,0,0,3.96,1.89,56.0,0,00,1,$
#,050,0,0,29.00,940.25,10.00,Frequency_MHz,RSSI_dBm,0.01,-0.05,0.97,0.85,1.53,1.16,66.74,-42.61,-38.35,1,0.00,0.00,0,0,0,3.96,1.87,57.6,0,00,1,$
#,050,0,0,29.00,940.25,10.00,Frequency_MHz,RSSI_dBm,0.01,-0.05,0.97,0.79,1.53,1.28,66.28,-43.09,-37.15,1,0.00,0.00,0,0,0,3.96,1.87,56.5,0,00,1,$
#,050,0,0,29.00,940.25,10.00,Frequency_MHz,RSSI_dBm,0.01,-0.05,0.97,0.79,1.53,1.28,66.28,-43.09,-37.15,1,0.00,0.00,0,0,0,3.96,1.75,59.8,0,00,1,$
#,050,1,0,29.00,940.25,10.00,Frequency_MHz,RSSI_dBm,0.01,-0.05,0.97,0.79,1.53,1.28,66.28,-43.09,-37.15,1,0.00,0.00,0,0,0,3.96,1.75,57.1,0,00,1,$
#,050,1,0,29.00,940.25,10.00,Frequency_MHz,RSSI_dBm,0.01,-0.05,0.97,0.85,1.53,1.34,65.71,-43.49,-34.75,1,0.00,0.00,0,0,0,3.98,1.24,56.5,0,00,1,$
#,050,1,1,29.00,940.25,10.00,Frequency_MHz,RSSI_dBm,0.01,-0.05,0.97,0.85,1.53,1.34,65.71,-43.49,-34.75,1,0.00,0.00,0,0,0,3.98,1.24,57.6,0,00,1,$
#,050,1,1,29.00,940.25,10.00,Frequency_MHz,RSSI_dBm,0.02,-0.05,0.99,0.85,1.83,1.34,65.49,-43.63,-36.60,1,0.00,0.00,0,0,0,3.98,1.37,57.1,0,00,1,$
#,050,1,1,29.00,940.25,10.00,Frequency_MHz,RSSI_dBm,0.02,-0.05,0.99,0.85,1.83,1.34,65.49,-43.63,-36.60,1,0.00,0.00,0,0,0,3.98,1.37,57.6,0,00,1,$
#,050,1,1,29.00,940.25,10.00,Frequency_MHz,RSSI_dBm,0.02,-0.05,0.99,0.85,1.83,1.34,65.49,-43.63,-36.60,1,0.00,0.00,0,0,0,3.96,1.69,58.2,0,00,1,$
#,050,1,1,29.00,940.25,10.00,Frequency_MHz,RSSI_dBm,0.01,-0.05,0.98,0.98,1.53,1.28,65.94,-42.57,-38.16,1,0.00,0.00,0,0,0,3.96,1.69,58.7,0,00,1,$
#,050,1,1,29.00,940.25,10.00,Frequency_MHz,RSSI_dBm,0.01,-0.05,0.98,0.98,1.53,1.28,65.94,-42.57,-38.16,1,0.00,0.00,0,0,0,3.97,1.52,58.2,0,00,1,$
#,050,1,1,29.00,940.25,10.00,Frequency_MHz,RSSI_dBm,0.01,-0.05,0.98,0.98,1.53,1.28,65.94,-42.57,-38.16,1,0.00,0.00,0,0,0,3.97,1.52,58.7,0,00,1,$
#,050,2,1,29.00,940.25,10.00,Frequency_MHz,RSSI_dBm,0.01,-0.05,0.97,0.85,1.65,1.28,66.86,-42.65,-35.97,1,0.00,0.00,0,0,0,3.96,1.86,58.7,0,00,1,$
#,050,2,1,29.00,940.25,10.00,Frequency_MHz,RSSI_dBm,0.01,-0.05,0.97,0.85,1.65,1.28,66.86,-42.65,-35.97,1,0.00,0.00,0,0,0,3.96,1.86,58.7,0,00,1,$
#,050,2,2,29.00,940.25,10.00,Frequency_MHz,RSSI_dBm,0.01,-0.05,0.97,0.85,1.65,1.28,66.86,-42.65,-35.97,1,0.00,0.00,0,0,0,3.98,1.27,58.2,0,00,1,$
#,050,2,2,29.00,940.25,10.00,Frequency_MHz,RSSI_dBm,0.01,-0.05,0.97,0.98,1.40,1.22,65.91,-43.47,-36.38,1,0.00,0.00,0,0,0,3.96,1.74,57.6,0,00,1,$
#,050,2,2,29.00,940.25,10.00,Frequency_MHz,RSSI_dBm,0.01,-0.05,0.97,0.98,1.40,1.22,65.91,-43.47,-36.38,1,0.00,0.00,0,0,0,3.96,1.74,59.3,0,00,1,$
#,050,2,2,29.00,940.25,10.00,Frequency_MHz,RSSI_dBm,0.01,-0.05,0.97,0.98,1.40,1.22,65.91,-43.47,-36.38,1,0.00,0.00,0,0,0,3.92,2.36,60.4,0,00,1,$
#,050,2,2,29.00,940.25,10.00,Frequency_MHz,RSSI_dBm,0.01,-0.05,0.97,0.98,1.46,1.28,67.30,-42.20,-37.67,1,0.00,0.00,0,0,0,3.91,2.43,62.0,0,00,1,$
#,050,2,2,29.00,940.25,10.00,Frequency_MHz,RSSI_dBm,0.01,-0.05,0.97,0.98,1.46,1.28,67.30,-42.20,-37.67,1,0.00,0.00,0,0,0,3.91,2.43,62.0,0,00,1,$
#,050,2,2,29.00,940.25,10.00,Frequency_MHz,RSSI_dBm,0.01,-0.05,0.98,0.92,1.46,1.34,66.88,-41.46,-40.53,1,0.00,0.00,0,0,0,3.93,2.41,62.0,0,00,1,$
#,050,3,2,29.00,940.25,10.00,Frequency_MHz,RSSI_dBm,0.01,-0.05,0.98,0.92,1.46,1.34,66.88,-41.46,-40.53,1,0.00,0.00,0,0,0,3.93,2.41,62.0,0,00,1,$
#,050,3,2,29.00,940.25,10.00,Frequency_MHz,RSSI_dBm,0.01,-0.05,0.97,0.85,1.34,1.34,66.88,-42.66,-36.30,1,0.00,0.00,0,0,0,3.93,2.24,62.6,0,00,1,$
#,050,3,3,29.00,940.25,10.00,Frequency_MHz,RSSI_dBm,0.01,-0.05,0.97,0.85,1.34,1.34,66.88,-42.66,-36.30,1,0.00,0.00,0,0,0,3.93,2.24,63.1,0,00,1,$
#,050,3,3,29.00,940.25,10.00,Frequency_MHz,RSSI_dBm,0.01,-0.05,0.97,0.85,1.34,1.34,66.88,-42.66,-36.30,1,0.00,0.00,0,0,0,3.92,2.48,63.1,0,00,1,$
#,050,3,3,29.00,940.25,10.00,Frequency_MHz,RSSI_dBm,0.01,-0.05,0.97,0.92,1.40,1.28,67.24,-42.43,-40.94,1,0.00,0.00,0,0,0,3.92,2.40,64.8,0,00,1,$
#,050,3,3,29.00,940.25,10.00,Frequency_MHz,RSSI_dBm,0.01,-0.05,0.97,0.92,1.40,1.28,67.24,-42.43,-40.94,1,0.00,0.00,0,0,0,3.92,2.40,62.6,0,00,1,$
#,050,3,3,29.00,940.25,10.00,Frequency_MHz,RSSI_dBm,0.01,-0.05,0.97,0.92,1.40,1.22,66.24,-42.66,-38.92,1,0.00,0.00,0,0,0,3.94,2.32,64.2,0,00,1,$
#,050,3,3,29.00,940.25,10.00,Frequency_MHz,RSSI_dBm,0.01,-0.05,0.97,0.92,1.40,1.22,66.24,-42.66,-38.92,1,0.00,0.00,0,0,0,3.94,2.32,65.3,0,00,1,$
#,050,4,3,29.00,940.25,10.00,Frequency_MHz,RSSI_dBm,0.01,-0.05,0.97,0.92,1.40,1.22,66.24,-42.66,-38.92,1,0.00,0.00,0,0,0,3.92,2.27,63.7,0,00,1,$
#,050,4,3,29.00,940.25,10.00,Frequency_MHz,RSSI_dBm,0.01,-0.05,0.97,0.98,1.46,1.28,66.48,-42.58,-35.46,1,0.00,0.00,0,0,0,3.94,2.20,63.1,0,00,1,$
#,050,4,4,29.00,940.25,10.00,Frequency_MHz,RSSI_dBm,0.01,-0.05,0.97,0.98,1.46,1.28,66.48,-42.58,-35.46,1,0.00,0.00,0,0,0,3.94,2.20,64.2,0,00,1,$
#,050,4,4,29.00,940.25,10.00,Frequency_MHz,RSSI_dBm,0.01,-0.05,0.97,0.98,1.40,1.28,66.22,-41.78,-38.65,1,0.00,0.00,0,0,0,3.93,2.11,64.8,0,00,1,$
#,050,4,4,29.00,940.25,10.00,Frequency_MHz,RSSI_dBm,0.01,-0.05,0.97,0.98,1.40,1.28,66.22,-41.78,-38.65,1,0.00,0.00,0,0,0,3.93,2.11,65.3,0,00,1,$
#,050,4,4,29.00,940.25,10.00,Frequency_MHz,RSSI_dBm,0.01,-0.05,0.97,0.98,1.40,1.28,66.22,-41.78,-38.65,1,0.00,0.00,0,0,0,3.92,2.49,65.3,0,00,1,$
#,050,4,4,29.00,940.25,10.00,Frequency_MHz,RSSI_dBm,0.01,-0.05,0.97,0.92,1.40,1.46,66.66,-42.79,-38.39,1,0.00,0.00,0,0,0,3.93,2.38,65.9,0,00,1,$
#,050,4,4,29.00,940.25,10.00,Frequency_MHz,RSSI_dBm,0.01,-0.05,0.97,0.92,1.40,1.46,66.66,-42.79,-38.39,1,0.00,0.00,0,0,0,3.93,2.38,66.4,0,00,1,$
#,050,5,4,29.00,940.25,10.00,Frequency_MHz,RSSI_dBm,0.01,-0.05,0.97,0.98,1.40,1.34,67.64,-42.46,-39.62,1,0.00,0.00,0,0,0,3.92,2.42,64.8,0,00,1,$
#,050,5,4,29.00,940.25,10.00,Frequency_MHz,RSSI_dBm,0.01,-0.05,0.97,0.98,1.40,1.34,67.64,-42.46,-39.62,1,0.00,0.00,0,0,0,3.92,2.42,65.9,0,00,1,$
#,050,5,4,29.00,940.25,10.00,Frequency_MHz,RSSI_dBm,0.01,-0.05,0.97,0.98,1.40,1.34,67.64,-42.46,-39.62,1,0.00,0.00,0,0,0,3.94,2.30,64.8,0,00,1,$
#,050,5,5,29.00,940.25,10.00,Frequency_MHz,RSSI_dBm,0.01,-0.05,0.97,0.92,1.34,1.34,67.91,-41.60,-40.03,1,0.00,0.00,0,0,0,3.94,2.21,65.3,0,00,1,$
#,050,5,5,29.00,940.25,10.00,Frequency_MHz,RSSI_dBm,0.01,-0.05,0.97,0.92,1.34,1.34,67.91,-41.60,-40.03,1,0.00,0.00,0,0,0,3.94,2.21,66.4,0,00,1,$
#,050,5,5,29.00,940.25,10.00,Frequency_MHz,RSSI_dBm,0.01,-0.05,0.97,0.98,1.53,1.46,67.22,-41.60,-39.84,1,0.00,0.00,0,0,0,3.93,2.44,67.0,0,00,1,$
#,050,5,5,29.00,940.25,10.00,Frequency_MHz,RSSI_dBm,0.01,-0.05,0.97,0.98,1.53,1.46,67.22,-41.60,-39.84,1,0.00,0.00,0,0,0,3.93,2.44,66.4,0,00,1,$
#,050,5,5,29.00,940.25,10.00,Frequency_MHz,RSSI_dBm,0.01,-0.05,0.97,0.98,1.53,1.46,67.22,-41.60,-39.84,1,0.00,0.00,0,0,0,3.94,2.31,66.4,0,00,1,$
#,050,5,5,29.00,940.25,10.00,Frequency_MHz,RSSI_dBm,0.01,-0.05,0.99,0.92,1.71,1.40,66.70,-42.36,-39.20,1,0.00,0.00,0,0,0,3.91,2.30,65.9,0,00,1,$
#,050,6,5,29.00,940.25,10.00,Frequency_MHz,RSSI_dBm,0.01,-0.05,0.99,0.92,1.71,1.40,66.70,-42.36,-39.20,1,0.00,0.00,0,0,0,3.91,2.30,67.5,0,00,1,$
#,050,6,5,29.00,940.25,10.00,Frequency_MHz,RSSI_dBm,0.01,-0.05,0.98,1.04,1.53,1.28,66.77,-42.03,-38.83,1,0.00,0.00,0,0,0,3.94,2.04,67.5,0,00,1,$
#,050,6,5,29.00,940.25,10.00,Frequency_MHz,RSSI_dBm,0.01,-0.05,0.98,1.04,1.53,1.28,66.77,-42.03,-38.83,1,0.00,0.00,0,0,0,3.94,2.04,67.5,0,00,1,$
#,050,6,6,29.00,940.25,10.00,Frequency_MHz,RSSI_dBm,0.01,-0.05,0.97,0.92,1.53,1.34,67.47,-41.97,-38.28,1,0.00,0.00,0,0,0,3.94,2.38,67.0,0,00,1,$
#,050,6,6,29.00,940.25,10.00,Frequency_MHz,RSSI_dBm,0.01,-0.05,0.97,0.92,1.53,1.34,67.47,-41.97,-38.28,1,0.00,0.00,0,0,0,3.93,2.33,68.6,0,00,1,$
#,050,6,6,29.00,940.25,10.00,Frequency_MHz,RSSI_dBm,0.01,-0.05,0.97,0.92,1.53,1.34,67.47,-41.97,-38.28,1,0.00,0.00,0,0,0,3.93,2.33,67.5,0,00,1,$
#,050,6,6,29.00,940.25,10.00,Frequency_MHz,RSSI_dBm,0.01,-0.05,0.97,0.85,1.34,1.40,67.13,-42.65,-38.93,1,0.00,0.00,0,0,0,3.93,2.09,67.5,0,00,1,$
#,050,7,6,29.00,940.25,10.00,Frequency_MHz,RSSI_dBm,0.01,-0.05,0.97,0.85,1.34,1.40,67.13,-42.65,-38.93,1,0.00,0.00,0,0,0,3.93,2.25,68.6,0,00,1,$
#,050,7,6,29.00,940.25,10.00,Frequency_MHz,RSSI_dBm,0.01,-0.05,0.97,0.85,1.40,1.53,66.77,-42.25,-39.50,1,0.00,0.00,0,0,0,3.93,2.25,68.1,0,00,1,$
#,050,7,6,29.00,940.25,10.00,Frequency_MHz,RSSI_dBm,0.01,-0.05,0.97,0.85,1.40,1.53,66.77,-42.25,-39.50,1,0.00,0.00,0,0,0,3.94,2.39,68.6,0,00,1,$
#,050,7,6,29.00,940.25,10.00,Frequency_MHz,RSSI_dBm,0.01,-0.05,0.97,0.85,1.40,1.16,67.43,-41.66,-38.18,1,0.00,0.00,0,0,0,3.94,2.39,69.2,0,00,1,$
#,050,7,6,29.00,940.25,10.00,Frequency_MHz,RSSI_dBm,0.01,-0.05,0.97,0.85,1.40,1.16,67.43,-41.66,-38.18,1,0.00,0.00,0,0,0,3.94,2.38,69.2,0,00,1,$
#,050,7,7,29.00,940.25,10.00,Frequency_MHz,RSSI_dBm,0.01,-0.05,0.97,0.85,1.40,1.16,67.43,-41.66,-38.18,1,0.00,0.00,0,0,0,3.94,2.52,68.1,0,00,1,$
#,050,7,7,29.00,940.25,10.00,Frequency_MHz,RSSI_dBm,0.01,-0.05,0.97,0.85,1.53,1.22,66.69,-42.21,-39.98,1,0.00,0.00,0,0,0,3.94,2.52,69.7,0,00,1,$
#,050,7,7,29.00,940.25,10.00,Frequency_MHz,RSSI_dBm,0.01,-0.05,0.97,0.85,1.53,1.22,66.69,-42.21,-39.98,1,0.00,0.00,0,0,0,3.93,2.28,68.1,0,00,1,$
#,050,8,7,29.00,940.25,10.00,Frequency_MHz,RSSI_dBm,0.01,-0.05,0.97,0.98,1.34,1.22,67.71,-42.71,-39.65,1,0.00,0.00,0,0,0,3.93,2.28,69.2,0,00,1,$
#,050,8,7,29.00,940.25,10.00,Frequency_MHz,RSSI_dBm,0.01,-0.05,0.97,0.98,1.34,1.22,67.71,-42.71,-39.65,1,0.00,0.00,0,0,0,3.92,2.53,69.2,0,00,1,$
#,050,8,7,29.00,940.25,10.00,Frequency_MHz,RSSI_dBm,0.01,-0.05,0.97,0.98,1.34,1.22,67.71,-42.71,-39.65,1,0.00,0.00,0,0,0,3.93,2.45,69.2,0,00,1,$
#,050,8,7,29.00,940.25,10.00,Frequency_MHz,RSSI_dBm,0.01,-0.05,0.97,0.92,1.40,1.40,68.07,-42.13,-38.60,1,0.00,0.00,0,0,0,3.93,2.45,68.6,0,00,1,$
#,050,8,7,29.00,940.25,10.00,Frequency_MHz,RSSI_dBm,0.01,-0.05,0.97,0.92,1.40,1.40,68.07,-42.13,-38.60,1,0.00,0.00,0,0,0,3.94,2.13,69.2,0,00,1,$
#,050,8,8,29.00,940.25,10.00,Frequency_MHz,RSSI_dBm,0.01,-0.05,0.97,0.92,1.59,1.46,67.75,-41.52,-39.71,1,0.00,0.00,0,0,0,3.93,2.42,69.7,0,00,1,$
#,050,8,8,29.00,940.25,10.00,Frequency_MHz,RSSI_dBm,0.01,-0.05,0.97,0.92,1.59,1.46,67.75,-41.52,-39.71,1,0.00,0.00,0,0,0,3.93,2.42,70.8,0,00,1,$
#,050,8,8,29.00,940.25,10.00,Frequency_MHz,RSSI_dBm,0.01,-0.05,0.97,0.92,1.40,1.28,67.00,-42.50,-38.79,1,0.00,0.00,0,0,0,3.92,2.44,69.2,0,00,1,$
#,050,9,8,29.00,940.25,10.00,Frequency_MHz,RSSI_dBm,0.01,-0.05,0.97,0.92,1.40,1.28,67.00,-42.50,-38.79,1,0.00,0.00,0,0,0,3.92,2.44,69.7,0,00,1,$
#,050,9,8,29.00,940.25,10.00,Frequency_MHz,RSSI_dBm,0.01,-0.05,0.97,0.92,1.40,1.28,67.00,-42.50,-38.79,1,0.00,0.00,0,0,0,3.92,2.41,70.8,0,00,1,$
#,050,9,8,29.00,940.25,10.00,Frequency_MHz,RSSI_dBm,0.01,-0.05,0.97,0.98,1.46,1.34,67.50,-41.96,-40.11,1,0.00,0.00,0,0,0,3.93,2.34,69.2,0,00,1,$
#,050,9,8,29.00,940.25,10.00,Frequency_MHz,RSSI_dBm,0.01,-0.05,0.97,0.98,1.46,1.34,67.50,-41.96,-40.11,1,0.00,0.00,0,0,0,3.93,2.34,69.7,0,00,1,$
#,050,9,8,29.00,940.25,10.00,Frequency_MHz,RSSI_dBm,0.01,-0.05,0.97,0.79,1.53,1.34,68.21,-41.64,-39.39,1,0.00,0.00,0,0,0,3.94,2.29,70.8,0,00,1,$
#,050,9,9,29.00,940.25,10.00,Frequency_MHz,RSSI_dBm,0.01,-0.05,0.97,0.79,1.53,1.34,68.21,-41.64,-39.39,1,0.00,0.00,0,0,0,3.92,2.45,69.7,0,00,1,$
#,050,9,9,29.00,940.25,10.00,Frequency_MHz,RSSI_dBm,0.01,-0.05,0.97,0.92,1.46,1.28,67.85,-41.38,-40.41,1,0.00,0.00,0,0,0,3.92,2.45,69.2,0,00,1,$
#,050,9,9,29.00,940.25,10.00,Frequency_MHz,RSSI_dBm,0.01,-0.05,0.97,0.92,1.46,1.28,67.85,-41.38,-40.41,1,0.00,0.00,0,0,0,3.93,2.45,70.3,0,00,1,$
#,050,10,9,29.00,940.25,10.00,Frequency_MHz,RSSI_dBm,0.01,-0.05,0.97,0.92,1.46,1.28,67.85,-41.38,-40.41,1,0.00,0.00,0,0,0,3.93,2.45,71.9,0,00,1,$
#,050,10,9,29.00,940.25,10.00,Frequency_MHz,RSSI_dBm,0.01,-0.05,0.97,1.04,1.28,1.40,66.43,-42.16,-38.96,1,0.00,0.00,0,0,0,3.94,2.20,71.4,0,00,1,$
#,050,10,9,29.00,940.25,10.00,Frequency_MHz,RSSI_dBm,0.01,-0.05,0.97,1.04,1.28,1.40,66.43,-42.16,-38.96,1,0.00,0.00,0,0,0,3.93,2.27,72.5,0,00,1,$
#,050,10,9,29.00,940.25,10.00,Frequency_MHz,RSSI_dBm,0.01,-0.05,0.97,0.73,1.34,1.40,67.98,-41.63,-38.70,1,0.00,0.00,0,0,0,3.93,2.27,71.4,0,00,1,$
#,050,10,9,29.00,940.25,10.00,Frequency_MHz,RSSI_dBm,0.01,-0.05,0.97,0.73,1.34,1.40,67.98,-41.63,-38.70,1,0.00,0.00,0,0,0,3.93,2.35,71.9,0,00,1,$
#,050,10,10,29.00,940.25,10.00,Frequency_MHz,RSSI_dBm,0.01,-0.05,0.97,0.73,1.34,1.40,67.98,-41.63,-38.70,1,0.00,0.00,0,0,0,3.93,2.35,73.6,0,00,1,$
#,050,10,10,29.00,940.25,10.00,Frequency_MHz,RSSI_dBm,0.01,-0.05,0.98,0.92,1.65,1.28,67.88,-41.46,-39.93,1,0.00,0.00,0,0,0,3.93,2.35,72.5,0,00,1,$
#,050,10,10,29.00,940.25,10.00,Frequency_MHz,RSSI_dBm,0.01,-0.05,0.98,0.92,1.65,1.28,67.88,-41.46,-39.93,1,0.00,0.00,0,0,0,3.92,2.50,73.0,0,00,1,$
#,050,11,10,29.00,940.25,10.00,Frequency_MHz,RSSI_dBm,0.01,-0.05,0.98,0.85,1.53,1.22,66.14,-42.41,-37.56,1,0.00,0.00,0,0,0,3.92,2.50,71.9,0,00,1,$
#,050,11,10,29.00,940.25,10.00,Frequency_MHz,RSSI_dBm,0.01,-0.05,0.98,0.85,1.53,1.22,66.14,-42.41,-37.56,1,0.00,0.00,0,0,0,3.94,2.40,73.6,0,00,1,$
#,050,11,10,29.00,940.25,10.00,Frequency_MHz,RSSI_dBm,0.01,-0.05,0.97,0.85,1.46,1.40,67.61,-42.07,-40.17,1,0.00,0.00,0,0,0,3.93,2.49,71.9,0,00,1,$
#,050,11,10,29.00,940.25,10.00,Frequency_MHz,RSSI_dBm,0.01,-0.05,0.97,0.85,1.46,1.40,67.61,-42.07,-40.17,1,0.00,0.00,0,0,0,3.93,2.49,71.9,0,00,1,$
#,050,11,10,29.00,940.25,10.00,Frequency_MHz,RSSI_dBm,0.01,-0.05,0.97,0.85,1.46,1.40,67.61,-42.07,-40.17,1,0.00,0.00,0,0,0,3.93,2.08,71.9,0,00,1,$
#,050,11,11,29.00,940.25,10.00,Frequency_MHz,RSSI_dBm,0.01,-0.05,0.97,0.85,1.46,1.34,66.85,-42.11,-37.33,1,0.00,0.00,0,0,0,3.93,2.23,71.9,0,00,1,$
#,050,11,11,29.00,940.25,10.00,Frequency_MHz,RSSI_dBm,0.01,-0.05,0.97,0.85,1.46,1.34,66.85,-42.11,-37.33,1,0.00,0.00,0,0,0,3.93,2.23,73.0,0,00,1,$
#,050,11,11,29.00,940.25,10.00,Frequency_MHz,RSSI_dBm,0.01,-0.05,0.97,0.98,1.40,1.34,66.60,-41.72,-38.05,1,0.00,0.00,0,0,0,3.93,2.41,73.6,0,00,1,$
#,050,12,11,29.00,940.25,10.00,Frequency_MHz,RSSI_dBm,0.01,-0.05,0.97,0.98,1.40,1.34,66.60,-41.72,-38.05,1,0.00,0.00,0,0,0,3.93,2.41,73.6,0,00,1,$
#,050,12,11,29.00,940.25,10.00,Frequency_MHz,RSSI_dBm,0.01,-0.05,0.97,0.98,1.40,1.34,66.60,-41.72,-38.05,1,0.00,0.00,0,0,0,3.93,2.37,73.0,0,00,1,$
#,050,12,11,29.00,940.25,10.00,Frequency_MHz,RSSI_dBm,0.01,-0.05,0.97,0.92,1.46,1.22,67.53,-42.75,-39.88,1,0.00,0.00,0,0,0,3.92,2.42,74.1,0,00,1,$
#,050,12,11,29.00,940.25,10.00,Frequency_MHz,RSSI_dBm,0.01,-0.05,0.97,0.92,1.46,1.22,67.53,-42.75,-39.88,1,0.00,0.00,0,0,0,3.92,2.42,73.6,0,00,1,$
#,050,12,11,29.00,940.25,10.00,Frequency_MHz,RSSI_dBm,0.01,-0.05,0.97,0.92,1.46,1.46,66.78,-42.18,-38.09,1,0.00,0.00,0,0,0,3.93,2.32,73.6,0,00,1,$
#,050,12,11,29.00,940.25,10.00,Frequency_MHz,RSSI_dBm,0.01,-0.05,0.97,0.92,1.46,1.46,66.78,-42.18,-38.09,1,0.00,0.00,0,0,0,3.93,2.32,71.9,0,00,1,$
#,050,12,12,29.00,940.25,10.00,Frequency_MHz,RSSI_dBm,0.01,-0.05,0.97,0.98,1.40,1.34,67.48,-42.14,-38.11,1,0.00,0.00,0,0,0,3.94,2.34,73.6,0,00,1,$
#,050,12,12,29.00,940.25,10.00,Frequency_MHz,RSSI_dBm,0.01,-0.05,0.97,0.98,1.40,1.34,67.48,-42.14,-38.11,1,0.00,0.00,0,0,0,3.92,2.46,73.6,0,00,1,$
#,050,13,12,29.00,940.25,10.00,Frequency_MHz,RSSI_dBm,0.01,-0.05,0.97,0.98,1.40,1.34,67.48,-42.14,-38.11,1,0.00,0.00,0,0,0,3.92,2.46,73.6,0,00,1,$
#,050,13,12,29.00,940.25,10.00,Frequency_MHz,RSSI_dBm,0.01,-0.05,0.97,0.79,1.59,1.34,66.76,-42.57,-37.24,1,0.00,0.00,0,0,0,3.93,2.34,73.6,0,00,1,$
#,050,13,12,29.00,940.25,10.00,Frequency_MHz,RSSI_dBm,0.01,-0.05,0.97,0.79,1.59,1.34,66.76,-42.57,-37.24,1,0.00,0.00,0,0,0,3.93,2.34,73.0,0,00,1,$
#,050,13,12,29.00,940.25,10.00,Frequency_MHz,RSSI_dBm,0.01,-0.05,0.97,1.04,1.59,1.22,68.10,-42.24,-38.49,1,0.00,0.00,0,0,0,3.92,2.41,74.1,0,00,1,$
#,050,13,12,29.00,940.25,10.00,Frequency_MHz,RSSI_dBm,0.01,-0.05,0.97,1.04,1.59,1.22,68.10,-42.24,-38.49,1,0.00,0.00,0,0,0,3.92,2.34,73.6,0,00,1,$
#,050,13,12,29.00,940.25,10.00,Frequency_MHz,RSSI_dBm,0.01,-0.05,0.97,1.04,1.59,1.22,68.10,-42.24,-38.49,1,0.00,0.00,0,0,0,3.92,2.34,74.7,0,00,1,$
#,050,13,12,29.00,940.25,10.00,Frequency_MHz,RSSI_dBm,0.01,-0.05,0.97,0.92,1.40,1.22,67.74,-41.83,-39.09,1,0.00,0.00,0,0,0,3.93,2.13,73.0,0,00,1,$
#,050,13,13,29.00,940.25,10.00,Frequency_MHz,RSSI_dBm,0.01,-0.05,0.97,0.92,1.40,1.22,67.74,-41.83,-39.09,1,0.00,0.00,0,0,0,3.93,2.13,74.7,0,00,1,$
#,050,14,13,29.00,940.25,10.00,Frequency_MHz,RSSI_dBm,0.01,-0.05,0.97,0.85,1.40,1.53,67.63,-41.60,-40.38,1,0.00,0.00,0,0,0,3.92,2.46,73.0,0,00,1,$
#,050,14,13,29.00,940.25,10.00,Frequency_MHz,RSSI_dBm,0.01,-0.05,0.97,0.85,1.40,1.53,67.63,-41.60,-40.38,1,0.00,0.00,0,0,0,3.91,2.56,75.2,0,00,1,$
#,050,14,13,29.00,940.25,10.00,Frequency_MHz,RSSI_dBm,0.01,-0.05,0.97,0.85,1.40,1.53,67.63,-41.60,-40.38,1,0.00,0.00,0,0,0,3.91,2.56,74.7,0,00,1,$
#,050,14,13,29.00,940.25,10.00,Frequency_MHz,RSSI_dBm,0.01,-0.05,0.97,0.98,1.40,1.28,67.29,-42.42,-38.99,1,0.00,0.00,0,0,0,3.92,2.33,74.7,0,00,1,$
#,050,14,13,29.00,940.25,10.00,Frequency_MHz,RSSI_dBm,0.01,-0.05,0.97,0.98,1.40,1.28,67.29,-42.42,-38.99,1,0.00,0.00,0,0,0,3.92,2.49,75.2,0,00,1,$
#,050,14,13,29.00,940.25,10.00,Frequency_MHz,RSSI_dBm,0.01,-0.05,0.97,0.85,1.53,1.34,67.68,-41.87,-39.26,1,0.00,0.00,0,0,0,3.92,2.49,73.0,0,00,1,$
#,050,14,13,29.00,940.25,10.00,Frequency_MHz,RSSI_dBm,0.01,-0.05,0.97,0.85,1.53,1.34,67.68,-41.87,-39.26,1,0.00,0.00,0,0,0,3.92,2.24,74.7,0,00,1,$
#,050,14,13,29.00,940.25,10.00,Frequency_MHz,RSSI_dBm,0.01,-0.05,0.97,1.04,1.46,1.34,66.31,-41.58,-37.49,1,0.00,0.00,0,0,0,3.92,2.24,74.7,0,00,1,$
#,050,15,14,29.00,940.25,10.00,Frequency_MHz,RSSI_dBm,0.01,-0.05,0.97,1.04,1.46,1.34,66.31,-41.58,-37.49,1,0.00,0.00,0,0,0,3.93,2.26,73.6,0,00,1,$
#,050,15,14,29.00,940.25,10.00,Frequency_MHz,RSSI_dBm,0.01,-0.05,0.97,1.04,1.46,1.34,66.31,-41.58,-37.49,1,0.00,0.00,0,0,0,3.92,2.55,73.6,0,00,1,$
#,050,15,14,29.00,940.25,10.00,Frequency_MHz,RSSI_dBm,0.01,-0.05,0.97,0.98,1.53,1.22,67.92,-41.72,-39.22,1,0.00,0.00,0,0,0,3.92,2.55,74.1,0,00,1,$
#,050,15,14,29.00,940.25,10.00,Frequency_MHz,RSSI_dBm,0.01,-0.05,0.97,0.98,1.53,1.22,67.92,-41.72,-39.22,1,0.00,0.00,0,0,0,3.92,2.36,75.2,0,00,1,$
#,050,15,14,29.00,940.25,10.00,Frequency_MHz,RSSI_dBm,0.01,-0.05,0.97,0.85,1.34,1.34,67.82,-41.99,-39.53,1,0.00,0.00,0,0,0,3.92,2.44,74.7,0,00,1,$
#,050,15,14,29.00,940.25,10.00,Frequency_MHz,RSSI_dBm,0.01,-0.05,0.97,0.85,1.34,1.34,67.82,-41.99,-39.53,1,0.00,0.00,0,0,0,3.92,2.44,75.2,0,00,1,$
#,050,15,14,29.00,940.25,10.00,Frequency_MHz,RSSI_dBm,0.01,-0.05,0.97,0.92,1.59,1.22,66.69,-41.81,-37.33,1,0.00,0.00,0,0,0,3.92,2.39,74.1,0,00,1,$
#,050,15,14,29.00,940.25,10.00,Frequency_MHz,RSSI_dBm,0.01,-0.05,0.97,0.92,1.59,1.22,66.69,-41.81,-37.33,1,0.00,0.00,0,0,0,3.92,2.39,76.3,0,00,1,$
#,050,16,14,29.00,940.25,10.00,Frequency_MHz,RSSI_dBm,0.01,-0.05,0.97,0.92,1.59,1.22,66.69,-41.81,-37.33,1,0.00,0.00,0,0,0,3.93,2.46,75.2,0,00,1,$
#,050,16,15,29.00,940.25,10.00,Frequency_MHz,RSSI_dBm,0.01,-0.05,0.97,0.92,1.34,1.22,68.29,-41.09,-39.04,1,0.00,0.00,0,0,0,3.94,2.47,74.7,0,00,1,$
#,050,16,15,29.00,940.25,10.00,Frequency_MHz,RSSI_dBm,0.01,-0.05,0.97,0.92,1.34,1.22,68.29,-41.09,-39.04,1,0.00,0.00,0,0,0,3.94,2.47,74.1,0,00,1,$
#,050,16,15,29.00,940.25,10.00,Frequency_MHz,RSSI_dBm,0.01,-0.05,0.97,0.85,1.40,1.22,66.96,-43.14,-37.87,1,0.00,0.00,0,0,0,3.92,2.44,75.2,0,00,1,$
#,050,16,15,29.00,940.25,10.00,Frequency_MHz,RSSI_dBm,0.01,-0.05,0.97,0.85,1.40,1.22,66.96,-43.14,-37.87,1,0.00,0.00,0,0,0,3.92,2.51,75.2,0,00,1,$
#,050,16,15,29.00,940.25,10.00,Frequency_MHz,RSSI_dBm,0.01,-0.05,0.97,0.85,1.46,1.28,67.69,-41.54,-40.65,1,0.00,0.00,0,0,0,3.92,2.51,75.2,0,00,1,$
#,050,16,15,29.00,940.25,10.00,Frequency_MHz,RSSI_dBm,0.01,-0.05,0.97,0.85,1.46,1.28,67.69,-41.54,-40.65,1,0.00,0.00,0,0,0,3.93,2.42,75.7,0,00,1,$
#,050,16,15,29.00,940.25,10.00,Frequency_MHz,RSSI_dBm,0.01,-0.05,0.97,0.85,1.46,1.28,67.69,-41.54,-40.65,1,0.00,0.00,0,0,0,3.93,2.42,75.7,0,00,1,$
#,050,17,15,29.00,940.25,10.00,Frequency_MHz,RSSI_dBm,0.01,-0.05,0.98,0.98,1.53,1.22,67.53,-41.82,-39.86,1,0.00,0.00,0,0,0,3.93,2.31,74.7,0,00,1,$
#,050,17,16,29.00,940.25,10.00,Frequency_MHz,RSSI_dBm,0.01,-0.05,0.98,0.98,1.53,1.22,67.53,-41.82,-39.86,1,0.00,0.00,0,0,0,3.92,2.40,75.7,0,00,1,$
#,050,17,16,29.00,940.25,10.00,Frequency_MHz,RSSI_dBm,0.01,-0.05,0.97,0.92,1.53,1.34,67.54,-42.27,-40.11,1,0.00,0.00,0,0,0,3.92,2.40,74.7,0,00,1,$
#,050,17,16,29.00,940.25,10.00,Frequency_MHz,RSSI_dBm,0.01,-0.05,0.97,0.92,1.53,1.34,67.54,-42.27,-40.11,1,0.00,0.00,0,0,0,3.93,2.40,75.7,0,00,1,$
#,050,17,16,29.00,940.25,10.00,Frequency_MHz,RSSI_dBm,0.01,-0.05,0.97,0.92,1.53,1.34,67.54,-42.27,-40.11,1,0.00,0.00,0,0,0,3.93,2.40,75.2,0,00,1,$
#,050,17,16,29.00,940.25,10.00,Frequency_MHz,RSSI_dBm,0.01,-0.05,0.97,0.92,1.46,1.46,67.07,-41.70,-39.66,1,0.00,0.00,0,0,0,3.92,2.31,76.8,0,00,1,$
#,050,17,16,29.00,940.25,10.00,Frequency_MHz,RSSI_dBm,0.01,-0.05,0.97,0.92,1.46,1.46,67.07,-41.70,-39.66,1,0.00,0.00,0,0,0,3.92,2.31,76.8,0,00,1,$
#,050,17,16,29.00,940.25,10.00,Frequency_MHz,RSSI_dBm,0.01,-0.05,0.97,0.85,1.40,1.34,67.42,-42.38,-39.36,1,0.00,0.00,0,0,0,3.92,2.44,75.7,0,00,1,$
#,050,18,16,29.00,940.25,10.00,Frequency_MHz,RSSI_dBm,0.01,-0.05,0.97,0.85,1.40,1.34,67.42,-42.38,-39.36,1,0.00,0.00,0,0,0,3.92,2.35,74.7,0,00,1,$
#,050,18,16,29.00,940.25,10.00,Frequency_MHz,RSSI_dBm,0.01,-0.05,0.97,0.85,1.40,1.34,67.42,-42.38,-39.36,1,0.00,0.00,0,0,0,3.92,2.35,75.7,0,00,1,$
#,050,18,17,29.00,940.25,10.00,Frequency_MHz,RSSI_dBm,0.01,-0.05,0.97,0.98,1.59,1.28,67.50,-41.30,-40.08,1,0.00,0.00,0,0,0,3.93,2.23,75.7,0,00,1,$
#,050,18,17,29.00,940.25,10.00,Frequency_MHz,RSSI_dBm,0.01,-0.05,0.97,0.98,1.59,1.28,67.50,-41.30,-40.08,1,0.00,0.00,0,0,0,3.92,2.38,75.2,0,00,1,$
#,050,18,17,29.00,940.25,10.00,Frequency_MHz,RSSI_dBm,0.01,-0.05,0.97,0.98,1.46,1.46,68.08,-41.92,-39.37,1,0.00,0.00,0,0,0,3.92,2.38,75.2,0,00,1,$
#,050,18,17,29.00,940.25,10.00,Frequency_MHz,RSSI_dBm,0.01,-0.05,0.97,0.98,1.46,1.46,68.08,-41.92,-39.37,1,0.00,0.00,0,0,0,3.92,2.50,76.8,0,00,1,$
#,050,18,17,29.00,940.25,10.00,Frequency_MHz,RSSI_dBm,0.01,-0.05,0.98,0.98,1.53,1.28,67.97,-41.76,-40.45,1,0.00,0.00,0,0,0,3.92,2.50,75.7,0,00,1,$
#,050,18,17,29.00,940.25,10.00,Frequency_MHz,RSSI_dBm,0.01,-0.05,0.98,0.98,1.53,1.28,67.97,-41.76,-40.45,1,0.00,0.00,0,0,0,3.92,2.50,77.4,0,00,1,$
#,050,19,17,29.00,940.25,10.00,Frequency_MHz,RSSI_dBm,0.01,-0.05,0.98,0.98,1.53,1.28,67.97,-41.76,-40.45,1,0.00,0.00,0,0,0,3.92,2.33,76.8,0,00,1,$
#,050,19,17,29.00,940.25,10.00,Frequency_MHz,RSSI_dBm,0.01,-0.05,0.97,0.92,1.53,1.46,66.88,-41.99,-38.87,1,0.00,0.00,0,0,0,3.92,2.33,75.7,0,00,1,$
#,050,19,18,29.00,940.25,10.00,Frequency_MHz,RSSI_dBm,0.01,-0.05,0.97,0.92,1.53,1.46,66.88,-41.99,-38.87,1,0.00,0.00,0,0,0,3.92,2.16,76.3,0,00,1,$
#,050,19,18,29.00,940.25,10.00,Frequency_MHz,RSSI_dBm,0.01,-0.05,0.98,1.04,1.53,1.34,66.71,-41.85,-39.43,1,0.00,0.00,0,0,0,3.91,2.20,77.4,0,00,1,$
#,050,19,18,29.00,940.25,10.00,Frequency_MHz,RSSI_dBm,0.01,-0.05,0.98,1.04,1.53,1.34,66.71,-41.85,-39.43,1,0.00,0.00,0,0,0,3.91,2.20,77.4,0,00,1,$
#,050,19,18,29.00,940.25,10.00,Frequency_MHz,RSSI_dBm,0.01,-0.05,0.98,1.04,1.53,1.34,66.71,-41.85,-39.43,1,0.00,0.00,0,0,0,3.93,2.46,76.8,0,00,1,$
#,050,19,18,29.00,940.25,10.00,Frequency_MHz,RSSI_dBm,0.01,-0.05,0.97,0.92,1.34,1.46,68.49,-41.80,-40.01,1,0.00,0.00,0,0,0,3.93,2.46,76.8,0,00,1,$
#,050,19,18,29.00,940.25,10.00,Frequency_MHz,RSSI_dBm,0.01,-0.05,0.97,0.92,1.34,1.46,68.49,-41.80,-40.01,1,0.00,0.00,0,0,0,3.92,2.34,76.8,0,00,1,$
#,050,20,18,29.00,940.25,10.00,Frequency_MHz,RSSI_dBm,0.01,-0.05,0.97,0.92,1.40,1.34,66.65,-42.60,-39.03,1,0.00,0.00,0,0,0,3.92,2.34,76.8,0,00,1,$
#,050,20,18,29.00,940.25,10.00,Frequency_MHz,RSSI_dBm,0.01,-0.05,0.97,0.92,1.40,1.34,66.65,-42.60,-39.03,1,0.00,0.00,0,0,0,3.92,2.20,77.4,0,00,1,$
#,050,20,18,29.00,940.25,10.00,Frequency_MHz,RSSI_dBm,0.01,-0.05,0.97,0.92,1.40,1.34,66.65,-42.60,-39.03,1,0.00,0.00,0,0,0,3.93,2.41,75.7,0,00,1,$
#,050,20,19,29.00,940.25,10.00,Frequency_MHz,RSSI_dBm,0.01,-0.05,0.97,0.79,1.34,1.46,67.90,-40.92,-41.42,1,0.00,0.00,0,0,0,3.93,2.41,77.4,0,00,1,$
#,050,20,19,29.00,940.25,10.00,Frequency_MHz,RSSI_dBm,0.01,-0.05,0.97,0.79,1.34,1.46,67.90,-40.92,-41.42,1,0.00,0.00,0,0,0,3.93,2.45,76.8,0,00,1,$
#,050,20,19,29.00,940.25,10.00,Frequency_MHz,RSSI_dBm,0.01,-0.05,0.97,1.04,1.46,1.28,67.09,-42.37,-40.80,1,0.00,0.00,0,0,0,3.92,2.58,77.4,0,00,1,$
#,050,20,19,29.00,940.25,10.00,Frequency_MHz,RSSI_dBm,0.01,-0.05,0.97,1.04,1.46,1.28,67.09,-42.37,-40.80,1,0.00,0.00,0,0,0,3.92,2.58,77.4,0,00,1,$
#,050,20,19,29.00,940.25,10.00,Frequency_MHz,RSSI_dBm,0.01,-0.05,0.97,1.04,1.46,1.40,66.48,-41.80,-38.66,1,0.00,0.00,0,0,0,3.92,2.34,76.3,0,00,1,$
#,050,21,19,29.00,940.25,10.00,Frequency_MHz,RSSI_dBm,0.01,-0.05,0.97,1.04,1.46,1.40,66.48,-41.80,-38.66,1,0.00,0.00,0,0,0,3.92,2.34,76.3,0,00,1,$
#,050,21,19,29.00,940.25,10.00,Frequency_MHz,RSSI_dBm,0.01,-0.05,0.97,1.04,1.46,1.40,66.48,-41.80,-38.66,1,0.00,0.00,0,0,0,3.92,2.36,77.4,0,00,1,$
#,050,21,19,29.00,940.25,10.00,Frequency_MHz,RSSI_dBm,0.01,-0.05,0.97,0.98,1.34,1.28,67.52,-41.52,-38.76,1,0.00,0.00,0,0,0,3.92,2.30,75.7,0,00,1,$
#,050,21,19,29.00,940.25,10.00,Frequency_MHz,RSSI_dBm,0.01,-0.05,0.97,0.98,1.34,1.28,67.52,-41.52,-38.76,1,0.00,0.00,0,0,0,3.92,2.30,76.3,0,00,1,$
#,050,21,20,29.00,940.25,10.00,Frequency_MHz,RSSI_dBm,0.01,-0.05,0.98,0.92,1.46,1.40,67.08,-41.76,-39.23,1,0.00,0.00,0,0,0,3.92,2.44,78.5,0,00,1,$
#,050,21,20,29.00,940.25,10.00,Frequency_MHz,RSSI_dBm,0.01,-0.05,0.98,0.92,1.46,1.40,67.08,-41.76,-39.23,1,0.00,0.00,0,0,0,3.92,2.44,76.3,0,00,1,$
#,050,21,20,29.00,940.25,10.00,Frequency_MHz,RSSI_dBm,0.01,-0.05,0.98,0.92,1.46,1.40,67.08,-41.76,-39.23,1,0.00,0.00,0,0,0,3.92,2.44,77.4,0,00,1,$
#,050,21,20,29.00,940.25,10.00,Frequency_MHz,RSSI_dBm,0.01,-0.05,0.98,0.92,1.59,1.28,66.98,-42.02,-38.26,1,0.00,0.00,0,0,0,3.92,2.50,77.9,0,00,1,$
#,050,22,20,29.00,940.25,10.00,Frequency_MHz,RSSI_dBm,0.01,-0.05,0.98,0.92,1.59,1.28,66.98,-42.02,-38.26,1,0.00,0.00,0,0,0,3.92,2.50,76.8,0,00,1,$
#,050,22,20,29.00,940.25,10.00,Frequency_MHz,RSSI_dBm,0.01,-0.05,0.98,0.92,1.59,1.16,67.54,-42.46,-38.84,1,0.00,0.00,0,0,0,3.92,2.47,76.8,0,00,1,$
#,050,22,20,29.00,940.25,10.00,Frequency_MHz,RSSI_dBm,0.01,-0.05,0.98,0.92,1.59,1.16,67.54,-42.46,-38.84,1,0.00,0.00,0,0,0,3.92,2.47,76.8,0,00,1,$
#,050,22,20,29.00,940.25,10.00,Frequency_MHz,RSSI_dBm,0.01,-0.05,0.98,0.92,1.59,1.16,67.54,-42.46,-38.84,1,0.00,0.00,0,0,0,3.94,2.23,78.5,0,00,1,$
#,050,22,20,29.00,940.25,10.00,Frequency_MHz,RSSI_dBm,0.00,-0.05,0.97,0.92,1.46,1.22,68.27,-41.03,-39.14,1,0.00,0.00,0,0,0,3.94,2.23,76.8,0,00,1,$
#,050,22,21,29.00,940.25,10.00,Frequency_MHz,RSSI_dBm,0.00,-0.05,0.97,0.92,1.46,1.22,68.27,-41.03,-39.14,1,0.00,0.00,0,0,0,3.92,2.43,76.8,0,00,1,$
#,050,22,21,29.00,940.25,10.00,Frequency_MHz,RSSI_dBm,0.01,-0.05,0.96,1.04,1.04,1.46,66.77,-43.14,-37.72,1,0.00,0.00,0,0,0,3.92,1.89,77.9,0,00,1,$
#,050,22,21,29.00,940.25,10.00,Frequency_MHz,RSSI_dBm,0.01,-0.05,0.96,1.04,1.04,1.46,66.77,-43.14,-37.72,1,0.00,0.00,0,0,0,3.92,1.89,77.9,0,00,1,$
#,050,22,21,29.00,940.25,10.00,Frequency_MHz,RSSI_dBm,0.01,-0.05,0.96,1.04,1.04,1.46,66.77,-43.14,-37.72,1,0.00,0.00,0,0,0,3.92,2.52,78.5,0,00,1,$
#,050,23,21,29.00,940.25,10.00,Frequency_MHz,RSSI_dBm,-0.03,-0.01,0.97,-6.47,-5.86,-16.42,67.47,-41.44,-39.18,1,0.00,0.00,0,0,0,3.92,2.52,77.9,0,00,1,$
#,050,23,21,29.00,940.25,10.00,Frequency_MHz,RSSI_dBm,-0.03,-0.01,0.97,-6.47,-5.86,-16.42,67.47,-41.44,-39.18,1,0.00,0.00,0,0,0,3.91,2.37,76.8,0,00,1,$
#,050,23,21,29.00,940.25,10.00,Frequency_MHz,RSSI_dBm,-0.00,-0.06,0.97,1.10,1.22,8.36,66.53,-42.59,-38.84,1,0.00,0.00,0,0,0,3.93,2.14,77.9,0,00,1,$
#,050,23,21,29.00,940.25,10.00,Frequency_MHz,RSSI_dBm,-0.00,-0.06,0.97,1.10,1.22,8.36,66.53,-42.59,-38.84,1,0.00,0.00,0,0,0,3.93,2.14,77.9,0,00,1,$
#,050,23,21,29.00,940.25,10.00,Frequency_MHz,RSSI_dBm,-0.00,-0.06,0.97,1.10,1.22,8.36,66.53,-42.59,-38.84,1,0.00,0.00,0,0,0,3.93,2.38,76.8,0,00,1,$
#,050,23,22,29.00,940.25,10.00,Frequency_MHz,RSSI_dBm,-0.00,-0.01,0.99,1.04,-2.69,-8.61,65.91,-41.78,-39.87,1,0.00,0.00,0,0,0,3.93,2.38,76.8,0,00,1,$
#,050,23,22,29.00,940.25,10.00,Frequency_MHz,RSSI_dBm,-0.00,-0.01,0.99,1.04,-2.69,-8.61,65.91,-41.78,-39.87,1,0.00,0.00,0,0,0,3.93,2.54,79.6,0,00,1,$
#,050,23,22,29.00,940.25,10.00,Frequency_MHz,RSSI_dBm,0.04,-0.08,0.97,8.12,10.62,1.65,66.72,-41.64,-41.75,1,0.00,0.00,0,0,0,3.92,2.33,77.4,0,00,1,$
#,050,24,22,29.00,940.25,10.00,Frequency_MHz,RSSI_dBm,0.04,-0.08,0.97,8.12,10.62,1.65,66.72,-41.64,-41.75,1,0.00,0.00,0,0,0,3.92,2.33,79.0,0,00,1,$
#,050,24,22,29.00,940.25,10.00,Frequency_MHz,RSSI_dBm,0.04,-0.08,0.97,8.12,10.62,1.65,66.72,-41.64,-41.75,1,0.00,0.00,0,0,0,3.93,2.36,76.8,0,00,1,$
#,050,24,22,29.00,940.25,10.00,Frequency_MHz,RSSI_dBm,-0.04,-0.01,0.97,0.85,1.22,1.71,66.44,-41.63,-40.95,1,0.00,0.00,0,0,0,3.93,2.36,76.8,0,00,1,$
#,050,24,22,29.00,940.25,10.00,Frequency_MHz,RSSI_dBm,-0.04,-0.01,0.97,0.85,1.22,1.71,66.44,-41.63,-40.95,1,0.00,0.00,0,0,0,3.92,2.40,79.0,0,00,1,$
#,050,24,22,29.00,940.25,10.00,Frequency_MHz,RSSI_dBm,-0.04,-0.01,0.98,6.59,8.61,1.40,66.63,-42.11,-40.36,1,0.00,0.00,0,0,0,3.92,2.54,78.5,0,00,1,$
#,050,24,22,29.00,940.25,10.00,Frequency_MHz,RSSI_dBm,-0.04,-0.01,0.98,6.59,8.61,1.40,66.63,-42.11,-40.36,1,0.00,0.00,0,0,0,3.92,2.54,78.5,0,00,1,$
#,050,24,23,29.00,940.25,10.00,Frequency_MHz,RSSI_dBm,0.01,-0.05,0.97,0.67,1.04,1.34,66.52,-41.96,-39.51,1,0.00,0.00,0,0,0,3.93,2.30,78.5,0,00,1,$
#,050,24,23,29.00,940.25,10.00,Frequency_MHz,RSSI_dBm,0.01,-0.05,0.97,0.67,1.04,1.34,66.52,-41.96,-39.51,1,0.00,0.00,0,0,0,3.91,2.36,77.9,0,00,1,$
#,050,25,23,29.00,940.25,10.00,Frequency_MHz,RSSI_dBm,0.01,-0.05,0.97,0.67,1.04,1.34,66.52,-41.96,-39.51,1,0.00,0.00,0,0,0,3.91,2.36,77.9,0,00,1,$
#,050,25,23,29.00,940.25,10.00,Frequency_MHz,RSSI_dBm,0.02,-0.06,0.97,0.67,0.98,1.28,66.53,-41.43,-39.39,1,0.00,0.00,0,0,0,3.92,2.45,78.5,0,00,1,$
#,050,25,23,29.00,940.25,10.00,Frequency_MHz,RSSI_dBm,0.02,-0.06,0.97,0.67,0.98,1.28,66.53,-41.43,-39.39,1,0.00,0.00,0,0,0,3.92,2.45,77.4,0,00,1,$
#,050,25,23,29.00,940.25,10.00,Frequency_MHz,RSSI_dBm,-0.01,-0.03,0.98,2.08,3.05,1.34,66.10,-41.52,-38.07,1,0.00,0.00,0,0,0,3.92,2.37,77.4,0,00,1,$
#,050,25,23,29.00,940.25,10.00,Frequency_MHz,RSSI_dBm,-0.01,-0.03,0.98,2.08,3.05,1.34,66.10,-41.52,-38.07,1,0.00,0.00,0,0,0,3.93,2.22,77.9,0,00,1,$
#,050,25,23,29.00,940.25,10.00,Frequency_MHz,RSSI_dBm,-0.01,-0.03,0.98,2.08,3.05,1.34,66.10,-41.52,-38.07,1,0.00,0.00,0,0,0,3.93,2.22,77.9,0,00,1,$
#,050,25,24,29.00,940.25,10.00,Frequency_MHz,RSSI_dBm,0.01,-0.05,0.97,0.79,1.22,1.28,66.27,-40.80,-37.94,1,0.00,0.00,0,0,0,3.92,2.57,77.4,0,00,1,$
#,050,25,24,29.00,940.25,10.00,Frequency_MHz,RSSI_dBm,0.01,-0.05,0.97,0.79,1.22,1.28,66.27,-40.80,-37.94,1,0.00,0.00,0,0,0,3.92,2.57,78.5,0,00,1,$
#,050,26,24,29.00,940.25,10.00,Frequency_MHz,RSSI_dBm,0.01,-0.05,0.97,0.98,1.34,1.34,65.97,-41.92,-39.33,1,0.00,0.00,0,0,0,3.92,2.40,79.0,0,00,1,$
#,050,26,24,29.00,940.25,10.00,Frequency_MHz,RSSI_dBm,0.01,-0.05,0.97,0.98,1.34,1.34,65.97,-41.92,-39.33,1,0.00,0.00,0,0,0,3.92,2.49,77.9,0,00,1,$
#,050,26,24,29.00,940.25,10.00,Frequency_MHz,RSSI_dBm,0.01,-0.05,0.97,0.98,1.34,1.34,65.97,-41.92,-39.33,1,0.00,0.00,0,0,0,3.92,2.49,77.9,0,00,1,$
#,050,26,24,29.00,940.25,10.00,Frequency_MHz,RSSI_dBm,0.02,-0.06,0.98,-7.14,12.51,51.15,59.86,-38.92,-37.71,1,0.00,0.00,0,0,0,3.92,2.35,77.9,0,00,1,$
#,050,26,24,29.00,940.25,10.00,Frequency_MHz,RSSI_dBm,0.02,-0.06,0.98,-7.14,12.51,51.15,59.86,-38.92,-37.71,1,0.00,0.00,0,0,0,3.92,2.35,79.0,0,00,1,$
#,050,26,24,29.00,940.25,10.00,Frequency_MHz,RSSI_dBm,-0.00,-0.06,1.00,2.26,-3.60,-48.10,59.95,-38.81,-38.65,1,0.00,0.00,0,0,0,3.92,2.37,79.0,0,00,1,$
#,050,26,24,29.00,940.25,10.00,Frequency_MHz,RSSI_dBm,-0.00,-0.06,1.00,2.26,-3.60,-48.10,59.95,-38.81,-38.65,1,0.00,0.00,0,0,0,3.92,2.30,78.5,0,00,1,$
#,050,26,25,29.00,940.25,10.00,Frequency_MHz,RSSI_dBm,0.01,-0.06,1.00,-16.72,6.65,-30.15,60.17,-39.26,-39.06,1,0.00,0.00,0,0,0,3.92,2.30,78.5,0,00,1,$
#,050,27,25,29.00,940.25,10.00,Frequency_MHz,RSSI_dBm,0.01,-0.06,1.00,-16.72,6.65,-30.15,60.17,-39.26,-39.06,1,0.00,0.00,0,0,0,3.92,2.37,79.6,0,00,1,$
#,050,27,25,29.00,940.25,10.00,Frequency_MHz,RSSI_dBm,0.01,-0.06,1.00,-16.72,6.65,-30.15,60.17,-39.26,-39.06,1,0.00,0.00,0,0,0,3.92,2.47,78.5,0,00,1,$
#,050,27,25,29.00,940.25,10.00,Frequency_MHz,RSSI_dBm,0.03,-0.06,1.01,1.40,-5.31,-60.30,60.53,-39.39,-37.72,1,0.00,0.00,0,0,0,3.92,2.47,79.6,0,00,1,$
#,050,27,25,29.00,940.25,10.00,Frequency_MHz,RSSI_dBm,0.03,-0.06,1.01,1.40,-5.31,-60.30,60.53,-39.39,-37.72,1,0.00,0.00,0,0,0,3.92,2.46,79.6,0,00,1,$
#,050,27,25,29.00,940.25,10.00,Frequency_MHz,RSSI_dBm,0.02,-0.06,0.99,-5.25,4.58,-18.80,61.24,-39.69,-37.57,1,0.00,0.00,0,0,0,3.92,2.46,80.7,0,00,1,$
#,050,27,25,29.00,940.25,10.00,Frequency_MHz,RSSI_dBm,0.02,-0.06,0.99,-5.25,4.58,-18.80,61.24,-39.69,-37.57,1,0.00,0.00,0,0,0,3.92,2.12,80.7,0,00,1,$
#,050,27,25,29.00,940.25,10.00,Frequency_MHz,RSSI_dBm,0.02,-0.06,0.99,-5.25,4.58,-18.80,61.24,-39.69,-37.57,1,0.00,0.00,0,0,0,3.92,2.49,79.6,0,00,1,$
#,050,27,26,29.00,940.25,10.00,Frequency_MHz,RSSI_dBm,0.01,-0.06,0.97,-12.27,7.26,-47.42,60.02,-38.81,-38.99,1,0.00,0.00,0,0,0,3.92,2.49,79.6,0,00,1,$
#,050,28,26,29.00,940.25,10.00,Frequency_MHz,RSSI_dBm,0.01,-0.06,0.97,-12.27,7.26,-47.42,60.02,-38.81,-38.99,1,0.00,0.00,0,0,0,3.92,2.37,78.5,0,00,1,$
#,050,28,26,29.00,940.25,10.00,Frequency_MHz,RSSI_dBm,0.02,-0.06,1.00,-12.88,10.38,-65.12,58.61,-40.83,-38.79,1,0.00,0.00,0,0,0,3.92,2.37,80.1,0,00,1,$
#,050,28,26,29.00,940.25,10.00,Frequency_MHz,RSSI_dBm,0.02,-0.06,1.00,-12.88,10.38,-65.12,58.61,-40.83,-38.79,1,0.00,0.00,0,0,0,3.93,2.37,79.6,0,00,1,$
#,050,28,26,29.00,940.25,10.00,Frequency_MHz,RSSI_dBm,0.02,-0.06,1.00,-12.88,10.38,-65.12,58.61,-40.83,-38.79,1,0.00,0.00,0,0,0,3.91,2.64,79.6,0,00,1,$
#,050,28,26,29.00,940.25,10.00,Frequency_MHz,RSSI_dBm,-0.05,0.04,0.95,-0.24,-6.84,-37.84,57.86,-38.54,-41.54,1,0.00,0.00,0,0,0,3.91,2.64,79.6,0,00,1,$
#,050,28,26,29.00,940.25,10.00,Frequency_MHz,RSSI_dBm,-0.05,0.04,0.95,-0.24,-6.84,-37.84,57.86,-38.54,-41.54,1,0.00,0.00,0,0,0,3.91,2.49,80.7,0,00,1,$
#,050,28,26,29.00,940.25,10.00,Frequency_MHz,RSSI_dBm,-0.02,-0.03,1.01,-1.95,5.31,-47.36,54.31,-38.45,-42.11,1,0.00,0.00,0,0,0,3.91,2.49,79.6,0,00,1,$
#,050,28,26,29.00,940.25,10.00,Frequency_MHz,RSSI_dBm,-0.02,-0.03,1.01,-1.95,5.31,-47.36,54.31,-38.45,-42.11,1,0.00,0.00,0,0,0,3.93,2.34,78.5,0,00,1,$
#,050,29,27,29.00,940.25,10.00,Frequency_MHz,RSSI_dBm,-0.03,-0.02,0.98,-7.08,-15.32,21.42,53.49,-38.64,-42.29,1,0.00,0.00,0,0,0,3.91,2.34,79.6,0,00,1,$
#,050,29,27,29.00,940.25,10.00,Frequency_MHz,RSSI_dBm,-0.03,-0.02,0.98,-7.08,-15.32,21.42,53.49,-38.64,-42.29,1,0.00,0.00,0,0,0,3.91,2.34,80.7,0,00,1,$
#,050,29,27,29.00,940.25,10.00,Frequency_MHz,RSSI_dBm,-0.03,-0.02,0.98,-7.08,-15.32,21.42,53.49,-38.64,-42.29,1,0.00,0.00,0,0,0,3.92,2.51,81.2,0,00,1,$
#,050,29,27,29.00,940.25,10.00,Frequency_MHz,RSSI_dBm,-0.05,-0.02,0.98,-24.11,0.37,-30.33,54.48,-38.90,-42.87,1,0.00,0.00,0,0,0,3.92,2.51,79.0,0,00,1,$
#,050,29,27,29.00,940.25,10.00,Frequency_MHz,RSSI_dBm,-0.05,-0.02,0.98,-24.11,0.37,-30.33,54.48,-38.90,-42.87,1,0.00,0.00,0,0,0,3.92,2.35,80.1,0,00,1,$
#,050,29,27,29.00,940.25,10.00,Frequency_MHz,RSSI_dBm,-0.02,-0.03,1.01,-12.39,13.55,-56.76,54.02,-38.23,-44.09,1,0.00,0.00,0,0,0,3.91,2.67,80.1,0,00,1,$
#,050,29,27,29.00,940.25,10.00,Frequency_MHz,RSSI_dBm,-0.02,-0.03,1.01,-12.39,13.55,-56.76,54.02,-38.23,-44.09,1,0.00,0.00,0,0,0,3.91,2.67,79.6,0,00,1,$
#,050,29,27,29.00,940.25,10.00,Frequency_MHz,RSSI_dBm,-0.02,-0.03,1.01,-12.39,13.55,-56.76,54.02,-38.23,-44.09,1,0.00,0.00,0,0,0,3.92,2.23,80.7,0,00,1,$
#,050,30,28,29.00,940.25,10.00,Frequency_MHz,RSSI_dBm,-0.02,-0.03,1.01,-12.39,13.55,-56.76,54.02,-38.23,-44.09,1,0.00,0.00,0,0,0,3.91,2.36,79.6,0,00,1,$
#,050,30,28,29.00,940.25,10.00,Frequency_MHz,RSSI_dBm,-0.02,-0.03,1.01,-12.39,13.55,-56.76,54.02,-38.23,-44.09,1,0.00,0.00,0,0,0,3.91,2.36,77.9,0,00,1,$
#,050,30,28,29.00,940.25,10.00,Frequency_MHz,RSSI_dBm,-0.02,-0.03,1.01,-12.39,13.55,-56.76,54.02,-38.23,-44.09,1,0.00,0.00,0,0,0,3.92,2.46,81.2,0,00,1,$
#,050,30,28,29.00,940.25,10.00,Frequency_MHz,RSSI_dBm,-0.02,-0.03,1.01,-12.39,13.55,-56.76,54.02,-38.23,-44.09,1,0.00,0.00,0,0,0,3.92,2.46,81.2,0,00,1,$
#,050,30,28,29.00,940.25,10.00,Frequency_MHz,RSSI_dBm,-0.02,-0.03,1.01,-12.39,13.55,-56.76,54.02,-38.23,-44.09,1,0.00,0.00,0,0,0,3.92,2.55,79.6,0,00,1,$
#,050,30,28,29.00,940.25,10.00,Frequency_MHz,RSSI_dBm,-0.02,-0.03,1.01,-12.39,13.55,-56.76,54.02,-38.23,-44.09,1,0.00,0.00,0,0,0,3.92,2.53,80.1,0,00,1,$
#,050,30,28,29.00,940.25,10.00,Frequency_MHz,RSSI_dBm,-0.02,-0.03,0.98,1.04,0.31,1.10,55.24,-40.44,-41.92,1,0.00,0.00,0,0,0,3.92,2.53,80.1,0,00,1,$
#,050,30,28,29.00,940.25,10.00,Frequency_MHz,RSSI_dBm,-0.02,-0.03,0.98,1.04,0.31,1.10,55.24,-40.44,-41.92,1,0.00,0.00,0,0,0,3.92,2.24,79.0,0,00,1,$
#,050,31,28,29.00,940.25,10.00,Frequency_MHz,RSSI_dBm,-0.02,-0.02,0.98,1.16,0.49,-0.98,54.26,-39.93,-40.14,1,0.00,0.00,0,0,0,3.92,2.34,80.1,0,00,1,$
#,050,31,29,29.00,940.25,10.00,Frequency_MHz,RSSI_dBm,-0.02,-0.02,0.98,1.16,0.49,-0.98,54.26,-39.93,-40.14,1,0.00,0.00,0,0,0,3.92,2.34,81.2,0,00,1,$
#,050,31,29,29.00,940.25,10.00,Frequency_MHz,RSSI_dBm,-0.02,-0.02,0.98,1.16,0.49,-0.98,54.26,-39.93,-40.14,1,0.00,0.00,0,0,0,3.92,2.52,80.7,0,00,1,$
#,050,31,29,29.00,940.25,10.00,Frequency_MHz,RSSI_dBm,-0.02,-0.03,0.98,2.87,0.61,2.38,54.70,-39.44,-41.81,1,0.00,0.00,0,0,0,3.92,2.52,80.1,0,00,1,$
#,050,31,29,29.00,940.25,10.00,Frequency_MHz,RSSI_dBm,-0.02,-0.03,0.98,2.87,0.61,2.38,54.70,-39.44,-41.81,1,0.00,0.00,0,0,0,3.92,2.63,81.2,0,00,1,$
#,050,31,29,29.00,940.25,10.00,Frequency_MHz,RSSI_dBm,-0.03,-0.04,0.98,0.92,0.55,-0.06,54.66,-40.58,-42.74,1,0.00,0.00,0,0,0,3.92,2.53,79.6,0,00,1,$
#,050,31,29,29.00,940.25,10.00,Frequency_MHz,RSSI_dBm,-0.03,-0.04,0.98,0.92,0.55,-0.06,54.66,-40.58,-42.74,1,0.00,0.00,0,0,0,3.92,2.53,80.7,0,00,1,$
#,050,31,29,29.00,940.25,10.00,Frequency_MHz,RSSI_dBm,-0.03,-0.04,0.98,0.92,0.55,-0.06,54.66,-40.58,-42.74,1,0.00,0.00,0,0,0,3.93,2.16,80.7,0,00,1,$
#,050,32,29,29.00,940.25,10.00,Frequency_MHz,RSSI_dBm,-0.02,-0.04,0.98,1.53,0.55,0.49,55.15,-38.71,-42.66,1,0.00,0.00,0,0,0,3.93,2.16,81.2,0,00,1,$
#,050,32,30,29.00,940.25,10.00,Frequency_MHz,RSSI_dBm,-0.02,-0.04,0.98,1.53,0.55,0.49,55.15,-38.71,-42.66,1,0.00,0.00,0,0,0,3.92,2.42,81.8,0,00,1,$
#,050,32,30,29.00,940.25,10.00,Frequency_MHz,RSSI_dBm,-0.02,-0.02,0.98,2.26,-0.55,-2.14,54.48,-39.76,-42.07,1,0.00,0.00,0,0,0,3.92,2.59,80.7,0,00,1,$
#,050,32,30,29.00,940.25,10.00,Frequency_MHz,RSSI_dBm,-0.02,-0.02,0.98,2.26,-0.55,-2.14,54.48,-39.76,-42.07,1,0.00,0.00,0,0,0,3.92,2.59,80.7,0,00,1,$
#,050,32,30,29.00,940.25,10.00,Frequency_MHz,RSSI_dBm,-0.02,-0.02,0.98,2.26,-0.55,-2.14,54.48,-39.76,-42.07,1,0.00,0.00,0,0,0,3.92,2.56,80.7,0,00,1,$
#,050,32,30,29.00,940.25,10.00,Frequency_MHz,RSSI_dBm,-0.00,-0.03,0.97,-4.33,-0.12,8.36,55.02,-39.29,-42.44,1,0.00,0.00,0,0,0,3.92,2.56,80.1,0,00,1,$
#,050,32,30,29.00,940.25,10.00,Frequency_MHz,RSSI_dBm,-0.00,-0.03,0.97,-4.33,-0.12,8.36,55.02,-39.29,-42.44,1,0.00,0.00,0,0,0,3.92,2.40,81.2,0,00,1,$
#,050,32,30,29.00,940.25,10.00,Frequency_MHz,RSSI_dBm,-0.02,-0.04,0.93,-10.38,0.85,-72.27,53.94,-40.28,-40.76,1,0.00,0.00,0,0,0,3.92,2.43,81.2,0,00,1,$
#,050,33,30,29.00,940.25,10.00,Frequency_MHz,RSSI_dBm,-0.02,-0.04,0.93,-10.38,0.85,-72.27,53.94,-40.28,-40.76,1,0.00,0.00,0,0,0,3.92,2.43,81.8,0,00,1,$
#,050,33,30,29.00,940.25,10.00,Frequency_MHz,RSSI_dBm,-0.02,-0.04,0.93,-10.38,0.85,-72.27,53.94,-40.28,-40.76,1,0.00,0.00,0,0,0,3.92,2.23,80.1,0,00,1,$
#,050,33,31,29.00,940.25,10.00,Frequency_MHz,RSSI_dBm,-0.02,-0.03,0.98,1.04,0.43,0.61,54.06,-40.06,-40.78,1,0.00,0.00,0,0,0,3.92,2.23,80.7,0,00,1,$
#,050,33,31,29.00,940.25,10.00,Frequency_MHz,RSSI_dBm,-0.02,-0.03,0.98,1.04,0.43,0.61,54.06,-40.06,-40.78,1,0.00,0.00,0,0,0,3.91,2.26,80.7,0,00,1,$
#,050,33,31,29.00,940.25,10.00,Frequency_MHz,RSSI_dBm,-0.02,-0.04,0.98,2.93,0.43,12.02,53.92,-40.04,-41.80,1,0.00,0.00,0,0,0,3.92,2.53,80.7,0,00,1,$
#,050,33,31,29.00,940.25,10.00,Frequency_MHz,RSSI_dBm,-0.02,-0.04,0.98,2.93,0.43,12.02,53.92,-40.04,-41.80,1,0.00,0.00,0,0,0,3.92,2.53,80.1,0,00,1,$
#,050,33,31,29.00,940.25,10.00,Frequency_MHz,RSSI_dBm,-0.03,-0.02,0.96,0.98,1.28,4.64,59.94,-42.59,-44.40,1,0.00,0.00,0,0,0,3.91,2.23,81.8,0,00,1,$
#,050,33,31,29.00,940.25,10.00,Frequency_MHz,RSSI_dBm,-0.03,-0.02,0.96,0.98,1.28,4.64,59.94,-42.59,-44.40,1,0.00,0.00,0,0,0,3.91,2.23,80.7,0,00,1,$
#,050,34,31,29.00,940.25,10.00,Frequency_MHz,RSSI_dBm,-0.03,-0.02,0.96,0.98,1.28,4.64,59.94,-42.59,-44.40,1,0.00,0.00,0,0,0,3.91,2.39,80.7,0,00,1,$
#,050,34,31,29.00,940.25,10.00,Frequency_MHz,RSSI_dBm,-0.02,-0.05,0.97,1.10,1.46,-1.10,61.90,-43.09,-45.56,1,0.00,0.00,0,0,0,3.92,2.51,81.8,0,00,1,$
#,050,34,31,29.00,940.25,10.00,Frequency_MHz,RSSI_dBm,-0.02,-0.05,0.97,1.10,1.46,-1.10,61.90,-43.09,-45.56,1,0.00,0.00,0,0,0,3.92,2.51,81.2,0,00,1,$
#,050,34,32,29.00,940.25,10.00,Frequency_MHz,RSSI_dBm,-0.03,-0.00,0.97,0.98,1.46,0.79,62.13,-42.66,-44.12,1,0.00,0.00,0,0,0,3.92,2.46,81.8,0,00,1,$
#,050,34,32,29.00,940.25,10.00,Frequency_MHz,RSSI_dBm,-0.03,-0.00,0.97,0.98,1.46,0.79,62.13,-42.66,-44.12,1,0.00,0.00,0,0,0,3.91,2.54,81.8,0,00,1,$
#,050,34,32,29.00,940.25,10.00,Frequency_MHz,RSSI_dBm,-0.02,-0.03,0.97,0.85,1.40,1.59,61.02,-41.91,-45.97,1,0.00,0.00,0,0,0,3.91,2.54,81.8,0,00,1,$
#,050,34,32,29.00,940.25,10.00,Frequency_MHz,RSSI_dBm,-0.02,-0.03,0.97,0.85,1.40,1.59,61.02,-41.91,-45.97,1,0.00,0.00,0,0,0,3.92,2.55,80.7,0,00,1,$
#,050,34,32,29.00,940.25,10.00,Frequency_MHz,RSSI_dBm,-0.02,-0.03,0.97,0.85,1.40,1.59,61.02,-41.91,-45.97,1,0.00,0.00,0,0,0,3.92,2.55,80.1,0,00,1,$
#,050,35,32,29.00,940.25,10.00,Frequency_MHz,RSSI_dBm,-0.03,-0.03,0.97,0.98,1.34,0.98,60.99,-41.55,-45.41,1,0.00,0.00,0,0,0,3.92,2.55,80.7,0,00,1,$
#,050,35,32,29.00,940.25,10.00,Frequency_MHz,RSSI_dBm,-0.03,-0.03,0.97,0.98,1.34,0.98,60.99,-41.55,-45.41,1,0.00,0.00,0,0,0,3.92,2.31,80.1,0,00,1,$
#,050,35,32,29.00,940.25,10.00,Frequency_MHz,RSSI_dBm,-0.03,-0.02,0.97,0.85,1.40,1.40,61.10,-41.75,-44.26,1,0.00,0.00,0,0,0,3.92,2.31,80.7,0,00,1,$
#,050,35,33,29.00,940.25,10.00,Frequency_MHz,RSSI_dBm,-0.03,-0.02,0.97,0.85,1.40,1.40,61.10,-41.75,-44.26,1,0.00,0.00,0,0,0,3.92,2.38,81.8,0,00,1,$
#,050,35,33,29.00,940.25,10.00,Frequency_MHz,RSSI_dBm,-0.03,-0.02,0.97,0.92,1.59,1.40,59.81,-41.82,-44.81,1,0.00,0.00,0,0,0,3.91,2.60,81.2,0,00,1,$
#,050,35,33,29.00,940.25,10.00,Frequency_MHz,RSSI_dBm,-0.03,-0.02,0.97,0.92,1.59,1.40,59.81,-41.82,-44.81,1,0.00,0.00,0,0,0,3.91,2.60,82.9,0,00,1,$
#,050,35,33,29.00,940.25,10.00,Frequency_MHz,RSSI_dBm,-0.03,-0.02,0.97,0.92,1.59,1.40,59.81,-41.82,-44.81,1,0.00,0.00,0,0,0,3.92,2.44,80.7,0,00,1,$
#,050,35,33,29.00,940.25,10.00,Frequency_MHz,RSSI_dBm,-0.02,-0.03,0.97,0.85,1.34,1.34,59.96,-40.89,-45.41,1,0.00,0.00,0,0,0,3.93,2.66,81.8,0,00,1,$
#,050,36,33,29.00,940.25,10.00,Frequency_MHz,RSSI_dBm,-0.02,-0.03,0.97,0.85,1.34,1.34,59.96,-40.89,-45.41,1,0.00,0.00,0,0,0,3.93,2.66,81.2,0,00,1,$
#,050,36,33,29.00,940.25,10.00,Frequency_MHz,RSSI_dBm,-0.03,-0.02,0.97,0.85,1.28,1.22,60.27,-39.20,-46.63,1,0.00,0.00,0,0,0,3.92,2.43,80.7,0,00,1,$
#,050,36,33,29.00,940.25,10.00,Frequency_MHz,RSSI_dBm,-0.03,-0.02,0.97,0.85,1.28,1.22,60.27,-39.20,-46.63,1,0.00,0.00,0,0,0,3.92,2.43,82.3,0,00,1,$
#,050,36,34,29.00,940.25,10.00,Frequency_MHz,RSSI_dBm,-0.03,-0.02,0.97,0.85,1.10,1.34,60.07,-40.45,-44.21,1,0.00,0.00,0,0,0,3.91,2.35,81.2,0,00,1,$
#,050,36,34,29.00,940.25,10.00,Frequency_MHz,RSSI_dBm,-0.03,-0.02,0.97,0.85,1.10,1.34,60.07,-40.45,-44.21,1,0.00,0.00,0,0,0,3.92,2.65,82.9,0,00,1,$
#,050,36,34,29.00,940.25,10.00,Frequency_MHz,RSSI_dBm,-0.03,-0.02,0.97,0.85,1.10,1.34,60.07,-40.45,-44.21,1,0.00,0.00,0,0,0,3.92,2.65,81.8,0,00,1,$
#,050,36,34,29.00,940.25,10.00,Frequency_MHz,RSSI_dBm,-0.03,-0.03,0.97,1.89,2.87,1.59,60.11,-39.32,-45.69,1,0.00,0.00,0,0,0,3.92,2.42,81.8,0,00,1,$
#,050,36,34,29.00,940.25,10.00,Frequency_MHz,RSSI_dBm,-0.03,-0.03,0.97,1.89,2.87,1.59,60.11,-39.32,-45.69,1,0.00,0.00,0,0,0,3.91,2.71,80.7,0,00,1,$
#,050,37,34,29.00,940.25,10.00,Frequency_MHz,RSSI_dBm,-0.03,-0.03,0.97,-1.89,-2.44,1.40,61.08,-39.93,-46.46,1,0.00,0.00,0,0,0,3.91,2.71,81.2,0,00,1,$
#,050,37,34,29.00,940.25,10.00,Frequency_MHz,RSSI_dBm,-0.03,-0.03,0.97,-1.89,-2.44,1.40,61.08,-39.93,-46.46,1,0.00,0.00,0,0,0,3.91,2.41,79.6,0,00,1,$
#,050,37,34,29.00,940.25,10.00,Frequency_MHz,RSSI_dBm,-0.03,-0.03,0.97,-1.89,-2.44,1.40,61.08,-39.93,-46.46,1,0.00,0.00,0,0,0,3.91,2.41,82.3,0,00,1,$
#,050,37,35,29.00,940.25,10.00,Frequency_MHz,RSSI_dBm,-0.03,-0.02,0.97,0.92,1.28,1.53,60.23,-39.51,-44.97,1,0.00,0.00,0,0,0,3.92,2.43,82.3,0,00,1,$
#,050,37,35,29.00,940.25,10.00,Frequency_MHz,RSSI_dBm,-0.03,-0.02,0.97,0.92,1.28,1.53,60.23,-39.51,-44.97,1,0.00,0.00,0,0,0,3.91,2.49,82.3,0,00,1,$
#,050,37,35,29.00,940.25,10.00,Frequency_MHz,RSSI_dBm,-0.02,-0.03,0.96,-0.12,-0.24,1.28,60.33,-39.20,-44.84,1,0.00,0.00,0,0,0,3.91,2.49,82.9,0,00,1,$
#,050,37,35,29.00,940.25,10.00,Frequency_MHz,RSSI_dBm,-0.02,-0.03,0.96,-0.12,-0.24,1.28,60.33,-39.20,-44.84,1,0.00,0.00,0,0,0,3.92,2.51,81.8,0,00,1,$
#,050,37,35,29.00,940.25,10.00,Frequency_MHz,RSSI_dBm,-0.02,-0.03,0.96,-0.12,-0.24,1.28,60.33,-39.20,-44.84,1,0.00,0.00,0,0,0,3.92,2.51,82.9,0,00,1,$
#,050,38,35,29.00,940.25,10.00,Frequency_MHz,RSSI_dBm,-0.02,-0.03,0.96,-0.12,-0.24,1.28,60.33,-39.20,-44.84,1,0.00,0.00,0,0,0,3.91,2.37,82.3,0,00,1,$
#,050,38,35,29.00,940.25,10.00,Frequency_MHz,RSSI_dBm,-0.02,-0.03,0.96,-0.12,-0.24,1.28,60.33,-39.20,-44.84,1,0.00,0.00,0,0,0,3.98,1.22,80.7,0,00,1,$
#,050,38,35,29.00,940.25,10.00,Frequency_MHz,RSSI_dBm,-0.02,-0.03,0.96,-0.12,-0.24,1.28,60.33,-39.20,-44.84,1,0.00,0.00,0,0,0,3.98,1.22,78.5,0,00,1,$
#,050,38,35,29.00,940.25,10.00,Frequency_MHz,RSSI_dBm,-0.02,-0.03,0.96,-0.12,-0.24,1.28,60.33,-39.20,-44.84,1,0.00,0.00,0,0,0,3.97,1.21,79.0,0,00,1,$
#,050,38,36,29.00,940.25,10.00,Frequency_MHz,RSSI_dBm,-0.02,-0.03,0.96,-0.12,-0.24,1.28,60.33,-39.20,-44.84,1,0.00,0.00,0,0,0,3.97,1.21,78.5,0,00,1,$
#,050,38,36,29.00,940.25,10.00,Frequency_MHz,RSSI_dBm,-0.02,-0.03,0.96,-0.12,-0.24,1.28,60.33,-39.20,-44.84,1,0.00,0.00,0,0,0,3.97,1.35,76.8,0,00,1,$
#,050,38,36,29.00,940.25,10.00,Frequency_MHz,RSSI_dBm,-0.02,-0.03,0.96,-0.12,-0.24,1.28,60.33,-39.20,-44.84,1,0.00,0.00,0,0,0,3.97,1.35,76.8,0,00,1,$
#,050,38,36,29.00,940.25,10.00,Frequency_MHz,RSSI_dBm,-0.02,-0.03,0.96,-0.12,-0.24,1.28,60.33,-39.20,-44.84,1,0.00,0.00,0,0,0,3.97,1.45,78.5,0,00,1,$
#,050,38,36,29.00,940.25,10.00,Frequency_MHz,RSSI_dBm,-0.02,-0.03,0.96,-0.12,-0.24,1.28,60.33,-39.20,-44.84,1,0.00,0.00,0,0,0,3.97,1.45,77.9,0,00,1,$
#,050,39,36,29.00,940.25,10.00,Frequency_MHz,RSSI_dBm,-0.02,-0.03,0.96,-0.12,-0.24,1.28,60.33,-39.20,-44.84,1,0.00,0.00,0,0,0,3.96,1.41,76.8,0,00,1,$
#,050,39,36,29.00,940.25,10.00,Frequency_MHz,RSSI_dBm,-0.02,-0.03,0.96,-0.12,-0.24,1.28,60.33,-39.20,-44.84,1,0.00,0.00,0,0,0,3.96,1.41,77.4,0,00,1,$
#,050,39,36,29.00,940.25,10.00,Frequency_MHz,RSSI_dBm,-0.02,-0.03,0.96,-0.12,-0.24,1.28,60.33,-39.20,-44.84,1,0.00,0.00,0,0,0,3.96,1.31,77.4,0,00,1,$
#,050,39,36,29.00,940.25,10.00,Frequency_MHz,RSSI_dBm,-0.02,-0.03,0.96,-0.12,-0.24,1.28,60.33,-39.20,-44.84,1,0.00,0.00,0,0,0,3.96,1.31,77.4,0,00,1,$
#,050,39,36,29.00,940.25,10.00,Frequency_MHz,RSSI_dBm,-0.02,-0.03,0.96,-0.12,-0.24,1.28,60.33,-39.20,-44.84,1,0.00,0.00,0,0,0,3.97,1.35,75.7,0,00,1,$
#,050,39,37,29.00,940.25,10.00,Frequency_MHz,RSSI_dBm,-0.02,-0.03,0.96,-0.12,-0.24,1.28,60.33,-39.20,-44.84,1,0.00,0.00,0,0,0,3.97,1.35,75.2,0,00,1,$
#,050,39,37,29.00,940.25,10.00,Frequency_MHz,RSSI_dBm,-0.02,-0.03,0.96,-0.12,-0.24,1.28,60.33,-39.20,-44.84,1,0.00,0.00,0,0,0,3.97,1.51,75.7,0,00,1,$
#,050,39,37,29.00,940.25,10.00,Frequency_MHz,RSSI_dBm,-0.02,-0.03,0.96,-0.12,-0.24,1.28,60.33,-39.20,-44.84,1,0.00,0.00,0,0,0,3.97,1.51,75.7,0,00,1,$
#,050,39,37,29.00,940.25,10.00,Frequency_MHz,RSSI_dBm,-0.02,-0.03,0.96,-0.12,-0.24,1.28,60.33,-39.20,-44.84,1,0.00,0.00,0,0,0,3.96,1.37,75.2,0,00,1,$
#,050,39,37,29.00,940.25,10.00,Frequency_MHz,RSSI_dBm,-0.02,-0.03,0.96,-0.12,-0.24,1.28,60.33,-39.20,-44.84,1,0.00,0.00,0,0,0,3.96,1.37,75.7,0,00,1,$
#,050,40,37,29.00,940.25,10.00,Frequency_MHz,RSSI_dBm,-0.02,-0.03,0.96,-0.12,-0.24,1.28,60.33,-39.20,-44.84,1,0.00,0.00,0,0,0,3.96,1.36,75.2,0,00,1,$
#,050,40,37,29.00,940.25,10.00,Frequency_MHz,RSSI_dBm,-0.02,-0.03,0.96,-0.12,-0.24,1.28,60.33,-39.20,-44.84,1,0.00,0.00,0,0,0,3.96,1.36,75.2,0,00,1,$
#,050,41,38,29.00,940.25,10.00,Frequency_MHz,RSSI_dBm,-0.02,-0.02,0.97,-1.10,-1.28,-2.38,59.80,-41.71,-43.40,1,0.00,0.00,0,0,0,3.96,1.49,76.8,0,00,1,$
#,050,41,38,29.00,940.25,10.00,Frequency_MHz,RSSI_dBm,-0.02,-0.02,0.98,0.85,1.34,1.22,61.66,-42.32,-47.07,1,0.00,0.00,0,0,0,3.92,2.62,77.4,0,00,1,$
#,050,41,38,29.00,940.25,10.00,Frequency_MHz,RSSI_dBm,-0.02,-0.02,0.98,0.85,1.34,1.22,61.66,-42.32,-47.07,1,0.00,0.00,0,0,0,3.92,2.62,76.3,0,00,1,$
#,050,41,38,29.00,940.25,10.00,Frequency_MHz,RSSI_dBm,-0.02,-0.02,0.98,0.85,1.34,1.22,61.66,-42.32,-47.07,1,0.00,0.00,0,0,0,3.90,2.65,75.7,0,00,1,$
#,050,41,38,29.00,940.25,10.00,Frequency_MHz,RSSI_dBm,-0.04,-0.03,0.98,0.92,1.34,-1.34,60.40,-41.81,-46.18,1,0.00,0.00,0,0,0,3.90,2.69,78.5,0,00,1,$
#,050,41,38,29.00,940.25,10.00,Frequency_MHz,RSSI_dBm,-0.04,-0.03,0.98,0.92,1.34,-1.34,60.40,-41.81,-46.18,1,0.00,0.00,0,0,0,3.90,2.69,77.9,0,00,1,$
#,050,41,38,29.00,940.25,10.00,Frequency_MHz,RSSI_dBm,-0.04,-0.02,0.98,0.79,1.40,1.40,61.93,-41.05,-46.56,1,0.00,0.00,0,0,0,3.92,2.35,79.0,0,00,1,$
#,050,42,38,29.00,940.25,10.00,Frequency_MHz,RSSI_dBm,-0.04,-0.02,0.98,0.79,1.40,1.40,61.93,-41.05,-46.56,1,0.00,0.00,0,0,0,3.92,2.35,79.0,0,00,1,$
#,050,42,39,29.00,940.25,10.00,Frequency_MHz,RSSI_dBm,-0.04,-0.02,0.98,0.79,1.40,1.40,61.93,-41.05,-46.56,1,0.00,0.00,0,0,0,3.92,2.57,79.0,0,00,1,$
#,050,42,39,29.00,940.25,10.00,Frequency_MHz,RSSI_dBm,-0.01,-0.03,0.98,0.98,1.71,5.55,62.00,-41.38,-46.34,1,0.00,0.00,0,0,0,3.92,2.62,79.0,0,00,1,$
#,050,42,39,29.00,940.25,10.00,Frequency_MHz,RSSI_dBm,-0.01,-0.03,0.98,0.98,1.71,5.55,62.00,-41.38,-46.34,1,0.00,0.00,0,0,0,3.92,2.62,77.9,0,00,1,$
#,050,42,39,29.00,940.25,10.00,Frequency_MHz,RSSI_dBm,-0.02,-0.03,0.97,0.98,1.34,2.44,62.05,-41.50,-47.81,1,0.00,0.00,0,0,0,3.91,2.63,79.6,0,00,1,$
#,050,42,39,29.00,940.25,10.00,Frequency_MHz,RSSI_dBm,-0.02,-0.03,0.97,0.98,1.34,2.44,62.05,-41.50,-47.81,1,0.00,0.00,0,0,0,3.91,2.63,78.5,0,00,1,$
#,050,42,39,29.00,940.25,10.00,Frequency_MHz,RSSI_dBm,-0.02,-0.03,0.97,0.98,1.34,2.44,62.05,-41.50,-47.81,1,0.00,0.00,0,0,0,3.91,2.38,79.6,0,00,1,$
#,050,42,39,29.00,940.25,10.00,Frequency_MHz,RSSI_dBm,-0.03,-0.03,0.97,-0.61,-0.43,0.43,63.16,-41.52,-47.53,1,0.00,0.00,0,0,0,3.91,2.36,79.6,0,00,1,$
#,050,42,39,29.00,940.25,10.00,Frequency_MHz,RSSI_dBm,-0.03,-0.03,0.97,-0.61,-0.43,0.43,63.16,-41.52,-47.53,1,0.00,0.00,0,0,0,3.91,2.36,79.0,0,00,1,$
#,050,43,39,29.00,940.25,10.00,Frequency_MHz,RSSI_dBm,-0.03,-0.03,0.97,-0.61,-0.43,0.43,63.16,-41.52,-47.53,1,0.00,0.00,0,0,0,3.97,1.34,76.3,0,00,1,$
#,050,43,40,29.00,940.25,10.00,Frequency_MHz,RSSI_dBm,-0.03,-0.03,0.97,-0.61,-0.43,0.43,63.16,-41.52,-47.53,1,0.00,0.00,0,0,0,3.97,1.34,77.4,0,00,1,$
#,050,43,40,29.00,940.25,10.00,Frequency_MHz,RSSI_dBm,-0.03,-0.03,0.97,-0.61,-0.43,0.43,63.16,-41.52,-47.53,1,0.00,0.00,0,0,0,3.96,1.30,75.7,0,00,1,$
#,050,43,40,29.00,940.25,10.00,Frequency_MHz,RSSI_dBm,-0.03,-0.03,0.97,-0.61,-0.43,0.43,63.16,-41.52,-47.53,1,0.00,0.00,0,0,0,3.96,1.30,75.7,0,00,1,$
#,050,43,40,29.00,940.25,10.00,Frequency_MHz,RSSI_dBm,-0.03,-0.03,0.97,-0.61,-0.43,0.43,63.16,-41.52,-47.53,1,0.00,0.00,0,0,0,3.97,1.42,74.7,0,00,1,$
#,050,43,40,29.00,940.25,10.00,Frequency_MHz,RSSI_dBm,-0.03,-0.03,0.97,-0.61,-0.43,0.43,63.16,-41.52,-47.53,1,0.00,0.00,0,0,0,3.97,1.42,75.7,0,00,1,$
#,050,43,40,29.00,940.25,10.00,Frequency_MHz,RSSI_dBm,-0.03,-0.03,0.97,-0.61,-0.43,0.43,63.16,-41.52,-47.53,1,0.00,0.00,0,0,0,3.97,1.52,75.7,0,00,1,$
#,050,43,40,29.00,940.25,10.00,Frequency_MHz,RSSI_dBm,-0.03,-0.03,0.97,-0.61,-0.43,0.43,63.16,-41.52,-47.53,1,0.00,0.00,0,0,0,3.97,1.52,75.2,0,00,1,$
#,050,43,40,29.00,940.25,10.00,Frequency_MHz,RSSI_dBm,-0.03,-0.03,0.97,-0.61,-0.43,0.43,63.16,-41.52,-47.53,1,0.00,0.00,0,0,0,3.97,1.42,74.7,0,00,1,$
#,050,44,40,29.00,940.25,10.00,Frequency_MHz,RSSI_dBm,-0.03,-0.03,0.97,-0.61,-0.43,0.43,63.16,-41.52,-47.53,1,0.00,0.00,0,0,0,3.97,1.42,74.1,0,00,1,$
#,050,44,40,29.00,940.25,10.00,Frequency_MHz,RSSI_dBm,-0.03,-0.03,0.97,-0.61,-0.43,0.43,63.16,-41.52,-47.53,1,0.00,0.00,0,0,0,3.97,1.27,74.7,0,00,1,$
#,050,44,41,29.00,940.25,10.00,Frequency_MHz,RSSI_dBm,-0.03,-0.03,0.97,-0.61,-0.43,0.43,63.16,-41.52,-47.53,1,0.00,0.00,0,0,0,3.97,1.27,73.6,0,00,1,$
#,050,44,41,29.00,940.25,10.00,Frequency_MHz,RSSI_dBm,-0.03,-0.03,0.97,-0.61,-0.43,0.43,63.16,-41.52,-47.53,1,0.00,0.00,0,0,0,3.97,1.53,74.7,0,00,1,$
#,050,44,41,29.00,940.25,10.00,Frequency_MHz,RSSI_dBm,-0.03,-0.03,0.97,-0.61,-0.43,0.43,63.16,-41.52,-47.53,1,0.00,0.00,0,0,0,3.97,1.53,74.7,0,00,1,$
#,050,44,41,29.00,940.25,10.00,Frequency_MHz,RSSI_dBm,-0.03,-0.03,0.97,-0.61,-0.43,0.43,63.16,-41.52,-47.53,1,0.00,0.00,0,0,0,3.97,1.34,74.1,0,00,1,$
#,050,44,41,29.00,940.25,10.00,Frequency_MHz,RSSI_dBm,-0.03,-0.03,0.97,-0.61,-0.43,0.43,63.16,-41.52,-47.53,1,0.00,0.00,0,0,0,3.97,1.34,73.0,0,00,1,$
#,050,44,41,29.00,940.25,10.00,Frequency_MHz,RSSI_dBm,-0.03,-0.03,0.97,-0.61,-0.43,0.43,63.16,-41.52,-47.53,1,0.00,0.00,0,0,0,3.97,1.33,72.5,0,00,1,$
#,050,44,41,29.00,940.25,10.00,Frequency_MHz,RSSI_dBm,-0.03,-0.03,0.97,-0.61,-0.43,0.43,63.16,-41.52,-47.53,1,0.00,0.00,0,0,0,3.97,1.33,74.1,0,00,1,$
#,050,44,41,29.00,940.25,10.00,Frequency_MHz,RSSI_dBm,-0.03,-0.03,0.97,-0.61,-0.43,0.43,63.16,-41.52,-47.53,1,0.00,0.00,0,0,0,3.98,1.27,73.6,0,00,1,$
#,050,45,41,29.00,940.25,10.00,Frequency_MHz,RSSI_dBm,-0.03,-0.03,0.97,-0.61,-0.43,0.43,63.16,-41.52,-47.53,1,0.00,0.00,0,0,0,3.98,1.27,72.5,0,00,1,$
#,050,45,41,29.00,940.25,10.00,Frequency_MHz,RSSI_dBm,-0.03,-0.03,0.97,-0.61,-0.43,0.43,63.16,-41.52,-47.53,1,0.00,0.00,0,0,0,3.98,1.14,73.6,0,00,1,$
#,050,45,42,29.00,940.25,10.00,Frequency_MHz,RSSI_dBm,-0.03,-0.03,0.97,-0.61,-0.43,0.43,63.16,-41.52,-47.53,1,0.00,0.00,0,0,0,3.98,1.33,71.9,0,00,1,$
#,050,45,42,29.00,940.25,10.00,Frequency_MHz,RSSI_dBm,-0.03,-0.03,0.97,-0.61,-0.43,0.43,63.16,-41.52,-47.53,1,0.00,0.00,0,0,0,3.98,1.33,71.9,0,00,1,$
#,050,45,42,29.00,940.25,10.00,Frequency_MHz,RSSI_dBm,-0.03,-0.03,0.97,-0.61,-0.43,0.43,63.16,-41.52,-47.53,1,0.00,0.00,0,0,0,3.98,1.21,73.0,0,00,1,$
#,050,45,42,29.00,940.25,10.00,Frequency_MHz,RSSI_dBm,-0.03,-0.03,0.97,-0.61,-0.43,0.43,63.16,-41.52,-47.53,1,0.00,0.00,0,0,0,3.98,1.21,70.8,0,00,1,$
#,050,45,42,29.00,940.25,10.00,Frequency_MHz,RSSI_dBm,-0.03,-0.03,0.97,-0.61,-0.43,0.43,63.16,-41.52,-47.53,1,0.00,0.00,0,0,0,3.97,1.27,72.5,0,00,1,$
#,050,45,42,29.00,940.25,10.00,Frequency_MHz,RSSI_dBm,-0.03,-0.02,0.97,0.98,1.34,1.53,61.50,-43.13,-46.13,1,0.00,0.00,0,0,0,3.97,1.27,73.0,0,00,1,$
#,050,45,42,29.00,940.25,10.00,Frequency_MHz,RSSI_dBm,-0.03,-0.02,0.97,0.98,1.34,1.53,61.50,-43.13,-46.13,1,0.00,0.00,0,0,0,3.91,2.47,76.3,0,00,1,$
#,050,46,42,29.00,940.25,10.00,Frequency_MHz,RSSI_dBm,-0.02,-0.03,0.97,0.98,1.40,1.40,63.92,-41.87,-46.68,1,0.00,0.00,0,0,0,3.92,2.55,74.7,0,00,1,$
#,050,46,42,29.00,940.25,10.00,Frequency_MHz,RSSI_dBm,-0.02,-0.03,0.97,0.98,1.40,1.40,63.92,-41.87,-46.68,1,0.00,0.00,0,0,0,3.92,2.55,75.2,0,00,1,$
#,050,46,43,29.00,940.25,10.00,Frequency_MHz,RSSI_dBm,-0.02,-0.02,0.97,1.04,1.59,1.53,63.29,-41.67,-47.88,1,0.00,0.00,0,0,0,3.92,2.52,76.8,0,00,1,$
#,050,46,43,29.00,940.25,10.00,Frequency_MHz,RSSI_dBm,-0.02,-0.02,0.97,1.04,1.59,1.53,63.29,-41.67,-47.88,1,0.00,0.00,0,0,0,3.92,2.50,76.3,0,00,1,$
#,050,46,43,29.00,940.25,10.00,Frequency_MHz,RSSI_dBm,-0.02,-0.02,0.97,1.04,1.59,1.53,63.29,-41.67,-47.88,1,0.00,0.00,0,0,0,3.92,2.50,75.2,0,00,1,$
#,050,46,43,29.00,940.25,10.00,Frequency_MHz,RSSI_dBm,-0.02,-0.02,0.97,0.79,1.46,1.46,63.35,-42.08,-46.58,1,0.00,0.00,0,0,0,3.92,2.27,75.7,0,00,1,$
#,050,46,43,29.00,940.25,10.00,Frequency_MHz,RSSI_dBm,-0.02,-0.02,0.97,0.79,1.46,1.46,63.35,-42.08,-46.58,1,0.00,0.00,0,0,0,3.92,2.27,75.7,0,00,1,$
#,050,46,43,29.00,940.25,10.00,Frequency_MHz,RSSI_dBm,-0.02,-0.03,0.98,1.10,1.53,1.53,62.50,-42.41,-48.51,1,0.00,0.00,0,0,0,3.92,2.34,77.4,0,00,1,$
#,050,47,43,29.00,940.25,10.00,Frequency_MHz,RSSI_dBm,-0.02,-0.03,0.98,1.10,1.53,1.53,62.50,-42.41,-48.51,1,0.00,0.00,0,0,0,3.91,2.56,76.8,0,00,1,$
#,050,47,43,29.00,940.25,10.00,Frequency_MHz,RSSI_dBm,-0.02,-0.03,0.98,1.10,1.53,1.53,62.50,-42.41,-48.51,1,0.00,0.00,0,0,0,3.91,2.56,77.4,0,00,1,$
#,050,47,43,29.00,940.25,10.00,Frequency_MHz,RSSI_dBm,-0.02,-0.03,0.98,0.98,1.53,1.46,62.94,-41.11,-47.99,1,0.00,0.00,0,0,0,3.92,2.36,76.8,0,00,1,$
#,050,47,44,29.00,940.25,10.00,Frequency_MHz,RSSI_dBm,-0.02,-0.03,0.98,0.98,1.53,1.46,62.94,-41.11,-47.99,1,0.00,0.00,0,0,0,3.92,2.36,77.9,0,00,1,$
#,050,47,44,29.00,940.25,10.00,Frequency_MHz,RSSI_dBm,-0.02,-0.03,0.98,0.98,1.59,1.46,62.77,-42.46,-46.14,1,0.00,0.00,0,0,0,3.92,2.38,77.4,0,00,1,$
#,050,47,44,29.00,940.25,10.00,Frequency_MHz,RSSI_dBm,-0.02,-0.03,0.98,0.98,1.59,1.46,62.77,-42.46,-46.14,1,0.00,0.00,0,0,0,3.92,2.60,79.0,0,00,1,$
#,050,47,44,29.00,940.25,10.00,Frequency_MHz,RSSI_dBm,-0.02,-0.03,0.98,0.98,1.59,1.46,62.77,-42.46,-46.14,1,0.00,0.00,0,0,0,3.92,2.60,78.5,0,00,1,$
#,050,47,44,29.00,940.25,10.00,Frequency_MHz,RSSI_dBm,-0.02,-0.02,0.98,1.04,1.53,1.46,62.70,-42.24,-48.47,1,0.00,0.00,0,0,0,3.91,2.30,77.4,0,00,1,$
#,050,48,44,29.00,940.25,10.00,Frequency_MHz,RSSI_dBm,-0.02,-0.02,0.98,1.04,1.53,1.46,62.70,-42.24,-48.47,1,0.00,0.00,0,0,0,3.91,2.30,77.9,0,00,1,$
#,050,48,44,29.00,940.25,10.00,Frequency_MHz,RSSI_dBm,-0.02,-0.03,0.97,0.98,1.46,1.59,62.06,-41.94,-47.55,1,0.00,0.00,0,0,0,3.91,2.36,78.5,0,00,1,$
#,050,48,44,29.00,940.25,10.00,Frequency_MHz,RSSI_dBm,-0.02,-0.03,0.97,0.98,1.46,1.59,62.06,-41.94,-47.55,1,0.00,0.00,0,0,0,3.92,2.38,78.5,0,00,1,$
#,050,48,44,29.00,940.25,10.00,Frequency_MHz,RSSI_dBm,-0.02,-0.03,0.97,0.98,1.46,1.59,62.06,-41.94,-47.55,1,0.00,0.00,0,0,0,3.92,2.38,79.0,0,00,1,$
#,050,48,45,29.00,940.25,10.00,Frequency_MHz,RSSI_dBm,-0.03,-0.02,0.98,0.92,1.53,1.59,61.58,-42.35,-46.17,1,0.00,0.00,0,0,0,3.91,2.45,79.0,0,00,1,$
#,050,48,45,29.00,940.25,10.00,Frequency_MHz,RSSI_dBm,-0.03,-0.02,0.98,0.92,1.53,1.59,61.58,-42.35,-46.17,1,0.00,0.00,0,0,0,3.91,2.45,79.0,0,00,1,$
#,050,48,45,29.00,940.25,10.00,Frequency_MHz,RSSI_dBm,-0.02,-0.02,0.97,0.98,1.53,1.34,62.27,-42.03,-46.74,1,0.00,0.00,0,0,0,3.92,2.56,79.6,0,00,1,$
#,050,48,45,29.00,940.25,10.00,Frequency_MHz,RSSI_dBm,-0.02,-0.02,0.97,0.98,1.53,1.34,62.27,-42.03,-46.74,1,0.00,0.00,0,0,0,3.90,2.62,79.6,0,00,1,$
#,050,49,45,29.00,940.25,10.00,Frequency_MHz,RSSI_dBm,-0.03,-0.02,0.97,0.98,1.65,1.53,62.82,-42.26,-47.02,1,0.00,0.00,0,0,0,3.90,2.62,80.1,0,00,1,$
#,050,49,45,29.00,940.25,10.00,Frequency_MHz,RSSI_dBm,-0.03,-0.02,0.97,0.98,1.65,1.53,62.82,-42.26,-47.02,1,0.00,0.00,0,0,0,3.91,2.50,79.6,0,00,1,$
#,050,49,45,29.00,940.25,10.00,Frequency_MHz,RSSI_dBm,-0.02,-0.02,0.97,0.85,1.34,1.46,62.23,-41.27,-45.02,1,0.00,0.00,0,0,0,3.92,2.29,79.6,0,00,1,$
#,050,49,45,29.00,940.25,10.00,Frequency_MHz,RSSI_dBm,-0.02,-0.02,0.97,0.85,1.34,1.46,62.23,-41.27,-45.02,1,0.00,0.00,0,0,0,3.91,2.44,79.6,0,00,1,$
#,050,49,46,29.00,940.25,10.00,Frequency_MHz,RSSI_dBm,-0.02,-0.02,0.97,0.85,1.34,1.46,62.23,-41.27,-45.02,1,0.00,0.00,0,0,0,3.91,2.44,79.0,0,00,1,$
#,050,49,46,29.00,940.25,10.00,Frequency_MHz,RSSI_dBm,-0.03,-0.02,0.97,1.04,1.59,1.59,62.18,-41.96,-46.29,1,0.00,0.00,0,0,0,3.91,2.62,79.6,0,00,1,$
#,050,49,46,29.00,940.25,10.00,Frequency_MHz,RSSI_dBm,-0.03,-0.02,0.97,1.04,1.59,1.59,62.18,-41.96,-46.29,1,0.00,0.00,0,0,0,3.91,2.62,80.1,0,00,1,$
#,050,50,46,29.00,940.25,10.00,Frequency_MHz,RSSI_dBm,-0.02,-0.02,0.98,0.92,1.34,1.59,62.15,-41.87,-47.86,1,0.00,0.00,0,0,0,3.92,2.48,80.1,0,00,1,$
#,050,50,46,29.00,940.25,10.00,Frequency_MHz,RSSI_dBm,-0.02,-0.02,0.98,0.92,1.34,1.59,62.15,-41.87,-47.86,1,0.00,0.00,0,0,0,3.91,2.74,79.0,0,00,1,$
#,050,50,46,29.00,940.25,10.00,Frequency_MHz,RSSI_dBm,-0.10,0.03,0.98,-5.49,-6.41,5.98,61.69,-41.82,-45.96,1,0.00,0.00,0,0,0,3.91,2.74,81.2,0,00,1,$
#,050,50,46,29.00,940.25,10.00,Frequency_MHz,RSSI_dBm,-0.10,0.03,0.98,-5.49,-6.41,5.98,61.69,-41.82,-45.96,1,0.00,0.00,0,0,0,3.91,2.72,79.0,0,00,1,$
#,050,50,46,29.00,940.25,10.00,Frequency_MHz,RSSI_dBm,-0.10,0.03,0.98,-5.49,-6.41,5.98,61.69,-41.82,-45.96,1,0.00,0.00,0,0,0,3.91,2.72,80.1,0,00,1,$
#,050,50,46,29.00,940.25,10.00,Frequency_MHz,RSSI_dBm,-0.03,-0.02,0.98,0.79,1.34,-1.10,61.61,-40.66,-45.62,1,0.00,0.00,0,0,0,3.92,2.33,81.2,0,00,1,$
#,050,50,47,29.00,940.25,10.00,Frequency_MHz,RSSI_dBm,-0.03,-0.02,0.98,0.79,1.34,-1.10,61.61,-40.66,-45.62,1,0.00,0.00,0,0,0,3.91,2.52,80.7,0,00,1,$
#,050,50,47,29.00,940.25,10.00,Frequency_MHz,RSSI_dBm,-0.02,-0.05,0.98,7.39,9.77,8.06,62.62,-41.52,-47.34,1,0.00,0.00,0,0,0,3.91,2.52,80.1,0,00,1,$
#,050,51,47,29.00,940.25,10.00,Frequency_MHz,RSSI_dBm,-0.02,-0.05,0.98,7.39,9.77,8.06,62.62,-41.52,-47.34,1,0.00,0.00,0,0,0,3.92,2.47,80.7,0,00,1,$
#,050,51,47,29.00,940.25,10.00,Frequency_MHz,RSSI_dBm,-0.02,-0.05,0.98,7.39,9.77,8.06,62.62,-41.52,-47.34,1,0.00,0.00,0,0,0,3.92,2.47,80.7,0,00,1,$
#,050,51,47,29.00,940.25,10.00,Frequency_MHz,RSSI_dBm,-0.06,-0.02,0.98,1.04,1.71,2.62,62.44,-41.82,-44.81,1,0.00,0.00,0,0,0,3.92,2.51,80.1,0,00,1,$
#,050,51,47,29.00,940.25,10.00,Frequency_MHz,RSSI_dBm,-0.06,-0.02,0.98,1.04,1.71,2.62,62.44,-41.82,-44.81,1,0.00,0.00,0,0,0,3.92,2.50,81.8,0,00,1,$
#,050,51,47,29.00,940.25,10.00,Frequency_MHz,RSSI_dBm,-0.02,-0.02,0.97,0.85,1.59,10.86,63.05,-40.60,-46.59,1,0.00,0.00,0,0,0,3.92,2.50,81.8,0,00,1,$
#,050,51,47,29.00,940.25,10.00,Frequency_MHz,RSSI_dBm,-0.02,-0.02,0.97,0.85,1.59,10.86,63.05,-40.60,-46.59,1,0.00,0.00,0,0,0,3.92,2.40,80.1,0,00,1,$
#,050,51,47,29.00,940.25,10.00,Frequency_MHz,RSSI_dBm,-0.20,0.01,1.00,1.95,0.92,-18.31,61.63,267.52,-388.73,1,0.00,0.00,0,0,0,3.91,2.55,81.2,0,00,1,$
#,050,51,48,29.00,940.25,10.00,Frequency_MHz,RSSI_dBm,-0.20,0.01,1.00,1.95,0.92,-18.31,61.63,267.52,-388.73,1,0.00,0.00,0,0,0,3.91,2.55,81.8,0,00,1,$
#,050,52,48,29.00,940.25,10.00,Frequency_MHz,RSSI_dBm,-0.20,0.01,1.00,1.95,0.92,-18.31,61.63,267.52,-388.73,1,0.00,0.00,0,0,0,3.91,2.53,81.2,0,00,1,$
#,050,52,48,29.00,940.25,10.00,Frequency_MHz,RSSI_dBm,-0.01,-0.02,0.99,-3.91,-3.97,-10.86,59.59,-38.04,-44.20,1,0.00,0.00,0,0,0,3.91,2.53,80.1,0,00,1,$
#,050,52,48,29.00,940.25,10.00,Frequency_MHz,RSSI_dBm,-0.01,-0.02,0.99,-3.91,-3.97,-10.86,59.59,-38.04,-44.20,1,0.00,0.00,0,0,0,3.91,2.39,80.7,0,00,1,$
#,050,52,48,29.00,940.25,10.00,Frequency_MHz,RSSI_dBm,-0.01,-0.02,0.99,-3.91,-3.97,-10.86,59.59,-38.04,-44.20,1,0.00,0.00,0,0,0,3.91,2.39,81.8,0,00,1,$
#,050,52,48,29.00,940.25,10.00,Frequency_MHz,RSSI_dBm,-0.01,-0.04,0.97,8.79,-18.68,25.09,61.16,-38.56,-44.97,1,0.00,0.00,0,0,0,3.91,2.71,81.8,0,00,1,$
#,050,52,48,29.00,940.25,10.00,Frequency_MHz,RSSI_dBm,-0.01,-0.04,0.97,8.79,-18.68,25.09,61.16,-38.56,-44.97,1,0.00,0.00,0,0,0,3.92,2.52,80.1,0,00,1,$
#,050,52,48,29.00,940.25,10.00,Frequency_MHz,RSSI_dBm,-0.03,-0.04,1.00,-1.53,2.62,7.20,56.53,-33.34,-42.77,1,0.00,0.00,0,0,0,3.92,2.52,81.8,0,00,1,$
#,050,52,49,29.00,940.25,10.00,Frequency_MHz,RSSI_dBm,-0.03,-0.04,1.00,-1.53,2.62,7.20,56.53,-33.34,-42.77,1,0.00,0.00,0,0,0,3.92,2.49,81.2,0,00,1,$
#,050,52,49,29.00,940.25,10.00,Frequency_MHz,RSSI_dBm,-0.03,-0.04,1.00,-1.53,2.62,7.20,56.53,-33.34,-42.77,1,0.00,0.00,0,0,0,3.92,2.49,81.2,0,00,1,$
#,050,53,49,29.00,940.25,10.00,Frequency_MHz,RSSI_dBm,-0.01,0.00,0.99,-1.71,4.88,0.49,56.75,-33.70,-42.50,1,0.00,0.00,0,0,0,3.96,1.35,80.1,0,00,1,$
#,050,53,49,29.00,940.25,10.00,Frequency_MHz,RSSI_dBm,-0.01,0.00,0.99,-1.71,4.88,0.49,56.75,-33.70,-42.50,1,0.00,0.00,0,0,0,3.92,2.65,80.1,0,00,1,$
#,050,53,49,29.00,940.25,10.00,Frequency_MHz,RSSI_dBm,0.00,-0.05,0.98,-8.91,2.20,-14.28,57.21,-33.56,-45.70,1,0.00,0.00,0,0,0,3.92,2.65,81.8,0,00,1,$
#,050,53,49,29.00,940.25,10.00,Frequency_MHz,RSSI_dBm,0.00,-0.05,0.98,-8.91,2.20,-14.28,57.21,-33.56,-45.70,1,0.00,0.00,0,0,0,3.92,2.53,82.3,0,00,1,$
#,050,53,49,29.00,940.25,10.00,Frequency_MHz,RSSI_dBm,0.00,-0.05,0.98,-8.91,2.20,-14.28,57.21,-33.56,-45.70,1,0.00,0.00,0,0,0,3.92,2.53,81.8,0,00,1,$
#,050,53,49,29.00,940.25,10.00,Frequency_MHz,RSSI_dBm,0.04,-0.04,0.96,4.64,-8.42,7.93,60.62,-33.04,-44.45,1,0.00,0.00,0,0,0,3.92,2.56,82.3,0,00,1,$
#,050,53,49,29.00,940.25,10.00,Frequency_MHz,RSSI_dBm,0.04,-0.04,0.96,4.64,-8.42,7.93,60.62,-33.04,-44.45,1,0.00,0.00,0,0,0,3.92,2.48,81.2,0,00,1,$
#,050,53,50,29.00,940.25,10.00,Frequency_MHz,RSSI_dBm,-0.02,-0.05,0.92,-17.46,14.47,7.08,57.15,-34.25,-42.25,1,0.00,0.00,0,0,0,3.92,2.48,82.3,0,00,1,$
#,050,54,50,29.00,940.25,10.00,Frequency_MHz,RSSI_dBm,-0.02,-0.05,0.92,-17.46,14.47,7.08,57.15,-34.25,-42.25,1,0.00,0.00,0,0,0,3.92,2.50,80.7,0,00,1,$
#,050,54,50,29.00,940.25,10.00,Frequency_MHz,RSSI_dBm,-0.03,-0.04,1.00,-3.66,-7.26,14.89,57.31,-35.03,-42.91,1,0.00,0.00,0,0,0,3.92,2.50,81.2,0,00,1,$
#,050,54,50,29.00,940.25,10.00,Frequency_MHz,RSSI_dBm,-0.03,-0.04,1.00,-3.66,-7.26,14.89,57.31,-35.03,-42.91,1,0.00,0.00,0,0,0,3.92,2.43,83.4,0,00,1,$
#,050,54,50,29.00,940.25,10.00,Frequency_MHz,RSSI_dBm,-0.03,-0.04,1.00,-3.66,-7.26,14.89,57.31,-35.03,-42.91,1,0.00,0.00,0,0,0,3.91,2.59,82.9,0,00,1,$
#,050,54,50,29.00,940.25,10.00,Frequency_MHz,RSSI_dBm,-0.03,-0.03,0.99,5.31,-2.01,-12.51,55.35,-34.42,-45.80,1,0.00,0.00,0,0,0,3.91,2.59,81.2,0,00,1,$
#,050,54,50,29.00,940.25,10.00,Frequency_MHz,RSSI_dBm,-0.03,-0.03,0.99,5.31,-2.01,-12.51,55.35,-34.42,-45.80,1,0.00,0.00,0,0,0,3.91,2.51,81.8,0,00,1,$
#,050,54,50,29.00,940.25,10.00,Frequency_MHz,RSSI_dBm,-0.04,-0.03,1.00,-18.74,13.61,-23.62,52.17,-34.51,-44.13,1,0.00,0.00,0,0,0,3.91,2.42,81.8,0,00,1,$
#,050,54,50,29.00,940.25,10.00,Frequency_MHz,RSSI_dBm,-0.04,-0.03,1.00,-18.74,13.61,-23.62,52.17,-34.51,-44.13,1,0.00,0.00,0,0,0,3.91,2.42,82.3,0,00,1,$
#,050,55,51,29.00,940.25,10.00,Frequency_MHz,RSSI_dBm,-0.03,-0.03,0.99,-8.00,11.78,2.01,53.15,-35.44,-44.80,1,0.00,0.00,0,0,0,3.92,2.40,81.2,0,00,1,$
#,050,55,51,29.00,940.25,10.00,Frequency_MHz,RSSI_dBm,-0.03,-0.03,0.99,-8.00,11.78,2.01,53.15,-35.44,-44.80,1,0.00,0.00,0,0,0,3.92,2.40,82.9,0,00,1,$
#,050,55,51,29.00,940.25,10.00,Frequency_MHz,RSSI_dBm,-0.03,-0.03,0.99,-8.00,11.78,2.01,53.15,-35.44,-44.80,1,0.00,0.00,0,0,0,3.92,2.62,82.9,0,00,1,$
#,050,55,51,29.00,940.25,10.00,Frequency_MHz,RSSI_dBm,-0.02,-0.03,1.00,-7.14,4.21,-20.63,53.53,-35.30,-44.54,1,0.00,0.00,0,0,0,3.92,2.54,83.4,0,00,1,$
#,050,55,51,29.00,940.25,10.00,Frequency_MHz,RSSI_dBm,-0.02,-0.03,1.00,-7.14,4.21,-20.63,53.53,-35.30,-44.54,1,0.00,0.00,0,0,0,3.92,2.54,82.9,0,00,1,$
#,050,55,51,29.00,940.25,10.00,Frequency_MHz,RSSI_dBm,-0.02,-0.03,1.00,-7.14,4.21,-20.63,53.53,-35.30,-44.54,1,0.00,0.00,0,0,0,3.92,2.53,82.3,0,00,1,$
#,050,55,51,29.00,940.25,10.00,Frequency_MHz,RSSI_dBm,-0.02,-0.03,0.95,-15.26,23.44,-11.84,53.63,-35.23,-44.86,1,0.00,0.00,0,0,0,3.92,2.53,82.3,0,00,1,$
#,050,55,51,29.00,940.25,10.00,Frequency_MHz,RSSI_dBm,-0.02,-0.03,0.95,-15.26,23.44,-11.84,53.63,-35.23,-44.86,1,0.00,0.00,0,0,0,3.92,2.42,81.8,0,00,1,$
#,050,56,52,29.00,940.25,10.00,Frequency_MHz,RSSI_dBm,-0.03,-0.03,0.96,6.29,-9.77,-5.80,126.95,370.45,-378.56,1,0.00,0.00,0,0,0,3.92,2.60,84.0,0,00,1,$
#,050,56,52,29.00,940.25,10.00,Frequency_MHz,RSSI_dBm,-0.03,-0.03,0.96,6.29,-9.77,-5.80,126.95,370.45,-378.56,1,0.00,0.00,0,0,0,3.92,2.60,82.3,0,00,1,$
#,050,56,52,29.00,940.25,10.00,Frequency_MHz,RSSI_dBm,-0.01,-0.03,0.99,-6.71,-0.55,0.73,53.31,-34.92,-44.65,1,0.00,0.00,0,0,0,3.92,2.47,81.8,0,00,1,$
#,050,56,52,29.00,940.25,10.00,Frequency_MHz,RSSI_dBm,-0.01,-0.03,0.99,-6.71,-0.55,0.73,53.31,-34.92,-44.65,1,0.00,0.00,0,0,0,3.92,2.47,83.4,0,00,1,$
#,050,56,52,29.00,940.25,10.00,Frequency_MHz,RSSI_dBm,-0.01,-0.03,0.99,-6.71,-0.55,0.73,53.31,-34.92,-44.65,1,0.00,0.00,0,0,0,3.91,2.65,83.4,0,00,1,$
#,050,56,52,29.00,940.25,10.00,Frequency_MHz,RSSI_dBm,-0.02,-0.03,0.98,-5.86,-5.00,-0.61,53.27,-36.68,-42.46,1,0.00,0.00,0,0,0,3.92,2.51,82.9,0,00,1,$
#,050,56,52,29.00,940.25,10.00,Frequency_MHz,RSSI_dBm,-0.02,-0.03,0.98,-5.86,-5.00,-0.61,53.27,-36.68,-42.46,1,0.00,0.00,0,0,0,3.92,2.51,82.9,0,00,1,$
#,050,56,52,29.00,940.25,10.00,Frequency_MHz,RSSI_dBm,-0.01,-0.06,0.99,-15.62,6.65,-12.82,48.95,-36.63,-42.31,1,0.00,0.00,0,0,0,3.92,2.23,83.4,0,00,1,$
#,050,57,52,29.00,940.25,10.00,Frequency_MHz,RSSI_dBm,-0.01,-0.06,0.99,-15.62,6.65,-12.82,48.95,-36.63,-42.31,1,0.00,0.00,0,0,0,3.92,2.44,82.9,0,00,1,$
#,050,57,53,29.00,940.25,10.00,Frequency_MHz,RSSI_dBm,-0.01,-0.06,0.99,-15.62,6.65,-12.82,48.95,-36.63,-42.31,1,0.00,0.00,0,0,0,3.92,2.44,83.4,0,00,1,$
#,050,57,53,29.00,940.25,10.00,Frequency_MHz,RSSI_dBm,-0.03,-0.03,0.98,-12.15,12.33,-38.64,46.31,-39.98,-42.49,1,0.00,0.00,0,0,0,3.91,2.43,84.0,0,00,1,$
#,050,57,53,29.00,940.25,10.00,Frequency_MHz,RSSI_dBm,-0.03,-0.03,0.98,-12.15,12.33,-38.64,46.31,-39.98,-42.49,1,0.00,0.00,0,0,0,3.91,2.43,83.4,0,00,1,$
#,050,57,53,29.00,940.25,10.00,Frequency_MHz,RSSI_dBm,-0.02,-0.03,0.98,9.46,-23.44,4.76,46.46,-40.21,-272.96,1,0.00,0.00,0,0,0,3.93,2.56,82.3,0,00,1,$
#,050,57,53,29.00,940.25,10.00,Frequency_MHz,RSSI_dBm,-0.02,-0.03,0.98,9.46,-23.44,4.76,46.46,-40.21,-272.96,1,0.00,0.00,0,0,0,3.93,2.56,83.4,0,00,1,$
#,050,57,53,29.00,940.25,10.00,Frequency_MHz,RSSI_dBm,-0.02,-0.03,0.99,4.46,-4.09,-0.49,45.75,-39.66,-41.93,1,0.00,0.00,0,0,0,3.91,2.32,82.3,0,00,1,$
#,050,57,53,29.00,940.25,10.00,Frequency_MHz,RSSI_dBm,-0.02,-0.03,0.99,4.46,-4.09,-0.49,45.75,-39.66,-41.93,1,0.00,0.00,0,0,0,3.91,2.46,82.9,0,00,1,$
#,050,58,53,29.00,940.25,10.00,Frequency_MHz,RSSI_dBm,-0.02,-0.03,0.99,4.46,-4.09,-0.49,45.75,-39.66,-41.93,1,0.00,0.00,0,0,0,3.91,2.46,84.5,0,00,1,$
#,050,58,53,29.00,940.25,10.00,Frequency_MHz,RSSI_dBm,-0.02,-0.03,0.96,0.55,-2.14,3.78,45.32,-39.11,-44.15,1,0.00,0.00,0,0,0,3.91,2.38,84.0,0,00,1,$
#,050,58,54,29.00,940.25,10.00,Frequency_MHz,RSSI_dBm,-0.02,-0.03,0.96,0.55,-2.14,3.78,45.32,-39.11,-44.15,1,0.00,0.00,0,0,0,3.91,2.63,84.0,0,00,1,$
#,050,58,54,29.00,940.25,10.00,Frequency_MHz,RSSI_dBm,-0.02,-0.03,0.97,-2.69,-5.68,11.11,46.08,-39.39,-43.97,1,0.00,0.00,0,0,0,3.91,2.63,82.3,0,00,1,$
#,050,58,54,29.00,940.25,10.00,Frequency_MHz,RSSI_dBm,-0.02,-0.03,0.97,-2.69,-5.68,11.11,46.08,-39.39,-43.97,1,0.00,0.00,0,0,0,3.91,2.38,82.9,0,00,1,$
#,050,58,54,29.00,940.25,10.00,Frequency_MHz,RSSI_dBm,-0.02,-0.03,0.97,-3.91,2.08,1.34,44.27,-39.90,-41.19,1,0.00,0.00,0,0,0,3.90,2.56,84.0,0,00,1,$
#,050,58,54,29.00,940.25,10.00,Frequency_MHz,RSSI_dBm,-0.02,-0.03,0.97,-3.91,2.08,1.34,44.27,-39.90,-41.19,1,0.00,0.00,0,0,0,3.90,2.56,83.4,0,00,1,$
#,050,58,54,29.00,940.25,10.00,Frequency_MHz,RSSI_dBm,-0.02,-0.03,0.97,-3.91,2.08,1.34,44.27,-39.90,-41.19,1,0.00,0.00,0,0,0,3.91,2.50,83.4,0,00,1,$
#,050,59,54,29.00,940.25,10.00,Frequency_MHz,RSSI_dBm,-0.02,-0.03,0.99,-9.95,22.46,-8.73,45.70,-38.94,-44.03,1,0.00,0.00,0,0,0,3.92,2.38,84.0,0,00,1,$
#,050,59,55,29.00,940.25,10.00,Frequency_MHz,RSSI_dBm,-0.02,-0.03,0.99,-9.95,22.46,-8.73,45.70,-38.94,-44.03,1,0.00,0.00,0,0,0,3.92,2.38,82.9,0,00,1,$
#,050,59,55,29.00,940.25,10.00,Frequency_MHz,RSSI_dBm,-0.03,-0.03,0.98,-7.26,-15.99,2.20,45.72,-40.09,-43.53,1,0.00,0.00,0,0,0,3.92,2.58,84.0,0,00,1,$
#,050,59,55,29.00,940.25,10.00,Frequency_MHz,RSSI_dBm,-0.03,-0.03,0.98,-7.26,-15.99,2.20,45.72,-40.09,-43.53,1,0.00,0.00,0,0,0,3.92,2.58,84.0,0,00,1,$
#,050,59,55,29.00,940.25,10.00,Frequency_MHz,RSSI_dBm,-0.02,-0.03,1.01,-14.28,10.31,8.48,46.00,-39.34,-44.49,1,0.00,0.00,0,0,0,3.92,2.58,84.5,0,00,1,$
#,050,59,55,29.00,940.25,10.00,Frequency_MHz,RSSI_dBm,-0.02,-0.03,1.01,-14.28,10.31,8.48,46.00,-39.34,-44.49,1,0.00,0.00,0,0,0,3.91,2.62,84.0,0,00,1,$
#,050,59,55,29.00,940.25,10.00,Frequency_MHz,RSSI_dBm,-0.02,-0.03,1.01,-14.28,10.31,8.48,46.00,-39.34,-44.49,1,0.00,0.00,0,0,0,3.91,2.62,84.0,0,00,1,$
#,050,59,55,29.00,940.25,10.00,Frequency_MHz,RSSI_dBm,-0.02,-0.03,0.99,-4.58,20.57,-23.01,45.41,-39.51,-45.06,1,0.00,0.00,0,0,0,3.91,2.45,84.5,0,00,1,$
#,050,60,55,29.00,940.25,10.00,Frequency_MHz,RSSI_dBm,-0.02,-0.03,0.99,-4.58,20.57,-23.01,45.41,-39.51,-45.06,1,0.00,0.00,0,0,0,3.91,2.45,84.0,0,00,1,$
#,050,60,55,29.00,940.25,10.00,Frequency_MHz,RSSI_dBm,-0.03,-0.03,0.99,-10.56,7.69,-40.34,46.06,347.03,-378.91,1,0.00,0.00,0,0,0,3.91,2.43,82.9,0,00,1,$
#,050,60,56,29.00,940.25,10.00,Frequency_MHz,RSSI_dBm,-0.03,-0.03,0.99,-10.56,7.69,-40.34,46.06,347.03,-378.91,1,0.00,0.00,0,0,0,3.91,2.55,82.3,0,00,1,$
#,050,60,56,29.00,940.25,10.00,Frequency_MHz,RSSI_dBm,-0.03,-0.03,0.98,-4.64,5.80,-12.27,45.74,-39.31,-44.23,1,0.00,0.00,0,0,0,3.90,2.54,83.4,0,00,1,$
#,050,60,56,29.00,940.25,10.00,Frequency_MHz,RSSI_dBm,-0.03,-0.03,0.98,-4.64,5.80,-12.27,45.74,-39.31,-44.23,1,0.00,0.00,0,0,0,3.90,2.54,83.4,0,00,1,$
#,050,60,56,29.00,940.25,10.00,Frequency_MHz,RSSI_dBm,-0.03,-0.03,0.98,-4.64,5.80,-12.27,45.74,-39.31,-44.23,1,0.00,0.00,0,0,0,3.92,2.41,82.9,0,00,1,$
#,050,60,56,29.00,940.25,10.00,Frequency_MHz,RSSI_dBm,-0.02,-0.03,0.99,-0.43,-11.96,19.96,45.61,-39.65,-42.16,1,0.00,0.00,0,0,0,3.91,2.69,84.5,0,00,1,$
#,050,61,56,29.00,940.25,10.00,Frequency_MHz,RSSI_dBm,-0.02,-0.03,0.99,-0.43,-11.96,19.96,45.61,-39.65,-42.16,1,0.00,0.00,0,0,0,3.91,2.69,84.5,0,00,1,$
#,050,61,56,29.00,940.25,10.00,Frequency_MHz,RSSI_dBm,-0.03,-0.03,0.99,-12.88,1.77,-5.07,45.41,-39.92,-43.10,1,0.00,0.00,0,0,0,3.92,2.35,84.5,0,00,1,$
#,050,61,56,29.00,940.25,10.00,Frequency_MHz,RSSI_dBm,-0.03,-0.03,0.99,-12.88,1.77,-5.07,45.41,-39.92,-43.10,1,0.00,0.00,0,0,0,3.92,2.35,84.0,0,00,1,$
#,050,61,57,29.00,940.25,10.00,Frequency_MHz,RSSI_dBm,-0.02,-0.03,1.00,-18.80,19.41,-40.16,45.34,-39.25,-41.48,1,0.00,0.00,0,0,0,3.92,2.38,84.5,0,00,1,$
#,050,61,57,29.00,940.25,10.00,Frequency_MHz,RSSI_dBm,-0.02,-0.03,1.00,-18.80,19.41,-40.16,45.34,-39.25,-41.48,1,0.00,0.00,0,0,0,3.92,2.36,83.4,0,00,1,$
#,050,61,57,29.00,940.25,10.00,Frequency_MHz,RSSI_dBm,-0.02,-0.03,1.00,-18.80,19.41,-40.16,45.34,-39.25,-41.48,1,0.00,0.00,0,0,0,3.92,2.36,82.3,0,00,1,$
#,050,61,57,29.00,940.25,10.00,Frequency_MHz,RSSI_dBm,-0.04,-0.02,0.94,-11.47,19.96,-13.49,45.52,-39.14,-42.76,1,0.00,0.00,0,0,0,3.94,1.63,84.0,0,00,1,$
#,050,61,57,29.00,940.25,10.00,Frequency_MHz,RSSI_dBm,-0.04,-0.02,0.94,-11.47,19.96,-13.49,45.52,-39.14,-42.76,1,0.00,0.00,0,0,0,3.91,2.54,84.5,0,00,1,$
#,050,62,57,29.00,940.25,10.00,Frequency_MHz,RSSI_dBm,-0.02,-0.03,0.97,0.24,-4.64,9.58,45.53,-38.96,-44.64,1,0.00,0.00,0,0,0,3.91,2.54,84.0,0,00,1,$
#,050,62,57,29.00,940.25,10.00,Frequency_MHz,RSSI_dBm,-0.02,-0.03,0.97,0.24,-4.64,9.58,45.53,-38.96,-44.64,1,0.00,0.00,0,0,0,3.91,2.48,83.4,0,00,1,$
#,050,62,57,29.00,940.25,10.00,Frequency_MHz,RSSI_dBm,-0.03,-0.03,0.96,0.37,-15.69,-6.35,46.11,-39.12,-42.29,1,0.00,0.00,0,0,0,3.92,2.27,83.4,0,00,1,$
#,050,62,58,29.00,940.25,10.00,Frequency_MHz,RSSI_dBm,-0.03,-0.03,0.96,0.37,-15.69,-6.35,46.11,-39.12,-42.29,1,0.00,0.00,0,0,0,3.92,2.27,84.5,0,00,1,$
#,050,62,58,29.00,940.25,10.00,Frequency_MHz,RSSI_dBm,-0.03,-0.03,1.00,3.05,-20.69,7.20,46.29,-39.07,-43.97,1,0.00,0.00,0,0,0,3.93,2.20,85.1,0,00,1,$
#,050,62,58,29.00,940.25,10.00,Frequency_MHz,RSSI_dBm,-0.03,-0.03,1.00,3.05,-20.69,7.20,46.29,-39.07,-43.97,1,0.00,0.00,0,0,0,3.93,2.20,83.4,0,00,1,$
#,050,62,58,29.00,940.25,10.00,Frequency_MHz,RSSI_dBm,-0.03,-0.03,1.00,3.05,-20.69,7.20,46.29,-39.07,-43.97,1,0.00,0.00,0,0,0,3.95,2.40,82.9,0,00,1,$
#,050,62,58,29.00,940.25,10.00,Frequency_MHz,RSSI_dBm,-0.02,-0.03,0.99,7.08,-4.82,0.31,121.68,369.89,-378.12,1,0.00,0.00,0,0,0,3.92,2.56,84.5,0,00,1,$
#,050,63,58,29.00,940.25,10.00,Frequency_MHz,RSSI_dBm,-0.02,-0.03,0.99,7.08,-4.82,0.31,121.68,369.89,-378.12,1,0.00,0.00,0,0,0,3.92,2.56,83.4,0,00,1,$
#,050,63,58,29.00,940.25,10.00,Frequency_MHz,RSSI_dBm,-0.02,-0.02,0.98,-6.10,-7.20,-1.53,46.37,-39.20,-45.00,1,0.00,0.00,0,0,0,3.91,2.25,84.0,0,00,1,$
#,050,63,58,29.00,940.25,10.00,Frequency_MHz,RSSI_dBm,-0.02,-0.02,0.98,-6.10,-7.20,-1.53,46.37,-39.20,-45.00,1,0.00,0.00,0,0,0,3.95,1.94,81.8,0,00,1,$
#,050,63,58,29.00,940.25,10.00,Frequency_MHz,RSSI_dBm,-0.02,-0.02,0.98,-6.10,-7.20,-1.53,46.37,-39.20,-45.00,1,0.00,0.00,0,0,0,3.95,1.94,83.4,0,00,1,$
#,050,63,59,29.00,940.25,10.00,Frequency_MHz,RSSI_dBm,-0.02,-0.03,1.00,-22.64,27.40,27.59,45.50,-38.24,-43.86,1,0.00,0.00,0,0,0,3.92,2.41,85.1,0,00,1,$
#,050,63,59,29.00,940.25,10.00,Frequency_MHz,RSSI_dBm,-0.02,-0.03,1.00,-22.64,27.40,27.59,45.50,-38.24,-43.86,1,0.00,0.00,0,0,0,3.92,2.41,82.3,0,00,1,$
#,050,63,59,29.00,940.25,10.00,Frequency_MHz,RSSI_dBm,-0.02,-0.03,0.98,-9.28,7.14,-5.62,46.15,-39.01,-44.01,1,0.00,0.00,0,0,0,3.92,2.34,84.5,0,00,1,$
#,050,63,59,29.00,940.25,10.00,Frequency_MHz,RSSI_dBm,-0.02,-0.03,0.98,-9.28,7.14,-5.62,46.15,-39.01,-44.01,1,0.00,0.00,0,0,0,3.92,2.50,84.0,0,00,1,$
#,050,64,59,29.00,940.25,10.00,Frequency_MHz,RSSI_dBm,-0.02,-0.03,0.98,-9.28,7.14,-5.62,46.15,-39.01,-44.01,1,0.00,0.00,0,0,0,3.92,2.50,85.1,0,00,1,$
#,050,64,59,29.00,940.25,10.00,Frequency_MHz,RSSI_dBm,-0.03,-0.03,0.98,-6.10,-2.01,14.71,45.35,-40.05,-42.29,1,0.00,0.00,0,0,0,3.92,2.44,84.5,0,00,1,$
#,050,64,59,29.00,940.25,10.00,Frequency_MHz,RSSI_dBm,-0.03,-0.03,0.98,-6.10,-2.01,14.71,45.35,-40.05,-42.29,1,0.00,0.00,0,0,0,3.92,2.44,84.0,0,00,1,$
#,050,64,59,29.00,940.25,10.00,Frequency_MHz,RSSI_dBm,-0.03,-0.02,0.99,-0.37,13.61,-23.44,45.83,-38.43,-44.19,1,0.00,0.00,0,0,0,3.92,2.32,84.0,0,00,1,$
#,050,64,59,29.00,940.25,10.00,Frequency_MHz,RSSI_dBm,-0.03,-0.02,0.99,-0.37,13.61,-23.44,45.83,-38.43,-44.19,1,0.00,0.00,0,0,0,3.92,2.40,84.0,0,00,1,$
#,050,64,60,29.00,940.25,10.00,Frequency_MHz,RSSI_dBm,-0.02,-0.03,0.99,3.54,-14.59,-2.99,44.26,-39.92,-41.14,1,0.00,0.00,0,0,0,3.92,2.40,82.3,0,00,1,$
#,050,64,60,29.00,940.25,10.00,Frequency_MHz,RSSI_dBm,-0.02,-0.03,0.99,3.54,-14.59,-2.99,44.26,-39.92,-41.14,1,0.00,0.00,0,0,0,3.92,2.56,82.9,0,00,1,$
#,050,64,60,29.00,940.25,10.00,Frequency_MHz,RSSI_dBm,-0.02,-0.03,0.99,3.54,-14.59,-2.99,44.26,-39.92,-41.14,1,0.00,0.00,0,0,0,3.96,2.18,82.9,0,00,1,$
#,050,65,60,29.00,940.25,10.00,Frequency_MHz,RSSI_dBm,-0.03,-0.03,0.98,-14.83,18.07,6.84,43.60,-40.30,-41.50,1,0.00,0.00,0,0,0,3.96,2.18,85.1,0,00,1,$
#,050,65,60,29.00,940.25,10.00,Frequency_MHz,RSSI_dBm,-0.03,-0.03,0.98,-14.83,18.07,6.84,43.60,-40.30,-41.50,1,0.00,0.00,0,0,0,3.95,1.67,83.4,0,00,1,$
#,050,65,60,29.00,940.25,10.00,Frequency_MHz,RSSI_dBm,-0.02,-0.03,1.00,1.89,-10.31,3.91,45.03,-39.61,-43.55,1,0.00,0.00,0,0,0,3.95,1.67,84.5,0,00,1,$
#,050,65,60,29.00,940.25,10.00,Frequency_MHz,RSSI_dBm,-0.02,-0.03,1.00,1.89,-10.31,3.91,45.03,-39.61,-43.55,1,0.00,0.00,0,0,0,3.93,2.17,82.9,0,00,1,$
#,050,65,60,29.00,940.25,10.00,Frequency_MHz,RSSI_dBm,-0.02,-0.03,1.00,1.89,-10.31,3.91,45.03,-39.61,-43.55,1,0.00,0.00,0,0,0,3.91,2.37,84.5,0,00,1,$
#,050,65,61,29.00,940.25,10.00,Frequency_MHz,RSSI_dBm,-0.02,-0.03,0.98,-11.41,13.61,-17.09,46.47,-39.50,-377.83,1,0.00,0.00,0,0,0,3.91,2.37,84.0,0,00,1,$
#,050,65,61,29.00,940.25,10.00,Frequency_MHz,RSSI_dBm,-0.02,-0.03,0.99,-16.72,22.09,-9.03,46.14,-39.20,-43.46,1,0.00,0.00,0,0,0,3.92,2.43,84.0,0,00,1,$
#,050,66,61,29.00,940.25,10.00,Frequency_MHz,RSSI_dBm,-0.02,-0.03,0.99,-16.72,22.09,-9.03,46.14,-39.20,-43.46,1,0.00,0.00,0,0,0,3.94,2.29,85.1,0,00,1,$
#,050,66,61,29.00,940.25,10.00,Frequency_MHz,RSSI_dBm,-0.02,-0.03,0.99,-16.72,22.09,-9.03,46.14,-39.20,-43.46,1,0.00,0.00,0,0,0,3.94,2.29,84.0,0,00,1,$
#,050,66,61,29.00,940.25,10.00,Frequency_MHz,RSSI_dBm,-0.02,-0.03,0.98,-3.36,14.83,-3.72,44.25,-40.81,-41.65,1,0.00,0.00,0,0,0,3.94,2.65,84.0,0,00,1,$
#,050,66,61,29.00,940.25,10.00,Frequency_MHz,RSSI_dBm,-0.02,-0.03,0.98,-3.36,14.83,-3.72,44.25,-40.81,-41.65,1,0.00,0.00,0,0,0,3.90,2.95,83.4,0,00,1,$
#,050,66,61,29.00,940.25,10.00,Frequency_MHz,RSSI_dBm,-0.02,-0.03,0.98,14.77,-18.62,-5.19,46.11,-39.40,-43.36,1,0.00,0.00,0,0,0,3.90,2.95,83.4,0,00,1,$
#,050,66,61,29.00,940.25,10.00,Frequency_MHz,RSSI_dBm,-0.02,-0.03,0.98,14.77,-18.62,-5.19,46.11,-39.40,-43.36,1,0.00,0.00,0,0,0,3.90,2.65,84.0,0,00,1,$
#,050,66,61,29.00,940.25,10.00,Frequency_MHz,RSSI_dBm,-0.02,-0.03,0.98,14.77,-18.62,-5.19,46.11,-39.40,-43.36,1,0.00,0.00,0,0,0,3.90,2.65,83.4,0,00,1,$
#,050,66,62,29.00,940.25,10.00,Frequency_MHz,RSSI_dBm,-0.02,-0.03,0.98,-13.00,2.50,-21.42,46.02,-38.53,-43.84,1,0.00,0.00,0,0,0,3.90,2.14,85.1,0,00,1,$
#,050,67,62,29.00,940.25,10.00,Frequency_MHz,RSSI_dBm,-0.02,-0.03,0.98,-13.00,2.50,-21.42,46.02,-38.53,-43.84,1,0.00,0.00,0,0,0,3.90,2.86,84.0,0,00,1,$
#,050,67,62,29.00,940.25,10.00,Frequency_MHz,RSSI_dBm,-0.03,-0.03,0.98,-11.29,2.87,-4.70,45.57,16.58,-379.36,1,0.00,0.00,0,0,0,3.90,2.86,84.0,0,00,1,$
#,050,67,62,29.00,940.25,10.00,Frequency_MHz,RSSI_dBm,-0.03,-0.03,0.98,-11.29,2.87,-4.70,45.57,16.58,-379.36,1,0.00,0.00,0,0,0,3.91,2.57,84.5,0,00,1,$
#,050,67,62,29.00,940.25,10.00,Frequency_MHz,RSSI_dBm,-0.03,-0.03,0.98,-11.29,2.87,-4.70,45.57,16.58,-379.36,1,0.00,0.00,0,0,0,3.91,2.57,84.5,0,00,1,$
#,050,67,62,29.00,940.25,10.00,Frequency_MHz,RSSI_dBm,-0.03,-0.03,0.98,22.64,-29.11,4.15,45.86,-40.28,-42.75,1,0.00,0.00,0,0,0,3.90,2.72,85.1,0,00,1,$
#,050,67,62,29.00,940.25,10.00,Frequency_MHz,RSSI_dBm,-0.03,-0.03,0.98,22.64,-29.11,4.15,45.86,-40.28,-42.75,1,0.00,0.00,0,0,0,3.94,1.93,82.9,0,00,1,$
#,050,67,62,29.00,940.25,10.00,Frequency_MHz,RSSI_dBm,-0.03,-0.03,1.00,-8.30,2.08,-9.95,46.20,-39.66,-43.84,1,0.00,0.00,0,0,0,3.94,1.93,85.1,0,00,1,$
#,050,67,62,29.00,940.25,10.00,Frequency_MHz,RSSI_dBm,-0.03,-0.03,1.00,-8.30,2.08,-9.95,46.20,-39.66,-43.84,1,0.00,0.00,0,0,0,3.92,2.38,84.5,0,00,1,$
#,050,68,63,29.00,940.25,10.00,Frequency_MHz,RSSI_dBm,-0.03,-0.03,0.99,-1.46,-4.46,12.94,45.87,-39.60,-43.77,1,0.00,0.00,0,0,0,3.90,2.38,85.1,0,00,1,$
#,050,68,63,29.00,940.25,10.00,Frequency_MHz,RSSI_dBm,-0.03,-0.03,0.99,-1.46,-4.46,12.94,45.87,-39.60,-43.77,1,0.00,0.00,0,0,0,3.90,2.87,84.0,0,00,1,$
#,050,68,63,29.00,940.25,10.00,Frequency_MHz,RSSI_dBm,-0.03,-0.03,0.99,-1.46,-4.46,12.94,45.87,-39.60,-43.77,1,0.00,0.00,0,0,0,3.90,2.65,83.4,0,00,1,$
#,050,68,63,29.00,940.25,10.00,Frequency_MHz,RSSI_dBm,-0.03,-0.03,0.99,-1.46,-4.46,12.94,45.87,-39.60,-43.77,1,0.00,0.00,0,0,0,3.90,2.65,84.5,0,00,1,$
#,050,68,63,29.00,940.25,10.00,Frequency_MHz,RSSI_dBm,-0.03,-0.03,0.99,-1.46,-4.46,12.94,45.87,-39.60,-43.77,1,0.00,0.00,0,0,0,3.90,2.78,84.0,0,00,1,$
#,050,68,63,29.00,940.25,10.00,Frequency_MHz,RSSI_dBm,-0.03,-0.03,0.99,-1.46,-4.46,12.94,45.87,-39.60,-43.77,1,0.00,0.00,0,0,0,3.89,2.87,85.1,0,00,1,$
#,050,68,63,29.00,940.25,10.00,Frequency_MHz,RSSI_dBm,-0.03,-0.03,0.99,-1.46,-4.46,12.94,45.87,-39.60,-43.77,1,0.00,0.00,0,0,0,3.89,2.87,84.0,0,00,1,$
#,050,68,63,29.00,940.25,10.00,Frequency_MHz,RSSI_dBm,-0.03,-0.03,0.99,-1.46,-4.46,12.94,45.87,-39.60,-43.77,1,0.00,0.00,0,0,0,3.91,2.66,83.4,0,00,1,$
#,050,69,63,29.00,940.25,10.00,Frequency_MHz,RSSI_dBm,-0.03,-0.03,0.99,-1.46,-4.46,12.94,45.87,-39.60,-43.77,1,0.00,0.00,0,0,0,3.91,2.66,83.4,0,00,1,$
#,050,69,64,29.00,940.25,10.00,Frequency_MHz,RSSI_dBm,-0.03,-0.03,0.99,-1.46,-4.46,12.94,45.87,-39.60,-43.77,1,0.00,0.00,0,0,0,3.90,2.66,85.1,0,00,1,$
#,050,69,64,29.00,940.25,10.00,Frequency_MHz,RSSI_dBm,-0.02,-0.03,0.98,0.92,0.37,0.92,46.15,-39.94,-42.60,1,0.00,0.00,0,0,0,3.94,2.25,82.3,0,00,1,$
#,050,69,64,29.00,940.25,10.00,Frequency_MHz,RSSI_dBm,-0.02,-0.03,0.98,0.92,0.37,0.92,46.15,-39.94,-42.60,1,0.00,0.00,0,0,0,3.94,2.25,84.5,0,00,1,$
#,050,69,64,29.00,940.25,10.00,Frequency_MHz,RSSI_dBm,-0.03,-0.03,0.98,1.59,0.61,1.22,46.61,-40.49,-42.44,1,0.00,0.00,0,0,0,3.90,2.67,83.4,0,00,1,$
#,050,69,64,29.00,940.25,10.00,Frequency_MHz,RSSI_dBm,-0.03,-0.03,0.98,1.59,0.61,1.22,46.61,-40.49,-42.44,1,0.00,0.00,0,0,0,3.90,2.67,83.4,0,00,1,$
#,050,69,64,29.00,940.25,10.00,Frequency_MHz,RSSI_dBm,-0.03,-0.03,0.98,2.08,0.73,-0.18,47.07,-40.04,-44.18,1,0.00,0.00,0,0,0,3.91,2.68,83.4,0,00,1,$
#,050,69,64,29.00,940.25,10.00,Frequency_MHz,RSSI_dBm,-0.03,-0.03,0.98,2.08,0.73,-0.18,47.07,-40.04,-44.18,1,0.00,0.00,0,0,0,3.90,2.90,85.1,0,00,1,$
#,050,69,64,29.00,940.25,10.00,Frequency_MHz,RSSI_dBm,-0.03,-0.03,0.98,2.08,0.73,-0.18,47.07,-40.04,-44.18,1,0.00,0.00,0,0,0,3.90,2.90,84.0,0,00,1,$
#,050,70,64,29.00,940.25,10.00,Frequency_MHz,RSSI_dBm,-0.03,-0.03,0.98,1.16,0.37,-0.12,46.59,-41.10,-45.10,1,0.00,0.00,0,0,0,3.91,2.62,84.5,0,00,1,$
#,050,70,65,29.00,940.25,10.00,Frequency_MHz,RSSI_dBm,-0.03,-0.03,0.98,1.16,0.37,-0.12,46.59,-41.10,-45.10,1,0.00,0.00,0,0,0,3.91,2.62,84.0,0,00,1,$
#,050,70,65,29.00,940.25,10.00,Frequency_MHz,RSSI_dBm,-0.02,-0.03,0.91,1.28,0.67,-1.71,46.02,-40.56,-42.83,1,0.00,0.00,0,0,0,3.90,1.80,84.0,0,00,1,$
#,050,70,65,29.00,940.25,10.00,Frequency_MHz,RSSI_dBm,-0.02,-0.03,0.91,1.28,0.67,-1.71,46.02,-40.56,-42.83,1,0.00,0.00,0,0,0,3.91,2.77,84.5,0,00,1,$
#,050,70,65,29.00,940.25,10.00,Frequency_MHz,RSSI_dBm,-0.03,-0.03,0.98,1.71,-0.79,4.70,46.45,-40.17,-43.16,1,0.00,0.00,0,0,0,3.91,2.77,84.0,0,00,1,$
#,050,70,65,29.00,940.25,10.00,Frequency_MHz,RSSI_dBm,-0.03,-0.03,0.98,1.71,-0.79,4.70,46.45,-40.17,-43.16,1,0.00,0.00,0,0,0,3.91,2.71,82.9,0,00,1,$
#,050,70,65,29.00,940.25,10.00,Frequency_MHz,RSSI_dBm,-0.03,-0.03,0.98,1.71,-0.79,4.70,46.45,-40.17,-43.16,1,0.00,0.00,0,0,0,3.89,2.78,83.4,0,00,1,$
#,050,70,65,29.00,940.25,10.00,Frequency_MHz,RSSI_dBm,-0.02,-0.04,0.92,2.44,-3.66,13.06,46.63,-41.10,-43.49,1,0.00,0.00,0,0,0,3.89,2.78,85.1,0,00,1,$
#,050,71,65,29.00,940.25,10.00,Frequency_MHz,RSSI_dBm,-0.02,-0.04,0.92,2.44,-3.66,13.06,46.63,-41.10,-43.49,1,0.00,0.00,0,0,0,3.91,2.43,84.5,0,00,1,$
#,050,71,65,29.00,940.25,10.00,Frequency_MHz,RSSI_dBm,-0.02,-0.04,0.94,0.43,-0.85,-6.04,46.63,-39.81,-41.66,1,0.00,0.00,0,0,0,3.91,2.43,84.0,0,00,1,$
#,050,71,66,29.00,940.25,10.00,Frequency_MHz,RSSI_dBm,-0.02,-0.04,0.94,0.43,-0.85,-6.04,46.63,-39.81,-41.66,1,0.00,0.00,0,0,0,3.90,2.60,86.2,0,00,1,$
#,050,71,66,29.00,940.25,10.00,Frequency_MHz,RSSI_dBm,-0.02,-0.04,0.94,0.43,-0.85,-6.04,46.63,-39.81,-41.66,1,0.00,0.00,0,0,0,3.90,2.60,82.9,0,00,1,$
#,050,71,66,29.00,940.25,10.00,Frequency_MHz,RSSI_dBm,-0.02,-0.03,0.98,3.05,0.43,10.93,46.78,-39.82,-45.10,1,0.00,0.00,0,0,0,3.94,2.81,84.5,0,00,1,$
#,050,71,66,29.00,940.25,10.00,Frequency_MHz,RSSI_dBm,-0.02,-0.03,0.98,3.05,0.43,10.93,46.78,-39.82,-45.10,1,0.00,0.00,0,0,0,3.89,2.67,84.0,0,00,1,$
#,050,71,66,29.00,940.25,10.00,Frequency_MHz,RSSI_dBm,-0.02,-0.03,0.98,1.65,0.49,-0.67,46.53,-40.04,-43.01,1,0.00,0.00,0,0,0,3.89,2.67,84.5,0,00,1,$
#,050,71,66,29.00,940.25,10.00,Frequency_MHz,RSSI_dBm,-0.02,-0.03,0.98,1.65,0.49,-0.67,46.53,-40.04,-43.01,1,0.00,0.00,0,0,0,3.94,1.94,82.9,0,00,1,$
#,050,72,66,29.00,940.25,10.00,Frequency_MHz,RSSI_dBm,-0.02,-0.03,0.98,1.65,0.49,-0.67,46.53,-40.04,-43.01,1,0.00,0.00,0,0,0,3.94,1.94,84.5,0,00,1,$
#,050,72,66,29.00,940.25,10.00,Frequency_MHz,RSSI_dBm,-0.03,-0.03,0.98,2.20,0.55,-0.73,44.45,-41.65,-198.49,1,0.00,0.00,0,0,0,3.90,2.74,84.0,0,00,1,$
#,050,72,66,29.00,940.25,10.00,Frequency_MHz,RSSI_dBm,-0.03,-0.03,0.98,2.20,0.55,-0.73,44.45,-41.65,-198.49,1,0.00,0.00,0,0,0,3.90,2.65,84.0,0,00,1,$
#,050,72,67,29.00,940.25,10.00,Frequency_MHz,RSSI_dBm,-0.02,-0.03,0.87,1.10,0.31,-0.73,47.01,-40.31,-41.86,1,0.00,0.00,0,0,0,3.90,2.65,82.9,0,00,1,$
#,050,72,67,29.00,940.25,10.00,Frequency_MHz,RSSI_dBm,-0.02,-0.03,0.87,1.10,0.31,-0.73,47.01,-40.31,-41.86,1,0.00,0.00,0,0,0,3.90,2.63,84.0,0,00,1,$
#,050,72,67,29.00,940.25,10.00,Frequency_MHz,RSSI_dBm,-0.02,-0.03,0.87,1.10,0.31,-0.73,47.01,-40.31,-41.86,1,0.00,0.00,0,0,0,3.93,2.88,82.9,0,00,1,$
#,050,72,67,29.00,940.25,10.00,Frequency_MHz,RSSI_dBm,-0.02,-0.03,0.98,3.30,-0.49,-2.08,44.87,-41.26,-40.56,1,0.00,0.00,0,0,0,3.93,2.88,83.4,0,00,1,$
#,050,72,67,29.00,940.25,10.00,Frequency_MHz,RSSI_dBm,-0.02,-0.03,0.98,3.30,-0.49,-2.08,44.87,-41.26,-40.56,1,0.00,0.00,0,0,0,3.90,2.84,85.1,0,00,1,$
#,050,73,67,29.00,940.25,10.00,Frequency_MHz,RSSI_dBm,-0.02,-0.03,0.98,0.98,0.12,-3.48,45.67,-41.21,-40.77,1,0.00,0.00,0,0,0,3.90,2.84,84.5,0,00,1,$
#,050,73,67,29.00,940.25,10.00,Frequency_MHz,RSSI_dBm,-0.02,-0.03,0.98,0.98,0.12,-3.48,45.67,-41.21,-40.77,1,0.00,0.00,0,0,0,3.89,2.90,82.9,0,00,1,$
#,050,73,67,29.00,940.25,10.00,Frequency_MHz,RSSI_dBm,-0.01,-0.03,0.94,2.50,-0.92,20.63,47.14,-39.70,-43.19,1,0.00,0.00,0,0,0,3.90,2.70,84.5,0,00,1,$
#,050,73,67,29.00,940.25,10.00,Frequency_MHz,RSSI_dBm,-0.01,-0.03,0.94,2.50,-0.92,20.63,47.14,-39.70,-43.19,1,0.00,0.00,0,0,0,3.90,2.70,85.1,0,00,1,$
#,050,73,68,29.00,940.25,10.00,Frequency_MHz,RSSI_dBm,-0.01,-0.03,0.94,2.50,-0.92,20.63,47.14,-39.70,-43.19,1,0.00,0.00,0,0,0,3.94,1.87,82.3,0,00,1,$
#,050,73,68,29.00,940.25,10.00,Frequency_MHz,RSSI_dBm,-0.03,-0.03,0.98,1.40,0.55,-1.71,46.63,-40.06,-42.79,1,0.00,0.00,0,0,0,3.94,1.87,84.5,0,00,1,$
#,050,73,68,29.00,940.25,10.00,Frequency_MHz,RSSI_dBm,-0.03,-0.03,0.98,1.40,0.55,-1.71,46.63,-40.06,-42.79,1,0.00,0.00,0,0,0,3.88,2.91,84.0,0,00,1,$
#,050,73,68,29.00,940.25,10.00,Frequency_MHz,RSSI_dBm,-0.03,-0.03,0.98,2.01,0.43,-0.98,45.46,-40.94,-43.46,1,0.00,0.00,0,0,0,3.89,2.90,83.4,0,00,1,$
#,050,74,68,29.00,940.25,10.00,Frequency_MHz,RSSI_dBm,-0.03,-0.03,0.98,2.01,0.43,-0.98,45.46,-40.94,-43.46,1,0.00,0.00,0,0,0,3.89,2.90,84.0,0,00,1,$
#,050,74,68,29.00,940.25,10.00,Frequency_MHz,RSSI_dBm,-0.03,-0.03,0.98,1.34,0.55,-1.16,46.08,-40.14,-187.96,1,0.00,0.00,0,0,0,3.93,1.93,85.1,0,00,1,$
#,050,74,68,29.00,940.25,10.00,Frequency_MHz,RSSI_dBm,-0.03,-0.03,0.98,1.34,0.55,-1.16,46.08,-40.14,-187.96,1,0.00,0.00,0,0,0,3.94,1.82,84.0,0,00,1,$
#,050,74,69,29.00,940.25,10.00,Frequency_MHz,RSSI_dBm,-0.03,-0.03,0.98,1.34,0.55,-1.16,46.08,-40.14,-187.96,1,0.00,0.00,0,0,0,3.94,1.82,82.9,0,00,1,$
#,050,74,69,29.00,940.25,10.00,Frequency_MHz,RSSI_dBm,-0.02,-0.03,0.98,0.98,0.18,-0.79,45.40,-40.91,-40.53,1,0.00,0.00,0,0,0,3.91,1.84,85.1,0,00,1,$
#,050,74,69,29.00,940.25,10.00,Frequency_MHz,RSSI_dBm,-0.02,-0.03,0.98,0.98,0.18,-0.79,45.40,-40.91,-40.53,1,0.00,0.00,0,0,0,3.89,2.44,84.0,0,00,1,$
#,050,74,69,29.00,940.25,10.00,Frequency_MHz,RSSI_dBm,-0.01,-0.02,0.93,-4.70,1.40,17.52,47.44,-39.98,-42.42,1,0.00,0.00,0,0,0,3.89,2.44,84.0,0,00,1,$
#,050,74,69,29.00,940.25,10.00,Frequency_MHz,RSSI_dBm,-0.01,-0.02,0.93,-4.70,1.40,17.52,47.44,-39.98,-42.42,1,0.00,0.00,0,0,0,3.90,2.85,85.1,0,00,1,$
#,050,75,69,29.00,940.25,10.00,Frequency_MHz,RSSI_dBm,-0.03,-0.03,0.98,1.10,0.37,-3.85,47.07,-39.71,-45.12,1,0.00,0.00,0,0,0,3.89,2.97,83.4,0,00,1,$
#,050,75,69,29.00,940.25,10.00,Frequency_MHz,RSSI_dBm,-0.03,-0.03,0.98,1.10,0.37,-3.85,47.07,-39.71,-45.12,1,0.00,0.00,0,0,0,3.89,2.97,84.5,0,00,1,$
#,050,75,69,29.00,940.25,10.00,Frequency_MHz,RSSI_dBm,-0.03,-0.03,0.98,1.10,0.37,-3.85,47.07,-39.71,-45.12,1,0.00,0.00,0,0,0,3.90,2.44,83.4,0,00,1,$
#,050,75,69,29.00,940.25,10.00,Frequency_MHz,RSSI_dBm,-0.02,-0.04,0.93,4.27,-1.04,33.51,46.83,-39.69,-41.77,1,0.00,0.00,0,0,0,3.90,2.44,84.0,0,00,1,$
#,050,75,70,29.00,940.25,10.00,Frequency_MHz,RSSI_dBm,-0.02,-0.04,0.93,4.27,-1.04,33.51,46.83,-39.69,-41.77,1,0.00,0.00,0,0,0,3.90,2.58,85.1,0,00,1,$
#,050,75,70,29.00,940.25,10.00,Frequency_MHz,RSSI_dBm,-0.03,-0.03,0.98,1.53,0.61,-2.38,47.20,-39.50,-43.24,1,0.00,0.00,0,0,0,3.91,2.98,85.6,0,00,1,$
#,050,75,70,29.00,940.25,10.00,Frequency_MHz,RSSI_dBm,-0.03,-0.03,0.98,1.53,0.61,-2.38,47.20,-39.50,-43.24,1,0.00,0.00,0,0,0,3.91,2.98,84.0,0,00,1,$
#,050,76,70,29.00,940.25,10.00,Frequency_MHz,RSSI_dBm,-0.03,-0.03,0.98,1.53,0.61,-2.38,47.20,-39.50,-43.24,1,0.00,0.00,0,0,0,3.88,2.84,84.5,0,00,1,$
#,050,76,70,29.00,940.25,10.00,Frequency_MHz,RSSI_dBm,-0.03,-0.03,0.98,2.08,0.43,-3.85,47.33,-39.18,-42.91,1,0.00,0.00,0,0,0,3.88,2.84,85.1,0,00,1,$
#,050,76,70,29.00,940.25,10.00,Frequency_MHz,RSSI_dBm,-0.03,-0.03,0.98,2.08,0.43,-3.85,47.33,-39.18,-42.91,1,0.00,0.00,0,0,0,3.89,2.78,84.0,0,00,1,$
#,050,76,70,29.00,940.25,10.00,Frequency_MHz,RSSI_dBm,-0.03,-0.03,0.98,1.53,0.73,-3.30,46.28,-40.09,-43.77,1,0.00,0.00,0,0,0,3.90,2.58,84.0,0,00,1,$
#,050,76,70,29.00,940.25,10.00,Frequency_MHz,RSSI_dBm,-0.03,-0.03,0.98,1.53,0.73,-3.30,46.28,-40.09,-43.77,1,0.00,0.00,0,0,0,3.90,2.58,84.5,0,00,1,$
#,050,76,71,29.00,940.25,10.00,Frequency_MHz,RSSI_dBm,-0.03,-0.03,0.98,1.53,0.73,-3.30,46.28,-40.09,-43.77,1,0.00,0.00,0,0,0,3.95,1.68,84.5,0,00,1,$
#,050,76,71,29.00,940.25,10.00,Frequency_MHz,RSSI_dBm,-0.03,-0.03,0.98,1.53,0.73,-3.30,46.28,-40.09,-43.77,1,0.00,0.00,0,0,0,3.95,1.68,82.3,0,00,1,$
#,050,76,71,29.00,940.25,10.00,Frequency_MHz,RSSI_dBm,-0.03,-0.03,0.98,1.53,0.73,-3.30,46.28,-40.09,-43.77,1,0.00,0.00,0,0,0,3.94,1.72,81.2,0,00,1,$
#,050,76,71,29.00,940.25,10.00,Frequency_MHz,RSSI_dBm,-0.02,-0.03,0.98,1.53,-0.92,-5.37,46.77,-40.61,-42.44,1,0.00,0.00,0,0,0,3.94,1.72,82.9,0,00,1,$
#,050,77,71,29.00,940.25,10.00,Frequency_MHz,RSSI_dBm,-0.02,-0.03,0.98,1.53,-0.92,-5.37,46.77,-40.61,-42.44,1,0.00,0.00,0,0,0,3.89,2.92,82.9,0,00,1,$
#,050,77,71,29.00,940.25,10.00,Frequency_MHz,RSSI_dBm,-0.02,-0.03,0.98,1.53,-0.92,-5.37,46.77,-40.61,-42.44,1,0.00,0.00,0,0,0,3.88,2.96,84.5,0,00,1,$
#,050,77,71,29.00,940.25,10.00,Frequency_MHz,RSSI_dBm,-0.03,-0.03,0.98,1.04,0.31,-4.70,46.81,-39.72,-44.19,1,0.00,0.00,0,0,0,3.88,2.96,83.4,0,00,1,$
#,050,77,71,29.00,940.25,10.00,Frequency_MHz,RSSI_dBm,-0.03,-0.03,0.98,1.04,0.31,-4.70,46.81,-39.72,-44.19,1,0.00,0.00,0,0,0,3.90,2.64,83.4,0,00,1,$
#,050,77,71,29.00,940.25,10.00,Frequency_MHz,RSSI_dBm,-0.02,-0.04,0.93,-4.70,-0.12,-41.32,46.36,-39.16,-42.97,1,0.00,0.00,0,0,0,3.90,2.64,83.4,0,00,1,$
#,050,77,72,29.00,940.25,10.00,Frequency_MHz,RSSI_dBm,-0.02,-0.04,0.93,-4.70,-0.12,-41.32,46.36,-39.16,-42.97,1,0.00,0.00,0,0,0,3.90,2.83,83.4,0,00,1,$
#,050,77,72,29.00,940.25,10.00,Frequency_MHz,RSSI_dBm,-0.02,-0.03,0.98,1.53,0.43,-1.71,47.31,-39.73,-43.85,1,0.00,0.00,0,0,0,3.89,2.73,83.4,0,00,1,$
#,050,77,72,29.00,940.25,10.00,Frequency_MHz,RSSI_dBm,-0.02,-0.03,0.98,1.53,0.43,-1.71,47.31,-39.73,-43.85,1,0.00,0.00,0,0,0,3.89,2.73,82.3,0,00,1,$
#,050,78,72,29.00,940.25,10.00,Frequency_MHz,RSSI_dBm,-0.02,-0.03,0.98,1.53,0.43,-1.71,47.31,-39.73,-43.85,1,0.00,0.00,0,0,0,3.90,2.30,83.4,0,00,1,$
#,050,78,72,29.00,940.25,10.00,Frequency_MHz,RSSI_dBm,-0.03,-0.03,0.98,2.01,0.49,-1.95,46.97,-40.36,-42.94,1,0.00,0.00,0,0,0,3.90,2.88,83.4,0,00,1,$
#,050,78,72,29.00,940.25,10.00,Frequency_MHz,RSSI_dBm,-0.03,-0.03,0.98,2.01,0.49,-1.95,46.97,-40.36,-42.94,1,0.00,0.00,0,0,0,3.90,2.88,84.0,0,00,1,$
#,050,78,72,29.00,940.25,10.00,Frequency_MHz,RSSI_dBm,-0.02,-0.03,0.98,1.46,0.43,-1.65,45.41,-41.25,-40.97,1,0.00,0.00,0,0,0,3.89,2.74,84.0,0,00,1,$
#,050,78,72,29.00,940.25,10.00,Frequency_MHz,RSSI_dBm,-0.02,-0.03,0.98,1.46,0.43,-1.65,45.41,-41.25,-40.97,1,0.00,0.00,0,0,0,3.89,2.74,84.0,0,00,1,$
#,050,78,72,29.00,940.25,10.00,Frequency_MHz,RSSI_dBm,-0.02,-0.03,0.98,1.46,0.43,-1.65,45.41,-41.25,-40.97,1,0.00,0.00,0,0,0,3.92,2.77,84.0,0,00,1,$
#,050,78,73,29.00,940.25,10.00,Frequency_MHz,RSSI_dBm,-0.02,-0.03,0.93,4.33,-0.55,20.32,47.27,-39.42,-42.81,1,0.00,0.00,0,0,0,3.90,2.79,83.4,0,00,1,$
#,050,78,73,29.00,940.25,10.00,Frequency_MHz,RSSI_dBm,-0.02,-0.03,0.93,4.33,-0.55,20.32,47.27,-39.42,-42.81,1,0.00,0.00,0,0,0,3.90,2.79,84.0,0,00,1,$
#,050,79,73,29.00,940.25,10.00,Frequency_MHz,RSSI_dBm,-0.02,-0.03,0.98,4.21,-0.49,1.16,47.67,-40.12,-41.63,1,0.00,0.00,0,0,0,3.90,2.74,84.0,0,00,1,$
#,050,79,73,29.00,940.25,10.00,Frequency_MHz,RSSI_dBm,-0.02,-0.03,0.98,4.21,-0.49,1.16,47.67,-40.12,-41.63,1,0.00,0.00,0,0,0,3.90,2.74,85.6,0,00,1,$
#,050,79,73,29.00,940.25,10.00,Frequency_MHz,RSSI_dBm,-0.02,-0.03,0.98,4.21,-0.49,1.16,47.67,-40.12,-41.63,1,0.00,0.00,0,0,0,3.90,2.04,84.5,0,00,1,$
#,050,79,73,29.00,940.25,10.00,Frequency_MHz,RSSI_dBm,-0.01,-0.03,0.94,0.92,-2.87,5.19,47.69,-38.95,-43.85,1,0.00,0.00,0,0,0,3.91,2.71,83.4,0,00,1,$
#,050,79,73,29.00,940.25,10.00,Frequency_MHz,RSSI_dBm,-0.01,-0.03,0.94,0.92,-2.87,5.19,47.69,-38.95,-43.85,1,0.00,0.00,0,0,0,3.91,2.71,84.0,0,00,1,$
#,050,79,73,29.00,940.25,10.00,Frequency_MHz,RSSI_dBm,-0.03,-0.03,0.98,1.34,0.55,-0.31,47.11,-39.72,-43.79,1,0.00,0.00,0,0,0,3.93,2.56,84.5,0,00,1,$
#,050,79,74,29.00,940.25,10.00,Frequency_MHz,RSSI_dBm,-0.03,-0.03,0.98,1.34,0.55,-0.31,47.11,-39.72,-43.79,1,0.00,0.00,0,0,0,3.90,2.78,83.4,0,00,1,$
#,050,79,74,29.00,940.25,10.00,Frequency_MHz,RSSI_dBm,-0.02,-0.03,0.98,1.53,0.49,-0.73,46.51,-40.94,-41.14,1,0.00,0.00,0,0,0,3.90,2.78,85.6,0,00,1,$
#,050,80,74,29.00,940.25,10.00,Frequency_MHz,RSSI_dBm,-0.02,-0.03,0.98,1.53,0.49,-0.73,46.51,-40.94,-41.14,1,0.00,0.00,0,0,0,3.94,1.93,83.4,0,00,1,$
#,050,80,74,29.00,940.25,10.00,Frequency_MHz,RSSI_dBm,-0.02,-0.03,0.98,1.53,0.49,-0.73,46.51,-40.94,-41.14,1,0.00,0.00,0,0,0,3.90,2.98,83.4,0,00,1,$
#,050,80,74,29.00,940.25,10.00,Frequency_MHz,RSSI_dBm,-0.03,-0.03,0.98,2.26,0.73,0.55,47.28,-40.37,-43.47,1,0.00,0.00,0,0,0,3.90,2.98,84.0,0,00,1,$
#,050,80,74,29.00,940.25,10.00,Frequency_MHz,RSSI_dBm,-0.03,-0.03,0.98,2.26,0.73,0.55,47.28,-40.37,-43.47,1,0.00,0.00,0,0,0,3.90,2.63,84.0,0,00,1,$
#,050,80,74,29.00,940.25,10.00,Frequency_MHz,RSSI_dBm,-0.03,-0.03,0.98,1.89,0.67,-1.10,46.39,-40.93,-43.86,1,0.00,0.00,0,0,0,3.90,2.63,84.5,0,00,1,$
#,050,80,74,29.00,940.25,10.00,Frequency_MHz,RSSI_dBm,-0.03,-0.03,0.98,1.89,0.67,-1.10,46.39,-40.93,-43.86,1,0.00,0.00,0,0,0,3.90,2.16,85.6,0,00,1,$
#,050,80,74,29.00,940.25,10.00,Frequency_MHz,RSSI_dBm,-0.01,-0.03,0.99,1.59,0.61,-1.89,47.52,-39.05,-42.91,1,0.00,0.00,0,0,0,3.89,2.71,84.0,0,00,1,$
#,050,80,75,29.00,940.25,10.00,Frequency_MHz,RSSI_dBm,-0.01,-0.03,0.99,1.59,0.61,-1.89,47.52,-39.05,-42.91,1,0.00,0.00,0,0,0,3.89,2.71,85.6,0,00,1,$
#,050,81,75,29.00,940.25,10.00,Frequency_MHz,RSSI_dBm,-0.01,-0.03,0.99,1.59,0.61,-1.89,47.52,-39.05,-42.91,1,0.00,0.00,0,0,0,3.93,1.99,84.0,0,00,1,$
#,050,81,75,29.00,940.25,10.00,Frequency_MHz,RSSI_dBm,-0.02,-0.03,0.92,4.82,-2.75,22.03,46.81,-40.84,-43.08,1,0.00,0.00,0,0,0,3.93,1.99,85.1,0,00,1,$
#,050,81,75,29.00,940.25,10.00,Frequency_MHz,RSSI_dBm,-0.02,-0.03,0.92,4.82,-2.75,22.03,46.81,-40.84,-43.08,1,0.00,0.00,0,0,0,3.90,1.96,82.9,0,00,1,$
#,050,81,75,29.00,940.25,10.00,Frequency_MHz,RSSI_dBm,-0.02,-0.02,0.93,-4.33,-1.22,7.14,45.65,-40.67,-42.64,1,0.00,0.00,0,0,0,3.89,2.95,84.0,0,00,1,$
#,050,81,75,29.00,940.25,10.00,Frequency_MHz,RSSI_dBm,-0.02,-0.02,0.93,-4.33,-1.22,7.14,45.65,-40.67,-42.64,1,0.00,0.00,0,0,0,3.89,2.95,85.1,0,00,1,$
#,050,81,75,29.00,940.25,10.00,Frequency_MHz,RSSI_dBm,-0.02,-0.02,0.93,-4.33,-1.22,7.14,45.65,-40.67,-42.64,1,0.00,0.00,0,0,0,3.90,2.56,85.6,0,00,1,$
#,050,81,75,29.00,940.25,10.00,Frequency_MHz,RSSI_dBm,-0.02,-0.03,0.93,1.34,-0.73,10.62,46.81,-39.18,-41.39,1,0.00,0.00,0,0,0,3.90,2.56,83.4,0,00,1,$
#,050,81,76,29.00,940.25,10.00,Frequency_MHz,RSSI_dBm,-0.02,-0.03,0.93,1.34,-0.73,10.62,46.81,-39.18,-41.39,1,0.00,0.00,0,0,0,3.95,2.17,82.3,0,00,1,$
#,050,82,76,29.00,940.25,10.00,Frequency_MHz,RSSI_dBm,-0.02,-0.03,0.98,0.31,0.85,-9.70,46.14,-40.21,-41.60,1,0.00,0.00,0,0,0,3.89,2.87,82.9,0,00,1,$
#,050,82,76,29.00,940.25,10.00,Frequency_MHz,RSSI_dBm,-0.02,-0.03,0.98,0.31,0.85,-9.70,46.14,-40.21,-41.60,1,0.00,0.00,0,0,0,3.89,2.87,82.9,0,00,1,$
#,050,82,76,29.00,940.25,10.00,Frequency_MHz,RSSI_dBm,-0.02,-0.03,0.98,0.31,0.85,-9.70,46.14,-40.21,-41.60,1,0.00,0.00,0,0,0,3.94,1.60,82.9,0,00,1,$
#,050,82,76,29.00,940.25,10.00,Frequency_MHz,RSSI_dBm,-0.02,-0.03,0.98,0.31,0.85,-9.70,46.14,-40.21,-41.60,1,0.00,0.00,0,0,0,3.94,1.60,82.3,0,00,1,$
#,050,82,76,29.00,940.25,10.00,Frequency_MHz,RSSI_dBm,-0.03,-0.03,0.98,2.14,0.55,1.04,45.98,-41.11,-40.71,1,0.00,0.00,0,0,0,3.95,1.62,84.0,0,00,1,$
#,050,82,76,29.00,940.25,10.00,Frequency_MHz,RSSI_dBm,-0.02,-0.03,0.99,2.14,0.67,0.98,46.69,37.85,-367.27,1,0.00,0.00,0,0,0,3.89,2.55,82.9,0,00,1,$
#,050,82,76,29.00,940.25,10.00,Frequency_MHz,RSSI_dBm,-0.02,-0.03,0.99,2.14,0.67,0.98,46.69,37.85,-367.27,1,0.00,0.00,0,0,0,3.89,2.55,85.1,0,00,1,$
#,050,82,76,29.00,940.25,10.00,Frequency_MHz,RSSI_dBm,-0.02,-0.03,0.99,2.14,0.67,0.98,46.69,37.85,-367.27,1,0.00,0.00,0,0,0,3.94,1.77,82.9,0,00,1,$
#,050,83,77,29.00,940.25,10.00,Frequency_MHz,RSSI_dBm,-0.03,-0.03,0.98,1.16,0.43,-0.31,47.05,-40.62,-42.13,1,0.00,0.00,0,0,0,3.94,1.77,83.4,0,00,1,$
#,050,83,77,29.00,940.25,10.00,Frequency_MHz,RSSI_dBm,-0.03,-0.03,0.98,1.16,0.43,-0.31,47.05,-40.62,-42.13,1,0.00,0.00,0,0,0,3.90,2.73,85.1,0,00,1,$
#,050,83,77,29.00,940.25,10.00,Frequency_MHz,RSSI_dBm,-0.03,-0.03,0.98,2.75,-0.49,-2.26,45.40,-40.93,-40.42,1,0.00,0.00,0,0,0,3.90,2.73,82.3,0,00,1,$
#,050,83,77,29.00,940.25,10.00,Frequency_MHz,RSSI_dBm,-0.03,-0.03,0.98,2.75,-0.49,-2.26,45.40,-40.93,-40.42,1,0.00,0.00,0,0,0,3.92,1.87,84.0,0,00,1,$
#,050,83,77,29.00,940.25,10.00,Frequency_MHz,RSSI_dBm,-0.03,-0.03,0.98,2.75,-0.49,-2.26,45.40,-40.93,-40.42,1,0.00,0.00,0,0,0,3.89,2.83,84.5,0,00,1,$
#,050,83,77,29.00,940.25,10.00,Frequency_MHz,RSSI_dBm,-0.02,-0.03,0.98,1.71,0.24,-4.21,47.99,-41.05,-42.09,1,0.00,0.00,0,0,0,3.89,2.83,84.0,0,00,1,$
#,050,83,77,29.00,940.25,10.00,Frequency_MHz,RSSI_dBm,-0.02,-0.03,0.98,1.71,0.24,-4.21,47.99,-41.05,-42.09,1,0.00,0.00,0,0,0,3.94,1.94,84.5,0,00,1,$
#,050,83,77,29.00,940.25,10.00,Frequency_MHz,RSSI_dBm,-0.02,-0.03,0.98,1.22,0.43,-2.20,47.22,-40.61,-40.80,1,0.00,0.00,0,0,0,3.89,2.78,83.4,0,00,1,$
#,050,84,77,29.00,940.25,10.00,Frequency_MHz,RSSI_dBm,-0.02,-0.03,0.98,1.22,0.43,-2.20,47.22,-40.61,-40.80,1,0.00,0.00,0,0,0,3.89,2.78,85.1,0,00,1,$
#,050,84,78,29.00,940.25,10.00,Frequency_MHz,RSSI_dBm,-0.03,-0.03,0.98,0.37,0.67,-8.24,47.40,-39.42,-42.61,1,0.00,0.00,0,0,0,3.90,2.75,85.1,0,00,1,$
#,050,84,78,29.00,940.25,10.00,Frequency_MHz,RSSI_dBm,-0.03,-0.03,0.98,0.37,0.67,-8.24,47.40,-39.42,-42.61,1,0.00,0.00,0,0,0,3.90,2.75,83.4,0,00,1,$
#,050,84,78,29.00,940.25,10.00,Frequency_MHz,RSSI_dBm,-0.03,-0.03,0.98,0.37,0.67,-8.24,47.40,-39.42,-42.61,1,0.00,0.00,0,0,0,3.90,2.85,83.4,0,00,1,$
#,050,84,78,29.00,940.25,10.00,Frequency_MHz,RSSI_dBm,-0.03,-0.03,0.98,2.50,0.61,1.10,46.95,-39.99,-44.29,1,0.00,0.00,0,0,0,3.89,2.67,84.5,0,00,1,$
#,050,84,78,29.00,940.25,10.00,Frequency_MHz,RSSI_dBm,-0.03,-0.03,0.98,2.50,0.61,1.10,46.95,-39.99,-44.29,1,0.00,0.00,0,0,0,3.89,2.67,82.9,0,00,1,$
#,050,84,78,29.00,940.25,10.00,Frequency_MHz,RSSI_dBm,-0.03,-0.03,0.99,2.01,0.55,0.85,47.03,148.86,-380.57,1,0.00,0.00,0,0,0,3.90,2.83,83.4,0,00,1,$
#,050,84,78,29.00,940.25,10.00,Frequency_MHz,RSSI_dBm,-0.03,-0.03,0.99,2.01,0.55,0.85,47.03,148.86,-380.57,1,0.00,0.00,0,0,0,3.90,2.83,85.6,0,00,1,$
#,050,85,78,29.00,940.25,10.00,Frequency_MHz,RSSI_dBm,-0.03,-0.03,0.99,2.01,0.55,0.85,47.03,148.86,-380.57,1,0.00,0.00,0,0,0,3.90,2.57,83.4,0,00,1,$
#,050,85,78,29.00,940.25,10.00,Frequency_MHz,RSSI_dBm,-0.02,-0.03,0.98,1.89,0.67,-0.24,46.75,-40.36,-43.25,1,0.00,0.00,0,0,0,3.91,2.68,84.5,0,00,1,$
#,050,85,79,29.00,940.25,10.00,Frequency_MHz,RSSI_dBm,-0.02,-0.03,0.98,1.89,0.67,-0.24,46.75,-40.36,-43.25,1,0.00,0.00,0,0,0,3.91,2.68,84.0,0,00,1,$
#,050,85,79,29.00,940.25,10.00,Frequency_MHz,RSSI_dBm,-0.02,-0.02,0.96,9.09,-4.39,33.39,47.44,-40.20,-41.48,1,0.00,0.00,0,0,0,3.90,2.67,84.0,0,00,1,$
#,050,85,79,29.00,940.25,10.00,Frequency_MHz,RSSI_dBm,-0.02,-0.02,0.96,9.09,-4.39,33.39,47.44,-40.20,-41.48,1,0.00,0.00,0,0,0,3.91,2.71,86.2,0,00,1,$
#,050,85,79,29.00,940.25,10.00,Frequency_MHz,RSSI_dBm,-0.02,-0.02,0.97,-0.73,-1.22,-2.87,46.09,-40.62,-40.20,1,0.00,0.00,0,0,0,3.91,2.71,84.0,0,00,1,$
#,050,85,79,29.00,940.25,10.00,Frequency_MHz,RSSI_dBm,-0.02,-0.02,0.97,-0.73,-1.22,-2.87,46.09,-40.62,-40.20,1,0.00,0.00,0,0,0,3.91,2.55,84.5,0,00,1,$
#,050,85,79,29.00,940.25,10.00,Frequency_MHz,RSSI_dBm,-0.02,-0.02,0.97,-0.73,-1.22,-2.87,46.09,-40.62,-40.20,1,0.00,0.00,0,0,0,3.92,2.55,84.5,0,00,1,$
#,050,86,79,29.00,940.25,10.00,Frequency_MHz,RSSI_dBm,-0.02,-0.04,0.93,-8.36,0.67,-61.16,47.60,-39.78,-43.41,1,0.00,0.00,0,0,0,3.92,2.01,82.9,0,00,1,$
#,050,86,79,29.00,940.25,10.00,Frequency_MHz,RSSI_dBm,-0.02,-0.04,0.93,-8.36,0.67,-61.16,47.60,-39.78,-43.41,1,0.00,0.00,0,0,0,3.90,2.50,85.1,0,00,1,$
#,050,86,80,29.00,940.25,10.00,Frequency_MHz,RSSI_dBm,-0.03,-0.03,0.98,0.92,0.55,-0.79,47.69,-39.72,-42.42,1,0.00,0.00,0,0,0,3.90,2.50,84.5,0,00,1,$
#,050,86,80,29.00,940.25,10.00,Frequency_MHz,RSSI_dBm,-0.03,-0.03,0.98,0.92,0.55,-0.79,47.69,-39.72,-42.42,1,0.00,0.00,0,0,0,3.90,2.59,82.9,0,00,1,$
#,050,86,80,29.00,940.25,10.00,Frequency_MHz,RSSI_dBm,-0.03,-0.03,0.99,2.01,0.24,6.35,46.61,-40.53,-42.91,1,0.00,0.00,0,0,0,3.88,2.72,85.6,0,00,1,$
#,050,86,80,29.00,940.25,10.00,Frequency_MHz,RSSI_dBm,-0.03,-0.03,0.99,2.01,0.24,6.35,46.61,-40.53,-42.91,1,0.00,0.00,0,0,0,3.88,2.72,82.3,0,00,1,$
#,050,86,80,29.00,940.25,10.00,Frequency_MHz,RSSI_dBm,-0.03,-0.03,0.99,2.01,0.24,6.35,46.61,-40.53,-42.91,1,0.00,0.00,0,0,0,3.90,2.59,84.0,0,00,1,$
#,050,86,80,29.00,940.25,10.00,Frequency_MHz,RSSI_dBm,-0.03,-0.03,0.98,1.53,0.55,-1.77,47.11,-40.54,-43.18,1,0.00,0.00,0,0,0,3.89,2.59,84.5,0,00,1,$
#,050,87,80,29.00,940.25,10.00,Frequency_MHz,RSSI_dBm,-0.03,-0.03,0.98,1.53,0.55,-1.77,47.11,-40.54,-43.18,1,0.00,0.00,0,0,0,3.89,2.23,83.4,0,00,1,$
#,050,87,80,29.00,940.25,10.00,Frequency_MHz,RSSI_dBm,-0.03,-0.03,0.98,1.53,0.55,-1.77,47.11,-40.54,-43.18,1,0.00,0.00,0,0,0,3.94,1.71,83.4,0,00,1,$
#,050,87,80,29.00,940.25,10.00,Frequency_MHz,RSSI_dBm,-0.03,-0.03,0.98,1.22,0.43,-1.40,45.73,-41.05,-39.26,1,0.00,0.00,0,0,0,3.94,1.71,85.6,0,00,1,$
#,050,87,81,29.00,940.25,10.00,Frequency_MHz,RSSI_dBm,-0.03,-0.03,0.98,1.22,0.43,-1.40,45.73,-41.05,-39.26,1,0.00,0.00,0,0,0,3.95,1.82,82.9,0,00,1,$
#,050,87,81,29.00,940.25,10.00,Frequency_MHz,RSSI_dBm,-0.00,-0.02,0.93,1.10,2.81,18.49,45.15,-40.98,-40.21,1,0.00,0.00,0,0,0,3.95,1.82,84.5,0,00,1,$
#,050,87,81,29.00,940.25,10.00,Frequency_MHz,RSSI_dBm,-0.00,-0.02,0.93,1.10,2.81,18.49,45.15,-40.98,-40.21,1,0.00,0.00,0,0,0,3.88,2.60,84.5,0,00,1,$
#,050,87,81,29.00,940.25,10.00,Frequency_MHz,RSSI_dBm,-0.02,-0.03,0.98,-3.72,-3.23,-20.32,47.07,-40.77,-42.33,1,0.00,0.00,0,0,0,3.93,2.86,82.9,0,00,1,$
#,050,87,81,29.00,940.25,10.00,Frequency_MHz,RSSI_dBm,-0.02,-0.03,0.98,-3.72,-3.23,-20.32,47.07,-40.77,-42.33,1,0.00,0.00,0,0,0,3.93,2.86,85.1,0,00,1,$
#,050,88,81,29.00,940.25,10.00,Frequency_MHz,RSSI_dBm,-0.02,-0.03,0.98,-3.72,-3.23,-20.32,47.07,-40.77,-42.33,1,0.00,0.00,0,0,0,3.94,2.26,82.9,0,00,1,$
#,050,88,81,29.00,940.25,10.00,Frequency_MHz,RSSI_dBm,-0.02,-0.04,0.94,6.41,-1.40,53.96,45.34,-40.92,-40.19,1,0.00,0.00,0,0,0,3.94,2.26,85.1,0,00,1,$
#,050,88,81,29.00,940.25,10.00,Frequency_MHz,RSSI_dBm,-0.02,-0.04,0.94,6.41,-1.40,53.96,45.34,-40.92,-40.19,1,0.00,0.00,0,0,0,3.90,2.67,83.4,0,00,1,$
#,050,88,81,29.00,940.25,10.00,Frequency_MHz,RSSI_dBm,-0.02,-0.03,0.98,3.11,0.31,12.63,46.75,-39.90,-41.13,1,0.00,0.00,0,0,0,3.90,2.86,82.9,0,00,1,$
#,050,88,82,29.00,940.25,10.00,Frequency_MHz,RSSI_dBm,-0.02,-0.03,0.98,3.11,0.31,12.63,46.75,-39.90,-41.13,1,0.00,0.00,0,0,0,3.90,2.86,83.4,0,00,1,$
#,050,88,82,29.00,940.25,10.00,Frequency_MHz,RSSI_dBm,-0.03,-0.03,0.96,0.98,0.24,-0.73,47.36,-39.82,-43.12,1,0.00,0.00,0,0,0,3.94,2.42,83.4,0,00,1,$
#,050,88,82,29.00,940.25,10.00,Frequency_MHz,RSSI_dBm,-0.03,-0.03,0.96,0.98,0.24,-0.73,47.36,-39.82,-43.12,1,0.00,0.00,0,0,0,3.90,2.85,84.5,0,00,1,$
#,050,88,82,29.00,940.25,10.00,Frequency_MHz,RSSI_dBm,-0.03,-0.03,0.96,0.98,0.24,-0.73,47.36,-39.82,-43.12,1,0.00,0.00,0,0,0,3.90,2.85,84.5,0,00,1,$
#,050,89,82,29.00,940.25,10.00,Frequency_MHz,RSSI_dBm,-0.02,-0.03,0.98,2.14,0.49,0.85,47.29,-39.95,-44.12,1,0.00,0.00,0,0,0,3.90,2.83,84.5,0,00,1,$
#,050,89,82,29.00,940.25,10.00,Frequency_MHz,RSSI_dBm,-0.02,-0.03,0.98,2.14,0.49,0.85,47.29,-39.95,-44.12,1,0.00,0.00,0,0,0,3.94,1.96,84.5,0,00,1,$
#,050,89,82,29.00,940.25,10.00,Frequency_MHz,RSSI_dBm,-0.02,-0.02,0.98,1.40,0.49,-2.50,46.48,-39.82,-43.44,1,0.00,0.00,0,0,0,3.94,1.96,85.1,0,00,1,$
#,050,89,82,29.00,940.25,10.00,Frequency_MHz,RSSI_dBm,-0.02,-0.02,0.98,1.40,0.49,-2.50,46.48,-39.82,-43.44,1,0.00,0.00,0,0,0,3.90,2.72,84.0,0,00,1,$
#,050,89,83,29.00,940.25,10.00,Frequency_MHz,RSSI_dBm,-0.03,-0.03,0.98,2.38,-0.85,-0.18,47.58,-40.09,-42.61,1,0.00,0.00,0,0,0,3.90,2.83,86.2,0,00,1,$
#,050,89,83,29.00,940.25,10.00,Frequency_MHz,RSSI_dBm,-0.03,-0.03,0.98,2.38,-0.85,-0.18,47.58,-40.09,-42.61,1,0.00,0.00,0,0,0,3.90,2.83,84.5,0,00,1,$
#,050,89,83,29.00,940.25,10.00,Frequency_MHz,RSSI_dBm,-0.03,-0.03,0.98,2.38,-0.85,-0.18,47.58,-40.09,-42.61,1,0.00,0.00,0,0,0,3.89,2.86,85.6,0,00,1,$
#,050,89,83,29.00,940.25,10.00,Frequency_MHz,RSSI_dBm,-0.02,-0.03,0.98,2.14,0.12,-2.26,47.06,-39.72,-42.92,1,0.00,0.00,0,0,0,3.89,2.86,84.0,0,00,1,$
#,050,90,83,29.00,940.25,10.00,Frequency_MHz,RSSI_dBm,-0.02,-0.03,0.98,2.14,0.12,-2.26,47.06,-39.72,-42.92,1,0.00,0.00,0,0,0,3.91,2.66,84.0,0,00,1,$
#,050,90,83,29.00,940.25,10.00,Frequency_MHz,RSSI_dBm,-0.03,-0.03,0.98,1.34,0.49,-4.33,47.05,-40.52,-43.99,1,0.00,0.00,0,0,0,3.91,2.66,84.0,0,00,1,$
#,050,90,83,29.00,940.25,10.00,Frequency_MHz,RSSI_dBm,-0.03,-0.03,0.98,1.34,0.49,-4.33,47.05,-40.52,-43.99,1,0.00,0.00,0,0,0,3.93,1.96,84.0,0,00,1,$
#,050,90,83,29.00,940.25,10.00,Frequency_MHz,RSSI_dBm,-0.03,-0.03,0.98,6.96,-1.59,8.18,45.80,-39.88,-41.76,1,0.00,0.00,0,0,0,3.90,2.66,84.0,0,00,1,$
#,050,90,83,29.00,940.25,10.00,Frequency_MHz,RSSI_dBm,-0.03,-0.03,0.98,6.96,-1.59,8.18,45.80,-39.88,-41.76,1,0.00,0.00,0,0,0,3.90,2.66,84.5,0,00,1,$
#,050,90,84,29.00,940.25,10.00,Frequency_MHz,RSSI_dBm,-0.03,-0.03,0.98,6.96,-1.59,8.18,45.80,-39.88,-41.76,1,0.00,0.00,0,0,0,3.94,1.74,84.5,0,00,1,$
#,050,90,84,29.00,940.25,10.00,Frequency_MHz,RSSI_dBm,-0.02,-0.03,0.99,2.38,0.31,-9.70,47.08,-39.34,-41.80,1,0.00,0.00,0,0,0,3.90,2.92,86.2,0,00,1,$
#,050,90,84,29.00,940.25,10.00,Frequency_MHz,RSSI_dBm,-0.02,-0.03,0.99,2.38,0.31,-9.70,47.08,-39.34,-41.80,1,0.00,0.00,0,0,0,3.90,2.92,83.4,0,00,1,$
#,050,91,84,29.00,940.25,10.00,Frequency_MHz,RSSI_dBm,-0.03,-0.03,0.98,1.95,0.43,-2.26,47.95,-40.37,-44.54,1,0.00,0.00,0,0,0,3.90,2.76,86.2,0,00,1,$
#,050,91,84,29.00,940.25,10.00,Frequency_MHz,RSSI_dBm,-0.03,-0.03,0.98,1.95,0.43,-2.26,47.95,-40.37,-44.54,1,0.00,0.00,0,0,0,3.90,2.76,84.0,0,00,1,$
#,050,91,84,29.00,940.25,10.00,Frequency_MHz,RSSI_dBm,-0.03,-0.03,0.98,1.95,0.43,-2.26,47.95,-40.37,-44.54,1,0.00,0.00,0,0,0,3.90,2.78,84.0,0,00,1,$
#,050,91,84,29.00,940.25,10.00,Frequency_MHz,RSSI_dBm,-0.02,-0.03,0.99,1.40,0.37,-2.01,45.31,-41.13,-40.47,1,0.00,0.00,0,0,0,3.90,2.50,84.5,0,00,1,$
#,050,91,84,29.00,940.25,10.00,Frequency_MHz,RSSI_dBm,-0.02,-0.03,0.99,1.40,0.37,-2.01,45.31,-41.13,-40.47,1,0.00,0.00,0,0,0,3.90,2.50,84.0,0,00,1,$
#,050,91,84,29.00,940.25,10.00,Frequency_MHz,RSSI_dBm,-0.01,-0.02,0.91,-5.86,0.98,-7.87,47.30,-39.53,-42.02,1,0.00,0.00,0,0,0,3.90,2.53,86.2,0,00,1,$
#,050,91,85,29.00,940.25,10.00,Frequency_MHz,RSSI_dBm,-0.01,-0.02,0.91,-5.86,0.98,-7.87,47.30,-39.53,-42.02,1,0.00,0.00,0,0,0,3.90,2.53,85.1,0,00,1,$
#,050,92,85,29.00,940.25,10.00,Frequency_MHz,RSSI_dBm,-0.01,-0.02,0.94,1.59,-1.16,13.79,45.41,-41.30,-39.38,1,0.00,0.00,0,0,0,3.90,2.01,84.5,0,00,1,$
#,050,92,85,29.00,940.25,10.00,Frequency_MHz,RSSI_dBm,-0.01,-0.02,0.94,1.59,-1.16,13.79,45.41,-41.30,-39.38,1,0.00,0.00,0,0,0,3.91,2.84,86.2,0,00,1,$
#,050,92,85,29.00,940.25,10.00,Frequency_MHz,RSSI_dBm,-0.02,-0.04,0.94,10.86,-1.83,69.34,45.56,-40.73,-40.92,1,0.00,0.00,0,0,0,3.94,1.98,84.5,0,00,1,$
#,050,92,85,29.00,940.25,10.00,Frequency_MHz,RSSI_dBm,-0.02,-0.04,0.94,10.86,-1.83,69.34,45.56,-40.73,-40.92,1,0.00,0.00,0,0,0,3.94,1.98,83.4,0,00,1,$
#,050,92,85,29.00,940.25,10.00,Frequency_MHz,RSSI_dBm,-0.02,-0.04,0.94,10.86,-1.83,69.34,45.56,-40.73,-40.92,1,0.00,0.00,0,0,0,3.93,2.76,85.6,0,00,1,$
#,050,92,85,29.00,940.25,10.00,Frequency_MHz,RSSI_dBm,-0.03,-0.03,0.98,1.53,0.31,-1.28,47.20,-40.21,-41.03,1,0.00,0.00,0,0,0,3.94,1.80,84.0,0,00,1,$
#,050,92,86,29.00,940.25,10.00,Frequency_MHz,RSSI_dBm,-0.03,-0.03,0.98,1.53,0.31,-1.28,47.20,-40.21,-41.03,1,0.00,0.00,0,0,0,3.94,1.80,84.0,0,00,1,$
#,050,92,86,29.00,940.25,10.00,Frequency_MHz,RSSI_dBm,-0.02,-0.03,0.98,0.37,0.67,-7.93,47.33,-40.08,-41.04,1,0.00,0.00,0,0,0,3.90,2.83,86.2,0,00,1,$
#,050,93,86,29.00,940.25,10.00,Frequency_MHz,RSSI_dBm,-0.02,-0.03,0.98,0.37,0.67,-7.93,47.33,-40.08,-41.04,1,0.00,0.00,0,0,0,3.90,2.83,84.0,0,00,1,$
#,050,93,86,29.00,940.25,10.00,Frequency_MHz,RSSI_dBm,-0.02,-0.03,0.98,0.37,0.67,-7.93,47.33,-40.08,-41.04,1,0.00,0.00,0,0,0,3.93,2.57,82.9,0,00,1,$
#,050,93,86,29.00,940.25,10.00,Frequency_MHz,RSSI_dBm,-0.03,-0.03,0.98,1.83,0.61,-2.75,47.58,-40.58,-41.53,1,0.00,0.00,0,0,0,3.89,2.91,85.1,0,00,1,$
#,050,93,86,29.00,940.25,10.00,Frequency_MHz,RSSI_dBm,-0.03,-0.03,0.98,1.83,0.61,-2.75,47.58,-40.58,-41.53,1,0.00,0.00,0,0,0,3.89,2.91,84.5,0,00,1,$
#,050,93,86,29.00,940.25,10.00,Frequency_MHz,RSSI_dBm,-0.02,-0.03,0.98,2.87,0.73,10.50,46.83,-40.11,-43.54,1,0.00,0.00,0,0,0,3.89,2.84,85.6,0,00,1,$
#,050,93,86,29.00,940.25,10.00,Frequency_MHz,RSSI_dBm,-0.02,-0.03,0.98,2.87,0.73,10.50,46.83,-40.11,-43.54,1,0.00,0.00,0,0,0,3.89,2.84,82.9,0,00,1,$
#,050,93,86,29.00,940.25,10.00,Frequency_MHz,RSSI_dBm,-0.02,-0.03,0.98,2.87,0.73,10.50,46.83,-40.11,-43.54,1,0.00,0.00,0,0,0,3.90,2.71,85.1,0,00,1,$
#,050,93,87,29.00,940.25,10.00,Frequency_MHz,RSSI_dBm,-0.02,-0.02,0.94,1.71,-2.32,19.96,47.52,-39.42,-43.47,1,0.00,0.00,0,0,0,3.94,2.71,84.0,0,00,1,$
#,050,93,87,29.00,940.25,10.00,Frequency_MHz,RSSI_dBm,-0.02,-0.02,0.94,1.71,-2.32,19.96,47.52,-39.42,-43.47,1,0.00,0.00,0,0,0,3.94,1.85,84.5,0,00,1,$
#,050,94,87,29.00,940.25,10.00,Frequency_MHz,RSSI_dBm,-0.02,-0.02,0.94,2.50,-4.39,17.33,46.85,-39.66,-42.87,1,0.00,0.00,0,0,0,3.90,2.62,83.4,0,00,1,$
#,050,94,87,29.00,940.25,10.00,Frequency_MHz,RSSI_dBm,-0.02,-0.02,0.94,2.50,-4.39,17.33,46.85,-39.66,-42.87,1,0.00,0.00,0,0,0,3.90,2.62,84.5,0,00,1,$
#,050,94,87,29.00,940.25,10.00,Frequency_MHz,RSSI_dBm,-0.02,-0.03,0.93,-10.19,0.73,-72.02,47.09,-40.77,-42.65,1,0.00,0.00,0,0,0,3.89,2.71,83.4,0,00,1,$
#,050,94,87,29.00,940.25,10.00,Frequency_MHz,RSSI_dBm,-0.02,-0.03,0.93,-10.19,0.73,-72.02,47.09,-40.77,-42.65,1,0.00,0.00,0,0,0,3.90,2.62,84.0,0,00,1,$
#,050,94,87,29.00,940.25,10.00,Frequency_MHz,RSSI_dBm,-0.02,-0.03,0.93,-10.19,0.73,-72.02,47.09,-40.77,-42.65,1,0.00,0.00,0,0,0,3.90,2.62,84.5,0,00,1,$
#,050,94,87,29.00,940.25,10.00,Frequency_MHz,RSSI_dBm,-0.03,-0.03,0.98,-9.64,0.55,-68.48,46.51,-39.65,-42.16,1,0.00,0.00,0,0,0,3.90,2.69,84.0,0,00,1,$
#,050,94,87,29.00,940.25,10.00,Frequency_MHz,RSSI_dBm,-0.03,-0.03,0.98,-9.64,0.55,-68.48,46.51,-39.65,-42.16,1,0.00,0.00,0,0,0,3.90,2.69,85.6,0,00,1,$
#,050,94,88,29.00,940.25,10.00,Frequency_MHz,RSSI_dBm,-0.03,-0.03,0.99,1.46,0.67,1.53,46.75,-40.34,-42.61,1,0.00,0.00,0,0,0,3.90,2.15,84.0,0,00,1,$
#,050,95,88,29.00,940.25,10.00,Frequency_MHz,RSSI_dBm,-0.03,-0.03,0.99,1.46,0.67,1.53,46.75,-40.34,-42.61,1,0.00,0.00,0,0,0,3.93,1.93,83.4,0,00,1,$
#,050,95,88,29.00,940.25,10.00,Frequency_MHz,RSSI_dBm,-0.03,-0.03,0.99,1.46,0.67,1.53,46.75,-40.34,-42.61,1,0.00,0.00,0,0,0,3.93,1.93,84.0,0,00,1,$
#,050,95,88,29.00,940.25,10.00,Frequency_MHz,RSSI_dBm,-0.03,-0.03,0.98,1.59,0.67,-1.77,48.02,-39.81,-43.62,1,0.00,0.00,0,0,0,3.90,2.44,84.5,0,00,1,$
#,050,95,88,29.00,940.25,10.00,Frequency_MHz,RSSI_dBm,-0.03,-0.03,0.98,1.59,0.67,-1.77,48.02,-39.81,-43.62,1,0.00,0.00,0,0,0,3.89,2.60,86.2,0,00,1,$
#,050,95,88,29.00,940.25,10.00,Frequency_MHz,RSSI_dBm,-0.03,-0.03,0.98,1.59,0.55,-3.17,45.94,-41.21,-39.82,1,0.00,0.00,0,0,0,3.89,2.60,84.0,0,00,1,$
#,050,95,88,29.00,940.25,10.00,Frequency_MHz,RSSI_dBm,-0.03,-0.03,0.98,1.59,0.55,-3.17,45.94,-41.21,-39.82,1,0.00,0.00,0,0,0,3.90,2.71,84.5,0,00,1,$
#,050,95,88,29.00,940.25,10.00,Frequency_MHz,RSSI_dBm,-0.01,-0.03,0.94,-1.34,-1.10,-12.39,47.03,-40.84,-40.88,1,0.00,0.00,0,0,0,3.90,1.84,84.0,0,00,1,$
#,050,96,89,29.00,940.25,10.00,Frequency_MHz,RSSI_dBm,-0.01,-0.03,0.94,-1.34,-1.10,-12.39,47.03,-40.84,-40.88,1,0.00,0.00,0,0,0,3.90,1.84,84.5,0,00,1,$
#,050,96,89,29.00,940.25,10.00,Frequency_MHz,RSSI_dBm,-0.03,-0.03,0.94,-9.52,-1.34,-38.82,47.57,-40.20,-41.48,1,0.00,0.00,0,0,0,3.90,2.74,84.0,0,00,1,$
#,050,96,89,29.00,940.25,10.00,Frequency_MHz,RSSI_dBm,-0.03,-0.03,0.94,-9.52,-1.34,-38.82,47.57,-40.20,-41.48,1,0.00,0.00,0,0,0,3.90,2.78,85.6,0,00,1,$
#,050,96,89,29.00,940.25,10.00,Frequency_MHz,RSSI_dBm,-0.03,-0.02,0.98,-8.12,2.69,-3.05,47.11,-41.74,-40.73,1,0.00,0.00,0,0,0,3.90,2.78,84.5,0,00,1,$
#,050,96,89,29.00,940.25,10.00,Frequency_MHz,RSSI_dBm,-0.03,-0.02,0.98,-8.12,2.69,-3.05,47.11,-41.74,-40.73,1,0.00,0.00,0,0,0,3.90,2.80,85.1,0,00,1,$
#,050,96,89,29.00,940.25,10.00,Frequency_MHz,RSSI_dBm,-0.03,-0.02,0.98,-8.12,2.69,-3.05,47.11,-41.74,-40.73,1,0.00,0.00,0,0,0,3.90,2.80,84.5,0,00,1,$
#,050,96,89,29.00,940.25,10.00,Frequency_MHz,RSSI_dBm,-0.03,-0.03,0.99,1.34,0.55,-1.83,47.16,-40.31,-43.36,1,0.00,0.00,0,0,0,3.89,2.60,84.0,0,00,1,$
#,050,96,89,29.00,940.25,10.00,Frequency_MHz,RSSI_dBm,-0.03,-0.03,0.99,1.34,0.55,-1.83,47.16,-40.31,-43.36,1,0.00,0.00,0,0,0,3.90,2.56,85.1,0,00,1,$
#,050,97,90,29.00,940.25,10.00,Frequency_MHz,RSSI_dBm,-0.02,-0.03,0.98,2.99,0.31,9.40,46.98,-39.95,-42.32,1,0.00,0.00,0,0,0,3.90,2.56,85.6,0,00,1,$
#,050,97,90,29.00,940.25,10.00,Frequency_MHz,RSSI_dBm,-0.02,-0.03,0.98,2.99,0.31,9.40,46.98,-39.95,-42.32,1,0.00,0.00,0,0,0,3.90,2.58,84.0,0,00,1,$
#,050,97,90,29.00,940.25,10.00,Frequency_MHz,RSSI_dBm,-0.03,-0.03,0.98,1.34,0.43,-1.77,46.58,-40.88,-41.83,1,0.00,0.00,0,0,0,3.91,2.82,84.5,0,00,1,$
#,050,97,90,29.00,940.25,10.00,Frequency_MHz,RSSI_dBm,-0.03,-0.03,0.98,1.34,0.43,-1.77,46.58,-40.88,-41.83,1,0.00,0.00,0,0,0,3.91,2.82,84.0,0,00,1,$
#,050,97,90,29.00,940.25,10.00,Frequency_MHz,RSSI_dBm,-0.03,-0.03,0.98,1.34,0.43,-1.77,46.58,-40.88,-41.83,1,0.00,0.00,0,0,0,3.90,2.73,84.5,0,00,1,$
#,050,97,90,29.00,940.25,10.00,Frequency_MHz,RSSI_dBm,-0.03,-0.02,0.99,1.34,0.55,-2.08,45.95,-41.02,-39.36,1,0.00,0.00,0,0,0,3.90,2.73,85.6,0,00,1,$
#,050,97,90,29.00,940.25,10.00,Frequency_MHz,RSSI_dBm,-0.03,-0.02,0.99,1.34,0.55,-2.08,45.95,-41.02,-39.36,1,0.00,0.00,0,0,0,3.89,2.86,84.5,0,00,1,$
#,050,97,90,29.00,940.25,10.00,Frequency_MHz,RSSI_dBm,-0.03,-0.03,0.98,3.91,-0.98,0.92,46.92,-40.39,-41.33,1,0.00,0.00,0,0,0,3.90,2.70,85.6,0,00,1,$
#,050,98,91,29.00,940.25,10.00,Frequency_MHz,RSSI_dBm,-0.03,-0.03,0.98,3.91,-0.98,0.92,46.92,-40.39,-41.33,1,0.00,0.00,0,0,0,3.90,2.70,83.4,0,00,1,$
#,050,98,91,29.00,940.25,10.00,Frequency_MHz,RSSI_dBm,-0.03,-0.03,0.99,2.26,-1.04,2.20,47.31,-40.54,-45.78,1,0.00,0.00,0,0,0,3.92,1.91,85.6,0,00,1,$
#,050,98,91,29.00,940.25,10.00,Frequency_MHz,RSSI_dBm,-0.03,-0.03,0.99,2.26,-1.04,2.20,47.31,-40.54,-45.78,1,0.00,0.00,0,0,0,3.94,1.86,85.1,0,00,1,$
#,050,98,91,29.00,940.25,10.00,Frequency_MHz,RSSI_dBm,-0.03,-0.03,0.99,2.26,-1.04,2.20,47.31,-40.54,-45.78,1,0.00,0.00,0,0,0,3.94,1.86,84.0,0,00,1,$
#,050,98,91,29.00,940.25,10.00,Frequency_MHz,RSSI_dBm,-0.03,-0.03,0.98,1.53,0.43,-3.72,47.50,-40.12,-44.81,1,0.00,0.00,0,0,0,3.91,1.96,83.4,0,00,1,$
#,050,98,91,29.00,940.25,10.00,Frequency_MHz,RSSI_dBm,-0.03,-0.03,0.98,1.53,0.43,-3.72,47.50,-40.12,-44.81,1,0.00,0.00,0,0,0,3.90,2.90,84.5,0,00,1,$
#,050,98,91,29.00,940.25,10.00,Frequency_MHz,RSSI_dBm,-0.03,-0.03,0.98,2.01,0.55,-2.93,46.72,-40.43,-43.29,1,0.00,0.00,0,0,0,3.90,2.90,84.5,0,00,1,$
#,050,99,91,29.00,940.25,10.00,Frequency_MHz,RSSI_dBm,-0.03,-0.03,0.98,2.01,0.55,-2.93,46.72,-40.43,-43.29,1,0.00,0.00,0,0,0,3.90,2.58,84.5,0,00,1,$
#,050,99,91,29.00,940.25,10.00,Frequency_MHz,RSSI_dBm,-0.03,-0.03,0.98,1.16,0.55,-0.98,46.89,-40.11,-44.90,1,0.00,0.00,0,0,0,3.90,2.58,85.6,0,00,1,$
#,050,99,92,29.00,940.25,10.00,Frequency_MHz,RSSI_dBm,-0.03,-0.03,0.98,1.16,0.55,-0.98,46.89,-40.11,-44.90,1,0.00,0.00,0,0,0,3.89,2.63,85.1,0,00,1,$
#,050,99,92,29.00,940.25,10.00,Frequency_MHz,RSSI_dBm,-0.03,-0.03,0.98,1.16,0.55,-0.98,46.89,-40.11,-44.90,1,0.00,0.00,0,0,0,3.90,2.70,84.0,0,00,1,$
#,050,99,92,29.00,940.25,10.00,Frequency_MHz,RSSI_dBm,-0.03,-0.03,0.99,1.34,0.49,-1.53,48.36,-40.22,-42.76,1,0.00,0.00,0,0,0,3.90,2.70,84.0,0,00,1,$
#,050,99,92,29.00,940.25,10.00,Frequency_MHz,RSSI_dBm,-0.03,-0.03,0.99,1.34,0.49,-1.53,48.36,-40.22,-42.76,1,0.00,0.00,0,0,0,3.93,2.80,84.5,0,00,1,$
#,050,99,92,29.00,940.25,10.00,Frequency_MHz,RSSI_dBm,-0.03,-0.03,0.98,1.65,0.55,-2.26,47.01,-40.53,-45.45,1,0.00,0.00,0,0,0,3.89,2.88,84.5,0,00,1,$
#,050,99,92,29.00,940.25,10.00,Frequency_MHz,RSSI_dBm,-0.03,-0.03,0.98,1.65,0.55,-2.26,47.01,-40.53,-45.45,1,0.00,0.00,0,0,0,3.89,2.88,85.6,0,00,1,$
#,050,100,92,29.00,940.25,10.00,Frequency_MHz,RSSI_dBm,-0.03,-0.03,0.98,1.65,0.55,-2.26,47.01,-40.53,-45.45,1,0.00,0.00,0,0,0,3.94,1.82,82.9,0,00,1,$
#,050,100,92,29.00,940.25,10.00,Frequency_MHz,RSSI_dBm,-0.01,-0.03,0.92,-5.74,4.64,6.53,45.76,-40.61,-40.00,1,0.00,0.00,0,0,0,3.94,1.82,85.1,0,00,1,$
#,050,100,93,29.00,940.25,10.00,Frequency_MHz,RSSI_dBm,-0.01,-0.03,0.92,-5.74,4.64,6.53,45.76,-40.61,-40.00,1,0.00,0.00,0,0,0,3.93,2.97,84.0,0,00,1,$
#,050,100,93,29.00,940.25,10.00,Frequency_MHz,RSSI_dBm,-0.03,-0.03,0.98,1.34,-0.12,-9.09,46.09,-41.46,-39.81,1,0.00,0.00,0,0,0,3.88,2.77,85.1,0,00,1,$
#,050,100,93,29.00,940.25,10.00,Frequency_MHz,RSSI_dBm,-0.03,-0.03,0.98,1.34,-0.12,-9.09,46.09,-41.46,-39.81,1,0.00,0.00,0,0,0,3.88,2.77,84.5,0,00,1,$
#,050,100,93,29.00,940.25,10.00,Frequency_MHz,RSSI_dBm,-0.02,-0.03,0.93,-7.45,-0.12,-55.91,47.02,-39.54,-44.24,1,0.00,0.00,0,0,0,3.90,2.90,85.1,0,00,1,$
#,050,100,93,29.00,940.25,10.00,Frequency_MHz,RSSI_dBm,-0.02,-0.03,0.93,-7.45,-0.12,-55.91,47.02,-39.54,-44.24,1,0.00,0.00,0,0,0,3.94,1.85,85.1,0,00,1,$
#,050,100,93,29.00,940.25,10.00,Frequency_MHz,RSSI_dBm,-0.02,-0.03,0.93,-7.45,-0.12,-55.91,47.02,-39.54,-44.24,1,0.00,0.00,0,0,0,3.94,1.85,83.4,0,00,1,$
#,050,101,93,29.00,940.25,10.00,Frequency_MHz,RSSI_dBm,-0.02,-0.03,0.98,1.89,0.49,3.54,45.83,-40.87,-39.11,1,0.00,0.00,0,0,0,3.90,2.77,84.0,0,00,1,$
#,050,101,94,29.00,940.25,10.00,Frequency_MHz,RSSI_dBm,-0.02,-0.03,0.98,1.89,0.49,3.54,45.83,-40.87,-39.11,1,0.00,0.00,0,0,0,3.89,2.59,85.1,0,00,1,$
#,050,101,94,29.00,940.25,10.00,Frequency_MHz,RSSI_dBm,-0.02,-0.03,0.99,2.26,0.79,1.83,45.84,-41.09,-41.75,1,0.00,0.00,0,0,0,3.89,2.59,84.5,0,00,1,$
#,050,101,94,29.00,940.25,10.00,Frequency_MHz,RSSI_dBm,-0.02,-0.03,0.99,2.26,0.79,1.83,45.84,-41.09,-41.75,1,0.00,0.00,0,0,0,3.89,2.85,84.5,0,00,1,$
#,050,101,94,29.00,940.25,10.00,Frequency_MHz,RSSI_dBm,-0.03,-0.03,0.98,2.08,0.37,0.85,46.68,50.24,-378.69,1,0.00,0.00,0,0,0,3.89,2.85,84.0,0,00,1,$
#,050,101,94,29.00,940.25,10.00,Frequency_MHz,RSSI_dBm,-0.03,-0.03,0.98,2.08,0.37,0.85,46.68,50.24,-378.69,1,0.00,0.00,0,0,0,3.91,2.76,82.9,0,00,1,$
#,050,101,94,29.00,940.25,10.00,Frequency_MHz,RSSI_dBm,-0.03,-0.03,0.98,2.08,0.37,0.85,46.68,50.24,-378.69,1,0.00,0.00,0,0,0,3.89,2.66,85.1,0,00,1,$
#,050,101,94,29.00,940.25,10.00,Frequency_MHz,RSSI_dBm,-0.03,-0.03,0.98,2.38,0.73,0.24,45.62,-41.93,-40.56,1,0.00,0.00,0,0,0,3.89,2.66,84.0,0,00,1,$
#,050,102,94,29.00,940.25,10.00,Frequency_MHz,RSSI_dBm,-0.03,-0.03,0.98,2.38,0.73,0.24,45.62,-41.93,-40.56,1,0.00,0.00,0,0,0,3.90,2.74,83.4,0,00,1,$
#,050,102,94,29.00,940.25,10.00,Frequency_MHz,RSSI_dBm,-0.03,-0.03,0.98,2.38,0.73,0.24,45.62,-41.93,-40.56,1,0.00,0.00,0,0,0,3.90,2.74,84.0,0,00,1,$
#,050,102,95,29.00,940.25,10.00,Frequency_MHz,RSSI_dBm,-0.03,-0.03,0.98,2.32,-0.73,-4.52,45.73,-39.95,-41.16,1,0.00,0.00,0,0,0,3.94,2.04,84.5,0,00,1,$
#,050,102,95,29.00,940.25,10.00,Frequency_MHz,RSSI_dBm,-0.03,-0.03,0.98,2.32,-0.73,-4.52,45.73,-39.95,-41.16,1,0.00,0.00,0,0,0,3.94,2.04,85.1,0,00,1,$
#,050,102,95,29.00,940.25,10.00,Frequency_MHz,RSSI_dBm,-0.03,-0.03,0.98,1.53,0.31,-5.00,45.54,-41.25,-41.39,1,0.00,0.00,0,0,0,3.93,1.96,84.0,0,00,1,$
#,050,102,95,29.00,940.25,10.00,Frequency_MHz,RSSI_dBm,-0.03,-0.03,0.98,1.53,0.31,-5.00,45.54,-41.25,-41.39,1,0.00,0.00,0,0,0,3.90,2.88,84.5,0,00,1,$
#,050,102,95,29.00,940.25,10.00,Frequency_MHz,RSSI_dBm,-0.03,-0.03,0.98,1.83,0.49,-0.49,46.57,-39.43,-43.55,1,0.00,0.00,0,0,0,3.90,2.88,83.4,0,00,1,$
#,050,102,95,29.00,940.25,10.00,Frequency_MHz,RSSI_dBm,-0.03,-0.03,0.98,1.83,0.49,-0.49,46.57,-39.43,-43.55,1,0.00,0.00,0,0,0,3.94,1.89,82.3,0,00,1,$
#,050,103,95,29.00,940.25,10.00,Frequency_MHz,RSSI_dBm,-0.03,-0.03,0.99,1.34,0.67,-1.10,46.55,-40.04,-43.20,1,0.00,0.00,0,0,0,3.90,2.80,85.1,0,00,1,$
#,050,103,95,29.00,940.25,10.00,Frequency_MHz,RSSI_dBm,-0.03,-0.03,0.99,1.34,0.67,-1.10,46.55,-40.04,-43.20,1,0.00,0.00,0,0,0,3.90,2.80,83.4,0,00,1,$
#,050,103,95,29.00,940.25,10.00,Frequency_MHz,RSSI_dBm,-0.03,-0.03,0.99,1.34,0.67,-1.10,46.55,-40.04,-43.20,1,0.00,0.00,0,0,0,3.90,2.57,84.5,0,00,1,$
#,050,103,96,29.00,940.25,10.00,Frequency_MHz,RSSI_dBm,-0.03,-0.03,0.98,1.65,0.55,-0.24,45.61,-41.88,-39.36,1,0.00,0.00,0,0,0,3.90,2.57,83.4,0,00,1,$
#,050,103,96,29.00,940.25,10.00,Frequency_MHz,RSSI_dBm,-0.03,-0.03,0.98,1.65,0.55,-0.24,45.61,-41.88,-39.36,1,0.00,0.00,0,0,0,3.90,2.82,86.2,0,00,1,$
#,050,103,96,29.00,940.25,10.00,Frequency_MHz,RSSI_dBm,-0.03,-0.03,0.98,1.40,0.61,-3.54,46.41,-41.64,-41.98,1,0.00,0.00,0,0,0,3.94,1.90,84.5,0,00,1,$
#,050,103,96,29.00,940.25,10.00,Frequency_MHz,RSSI_dBm,-0.03,-0.03,0.98,1.40,0.61,-3.54,46.41,-41.64,-41.98,1,0.00,0.00,0,0,0,3.94,1.90,85.6,0,00,1,$
#,050,103,96,29.00,940.25,10.00,Frequency_MHz,RSSI_dBm,-0.03,-0.03,0.98,1.40,0.61,-3.54,46.41,-41.64,-41.98,1,0.00,0.00,0,0,0,3.94,2.17,83.4,0,00,1,$
#,050,104,96,29.00,940.25,10.00,Frequency_MHz,RSSI_dBm,-0.02,-0.03,0.98,2.56,-0.61,1.46,47.89,-40.27,-43.99,1,0.00,0.00,0,0,0,3.90,2.91,84.5,0,00,1,$
#,050,104,96,29.00,940.25,10.00,Frequency_MHz,RSSI_dBm,-0.02,-0.03,0.98,2.56,-0.61,1.46,47.89,-40.27,-43.99,1,0.00,0.00,0,0,0,3.90,2.91,85.1,0,00,1,$
#,050,104,96,29.00,940.25,10.00,Frequency_MHz,RSSI_dBm,-0.03,-0.03,0.98,3.48,-0.73,0.98,46.09,-41.17,-39.51,1,0.00,0.00,0,0,0,3.94,1.84,85.1,0,00,1,$
#,050,104,97,29.00,940.25,10.00,Frequency_MHz,RSSI_dBm,-0.03,-0.03,0.98,3.48,-0.73,0.98,46.09,-41.17,-39.51,1,0.00,0.00,0,0,0,3.94,1.84,84.5,0,00,1,$
#,050,104,97,29.00,940.25,10.00,Frequency_MHz,RSSI_dBm,-0.03,-0.03,0.98,3.48,-0.73,0.98,46.09,-41.17,-39.51,1,0.00,0.00,0,0,0,3.90,2.50,82.9,0,00,1,$
#,050,104,97,29.00,940.25,10.00,Frequency_MHz,RSSI_dBm,-0.03,-0.03,0.98,1.34,0.61,-2.08,47.06,-39.97,-43.19,1,0.00,0.00,0,0,0,3.89,2.75,84.5,0,00,1,$
#,050,104,97,29.00,940.25,10.00,Frequency_MHz,RSSI_dBm,-0.03,-0.03,0.98,1.34,0.61,-2.08,47.06,-39.97,-43.19,1,0.00,0.00,0,0,0,3.89,2.75,85.6,0,00,1,$
#,050,104,97,29.00,940.25,10.00,Frequency_MHz,RSSI_dBm,-0.03,-0.03,0.98,1.46,0.55,-1.65,46.47,-41.16,-41.24,1,0.00,0.00,0,0,0,3.93,1.89,83.4,0,00,1,$
#,050,105,97,29.00,940.25,10.00,Frequency_MHz,RSSI_dBm,-0.03,-0.03,0.98,1.46,0.55,-1.65,46.47,-41.16,-41.24,1,0.00,0.00,0,0,0,3.93,1.89,84.5,0,00,1,$
#,050,105,97,29.00,940.25,10.00,Frequency_MHz,RSSI_dBm,-0.03,-0.03,0.98,1.28,0.37,-2.50,45.42,-40.94,-40.65,1,0.00,0.00,0,0,0,3.89,2.46,82.9,0,00,1,$
#,050,105,97,29.00,940.25,10.00,Frequency_MHz,RSSI_dBm,-0.03,-0.03,0.98,1.28,0.37,-2.50,45.42,-40.94,-40.65,1,0.00,0.00,0,0,0,3.89,2.86,85.1,0,00,1,$
#,050,105,98,29.00,940.25,10.00,Frequency_MHz,RSSI_dBm,-0.03,-0.03,0.98,1.28,0.37,-2.50,45.42,-40.94,-40.65,1,0.00,0.00,0,0,0,3.89,2.86,82.3,0,00,1,$
#,050,105,98,29.00,940.25,10.00,Frequency_MHz,RSSI_dBm,-0.03,-0.03,0.98,1.77,0.37,-3.36,45.74,-41.21,-41.85,1,0.00,0.00,0,0,0,3.90,2.81,84.0,0,00,1,$
#,050,105,98,29.00,940.25,10.00,Frequency_MHz,RSSI_dBm,-0.03,-0.03,0.98,1.77,0.37,-3.36,45.74,-41.21,-41.85,1,0.00,0.00,0,0,0,3.89,2.80,84.5,0,00,1,$
#,050,105,98,29.00,940.25,10.00,Frequency_MHz,RSSI_dBm,-0.03,-0.03,0.98,1.83,0.43,-2.81,46.96,-40.33,-42.86,1,0.00,0.00,0,0,0,3.89,2.80,84.0,0,00,1,$
#,050,105,98,29.00,940.25,10.00,Frequency_MHz,RSSI_dBm,-0.03,-0.03,0.98,1.83,0.43,-2.81,46.96,-40.33,-42.86,1,0.00,0.00,0,0,0,3.89,2.64,85.1,0,00,1,$
#,050,106,98,29.00,940.25,10.00,Frequency_MHz,RSSI_dBm,-0.02,-0.03,0.98,2.08,0.00,-0.67,45.86,-41.76,-40.83,1,0.00,0.00,0,0,0,3.91,1.90,83.4,0,00,1,$
#,050,106,98,29.00,940.25,10.00,Frequency_MHz,RSSI_dBm,-0.02,-0.03,0.98,2.08,0.00,-0.67,45.86,-41.76,-40.83,1,0.00,0.00,0,0,0,3.91,1.90,85.1,0,00,1,$
#,050,106,98,29.00,940.25,10.00,Frequency_MHz,RSSI_dBm,-0.02,-0.03,0.98,2.08,0.00,-0.67,45.86,-41.76,-40.83,1,0.00,0.00,0,0,0,3.90,2.80,85.6,0,00,1,$
#,050,106,99,29.00,940.25,10.00,Frequency_MHz,RSSI_dBm,-0.03,-0.03,0.99,-5.74,-1.59,-1.77,45.90,-41.03,-39.76,1,0.00,0.00,0,0,0,3.90,2.80,84.0,0,00,1,$
#,050,106,99,29.00,940.25,10.00,Frequency_MHz,RSSI_dBm,-0.03,-0.03,0.99,-5.74,-1.59,-1.77,45.90,-41.03,-39.76,1,0.00,0.00,0,0,0,3.91,1.97,83.4,0,00,1,$
#,050,106,99,29.00,940.25,10.00,Frequency_MHz,RSSI_dBm,-0.02,-0.03,0.98,1.10,0.43,-2.14,45.98,-40.38,-41.09,1,0.00,0.00,0,0,0,3.94,1.92,83.4,0,00,1,$
#,050,106,99,29.00,940.25,10.00,Frequency_MHz,RSSI_dBm,-0.02,-0.03,0.98,1.10,0.43,-2.14,45.98,-40.38,-41.09,1,0.00,0.00,0,0,0,3.94,1.92,85.1,0,00,1,$
#,050,106,99,29.00,940.25,10.00,Frequency_MHz,RSSI_dBm,-0.02,-0.03,0.98,1.10,0.43,-2.14,45.98,-40.38,-41.09,1,0.00,0.00,0,0,0,3.94,1.95,83.4,0,00,1,$
#,050,107,99,29.00,940.25,10.00,Frequency_MHz,RSSI_dBm,-0.02,-0.03,0.98,6.41,-1.16,4.82,45.43,-41.60,-40.00,1,0.00,0.00,0,0,0,3.94,1.95,84.5,0,00,1,$
#,050,107,99,29.00,940.25,10.00,Frequency_MHz,RSSI_dBm,-0.02,-0.03,0.98,6.41,-1.16,4.82,45.43,-41.60,-40.00,1,0.00,0.00,0,0,0,3.93,1.84,84.5,0,00,1,$
#,050,107,99,29.00,940.25,10.00,Frequency_MHz,RSSI_dBm,-0.03,-0.03,0.98,2.69,0.43,6.35,46.46,-40.59,-41.47,1,0.00,0.00,0,0,0,3.90,2.39,85.6,0,00,1,$
#,050,107,100,29.00,940.25,10.00,Frequency_MHz,RSSI_dBm,-0.03,-0.03,0.98,2.69,0.43,6.35,46.46,-40.59,-41.47,1,0.00,0.00,0,0,0,3.90,2.39,84.5,0,00,1,$
#,050,107,100,29.00,940.25,10.00,Frequency_MHz,RSSI_dBm,-0.03,-0.03,0.98,1.65,0.49,-3.78,46.47,-41.06,-44.12,1,0.00,0.00,0,0,0,3.90,2.67,84.0,0,00,1,$
#,050,107,100,29.00,940.25,10.00,Frequency_MHz,RSSI_dBm,-0.03,-0.03,0.98,1.65,0.49,-3.78,46.47,-41.06,-44.12,1,0.00,0.00,0,0,0,3.89,2.67,85.1,0,00,1,$
#,050,107,100,29.00,940.25,10.00,Frequency_MHz,RSSI_dBm,-0.03,-0.03,0.98,1.65,0.49,-3.78,46.47,-41.06,-44.12,1,0.00,0.00,0,0,0,3.89,2.68,84.5,0,00,1,$
#,050,107,100,29.00,940.25,10.00,Frequency_MHz,RSSI_dBm,-0.03,-0.03,0.98,1.22,0.55,-3.85,46.97,-40.17,-42.71,1,0.00,0.00,0,0,0,3.90,2.69,85.1,0,00,1,$
#,050,108,100,29.00,940.25,10.00,Frequency_MHz,RSSI_dBm,-0.03,-0.03,0.98,1.22,0.55,-3.85,46.97,-40.17,-42.71,1,0.00,0.00,0,0,0,3.90,2.69,82.9,0,00,1,$
#,050,108,100,29.00,940.25,10.00,Frequency_MHz,RSSI_dBm,-0.02,-0.03,0.98,-0.12,-0.73,-2.01,46.83,-40.05,-41.91,1,0.00,0.00,0,0,0,3.90,2.57,82.3,0,00,1,$
#,050,108,100,29.00,940.25,10.00,Frequency_MHz,RSSI_dBm,-0.02,-0.03,0.98,-0.12,-0.73,-2.01,46.83,-40.05,-41.91,1,0.00,0.00,0,0,0,3.90,2.61,81.8,0,00,1,$
#,050,108,101,29.00,940.25,10.00,Frequency_MHz,RSSI_dBm,-0.01,-0.02,0.97,-3.05,2.81,8.06,46.58,-39.90,-43.03,1,0.00,0.00,0,0,0,3.90,2.61,85.1,0,00,1,$
#,050,108,101,29.00,940.25,10.00,Frequency_MHz,RSSI_dBm,-0.01,-0.02,0.97,-3.05,2.81,8.06,46.58,-39.90,-43.03,1,0.00,0.00,0,0,0,3.90,2.02,82.9,0,00,1,$
#,050,108,101,29.00,940.25,10.00,Frequency_MHz,RSSI_dBm,-0.01,-0.02,0.97,-3.05,2.81,8.06,46.58,-39.90,-43.03,1,0.00,0.00,0,0,0,3.89,2.76,84.5,0,00,1,$
#,050,108,101,29.00,940.25,10.00,Frequency_MHz,RSSI_dBm,-0.02,-0.03,0.98,-0.79,-3.72,0.00,46.26,-40.10,-41.47,1,0.00,0.00,0,0,0,3.89,2.76,85.1,0,00,1,$
#,050,108,101,29.00,940.25,10.00,Frequency_MHz,RSSI_dBm,-0.02,-0.03,0.98,-0.79,-3.72,0.00,46.26,-40.10,-41.47,1,0.00,0.00,0,0,0,3.94,1.83,82.9,0,00,1,$
#,050,109,101,29.00,940.25,10.00,Frequency_MHz,RSSI_dBm,-0.02,-0.03,0.98,1.53,0.43,0.73,46.96,-39.70,-40.91,1,0.00,0.00,0,0,0,3.94,1.83,85.1,0,00,1,$
#,050,109,101,29.00,940.25,10.00,Frequency_MHz,RSSI_dBm,-0.02,-0.03,0.98,1.53,0.43,0.73,46.96,-39.70,-40.91,1,0.00,0.00,0,0,0,3.94,2.54,82.3,0,00,1,$
#,050,109,101,29.00,940.25,10.00,Frequency_MHz,RSSI_dBm,-0.02,-0.03,0.98,1.53,0.43,0.73,46.96,-39.70,-40.91,1,0.00,0.00,0,0,0,3.89,2.31,85.1,0,00,1,$
#,050,109,102,29.00,940.25,10.00,Frequency_MHz,RSSI_dBm,-0.03,-0.03,0.99,1.65,0.49,-1.10,47.61,-39.64,-43.70,1,0.00,0.00,0,0,0,3.89,2.31,84.5,0,00,1,$
#,050,109,102,29.00,940.25,10.00,Frequency_MHz,RSSI_dBm,-0.03,-0.03,0.99,1.65,0.49,-1.10,47.61,-39.64,-43.70,1,0.00,0.00,0,0,0,3.90,2.65,84.0,0,00,1,$
#,050,109,102,29.00,940.25,10.00,Frequency_MHz,RSSI_dBm,-0.03,-0.03,0.98,1.53,0.55,-2.32,45.53,-42.54,-211.87,1,0.00,0.00,0,0,0,3.90,2.65,84.0,0,00,1,$
#,050,109,102,29.00,940.25,10.00,Frequency_MHz,RSSI_dBm,-0.03,-0.03,0.98,1.53,0.55,-2.32,45.53,-42.54,-211.87,1,0.00,0.00,0,0,0,3.93,1.94,84.0,0,00,1,$
#,050,109,102,29.00,940.25,10.00,Frequency_MHz,RSSI_dBm,-0.02,-0.03,0.98,1.65,0.12,-0.06,45.58,-41.44,-40.36,1,0.00,0.00,0,0,0,3.94,1.81,84.5,0,00,1,$
#,050,110,102,29.00,940.25,10.00,Frequency_MHz,RSSI_dBm,-0.02,-0.03,0.98,1.65,0.12,-0.06,45.58,-41.44,-40.36,1,0.00,0.00,0,0,0,3.94,1.81,84.5,0,00,1,$
#,050,110,102,29.00,940.25,10.00,Frequency_MHz,RSSI_dBm,-0.02,-0.03,0.98,1.65,0.12,-0.06,45.58,-41.44,-40.36,1,0.00,0.00,0,0,0,3.90,2.23,83.4,0,00,1,$
#,050,110,102,29.00,940.25,10.00,Frequency_MHz,RSSI_dBm,-0.03,-0.03,0.98,2.44,-0.24,-7.69,46.07,-41.00,-40.65,1,0.00,0.00,0,0,0,3.90,2.23,84.5,0,00,1,$
#,050,110,102,29.00,940.25,10.00,Frequency_MHz,RSSI_dBm,-0.03,-0.03,0.98,2.44,-0.24,-7.69,46.07,-41.00,-40.65,1,0.00,0.00,0,0,0,3.90,2.82,84.0,0,00,1,$
#,050,110,103,29.00,940.25,10.00,Frequency_MHz,RSSI_dBm,-0.02,-0.03,0.98,1.40,0.37,-4.09,46.56,-41.28,-42.46,1,0.00,0.00,0,0,0,3.90,2.71,81.8,0,00,1,$
#,050,110,103,29.00,940.25,10.00,Frequency_MHz,RSSI_dBm,-0.02,-0.03,0.98,1.40,0.37,-4.09,46.56,-41.28,-42.46,1,0.00,0.00,0,0,0,3.90,2.71,84.5,0,00,1,$
#,050,110,103,29.00,940.25,10.00,Frequency_MHz,RSSI_dBm,-0.02,-0.03,0.99,1.65,0.49,-3.48,47.05,-40.43,-42.94,1,0.00,0.00,0,0,0,3.93,2.78,84.0,0,00,1,$
#,050,111,103,29.00,940.25,10.00,Frequency_MHz,RSSI_dBm,-0.02,-0.03,0.99,1.65,0.49,-3.48,47.05,-40.43,-42.94,1,0.00,0.00,0,0,0,3.90,2.86,85.1,0,00,1,$
#,050,111,103,29.00,940.25,10.00,Frequency_MHz,RSSI_dBm,-0.02,-0.03,0.99,1.65,0.49,-3.48,47.05,-40.43,-42.94,1,0.00,0.00,0,0,0,3.90,2.86,83.4,0,00,1,$
#,050,111,103,29.00,940.25,10.00,Frequency_MHz,RSSI_dBm,-0.03,-0.03,0.98,1.59,0.55,-2.38,45.84,-40.87,-40.09,1,0.00,0.00,0,0,0,3.90,2.49,85.6,0,00,1,$
#,050,111,103,29.00,940.25,10.00,Frequency_MHz,RSSI_dBm,-0.03,-0.03,0.98,1.59,0.55,-2.38,45.84,-40.87,-40.09,1,0.00,0.00,0,0,0,3.94,2.66,84.5,0,00,1,$
#,050,111,104,29.00,940.25,10.00,Frequency_MHz,RSSI_dBm,-0.03,-0.03,0.98,1.59,0.61,-1.71,47.01,-40.50,-43.53,1,0.00,0.00,0,0,0,3.94,2.66,85.1,0,00,1,$
#,050,111,104,29.00,940.25,10.00,Frequency_MHz,RSSI_dBm,-0.03,-0.03,0.98,1.59,0.61,-1.71,47.01,-40.50,-43.53,1,0.00,0.00,0,0,0,3.94,2.01,82.9,0,00,1,$
#,050,111,104,29.00,940.25,10.00,Frequency_MHz,RSSI_dBm,-0.03,-0.03,0.98,1.34,0.49,-2.62,47.23,-40.03,-44.02,1,0.00,0.00,0,0,0,3.94,2.01,84.0,0,00,1,$
#,050,111,104,29.00,940.25,10.00,Frequency_MHz,RSSI_dBm,-0.03,-0.03,0.98,1.34,0.49,-2.62,47.23,-40.03,-44.02,1,0.00,0.00,0,0,0,3.88,2.22,85.1,0,00,1,$
#,050,112,104,29.00,940.25,10.00,Frequency_MHz,RSSI_dBm,-0.03,-0.03,0.98,1.34,0.49,-2.62,47.23,-40.03,-44.02,1,0.00,0.00,0,0,0,3.94,1.95,84.0,0,00,1,$
#,050,112,104,29.00,940.25,10.00,Frequency_MHz,RSSI_dBm,-0.02,-0.03,0.94,-3.11,-0.73,-27.83,46.68,-40.28,-43.35,1,0.00,0.00,0,0,0,3.94,1.95,85.1,0,00,1,$
#,050,112,104,29.00,940.25,10.00,Frequency_MHz,RSSI_dBm,-0.02,-0.03,0.94,-3.11,-0.73,-27.83,46.68,-40.28,-43.35,1,0.00,0.00,0,0,0,3.94,2.35,82.9,0,00,1,$
#,050,112,104,29.00,940.25,10.00,Frequency_MHz,RSSI_dBm,-0.02,-0.03,0.94,-3.11,-0.73,-27.83,46.68,-40.28,-43.35,1,0.00,0.00,0,0,0,3.94,2.35,81.8,0,00,1,$
#,050,112,104,29.00,940.25,10.00,Frequency_MHz,RSSI_dBm,-0.02,-0.03,0.94,-3.11,-0.73,-27.83,46.68,-40.28,-43.35,1,0.00,0.00,0,0,0,3.95,1.49,82.9,0,00,1,$
#,050,112,105,29.00,940.25,10.00,Frequency_MHz,RSSI_dBm,-0.02,-0.03,0.94,-3.11,-0.73,-27.83,46.68,-40.28,-43.35,1,0.00,0.00,0,0,0,3.95,1.49,82.9,0,00,1,$
#,050,112,105,29.00,940.25,10.00,Frequency_MHz,RSSI_dBm,-0.03,-0.03,0.98,1.16,0.49,-3.36,47.36,-40.59,-43.73,1,0.00,0.00,0,0,0,3.94,1.72,84.5,0,00,1,$
#,050,112,105,29.00,940.25,10.00,Frequency_MHz,RSSI_dBm,-0.03,-0.03,0.98,1.16,0.49,-3.36,47.36,-40.59,-43.73,1,0.00,0.00,0,0,0,3.90,2.49,84.5,0,00,1,$
#,050,112,105,29.00,940.25,10.00,Frequency_MHz,RSSI_dBm,-0.03,-0.03,0.98,1.16,0.49,-3.36,47.36,-40.59,-43.73,1,0.00,0.00,0,0,0,3.90,2.49,84.0,0,00,1,$
#,050,113,105,29.00,940.25,10.00,Frequency_MHz,RSSI_dBm,-0.03,-0.03,0.98,1.53,0.49,-1.65,48.17,-40.36,-43.29,1,0.00,0.00,0,0,0,3.93,2.00,84.5,0,00,1,$
#,050,113,105,29.00,940.25,10.00,Frequency_MHz,RSSI_dBm,-0.03,-0.03,0.98,1.53,0.49,-1.65,48.17,-40.36,-43.29,1,0.00,0.00,0,0,0,3.93,2.00,85.6,0,00,1,$
#,050,113,105,29.00,940.25,10.00,Frequency_MHz,RSSI_dBm,-0.02,-0.03,0.98,-1.34,0.85,-17.09,46.28,-41.59,-41.43,1,0.00,0.00,0,0,0,3.89,2.98,82.9,0,00,1,$
#,050,113,105,29.00,940.25,10.00,Frequency_MHz,RSSI_dBm,-0.02,-0.03,0.98,-1.34,0.85,-17.09,46.28,-41.59,-41.43,1,0.00,0.00,0,0,0,3.90,2.67,84.5,0,00,1,$
#,050,113,105,29.00,940.25,10.00,Frequency_MHz,RSSI_dBm,-0.02,-0.03,0.98,-1.34,0.85,-17.09,46.28,-41.59,-41.43,1,0.00,0.00,0,0,0,3.90,2.67,83.4,0,00,1,$
#,050,113,106,29.00,940.25,10.00,Frequency_MHz,RSSI_dBm,-0.03,-0.03,0.98,2.38,0.49,1.10,46.69,-39.34,-42.40,1,0.00,0.00,0,0,0,3.90,2.77,83.4,0,00,1,$
#,050,113,106,29.00,940.25,10.00,Frequency_MHz,RSSI_dBm,-0.03,-0.03,0.98,2.38,0.49,1.10,46.69,-39.34,-42.40,1,0.00,0.00,0,0,0,3.90,2.77,84.5,0,00,1,$
#,050,113,106,29.00,940.25,10.00,Frequency_MHz,RSSI_dBm,-0.03,-0.03,0.98,2.08,0.73,0.24,46.88,-40.71,-43.48,1,0.00,0.00,0,0,0,3.90,2.90,85.1,0,00,1,$
#,050,114,106,29.00,940.25,10.00,Frequency_MHz,RSSI_dBm,-0.03,-0.03,0.98,2.08,0.73,0.24,46.88,-40.71,-43.48,1,0.00,0.00,0,0,0,3.88,2.92,83.4,0,00,1,$
#,050,114,106,29.00,940.25,10.00,Frequency_MHz,RSSI_dBm,-0.01,-0.03,0.96,-8.42,-0.98,-75.44,47.24,-40.59,-43.69,1,0.00,0.00,0,0,0,3.88,2.92,84.5,0,00,1,$
#,050,114,106,29.00,940.25,10.00,Frequency_MHz,RSSI_dBm,-0.01,-0.03,0.96,-8.42,-0.98,-75.44,47.24,-40.59,-43.69,1,0.00,0.00,0,0,0,3.90,2.08,85.1,0,00,1,$
#,050,114,106,29.00,940.25,10.00,Frequency_MHz,RSSI_dBm,-0.01,-0.03,0.96,-8.42,-0.98,-75.44,47.24,-40.59,-43.69,1,0.00,0.00,0,0,0,3.94,1.68,85.1,0,00,1,$
#,050,114,106,29.00,940.25,10.00,Frequency_MHz,RSSI_dBm,-0.02,-0.02,0.99,3.30,-2.08,3.85,44.97,-40.62,-39.31,1,0.00,0.00,0,0,0,3.94,1.68,83.4,0,00,1,$
#,050,114,106,29.00,940.25,10.00,Frequency_MHz,RSSI_dBm,-0.02,-0.02,0.99,3.30,-2.08,3.85,44.97,-40.62,-39.31,1,0.00,0.00,0,0,0,3.90,2.42,84.5,0,00,1,$
#,050,114,107,29.00,940.25,10.00,Frequency_MHz,RSSI_dBm,-0.02,-0.03,0.94,0.43,-4.46,-1.28,46.97,-39.32,-43.20,1,0.00,0.00,0,0,0,3.90,2.42,84.5,0,00,1,$
#,050,114,107,29.00,940.25,10.00,Frequency_MHz,RSSI_dBm,-0.02,-0.03,0.94,0.43,-4.46,-1.28,46.97,-39.32,-43.20,1,0.00,0.00,0,0,0,3.90,2.62,84.5,0,00,1,$
#,050,115,107,29.00,940.25,10.00,Frequency_MHz,RSSI_dBm,-0.02,-0.03,0.94,0.43,-4.46,-1.28,46.97,-39.32,-43.20,1,0.00,0.00,0,0,0,3.90,2.62,83.4,0,00,1,$
#,050,115,107,29.00,940.25,10.00,Frequency_MHz,RSSI_dBm,-0.03,-0.03,0.98,-9.09,0.67,-62.07,45.63,-40.75,-41.02,1,0.00,0.00,0,0,0,3.93,1.98,85.1,0,00,1,$
#,050,115,107,29.00,940.25,10.00,Frequency_MHz,RSSI_dBm,-0.03,-0.03,0.98,-9.09,0.67,-62.07,45.63,-40.75,-41.02,1,0.00,0.00,0,0,0,3.88,2.92,85.6,0,00,1,$
#,050,115,107,29.00,940.25,10.00,Frequency_MHz,RSSI_dBm,-0.03,-0.03,0.98,0.92,0.67,-2.75,45.79,-40.59,-41.28,1,0.00,0.00,0,0,0,3.88,2.92,84.0,0,00,1,$
#,050,115,107,29.00,940.25,10.00,Frequency_MHz,RSSI_dBm,-0.03,-0.03,0.98,0.92,0.67,-2.75,45.79,-40.59,-41.28,1,0.00,0.00,0,0,0,3.90,2.67,86.2,0,00,1,$
#,050,115,107,29.00,940.25,10.00,Frequency_MHz,RSSI_dBm,-0.03,-0.03,0.98,1.77,0.79,0.67,45.43,-40.98,-37.96,1,0.00,0.00,0,0,0,3.94,1.78,82.9,0,00,1,$
#,050,115,108,29.00,940.25,10.00,Frequency_MHz,RSSI_dBm,-0.03,-0.03,0.98,1.77,0.79,0.67,45.43,-40.98,-37.96,1,0.00,0.00,0,0,0,3.94,1.78,84.0,0,00,1,$
#,050,116,108,29.00,940.25,10.00,Frequency_MHz,RSSI_dBm,-0.03,-0.03,0.98,1.71,0.37,-2.01,47.38,-40.16,-42.96,1,0.00,0.00,0,0,0,3.94,1.81,84.0,0,00,1,$
#,050,116,108,29.00,940.25,10.00,Frequency_MHz,RSSI_dBm,-0.03,-0.03,0.98,1.71,0.37,-2.01,47.38,-40.16,-42.96,1,0.00,0.00,0,0,0,3.90,2.21,84.5,0,00,1,$
#,050,116,108,29.00,940.25,10.00,Frequency_MHz,RSSI_dBm,-0.02,-0.03,0.99,-7.87,-1.22,-27.10,45.39,-41.13,-39.60,1,0.00,0.00,0,0,0,3.93,1.91,84.5,0,00,1,$
#,050,116,108,29.00,940.25,10.00,Frequency_MHz,RSSI_dBm,-0.02,-0.03,0.99,-7.87,-1.22,-27.10,45.39,-41.13,-39.60,1,0.00,0.00,0,0,0,3.93,1.91,85.1,0,00,1,$
#,050,116,108,29.00,940.25,10.00,Frequency_MHz,RSSI_dBm,-0.02,-0.03,0.99,-7.87,-1.22,-27.10,45.39,-41.13,-39.60,1,0.00,0.00,0,0,0,3.93,1.99,85.6,0,00,1,$
#,050,116,108,29.00,940.25,10.00,Frequency_MHz,RSSI_dBm,-0.01,-0.03,0.96,-11.05,-0.06,-45.23,47.01,-40.71,-42.30,1,0.00,0.00,0,0,0,3.93,1.99,84.0,0,00,1,$
#,050,116,108,29.00,940.25,10.00,Frequency_MHz,RSSI_dBm,-0.01,-0.03,0.96,-11.05,-0.06,-45.23,47.01,-40.71,-42.30,1,0.00,0.00,0,0,0,3.92,2.66,85.6,0,00,1,$
#,050,116,108,29.00,940.25,10.00,Frequency_MHz,RSSI_dBm,-0.02,-0.03,0.93,-5.25,0.06,-41.14,47.12,-39.39,-43.80,1,0.00,0.00,0,0,0,3.90,2.63,84.0,0,00,1,$
#,050,117,109,29.00,940.25,10.00,Frequency_MHz,RSSI_dBm,-0.02,-0.03,0.93,-5.25,0.06,-41.14,47.12,-39.39,-43.80,1,0.00,0.00,0,0,0,3.90,2.63,83.4,0,00,1,$
#,050,117,109,29.00,940.25,10.00,Frequency_MHz,RSSI_dBm,-0.03,-0.03,0.99,11.66,-1.65,73.79,46.13,-40.92,-40.10,1,0.00,0.00,0,0,0,3.94,1.93,83.4,0,00,1,$
#,050,117,109,29.00,940.25,10.00,Frequency_MHz,RSSI_dBm,-0.03,-0.03,0.99,11.66,-1.65,73.79,46.13,-40.92,-40.10,1,0.00,0.00,0,0,0,3.93,1.99,84.0,0,00,1,$
#,050,117,109,29.00,940.25,10.00,Frequency_MHz,RSSI_dBm,-0.03,-0.03,0.99,-0.79,0.85,-15.38,46.44,-40.01,-42.77,1,0.00,0.00,0,0,0,3.89,2.93,85.6,0,00,1,$
#,050,117,109,29.00,940.25,10.00,Frequency_MHz,RSSI_dBm,-0.03,-0.03,0.99,-0.79,0.85,-15.38,46.44,-40.01,-42.77,1,0.00,0.00,0,0,0,3.89,2.93,84.0,0,00,1,$
#,050,117,109,29.00,940.25,10.00,Frequency_MHz,RSSI_dBm,-0.03,-0.03,0.99,-0.79,0.85,-15.38,46.44,-40.01,-42.77,1,0.00,0.00,0,0,0,3.90,2.64,84.0,0,00,1,$
#,050,117,109,29.00,940.25,10.00,Frequency_MHz,RSSI_dBm,-0.02,-0.03,1.00,1.83,0.67,-0.49,46.12,38.73,-377.47,1,0.00,0.00,0,0,0,3.90,2.64,84.0,0,00,1,$
#,050,118,110,29.00,940.25,10.00,Frequency_MHz,RSSI_dBm,-0.02,-0.03,1.00,1.83,0.67,-0.49,46.12,38.73,-377.47,1,0.00,0.00,0,0,0,3.94,2.27,86.2,0,00,1,$
#,050,118,110,29.00,940.25,10.00,Frequency_MHz,RSSI_dBm,-0.03,-0.03,0.98,-1.34,1.40,-23.19,45.34,-40.91,-40.65,1,0.00,0.00,0,0,0,3.94,1.90,83.4,0,00,1,$
#,050,118,110,29.00,940.25,10.00,Frequency_MHz,RSSI_dBm,-0.03,-0.03,0.98,-1.34,1.40,-23.19,45.34,-40.91,-40.65,1,0.00,0.00,0,0,0,3.94,1.90,84.5,0,00,1,$
#,050,118,110,29.00,940.25,10.00,Frequency_MHz,RSSI_dBm,-0.01,-0.02,0.98,-2.44,2.44,6.04,47.25,-40.21,-44.65,1,0.00,0.00,0,0,0,3.89,2.63,84.5,0,00,1,$
#,050,118,110,29.00,940.25,10.00,Frequency_MHz,RSSI_dBm,-0.01,-0.02,0.98,-2.44,2.44,6.04,47.25,-40.21,-44.65,1,0.00,0.00,0,0,0,3.89,2.33,84.5,0,00,1,$
#,050,118,110,29.00,940.25,10.00,Frequency_MHz,RSSI_dBm,-0.01,-0.02,0.98,-2.44,2.44,6.04,47.25,-40.21,-44.65,1,0.00,0.00,0,0,0,3.89,2.33,84.5,0,00,1,$
#,050,118,110,29.00,940.25,10.00,Frequency_MHz,RSSI_dBm,-0.02,-0.03,0.95,-12.45,0.92,-46.26,46.86,-40.33,-43.95,1,0.00,0.00,0,0,0,3.89,2.73,84.0,0,00,1,$
#,050,118,110,29.00,940.25,10.00,Frequency_MHz,RSSI_dBm,-0.02,-0.03,0.95,-12.45,0.92,-46.26,46.86,-40.33,-43.95,1,0.00,0.00,0,0,0,3.89,2.64,85.1,0,00,1,$
#,050,119,111,29.00,940.25,10.00,Frequency_MHz,RSSI_dBm,-0.01,-0.04,0.94,3.42,-0.79,9.03,46.30,-40.55,-40.22,1,0.00,0.00,0,0,0,3.89,2.64,84.5,0,00,1,$
#,050,119,111,29.00,940.25,10.00,Frequency_MHz,RSSI_dBm,-0.01,-0.04,0.94,3.42,-0.79,9.03,46.30,-40.55,-40.22,1,0.00,0.00,0,0,0,3.90,2.66,84.0,0,00,1,$
#,050,119,111,29.00,940.25,10.00,Frequency_MHz,RSSI_dBm,-0.03,-0.03,0.98,3.30,0.37,12.33,46.78,-40.45,-44.93,1,0.00,0.00,0,0,0,3.90,2.66,84.5,0,00,1,$
#,050,119,111,29.00,940.25,10.00,Frequency_MHz,RSSI_dBm,-0.03,-0.03,0.98,3.30,0.37,12.33,46.78,-40.45,-44.93,1,0.00,0.00,0,0,0,3.89,1.93,85.6,0,00,1,$
#,050,119,111,29.00,940.25,10.00,Frequency_MHz,RSSI_dBm,-0.03,-0.03,0.98,3.30,0.37,12.33,46.78,-40.45,-44.93,1,0.00,0.00,0,0,0,3.93,1.81,84.0,0,00,1,$
#,050,119,111,29.00,940.25,10.00,Frequency_MHz,RSSI_dBm,-0.03,-0.03,0.98,1.77,0.67,-0.67,45.52,-40.93,-39.93,1,0.00,0.00,0,0,0,3.93,1.81,82.9,0,00,1,$
#,050,119,111,29.00,940.25,10.00,Frequency_MHz,RSSI_dBm,-0.03,-0.03,0.98,1.77,0.67,-0.67,45.52,-40.93,-39.93,1,0.00,0.00,0,0,0,3.89,2.64,84.0,0,00,1,$
#,050,119,111,29.00,940.25,10.00,Frequency_MHz,RSSI_dBm,-0.03,-0.03,0.98,1.83,0.61,-1.22,46.51,-39.37,-43.51,1,0.00,0.00,0,0,0,3.89,2.64,85.6,0,00,1,$
#,050,120,111,29.00,940.25,10.00,Frequency_MHz,RSSI_dBm,-0.03,-0.03,0.98,1.83,0.61,-1.22,46.51,-39.37,-43.51,1,0.00,0.00,0,0,0,3.90,2.55,85.1,0,00,1,$
#,050,120,112,29.00,940.25,10.00,Frequency_MHz,RSSI_dBm,-0.03,-0.03,0.98,1.83,0.61,-1.22,46.51,-39.37,-43.51,1,0.00,0.00,0,0,0,3.90,1.85,83.4,0,00,1,$
#,050,120,112,29.00,940.25,10.00,Frequency_MHz,RSSI_dBm,-0.02,-0.02,0.98,1.46,0.31,-1.16,46.72,-41.21,-39.69,1,0.00,0.00,0,0,0,3.90,1.85,85.6,0,00,1,$
#,050,120,112,29.00,940.25,10.00,Frequency_MHz,RSSI_dBm,-0.02,-0.02,0.98,1.46,0.31,-1.16,46.72,-41.21,-39.69,1,0.00,0.00,0,0,0,3.92,1.96,83.4,0,00,1,$
#,050,120,112,29.00,940.25,10.00,Frequency_MHz,RSSI_dBm,-0.03,-0.03,0.99,2.32,-0.49,-3.72,48.21,-39.72,-44.90,1,0.00,0.00,0,0,0,3.92,1.96,85.6,0,00,1,$
#,050,120,112,29.00,940.25,10.00,Frequency_MHz,RSSI_dBm,-0.03,-0.03,0.99,2.32,-0.49,-3.72,48.21,-39.72,-44.90,1,0.00,0.00,0,0,0,3.89,2.19,84.0,0,00,1,$
#,050,120,112,29.00,940.25,10.00,Frequency_MHz,RSSI_dBm,-0.03,-0.03,0.99,2.32,-0.49,-3.72,48.21,-39.72,-44.90,1,0.00,0.00,0,0,0,3.90,2.82,84.0,0,00,1,$
#,050,120,112,29.00,940.25,10.00,Frequency_MHz,RSSI_dBm,-0.03,-0.03,0.98,1.40,0.43,-5.00,46.25,-40.95,-42.50,1,0.00,0.00,0,0,0,3.90,2.82,84.5,0,00,1,$
#,050,121,112,29.00,940.25,10.00,Frequency_MHz,RSSI_dBm,-0.03,-0.03,0.98,1.40,0.43,-5.00,46.25,-40.95,-42.50,1,0.00,0.00,0,0,0,3.94,2.68,84.0,0,00,1,$
#,050,121,112,29.00,940.25,10.00,Frequency_MHz,RSSI_dBm,-0.03,-0.03,0.98,1.46,0.67,-2.75,45.96,-40.36,-42.22,1,0.00,0.00,0,0,0,3.90,2.68,85.1,0,00,1,$
#,050,121,113,29.00,940.25,10.00,Frequency_MHz,RSSI_dBm,-0.03,-0.03,0.98,1.46,0.67,-2.75,45.96,-40.36,-42.22,1,0.00,0.00,0,0,0,3.90,2.70,84.5,0,00,1,$
#,050,121,113,29.00,940.25,10.00,Frequency_MHz,RSSI_dBm,-0.03,-0.03,0.98,1.59,0.55,0.31,47.38,-39.21,-43.70,1,0.00,0.00,0,0,0,3.89,1.99,86.2,0,00,1,$
#,050,121,113,29.00,940.25,10.00,Frequency_MHz,RSSI_dBm,-0.03,-0.03,0.98,1.59,0.55,0.31,47.38,-39.21,-43.70,1,0.00,0.00,0,0,0,3.89,1.99,84.5,0,00,1,$
#,050,121,113,29.00,940.25,10.00,Frequency_MHz,RSSI_dBm,-0.03,-0.03,0.98,1.59,0.55,0.31,47.38,-39.21,-43.70,1,0.00,0.00,0,0,0,3.89,2.88,85.6,0,00,1,$
#,050,121,113,29.00,940.25,10.00,Frequency_MHz,RSSI_dBm,-0.03,-0.03,0.98,2.01,0.67,0.12,47.44,-39.97,-42.55,1,0.00,0.00,0,0,0,3.93,1.81,83.4,0,00,1,$
#,050,121,113,29.00,940.25,10.00,Frequency_MHz,RSSI_dBm,-0.03,-0.03,0.98,2.01,0.67,0.12,47.44,-39.97,-42.55,1,0.00,0.00,0,0,0,3.93,1.81,85.1,0,00,1,$
#,050,122,113,29.00,940.25,10.00,Frequency_MHz,RSSI_dBm,-0.03,-0.03,0.98,2.44,0.67,0.43,45.46,-40.31,-40.30,1,0.00,0.00,0,0,0,3.91,2.80,84.5,0,00,1,$
#,050,122,113,29.00,940.25,10.00,Frequency_MHz,RSSI_dBm,-0.03,-0.03,0.98,2.44,0.67,0.43,45.46,-40.31,-40.30,1,0.00,0.00,0,0,0,3.90,2.72,84.0,0,00,1,$
#,050,122,113,29.00,940.25,10.00,Frequency_MHz,RSSI_dBm,-0.01,-0.02,0.96,-13.43,4.70,-32.10,46.91,-39.43,-42.61,1,0.00,0.00,0,0,0,3.90,2.72,86.2,0,00,1,$
#,050,122,114,29.00,940.25,10.00,Frequency_MHz,RSSI_dBm,-0.01,-0.02,0.96,-13.43,4.70,-32.10,46.91,-39.43,-42.61,1,0.00,0.00,0,0,0,3.92,1.82,84.5,0,00,1,$
#,050,122,114,29.00,940.25,10.00,Frequency_MHz,RSSI_dBm,-0.01,-0.02,0.96,-13.43,4.70,-32.10,46.91,-39.43,-42.61,1,0.00,0.00,0,0,0,3.92,1.82,85.1,0,00,1,$
#,050,122,114,29.00,940.25,10.00,Frequency_MHz,RSSI_dBm,-0.02,-0.03,0.96,-7.93,-0.12,0.73,45.73,-40.53,-41.50,1,0.00,0.00,0,0,0,3.94,1.85,86.2,0,00,1,$
#,050,122,114,29.00,940.25,10.00,Frequency_MHz,RSSI_dBm,-0.02,-0.03,0.96,-7.93,-0.12,0.73,45.73,-40.53,-41.50,1,0.00,0.00,0,0,0,3.94,1.97,84.0,0,00,1,$
#,050,122,114,29.00,940.25,10.00,Frequency_MHz,RSSI_dBm,-0.03,-0.03,0.98,1.22,0.37,-4.76,46.29,-39.92,-42.42,1,0.00,0.00,0,0,0,3.94,1.97,84.5,0,00,1,$
#,050,123,114,29.00,940.25,10.00,Frequency_MHz,RSSI_dBm,-0.03,-0.03,0.98,1.22,0.37,-4.76,46.29,-39.92,-42.42,1,0.00,0.00,0,0,0,3.93,1.99,85.1,0,00,1,$
#,050,123,114,29.00,940.25,10.00,Frequency_MHz,RSSI_dBm,-0.03,-0.03,0.98,1.59,0.61,-2.62,46.22,-40.80,-39.56,1,0.00,0.00,0,0,0,3.93,1.99,84.0,0,00,1,$
#,050,123,114,29.00,940.25,10.00,Frequency_MHz,RSSI_dBm,-0.03,-0.03,0.98,1.59,0.61,-2.62,46.22,-40.80,-39.56,1,0.00,0.00,0,0,0,3.92,2.84,83.4,0,00,1,$
#,050,123,115,29.00,940.25,10.00,Frequency_MHz,RSSI_dBm,-0.03,-0.03,0.98,1.59,0.61,-2.62,46.22,-40.80,-39.56,1,0.00,0.00,0,0,0,3.89,2.88,85.1,0,00,1,$
#,050,123,115,29.00,940.25,10.00,Frequency_MHz,RSSI_dBm,-0.03,-0.03,0.98,1.46,0.55,-2.01,47.75,-40.55,-43.47,1,0.00,0.00,0,0,0,3.89,2.88,85.6,0,00,1,$
#,050,123,115,29.00,940.25,10.00,Frequency_MHz,RSSI_dBm,-0.03,-0.03,0.98,1.46,0.55,-2.01,47.75,-40.55,-43.47,1,0.00,0.00,0,0,0,3.92,1.81,83.4,0,00,1,$
#,050,123,115,29.00,940.25,10.00,Frequency_MHz,RSSI_dBm,-0.03,-0.03,0.98,1.71,0.67,-1.83,47.29,-40.34,-43.88,1,0.00,0.00,0,0,0,3.92,1.81,83.4,0,00,1,$
#,050,123,115,29.00,940.25,10.00,Frequency_MHz,RSSI_dBm,-0.03,-0.03,0.98,1.71,0.67,-1.83,47.29,-40.34,-43.88,1,0.00,0.00,0,0,0,3.91,1.93,84.5,0,00,1,$
#,050,124,115,29.00,940.25,10.00,Frequency_MHz,RSSI_dBm,-0.03,-0.03,0.98,1.71,0.67,-1.83,47.29,-40.34,-43.88,1,0.00,0.00,0,0,0,3.90,2.80,85.1,0,00,1,$
#,050,124,115,29.00,940.25,10.00,Frequency_MHz,RSSI_dBm,-0.03,-0.03,0.99,1.59,0.73,-1.65,47.45,-39.83,-43.15,1,0.00,0.00,0,0,0,3.90,2.80,85.1,0,00,1,$
#,050,124,115,29.00,940.25,10.00,Frequency_MHz,RSSI_dBm,-0.03,-0.03,0.99,1.59,0.73,-1.65,47.45,-39.83,-43.15,1,0.00,0.00,0,0,0,3.90,1.84,84.5,0,00,1,$
#,050,124,116,29.00,940.25,10.00,Frequency_MHz,RSSI_dBm,-0.03,-0.03,0.98,2.26,-0.55,-2.75,46.26,-39.78,-42.90,1,0.00,0.00,0,0,0,3.89,2.80,84.0,0,00,1,$
#,050,124,116,29.00,940.25,10.00,Frequency_MHz,RSSI_dBm,-0.03,-0.03,0.98,2.26,-0.55,-2.75,46.26,-39.78,-42.90,1,0.00,0.00,0,0,0,3.89,2.80,84.5,0,00,1,$
#,050,124,116,29.00,940.25,10.00,Frequency_MHz,RSSI_dBm,-0.03,-0.03,0.98,1.59,0.18,-5.13,46.80,-40.16,-44.73,1,0.00,0.00,0,0,0,3.90,2.44,85.6,0,00,1,$
#,050,124,116,29.00,940.25,10.00,Frequency_MHz,RSSI_dBm,-0.03,-0.03,0.98,1.59,0.18,-5.13,46.80,-40.16,-44.73,1,0.00,0.00,0,0,0,3.90,2.44,83.4,0,00,1,$
#,050,124,116,29.00,940.25,10.00,Frequency_MHz,RSSI_dBm,-0.03,-0.03,0.98,1.59,0.18,-5.13,46.80,-40.16,-44.73,1,0.00,0.00,0,0,0,3.90,2.45,83.4,0,00,1,$
#,050,125,116,29.00,940.25,10.00,Frequency_MHz,RSSI_dBm,-0.01,-0.04,0.93,-5.43,0.18,-49.99,45.65,-40.31,-40.70,1,0.00,0.00,0,0,0,3.88,2.81,84.5,0,00,1,$
#,050,125,116,29.00,940.25,10.00,Frequency_MHz,RSSI_dBm,-0.01,-0.04,0.93,-5.43,0.18,-49.99,45.65,-40.31,-40.70,1,0.00,0.00,0,0,0,3.88,2.81,85.1,0,00,1,$
#,050,125,116,29.00,940.25,10.00,Frequency_MHz,RSSI_dBm,-0.03,-0.03,0.98,-1.46,0.92,-16.42,45.29,-40.05,-39.72,1,0.00,0.00,0,0,0,3.94,2.26,85.1,0,00,1,$
#,050,125,117,29.00,940.25,10.00,Frequency_MHz,RSSI_dBm,-0.03,-0.03,0.98,-1.46,0.92,-16.42,45.29,-40.05,-39.72,1,0.00,0.00,0,0,0,3.94,2.26,84.5,0,00,1,$
#,050,125,117,29.00,940.25,10.00,Frequency_MHz,RSSI_dBm,-0.03,-0.03,0.98,-1.46,0.92,-16.42,45.29,-40.05,-39.72,1,0.00,0.00,0,0,0,3.94,1.81,85.6,0,00,1,$
#,050,125,117,29.00,940.25,10.00,Frequency_MHz,RSSI_dBm,-0.03,-0.03,0.99,0.37,0.73,-8.67,47.17,-40.10,-42.27,1,0.00,0.00,0,0,0,3.94,1.95,85.1,0,00,1,$
#,050,125,117,29.00,940.25,10.00,Frequency_MHz,RSSI_dBm,-0.03,-0.03,0.99,0.37,0.73,-8.67,47.17,-40.10,-42.27,1,0.00,0.00,0,0,0,3.94,1.95,84.5,0,00,1,$
#,050,125,117,29.00,940.25,10.00,Frequency_MHz,RSSI_dBm,-0.02,-0.03,0.98,2.01,0.43,0.85,45.84,69.24,-379.26,1,0.00,0.00,0,0,0,3.90,2.65,84.5,0,00,1,$
#,050,126,117,29.00,940.25,10.00,Frequency_MHz,RSSI_dBm,-0.02,-0.03,0.98,2.01,0.43,0.85,45.84,69.24,-379.26,1,0.00,0.00,0,0,0,3.90,2.65,84.5,0,00,1,$
#,050,126,117,29.00,940.25,10.00,Frequency_MHz,RSSI_dBm,-0.02,-0.03,0.98,2.01,0.43,0.85,45.84,69.24,-379.26,1,0.00,0.00,0,0,0,3.92,2.80,82.9,0,00,1,$
#,050,126,117,29.00,940.25,10.00,Frequency_MHz,RSSI_dBm,-0.03,-0.03,0.98,2.01,0.49,0.55,46.39,-40.09,-42.64,1,0.00,0.00,0,0,0,3.92,2.80,85.6,0,00,1,$
#,050,126,117,29.00,940.25,10.00,Frequency_MHz,RSSI_dBm,-0.03,-0.03,0.98,2.01,0.49,0.55,46.39,-40.09,-42.64,1,0.00,0.00,0,0,0,3.94,2.58,82.9,0,00,1,$
#,050,126,118,29.00,940.25,10.00,Frequency_MHz,RSSI_dBm,-0.03,-0.03,0.98,2.20,-0.79,-2.32,47.17,-40.82,-42.25,1,0.00,0.00,0,0,0,3.90,2.63,85.1,0,00,1,$
#,050,126,118,29.00,940.25,10.00,Frequency_MHz,RSSI_dBm,-0.03,-0.03,0.98,2.20,-0.79,-2.32,47.17,-40.82,-42.25,1,0.00,0.00,0,0,0,3.90,2.63,85.1,0,00,1,$
#,050,126,118,29.00,940.25,10.00,Frequency_MHz,RSSI_dBm,-0.03,-0.03,0.98,2.20,-0.79,-2.32,47.17,-40.82,-42.25,1,0.00,0.00,0,0,0,3.90,1.97,85.1,0,00,1,$
#,050,126,118,29.00,940.25,10.00,Frequency_MHz,RSSI_dBm,-0.03,-0.03,0.98,0.85,0.31,-6.16,47.51,-40.15,-43.79,1,0.00,0.00,0,0,0,3.92,1.88,85.1,0,00,1,$
#,050,127,118,29.00,940.25,10.00,Frequency_MHz,RSSI_dBm,-0.03,-0.03,0.98,0.85,0.31,-6.16,47.51,-40.15,-43.79,1,0.00,0.00,0,0,0,3.92,1.88,84.0,0,00,1,$
#,050,127,118,29.00,940.25,10.00,Frequency_MHz,RSSI_dBm,-0.01,-0.03,0.93,-11.41,0.67,-87.95,47.11,-40.49,-43.07,1,0.00,0.00,0,0,0,3.89,2.76,85.6,0,00,1,$
#,050,127,118,29.00,940.25,10.00,Frequency_MHz,RSSI_dBm,-0.01,-0.03,0.93,-11.41,0.67,-87.95,47.11,-40.49,-43.07,1,0.00,0.00,0,0,0,3.89,2.76,85.1,0,00,1,$
#,050,127,118,29.00,940.25,10.00,Frequency_MHz,RSSI_dBm,-0.01,-0.03,0.93,-11.41,0.67,-87.95,47.11,-40.49,-43.07,1,0.00,0.00,0,0,0,3.94,1.76,85.1,0,00,1,$
#,050,127,118,29.00,940.25,10.00,Frequency_MHz,RSSI_dBm,-0.02,-0.03,0.98,-0.31,0.98,-14.71,46.88,-39.99,-42.18,1,0.00,0.00,0,0,0,3.94,1.89,85.1,0,00,1,$
#,050,127,119,29.00,940.25,10.00,Frequency_MHz,RSSI_dBm,-0.02,-0.03,0.98,-0.31,0.98,-14.71,46.88,-39.99,-42.18,1,0.00,0.00,0,0,0,3.94,1.89,86.2,0,00,1,$
#,050,127,119,29.00,940.25,10.00,Frequency_MHz,RSSI_dBm,-0.03,-0.03,0.98,1.65,0.49,-2.20,47.77,-40.05,-42.38,1,0.00,0.00,0,0,0,3.93,1.86,84.0,0,00,1,$
#,050,127,119,29.00,940.25,10.00,Frequency_MHz,RSSI_dBm,-0.03,-0.03,0.98,1.65,0.49,-2.20,47.77,-40.05,-42.38,1,0.00,0.00,0,0,0,3.93,1.86,84.5,0,00,1,$
#,050,127,119,29.00,940.25,10.00,Frequency_MHz,RSSI_dBm,-0.02,-0.03,0.98,2.01,0.49,-2.99,46.84,-41.09,-43.82,1,0.00,0.00,0,0,0,3.93,1.99,85.1,0,00,1,$
#,050,128,119,29.00,940.25,10.00,Frequency_MHz,RSSI_dBm,-0.02,-0.03,0.98,2.01,0.49,-2.99,46.84,-41.09,-43.82,1,0.00,0.00,0,0,0,3.93,1.94,84.0,0,00,1,$
#,050,128,119,29.00,940.25,10.00,Frequency_MHz,RSSI_dBm,-0.02,-0.03,0.98,2.01,0.49,-2.99,46.84,-41.09,-43.82,1,0.00,0.00,0,0,0,3.93,1.94,85.6,0,00,1,$
#,050,128,119,29.00,940.25,10.00,Frequency_MHz,RSSI_dBm,-0.02,-0.02,0.95,-2.87,1.22,5.43,46.11,-40.49,-42.92,1,0.00,0.00,0,0,0,3.93,2.88,82.9,0,00,1,$
#,050,128,119,29.00,940.25,10.00,Frequency_MHz,RSSI_dBm,-0.01,-0.03,1.03,3.48,-1.95,10.19,46.72,-40.73,-39.83,1,0.00,0.00,0,0,0,3.91,1.83,85.6,0,00,1,$
#,050,128,120,29.00,940.25,10.00,Frequency_MHz,RSSI_dBm,-0.01,-0.03,1.03,3.48,-1.95,10.19,46.72,-40.73,-39.83,1,0.00,0.00,0,0,0,3.94,1.85,84.0,0,00,1,$
#,050,128,120,29.00,940.25,10.00,Frequency_MHz,RSSI_dBm,-0.01,-0.03,1.03,3.48,-1.95,10.19,46.72,-40.73,-39.83,1,0.00,0.00,0,0,0,3.94,1.85,82.9,0,00,1,$
#,050,128,120,29.00,940.25,10.00,Frequency_MHz,RSSI_dBm,-0.02,-0.04,0.94,6.65,-0.98,42.05,44.90,-40.06,-40.59,1,0.00,0.00,0,0,0,3.89,2.59,85.1,0,00,1,$
#,050,129,120,29.00,940.25,10.00,Frequency_MHz,RSSI_dBm,-0.02,-0.04,0.94,6.65,-0.98,42.05,44.90,-40.06,-40.59,1,0.00,0.00,0,0,0,3.93,1.88,84.5,0,00,1,$
#,050,129,120,29.00,940.25,10.00,Frequency_MHz,RSSI_dBm,-0.02,-0.04,0.93,0.43,-0.85,-10.13,47.94,-40.23,-42.55,1,0.00,0.00,0,0,0,3.93,1.88,83.4,0,00,1,$
#,050,129,120,29.00,940.25,10.00,Frequency_MHz,RSSI_dBm,-0.02,-0.04,0.93,0.43,-0.85,-10.13,47.94,-40.23,-42.55,1,0.00,0.00,0,0,0,3.89,2.87,86.2,0,00,1,$
#,050,129,120,29.00,940.25,10.00,Frequency_MHz,RSSI_dBm,-0.02,-0.03,0.98,0.06,0.79,-10.31,45.95,-41.16,-40.25,1,0.00,0.00,0,0,0,3.94,1.88,82.9,0,00,1,$
#,050,129,120,29.00,940.25,10.00,Frequency_MHz,RSSI_dBm,-0.02,-0.03,0.98,0.06,0.79,-10.31,45.95,-41.16,-40.25,1,0.00,0.00,0,0,0,3.94,1.88,84.0,0,00,1,$
#,050,129,120,29.00,940.25,10.00,Frequency_MHz,RSSI_dBm,-0.02,-0.03,0.98,0.06,0.79,-10.31,45.95,-41.16,-40.25,1,0.00,0.00,0,0,0,3.90,2.57,85.1,0,00,1,$
#,050,129,121,29.00,940.25,10.00,Frequency_MHz,RSSI_dBm,-0.03,-0.03,0.98,1.89,0.49,-3.05,46.80,-39.32,-42.08,1,0.00,0.00,0,0,0,3.90,2.57,84.5,0,00,1,$
#,050,130,121,29.00,940.25,10.00,Frequency_MHz,RSSI_dBm,-0.03,-0.03,0.98,1.89,0.49,-3.05,46.80,-39.32,-42.08,1,0.00,0.00,0,0,0,3.90,2.32,84.5,0,00,1,$
#,050,130,121,29.00,940.25,10.00,Frequency_MHz,RSSI_dBm,-0.02,-0.03,0.98,2.44,0.73,1.04,46.69,-40.36,-43.49,1,0.00,0.00,0,0,0,3.90,2.90,86.2,0,00,1,$
#,050,130,121,29.00,940.25,10.00,Frequency_MHz,RSSI_dBm,-0.02,-0.03,0.98,2.44,0.73,1.04,46.69,-40.36,-43.49,1,0.00,0.00,0,0,0,3.90,2.90,82.9,0,00,1,$
#,050,130,121,29.00,940.25,10.00,Frequency_MHz,RSSI_dBm,-0.02,-0.03,0.95,-5.92,-2.99,-46.63,46.86,-40.66,-43.04,1,0.00,0.00,0,0,0,3.90,2.47,86.2,0,00,1,$
#,050,130,121,29.00,940.25,10.00,Frequency_MHz,RSSI_dBm,-0.02,-0.03,0.95,-5.92,-2.99,-46.63,46.86,-40.66,-43.04,1,0.00,0.00,0,0,0,3.90,2.47,85.6,0,00,1,$
#,050,130,121,29.00,940.25,10.00,Frequency_MHz,RSSI_dBm,-0.02,-0.03,0.95,-5.92,-2.99,-46.63,46.86,-40.66,-43.04,1,0.00,0.00,0,0,0,3.90,2.80,84.0,0,00,1,$
#,050,130,122,29.00,940.25,10.00,Frequency_MHz,RSSI_dBm,-0.03,-0.03,0.98,1.71,0.31,-3.85,46.03,-40.80,-41.49,1,0.00,0.00,0,0,0,3.90,2.40,84.0,0,00,1,$
#,050,130,122,29.00,940.25,10.00,Frequency_MHz,RSSI_dBm,-0.03,-0.03,0.98,1.71,0.31,-3.85,46.03,-40.80,-41.49,1,0.00,0.00,0,0,0,3.90,2.40,85.1,0,00,1,$
#,050,131,122,29.00,940.25,10.00,Frequency_MHz,RSSI_dBm,-0.03,-0.03,0.98,1.22,0.43,-4.58,45.65,-40.92,-39.90,1,0.00,0.00,0,0,0,3.94,1.95,84.5,0,00,1,$
#,050,131,122,29.00,940.25,10.00,Frequency_MHz,RSSI_dBm,-0.03,-0.03,0.98,1.22,0.43,-4.58,45.65,-40.92,-39.90,1,0.00,0.00,0,0,0,3.94,1.95,85.1,0,00,1,$
#,050,131,122,29.00,940.25,10.00,Frequency_MHz,RSSI_dBm,-0.03,-0.03,0.98,1.22,0.43,-4.58,45.65,-40.92,-39.90,1,0.00,0.00,0,0,0,3.90,2.43,83.4,0,00,1,$
#,050,131,122,29.00,940.25,10.00,Frequency_MHz,RSSI_dBm,-0.03,-0.03,0.98,1.89,0.61,-3.05,46.04,-41.14,-40.80,1,0.00,0.00,0,0,0,3.92,1.98,84.5,0,00,1,$
#,050,131,122,29.00,940.25,10.00,Frequency_MHz,RSSI_dBm,-0.03,-0.03,0.98,1.89,0.61,-3.05,46.04,-41.14,-40.80,1,0.00,0.00,0,0,0,3.92,1.98,85.1,0,00,1,$
#,050,131,122,29.00,940.25,10.00,Frequency_MHz,RSSI_dBm,-0.03,-0.03,0.98,1.71,0.55,-3.11,47.58,-39.60,-41.02,1,0.00,0.00,0,0,0,3.93,2.63,85.6,0,00,1,$
#,050,131,122,29.00,940.25,10.00,Frequency_MHz,RSSI_dBm,-0.03,-0.03,0.98,1.71,0.55,-3.11,47.58,-39.60,-41.02,1,0.00,0.00,0,0,0,3.93,2.63,84.5,0,00,1,$
#,050,131,123,29.00,940.25,10.00,Frequency_MHz,RSSI_dBm,-0.03,-0.03,0.98,1.71,0.55,-3.11,47.58,-39.60,-41.02,1,0.00,0.00,0,0,0,3.90,2.57,85.1,0,00,1,$
#,050,132,123,29.00,940.25,10.00,Frequency_MHz,RSSI_dBm,-0.03,-0.03,0.98,1.53,0.43,-1.59,47.95,-40.99,-377.49,1,0.00,0.00,0,0,0,3.94,1.83,85.1,0,00,1,$
#,050,132,123,29.00,940.25,10.00,Frequency_MHz,RSSI_dBm,-0.03,-0.03,0.98,1.53,0.43,-1.59,47.95,-40.99,-377.49,1,0.00,0.00,0,0,0,3.94,1.83,84.0,0,00,1,$
#,050,132,123,29.00,940.25,10.00,Frequency_MHz,RSSI_dBm,-0.03,-0.02,0.98,2.01,0.61,-4.03,46.89,-39.78,-43.54,1,0.00,0.00,0,0,0,3.93,2.80,85.6,0,00,1,$
#,050,132,123,29.00,940.25,10.00,Frequency_MHz,RSSI_dBm,-0.03,-0.02,0.98,2.01,0.61,-4.03,46.89,-39.78,-43.54,1,0.00,0.00,0,0,0,3.93,2.01,85.1,0,00,1,$
#,050,132,123,29.00,940.25,10.00,Frequency_MHz,RSSI_dBm,-0.02,-0.03,0.94,-8.79,2.38,-24.90,47.46,-40.21,-42.46,1,0.00,0.00,0,0,0,3.93,2.01,85.6,0,00,1,$
#,050,132,123,29.00,940.25,10.00,Frequency_MHz,RSSI_dBm,-0.02,-0.03,0.94,-8.79,2.38,-24.90,47.46,-40.21,-42.46,1,0.00,0.00,0,0,0,3.93,1.96,84.0,0,00,1,$
#,050,132,123,29.00,940.25,10.00,Frequency_MHz,RSSI_dBm,-0.02,-0.03,0.94,-8.79,2.38,-24.90,47.46,-40.21,-42.46,1,0.00,0.00,0,0,0,3.93,1.96,85.6,0,00,1,$
#,050,132,123,29.00,940.25,10.00,Frequency_MHz,RSSI_dBm,-0.02,-0.03,0.93,-2.20,-1.59,-13.43,47.40,-40.05,-41.43,1,0.00,0.00,0,0,0,3.94,2.17,85.1,0,00,1,$
#,050,133,124,29.00,940.25,10.00,Frequency_MHz,RSSI_dBm,-0.02,-0.03,0.93,-2.20,-1.59,-13.43,47.40,-40.05,-41.43,1,0.00,0.00,0,0,0,3.90,2.62,86.2,0,00,1,$
#,050,133,124,29.00,940.25,10.00,Frequency_MHz,RSSI_dBm,-0.03,-0.03,0.98,1.40,0.49,-3.30,45.74,-40.56,-39.54,1,0.00,0.00,0,0,0,3.90,2.62,85.1,0,00,1,$
#,050,133,124,29.00,940.25,10.00,Frequency_MHz,RSSI_dBm,-0.03,-0.03,0.98,1.40,0.49,-3.30,45.74,-40.56,-39.54,1,0.00,0.00,0,0,0,3.93,1.96,84.0,0,00,1,$
#,050,133,124,29.00,940.25,10.00,Frequency_MHz,RSSI_dBm,-0.03,-0.03,0.99,2.08,0.61,-2.87,46.18,-41.20,-39.99,1,0.00,0.00,0,0,0,3.93,1.96,83.4,0,00,1,$
#,050,133,124,29.00,940.25,10.00,Frequency_MHz,RSSI_dBm,-0.03,-0.03,0.99,2.08,0.61,-2.87,46.18,-41.20,-39.99,1,0.00,0.00,0,0,0,3.94,2.00,84.0,0,00,1,$
#,050,133,124,29.00,940.25,10.00,Frequency_MHz,RSSI_dBm,-0.03,-0.03,0.99,2.08,0.61,-2.87,46.18,-41.20,-39.99,1,0.00,0.00,0,0,0,3.89,2.37,83.4,0,00,1,$
#,050,133,124,29.00,940.25,10.00,Frequency_MHz,RSSI_dBm,-0.03,-0.03,0.98,1.83,0.55,-2.93,45.98,-40.95,-39.89,1,0.00,0.00,0,0,0,3.89,2.37,85.1,0,00,1,$
#,050,133,124,29.00,940.25,10.00,Frequency_MHz,RSSI_dBm,-0.03,-0.03,0.98,1.83,0.55,-2.93,45.98,-40.95,-39.89,1,0.00,0.00,0,0,0,3.94,1.84,84.5,0,00,1,$
#,050,133,124,29.00,940.25,10.00,Frequency_MHz,RSSI_dBm,-0.03,-0.03,0.98,2.50,0.37,0.24,47.19,-40.59,-43.01,1,0.00,0.00,0,0,0,3.94,1.84,85.1,0,00,1,$
#,050,134,125,29.00,940.25,10.00,Frequency_MHz,RSSI_dBm,-0.03,-0.03,0.98,2.50,0.37,0.24,47.19,-40.59,-43.01,1,0.00,0.00,0,0,0,3.90,2.64,85.1,0,00,1,$
#,050,134,125,29.00,940.25,10.00,Frequency_MHz,RSSI_dBm,-0.03,-0.03,0.98,2.50,0.37,0.24,47.19,-40.59,-43.01,1,0.00,0.00,0,0,0,3.94,1.93,84.0,0,00,1,$
#,050,134,125,29.00,940.25,10.00,Frequency_MHz,RSSI_dBm,-0.02,-0.02,0.98,0.43,0.24,-3.48,47.44,-40.04,-42.27,1,0.00,0.00,0,0,0,3.94,1.93,85.1,0,00,1,$
#,050,134,125,29.00,940.25,10.00,Frequency_MHz,RSSI_dBm,-0.02,-0.02,0.98,0.43,0.24,-3.48,47.44,-40.04,-42.27,1,0.00,0.00,0,0,0,3.94,1.91,83.4,0,00,1,$
#,050,134,125,29.00,940.25,10.00,Frequency_MHz,RSSI_dBm,-0.03,-0.03,0.98,-1.16,-0.12,-15.75,46.55,-40.58,-40.69,1,0.00,0.00,0,0,0,3.94,1.91,84.0,0,00,1,$
#,050,134,125,29.00,940.25,10.00,Frequency_MHz,RSSI_dBm,-0.03,-0.03,0.98,-1.16,-0.12,-15.75,46.55,-40.58,-40.69,1,0.00,0.00,0,0,0,3.94,2.46,83.4,0,00,1,$
#,050,134,125,29.00,940.25,10.00,Frequency_MHz,RSSI_dBm,-0.03,-0.03,0.98,-1.16,-0.12,-15.75,46.55,-40.58,-40.69,1,0.00,0.00,0,0,0,3.94,1.86,82.9,0,00,1,$
#,050,134,125,29.00,940.25,10.00,Frequency_MHz,RSSI_dBm,-0.02,-0.03,0.93,-9.83,0.00,-63.96,45.32,-39.97,-41.06,1,0.00,0.00,0,0,0,3.94,1.86,85.1,0,00,1,$
#,050,135,125,29.00,940.25,10.00,Frequency_MHz,RSSI_dBm,-0.02,-0.03,0.93,-9.83,0.00,-63.96,45.32,-39.97,-41.06,1,0.00,0.00,0,0,0,3.94,1.89,86.2,0,00,1,$
#,050,135,126,29.00,940.25,10.00,Frequency_MHz,RSSI_dBm,-0.03,-0.03,0.98,1.46,0.61,-0.98,45.24,-39.81,-39.59,1,0.00,0.00,0,0,0,3.94,1.89,84.0,0,00,1,$
#,050,135,126,29.00,940.25,10.00,Frequency_MHz,RSSI_dBm,-0.03,-0.03,0.98,1.46,0.61,-0.98,45.24,-39.81,-39.59,1,0.00,0.00,0,0,0,3.90,2.87,84.5,0,00,1,$
#,050,135,126,29.00,940.25,10.00,Frequency_MHz,RSSI_dBm,-0.03,-0.03,0.98,1.65,0.49,-2.81,47.56,-39.87,-41.37,1,0.00,0.00,0,0,0,3.89,2.51,82.9,0,00,1,$
#,050,135,126,29.00,940.25,10.00,Frequency_MHz,RSSI_dBm,-0.03,-0.03,0.98,1.65,0.49,-2.81,47.56,-39.87,-41.37,1,0.00,0.00,0,0,0,3.89,2.51,85.6,0,00,1,$
#,050,135,126,29.00,940.25,10.00,Frequency_MHz,RSSI_dBm,-0.03,-0.03,0.98,1.65,0.49,-2.81,47.56,-39.87,-41.37,1,0.00,0.00,0,0,0,3.93,2.65,85.1,0,00,1,$
#,050,135,126,29.00,940.25,10.00,Frequency_MHz,RSSI_dBm,-0.03,-0.03,0.98,1.89,0.55,-0.24,46.03,-40.55,-41.58,1,0.00,0.00,0,0,0,3.94,1.75,85.1,0,00,1,$
#,050,135,126,29.00,940.25,10.00,Frequency_MHz,RSSI_dBm,-0.03,-0.03,0.98,1.89,0.55,-0.24,46.03,-40.55,-41.58,1,0.00,0.00,0,0,0,3.94,1.75,84.5,0,00,1,$
#,050,136,126,29.00,940.25,10.00,Frequency_MHz,RSSI_dBm,-0.03,-0.03,0.98,1.71,0.55,-1.77,46.95,-39.23,-42.65,1,0.00,0.00,0,0,0,3.90,2.54,83.4,0,00,1,$
#,050,136,126,29.00,940.25,10.00,Frequency_MHz,RSSI_dBm,-0.03,-0.03,0.98,1.71,0.55,-1.77,46.95,-39.23,-42.65,1,0.00,0.00,0,0,0,3.90,2.54,84.0,0,00,1,$
#,050,136,127,29.00,940.25,10.00,Frequency_MHz,RSSI_dBm,-0.03,-0.03,0.98,1.71,0.55,-1.77,46.95,-39.23,-42.65,1,0.00,0.00,0,0,0,3.94,1.79,84.0,0,00,1,$
#,050,136,127,29.00,940.25,10.00,Frequency_MHz,RSSI_dBm,-0.02,-0.02,1.01,-12.51,3.17,-59.63,47.22,-39.79,-42.55,1,0.00,0.00,0,0,0,3.89,2.69,85.1,0,00,1,$
#,050,136,127,29.00,940.25,10.00,Frequency_MHz,RSSI_dBm,-0.02,-0.02,1.01,-12.51,3.17,-59.63,47.22,-39.79,-42.55,1,0.00,0.00,0,0,0,3.89,2.69,84.5,0,00,1,$
#,050,136,127,29.00,940.25,10.00,Frequency_MHz,RSSI_dBm,-0.02,-0.03,0.99,2.44,-0.85,0.61,47.45,-40.30,-42.18,1,0.00,0.00,0,0,0,3.90,2.63,84.0,0,00,1,$
#,050,136,127,29.00,940.25,10.00,Frequency_MHz,RSSI_dBm,-0.02,-0.03,0.99,2.44,-0.85,0.61,47.45,-40.30,-42.18,1,0.00,0.00,0,0,0,3.90,2.63,85.6,0,00,1,$
#,050,136,127,29.00,940.25,10.00,Frequency_MHz,RSSI_dBm,-0.02,-0.03,0.99,2.44,-0.85,0.61,47.45,-40.30,-42.18,1,0.00,0.00,0,0,0,3.90,1.92,85.1,0,00,1,$
#,050,137,127,29.00,940.25,10.00,Frequency_MHz,RSSI_dBm,-0.02,-0.03,0.98,1.34,0.31,-4.70,46.20,-41.10,-39.82,1,0.00,0.00,0,0,0,3.90,2.79,85.1,0,00,1,$
#,050,137,127,29.00,940.25,10.00,Frequency_MHz,RSSI_dBm,-0.02,-0.03,0.98,1.34,0.31,-4.70,46.20,-41.10,-39.82,1,0.00,0.00,0,0,0,3.90,2.79,84.5,0,00,1,$
#,050,137,128,29.00,940.25,10.00,Frequency_MHz,RSSI_dBm,-0.03,-0.03,0.98,1.40,0.61,-1.46,47.08,-38.84,-42.02,1,0.00,0.00,0,0,0,3.90,2.68,86.2,0,00,1,$
#,050,137,128,29.00,940.25,10.00,Frequency_MHz,RSSI_dBm,-0.03,-0.03,0.98,1.40,0.61,-1.46,47.08,-38.84,-42.02,1,0.00,0.00,0,0,0,3.90,2.68,83.4,0,00,1,$
#,050,137,128,29.00,940.25,10.00,Frequency_MHz,RSSI_dBm,-0.03,-0.03,0.98,1.46,0.55,-2.14,47.72,-39.82,-42.70,1,0.00,0.00,0,0,0,3.93,1.91,84.5,0,00,1,$
#,050,137,128,29.00,940.25,10.00,Frequency_MHz,RSSI_dBm,-0.03,-0.03,0.98,1.46,0.55,-2.14,47.72,-39.82,-42.70,1,0.00,0.00,0,0,0,3.93,1.88,84.5,0,00,1,$
#,050,137,128,29.00,940.25,10.00,Frequency_MHz,RSSI_dBm,-0.03,-0.03,0.98,1.46,0.55,-2.14,47.72,-39.82,-42.70,1,0.00,0.00,0,0,0,3.93,1.88,85.1,0,00,1,$
#,050,137,128,29.00,940.25,10.00,Frequency_MHz,RSSI_dBm,-0.03,-0.03,0.99,1.65,0.43,-1.89,47.03,-40.30,-43.60,1,0.00,0.00,0,0,0,3.93,2.60,85.1,0,00,1,$
#,050,138,128,29.00,940.25,10.00,Frequency_MHz,RSSI_dBm,-0.03,-0.03,0.99,1.65,0.43,-1.89,47.03,-40.30,-43.60,1,0.00,0.00,0,0,0,3.90,2.66,86.7,0,00,1,$
#,050,138,128,29.00,940.25,10.00,Frequency_MHz,RSSI_dBm,-0.02,-0.03,0.98,1.28,0.24,-2.87,45.75,-40.69,-41.17,1,0.00,0.00,0,0,0,3.90,2.66,86.2,0,00,1,$
#,050,138,129,29.00,940.25,10.00,Frequency_MHz,RSSI_dBm,-0.02,-0.03,0.98,1.28,0.24,-2.87,45.75,-40.69,-41.17,1,0.00,0.00,0,0,0,3.94,2.58,84.0,0,00,1,$
#,050,138,129,29.00,940.25,10.00,Frequency_MHz,RSSI_dBm,-0.02,-0.03,0.98,3.36,-0.79,-2.56,46.57,-40.37,-43.20,1,0.00,0.00,0,0,0,3.89,2.69,85.6,0,00,1,$
#,050,138,129,29.00,940.25,10.00,Frequency_MHz,RSSI_dBm,-0.02,-0.03,0.98,3.36,-0.79,-2.56,46.57,-40.37,-43.20,1,0.00,0.00,0,0,0,3.89,2.69,84.5,0,00,1,$
#,050,138,129,29.00,940.25,10.00,Frequency_MHz,RSSI_dBm,-0.02,-0.03,0.98,3.36,-0.79,-2.56,46.57,-40.37,-43.20,1,0.00,0.00,0,0,0,3.90,2.35,86.2,0,00,1,$
#,050,138,129,29.00,940.25,10.00,Frequency_MHz,RSSI_dBm,-0.02,-0.02,0.97,-1.71,-5.68,-6.16,47.57,-39.38,-43.95,1,0.00,0.00,0,0,0,3.90,2.35,83.4,0,00,1,$
#,050,138,129,29.00,940.25,10.00,Frequency_MHz,RSSI_dBm,-0.02,-0.02,0.97,-1.71,-5.68,-6.16,47.57,-39.38,-43.95,1,0.00,0.00,0,0,0,3.93,2.44,84.5,0,00,1,$
#,050,139,129,29.00,940.25,10.00,Frequency_MHz,RSSI_dBm,-0.01,-0.03,0.93,-3.23,0.92,-15.99,46.31,-39.86,-42.10,1,0.00,0.00,0,0,0,3.89,2.69,85.6,0,00,1,$
#,050,139,129,29.00,940.25,10.00,Frequency_MHz,RSSI_dBm,-0.01,-0.03,0.93,-3.23,0.92,-15.99,46.31,-39.86,-42.10,1,0.00,0.00,0,0,0,3.89,2.69,84.5,0,00,1,$
#,050,139,129,29.00,940.25,10.00,Frequency_MHz,RSSI_dBm,-0.01,-0.03,0.93,-3.23,0.92,-15.99,46.31,-39.86,-42.10,1,0.00,0.00,0,0,0,3.90,1.77,84.0,0,00,1,$
#,050,139,130,29.00,940.25,10.00,Frequency_MHz,RSSI_dBm,-0.02,-0.03,0.98,1.28,0.43,0.49,45.72,-40.69,-40.26,1,0.00,0.00,0,0,0,3.90,1.77,85.1,0,00,1,$
#,050,139,130,29.00,940.25,10.00,Frequency_MHz,RSSI_dBm,-0.02,-0.03,0.98,1.28,0.43,0.49,45.72,-40.69,-40.26,1,0.00,0.00,0,0,0,3.88,2.11,84.0,0,00,1,$
#,050,139,130,29.00,940.25,10.00,Frequency_MHz,RSSI_dBm,-0.03,-0.03,0.99,2.93,0.43,7.57,46.62,-40.31,-40.99,1,0.00,0.00,0,0,0,3.89,2.76,84.5,0,00,1,$
#,050,139,130,29.00,940.25,10.00,Frequency_MHz,RSSI_dBm,-0.03,-0.03,0.99,2.93,0.43,7.57,46.62,-40.31,-40.99,1,0.00,0.00,0,0,0,3.89,2.76,84.0,0,00,1,$
#,050,139,130,29.00,940.25,10.00,Frequency_MHz,RSSI_dBm,-0.02,-0.03,0.98,1.71,0.37,-2.93,45.74,-40.09,-41.55,1,0.00,0.00,0,0,0,3.90,1.98,85.1,0,00,1,$
#,050,140,130,29.00,940.25,10.00,Frequency_MHz,RSSI_dBm,-0.02,-0.03,0.98,1.71,0.37,-2.93,45.74,-40.09,-41.55,1,0.00,0.00,0,0,0,3.90,1.98,85.6,0,00,1,$
#,050,140,130,29.00,940.25,10.00,Frequency_MHz,RSSI_dBm,-0.02,-0.03,0.98,1.71,0.37,-2.93,45.74,-40.09,-41.55,1,0.00,0.00,0,0,0,3.89,2.07,86.2,0,00,1,$
#,050,140,130,29.00,940.25,10.00,Frequency_MHz,RSSI_dBm,-0.03,-0.03,0.98,1.59,0.49,-2.14,45.94,-39.94,-40.86,1,0.00,0.00,0,0,0,3.90,2.43,85.1,0,00,1,$
#,050,140,131,29.00,940.25,10.00,Frequency_MHz,RSSI_dBm,-0.03,-0.03,0.98,1.59,0.49,-2.14,45.94,-39.94,-40.86,1,0.00,0.00,0,0,0,3.90,2.43,85.1,0,00,1,$
#,050,140,131,29.00,940.25,10.00,Frequency_MHz,RSSI_dBm,0.00,-0.02,0.95,-6.71,1.28,-20.26,46.62,-39.89,-40.80,1,0.00,0.00,0,0,0,3.93,2.26,83.4,0,00,1,$
#,050,140,131,29.00,940.25,10.00,Frequency_MHz,RSSI_dBm,0.00,-0.02,0.95,-6.71,1.28,-20.26,46.62,-39.89,-40.80,1,0.00,0.00,0,0,0,3.93,1.99,85.6,0,00,1,$
#,050,140,131,29.00,940.25,10.00,Frequency_MHz,RSSI_dBm,0.00,-0.02,0.95,-6.71,1.28,-20.26,46.62,-39.89,-40.80,1,0.00,0.00,0,0,0,3.93,1.99,84.5,0,00,1,$
#,050,140,131,29.00,940.25,10.00,Frequency_MHz,RSSI_dBm,-0.02,-0.03,0.98,1.22,0.31,-5.31,45.75,-40.93,-41.77,1,0.00,0.00,0,0,0,3.92,1.98,82.3,0,00,1,$
#,050,141,131,29.00,940.25,10.00,Frequency_MHz,RSSI_dBm,-0.02,-0.03,0.98,1.22,0.31,-5.31,45.75,-40.93,-41.77,1,0.00,0.00,0,0,0,3.92,1.98,85.6,0,00,1,$
#,050,141,131,29.00,940.25,10.00,Frequency_MHz,RSSI_dBm,-0.02,-0.04,0.93,4.64,-0.73,24.54,46.62,-40.15,-41.75,1,0.00,0.00,0,0,0,3.90,1.84,84.0,0,00,1,$
#,050,141,131,29.00,940.25,10.00,Frequency_MHz,RSSI_dBm,-0.02,-0.04,0.93,4.64,-0.73,24.54,46.62,-40.15,-41.75,1,0.00,0.00,0,0,0,3.90,2.73,86.2,0,00,1,$
#,050,141,132,29.00,940.25,10.00,Frequency_MHz,RSSI_dBm,-0.01,-0.04,0.94,10.74,-1.77,81.73,46.03,-40.08,-41.14,1,0.00,0.00,0,0,0,3.90,2.73,85.1,0,00,1,$
#,050,141,132,29.00,940.25,10.00,Frequency_MHz,RSSI_dBm,-0.01,-0.04,0.94,10.74,-1.77,81.73,46.03,-40.08,-41.14,1,0.00,0.00,0,0,0,3.94,1.86,84.5,0,00,1,$
#,050,141,132,29.00,940.25,10.00,Frequency_MHz,RSSI_dBm,-0.01,-0.04,0.94,10.74,-1.77,81.73,46.03,-40.08,-41.14,1,0.00,0.00,0,0,0,3.89,2.77,84.5,0,00,1,$
#,050,141,132,29.00,940.25,10.00,Frequency_MHz,RSSI_dBm,-0.03,-0.03,0.98,1.77,0.49,-3.97,46.48,-39.55,-41.85,1,0.00,0.00,0,0,0,3.89,2.77,86.2,0,00,1,$
#,050,142,132,29.00,940.25,10.00,Frequency_MHz,RSSI_dBm,-0.03,-0.03,0.98,1.77,0.49,-3.97,46.48,-39.55,-41.85,1,0.00,0.00,0,0,0,3.90,2.49,85.1,0,00,1,$
#,050,142,132,29.00,940.25,10.00,Frequency_MHz,RSSI_dBm,-0.03,-0.03,0.98,1.83,0.49,-3.11,46.35,-41.66,-42.07,1,0.00,0.00,0,0,0,3.93,2.68,84.0,0,00,1,$
#,050,142,132,29.00,940.25,10.00,Frequency_MHz,RSSI_dBm,-0.03,-0.03,0.98,1.83,0.49,-3.11,46.35,-41.66,-42.07,1,0.00,0.00,0,0,0,3.93,2.68,83.4,0,00,1,$
#,050,142,132,29.00,940.25,10.00,Frequency_MHz,RSSI_dBm,-0.03,-0.04,0.99,1.65,0.49,-3.36,47.02,-39.31,-42.63,1,0.00,0.00,0,0,0,3.90,2.71,84.5,0,00,1,$
#,050,142,133,29.00,940.25,10.00,Frequency_MHz,RSSI_dBm,-0.03,-0.04,0.99,1.65,0.49,-3.36,47.02,-39.31,-42.63,1,0.00,0.00,0,0,0,3.90,2.71,85.1,0,00,1,$
#,050,142,133,29.00,940.25,10.00,Frequency_MHz,RSSI_dBm,-0.03,-0.04,0.99,1.65,0.49,-3.36,47.02,-39.31,-42.63,1,0.00,0.00,0,0,0,3.92,1.97,84.0,0,00,1,$
#,050,142,133,29.00,940.25,10.00,Frequency_MHz,RSSI_dBm,-0.02,-0.03,0.98,3.48,-1.22,-4.39,46.01,-40.54,-41.75,1,0.00,0.00,0,0,0,3.89,2.81,85.6,0,00,1,$
#,050,142,133,29.00,940.25,10.00,Frequency_MHz,RSSI_dBm,-0.02,-0.03,0.98,3.48,-1.22,-4.39,46.01,-40.54,-41.75,1,0.00,0.00,0,0,0,3.89,2.81,84.5,0,00,1,$
#,050,143,133,29.00,940.25,10.00,Frequency_MHz,RSSI_dBm,-0.02,-0.03,0.99,0.98,-0.12,-7.93,46.42,-39.97,-44.49,1,0.00,0.00,0,0,0,3.90,2.71,84.5,0,00,1,$
#,050,143,133,29.00,940.25,10.00,Frequency_MHz,RSSI_dBm,-0.02,-0.03,0.99,0.98,-0.12,-7.93,46.42,-39.97,-44.49,1,0.00,0.00,0,0,0,3.90,2.71,84.5,0,00,1,$
#,050,143,133,29.00,940.25,10.00,Frequency_MHz,RSSI_dBm,-0.02,-0.03,0.93,1.16,-0.73,2.75,44.74,-39.83,-39.06,1,0.00,0.00,0,0,0,3.94,2.49,85.1,0,00,1,$
#,050,143,133,29.00,940.25,10.00,Frequency_MHz,RSSI_dBm,-0.02,-0.03,0.93,1.16,-0.73,2.75,44.74,-39.83,-39.06,1,0.00,0.00,0,0,0,3.94,1.82,85.1,0,00,1,$
#,050,143,134,29.00,940.25,10.00,Frequency_MHz,RSSI_dBm,-0.02,-0.03,0.93,1.16,-0.73,2.75,44.74,-39.83,-39.06,1,0.00,0.00,0,0,0,3.94,1.82,85.6,0,00,1,$
#,050,143,134,29.00,940.25,10.00,Frequency_MHz,RSSI_dBm,-0.02,-0.03,0.98,3.23,0.24,6.29,45.97,-40.58,-40.19,1,0.00,0.00,0,0,0,3.94,1.82,84.5,0,00,1,$
#,050,143,134,29.00,940.25,10.00,Frequency_MHz,RSSI_dBm,-0.02,-0.03,0.98,3.23,0.24,6.29,45.97,-40.58,-40.19,1,0.00,0.00,0,0,0,3.94,1.82,84.0,0,00,1,$
#,050,143,134,29.00,940.25,10.00,Frequency_MHz,RSSI_dBm,-0.02,-0.03,0.98,3.23,0.24,6.29,45.97,-40.58,-40.19,1,0.00,0.00,0,0,0,3.90,2.72,84.5,0,00,1,$
#,050,144,134,29.00,940.25,10.00,Frequency_MHz,RSSI_dBm,-0.02,-0.03,0.98,-1.10,0.92,-19.17,46.68,-40.16,-43.18,1,0.00,0.00,0,0,0,3.89,2.84,85.1,0,00,1,$
#,050,144,134,29.00,940.25,10.00,Frequency_MHz,RSSI_dBm,-0.02,-0.03,0.98,-1.10,0.92,-19.17,46.68,-40.16,-43.18,1,0.00,0.00,0,0,0,3.89,2.84,85.6,0,00,1,$
#,050,144,134,29.00,940.25,10.00,Frequency_MHz,RSSI_dBm,-0.02,-0.03,0.98,0.31,1.04,-13.92,45.52,-40.50,-39.49,1,0.00,0.00,0,0,0,3.93,1.86,84.0,0,00,1,$
#,050,144,134,29.00,940.25,10.00,Frequency_MHz,RSSI_dBm,-0.02,-0.03,0.98,0.31,1.04,-13.92,45.52,-40.50,-39.49,1,0.00,0.00,0,0,0,3.93,1.86,84.5,0,00,1,$
#,050,144,134,29.00,940.25,10.00,Frequency_MHz,RSSI_dBm,-0.02,-0.03,0.98,0.31,1.04,-13.92,45.52,-40.50,-39.49,1,0.00,0.00,0,0,0,3.92,2.63,85.6,0,00,1,$
#,050,144,135,29.00,940.25,10.00,Frequency_MHz,RSSI_dBm,-0.02,-0.03,0.98,4.94,-1.04,1.16,47.72,-39.75,-44.27,1,0.00,0.00,0,0,0,3.93,2.01,83.4,0,00,1,$
#,050,144,135,29.00,940.25,10.00,Frequency_MHz,RSSI_dBm,-0.02,-0.03,0.98,4.94,-1.04,1.16,47.72,-39.75,-44.27,1,0.00,0.00,0,0,0,3.93,2.01,85.6,0,00,1,$
#,050,144,135,29.00,940.25,10.00,Frequency_MHz,RSSI_dBm,-0.02,-0.03,0.96,2.44,-4.21,2.44,46.64,-40.42,-40.82,1,0.00,0.00,0,0,0,3.91,1.90,84.5,0,00,1,$
#,050,144,135,29.00,940.25,10.00,Frequency_MHz,RSSI_dBm,-0.02,-0.03,0.96,2.44,-4.21,2.44,46.64,-40.42,-40.82,1,0.00,0.00,0,0,0,3.91,1.90,85.6,0,00,1,$
#,050,145,135,29.00,940.25,10.00,Frequency_MHz,RSSI_dBm,-0.03,-0.03,0.98,1.22,0.37,-7.20,47.72,-39.93,-43.98,1,0.00,0.00,0,0,0,3.90,2.38,85.6,0,00,1,$
#,050,145,135,29.00,940.25,10.00,Frequency_MHz,RSSI_dBm,-0.03,-0.03,0.98,1.22,0.37,-7.20,47.72,-39.93,-43.98,1,0.00,0.00,0,0,0,3.93,1.87,84.5,0,00,1,$
#,050,145,135,29.00,940.25,10.00,Frequency_MHz,RSSI_dBm,-0.03,-0.03,0.98,1.22,0.37,-7.20,47.72,-39.93,-43.98,1,0.00,0.00,0,0,0,3.93,1.87,85.1,0,00,1,$
#,050,145,135,29.00,940.25,10.00,Frequency_MHz,RSSI_dBm,-0.02,-0.03,0.98,1.16,0.67,-1.65,46.89,-39.98,-42.00,1,0.00,0.00,0,0,0,3.94,1.86,84.5,0,00,1,$
#,050,145,136,29.00,940.25,10.00,Frequency_MHz,RSSI_dBm,-0.02,-0.03,0.98,1.16,0.67,-1.65,46.89,-39.98,-42.00,1,0.00,0.00,0,0,0,3.92,2.84,85.6,0,00,1,$
#,050,145,136,29.00,940.25,10.00,Frequency_MHz,RSSI_dBm,-0.03,-0.03,0.98,1.71,0.37,2.93,46.48,-40.82,-39.33,1,0.00,0.00,0,0,0,3.92,2.84,84.5,0,00,1,$
#,050,145,136,29.00,940.25,10.00,Frequency_MHz,RSSI_dBm,-0.03,-0.03,0.98,1.71,0.37,2.93,46.48,-40.82,-39.33,1,0.00,0.00,0,0,0,3.90,2.80,85.6,0,00,1,$
#,050,146,136,29.00,940.25,10.00,Frequency_MHz,RSSI_dBm,-0.03,-0.03,0.98,1.83,0.43,-2.50,45.80,-41.10,-291.14,1,0.00,0.00,0,0,0,3.93,2.04,86.2,0,00,1,$
#,050,146,136,29.00,940.25,10.00,Frequency_MHz,RSSI_dBm,-0.03,-0.03,0.98,1.83,0.43,-2.50,45.80,-41.10,-291.14,1,0.00,0.00,0,0,0,3.93,2.04,84.5,0,00,1,$
#,050,146,136,29.00,940.25,10.00,Frequency_MHz,RSSI_dBm,-0.03,-0.03,0.98,1.83,0.43,-2.50,45.80,-41.10,-291.14,1,0.00,0.00,0,0,0,3.89,2.89,85.1,0,00,1,$
#,050,146,136,29.00,940.25,10.00,Frequency_MHz,RSSI_dBm,-0.02,-0.03,0.98,2.26,0.55,-3.23,47.74,-39.78,-42.88,1,0.00,0.00,0,0,0,3.89,2.89,84.0,0,00,1,$
#,050,146,136,29.00,940.25,10.00,Frequency_MHz,RSSI_dBm,-0.02,-0.03,0.98,2.26,0.55,-3.23,47.74,-39.78,-42.88,1,0.00,0.00,0,0,0,3.91,2.57,85.6,0,00,1,$
#,050,146,136,29.00,940.25,10.00,Frequency_MHz,RSSI_dBm,-0.02,-0.03,0.98,3.11,-0.98,-2.62,46.20,-40.39,-41.64,1,0.00,0.00,0,0,0,3.93,1.81,84.5,0,00,1,$
#,050,146,137,29.00,940.25,10.00,Frequency_MHz,RSSI_dBm,-0.02,-0.03,0.98,3.11,-0.98,-2.62,46.20,-40.39,-41.64,1,0.00,0.00,0,0,0,3.93,1.81,85.1,0,00,1,$
#,050,146,137,29.00,940.25,10.00,Frequency_MHz,RSSI_dBm,-0.02,-0.03,0.98,3.11,-0.98,-2.62,46.20,-40.39,-41.64,1,0.00,0.00,0,0,0,3.93,1.93,83.4,0,00,1,$
#,050,146,137,29.00,940.25,10.00,Frequency_MHz,RSSI_dBm,-0.02,-0.03,0.93,-10.44,2.44,-6.71,45.31,-40.66,-39.16,1,0.00,0.00,0,0,0,3.93,1.93,84.5,0,00,1,$
#,050,147,137,29.00,940.25,10.00,Frequency_MHz,RSSI_dBm,-0.02,-0.03,0.93,-10.44,2.44,-6.71,45.31,-40.66,-39.16,1,0.00,0.00,0,0,0,3.89,2.70,84.5,0,00,1,$
#,050,147,137,29.00,940.25,10.00,Frequency_MHz,RSSI_dBm,-0.02,-0.03,0.93,-10.44,2.44,-6.71,45.31,-40.66,-39.16,1,0.00,0.00,0,0,0,3.89,2.70,85.1,0,00,1,$
#,050,147,137,29.00,940.25,10.00,Frequency_MHz,RSSI_dBm,-0.02,-0.03,0.93,-10.44,2.44,-6.71,45.31,-40.66,-39.16,1,0.00,0.00,0,0,0,3.94,2.01,83.4,0,00,1,$
#,050,147,137,29.00,940.25,10.00,Frequency_MHz,RSSI_dBm,-0.02,-0.03,0.93,-10.44,2.44,-6.71,45.31,-40.66,-39.16,1,0.00,0.00,0,0,0,3.94,2.01,83.4,0,00,1,$
#,050,147,137,29.00,940.25,10.00,Frequency_MHz,RSSI_dBm,-0.02,-0.03,0.98,2.08,0.49,4.64,44.82,-40.43,-39.06,1,0.00,0.00,0,0,0,3.95,1.47,85.6,0,00,1,$
#,050,147,138,29.00,940.25,10.00,Frequency_MHz,RSSI_dBm,-0.02,-0.03,0.98,2.08,0.49,4.64,44.82,-40.43,-39.06,1,0.00,0.00,0,0,0,3.94,1.84,83.4,0,00,1,$
#,050,147,138,29.00,940.25,10.00,Frequency_MHz,RSSI_dBm,-0.03,-0.03,0.98,1.89,0.61,-1.77,45.65,-41.36,-41.20,1,0.00,0.00,0,0,0,3.94,1.84,84.5,0,00,1,$
#,050,147,138,29.00,940.25,10.00,Frequency_MHz,RSSI_dBm,-0.03,-0.03,0.98,1.89,0.61,-1.77,45.65,-41.36,-41.20,1,0.00,0.00,0,0,0,3.93,1.97,85.1,0,00,1,$
#,050,148,138,29.00,940.25,10.00,Frequency_MHz,RSSI_dBm,-0.03,-0.03,0.98,1.89,0.61,-1.77,45.65,-41.36,-41.20,1,0.00,0.00,0,0,0,3.93,1.92,85.1,0,00,1,$
#,050,148,138,29.00,940.25,10.00,Frequency_MHz,RSSI_dBm,-0.03,-0.03,0.98,1.77,0.73,-1.28,46.88,-39.22,-43.29,1,0.00,0.00,0,0,0,3.93,1.92,84.0,0,00,1,$
#,050,148,138,29.00,940.25,10.00,Frequency_MHz,RSSI_dBm,-0.03,-0.03,0.98,1.77,0.73,-1.28,46.88,-39.22,-43.29,1,0.00,0.00,0,0,0,3.89,2.78,85.6,0,00,1,$
#,050,148,138,29.00,940.25,10.00,Frequency_MHz,RSSI_dBm,-0.02,-0.03,0.98,0.67,0.24,-4.82,46.14,-41.48,-41.41,1,0.00,0.00,0,0,0,3.89,2.78,84.5,0,00,1,$
#,050,148,138,29.00,940.25,10.00,Frequency_MHz,RSSI_dBm,-0.02,-0.03,0.98,0.67,0.24,-4.82,46.14,-41.48,-41.41,1,0.00,0.00,0,0,0,3.89,2.81,84.5,0,00,1,$
#,050,148,139,29.00,940.25,10.00,Frequency_MHz,RSSI_dBm,-0.02,-0.02,0.98,-1.22,-5.19,5.37,46.92,-39.32,-41.65,1,0.00,0.00,0,0,0,3.89,2.48,84.0,0,00,1,$
#,050,148,139,29.00,940.25,10.00,Frequency_MHz,RSSI_dBm,-0.02,-0.02,0.98,-1.22,-5.19,5.37,46.92,-39.32,-41.65,1,0.00,0.00,0,0,0,3.89,2.48,84.0,0,00,1,$
#,050,148,139,29.00,940.25,10.00,Frequency_MHz,RSSI_dBm,-0.02,-0.02,0.98,-1.22,-5.19,5.37,46.92,-39.32,-41.65,1,0.00,0.00,0,0,0,3.90,2.52,85.1,0,00,1,$
#,050,149,139,29.00,940.25,10.00,Frequency_MHz,RSSI_dBm,-0.03,-0.03,0.98,1.65,0.43,-6.77,47.66,-39.72,-42.52,1,0.00,0.00,0,0,0,3.93,2.52,85.1,0,00,1,$
#,050,149,139,29.00,940.25,10.00,Frequency_MHz,RSSI_dBm,-0.03,-0.03,0.98,1.65,0.43,-6.77,47.66,-39.72,-42.52,1,0.00,0.00,0,0,0,3.93,2.02,83.4,0,00,1,$
#,050,149,139,29.00,940.25,10.00,Frequency_MHz,RSSI_dBm,-0.03,-0.03,0.99,3.48,-7.20,-19.53,47.09,-39.43,-42.87,1,0.00,0.00,0,0,0,3.88,2.88,85.1,0,00,1,$
#,050,149,139,29.00,940.25,10.00,Frequency_MHz,RSSI_dBm,-0.03,-0.03,0.99,3.48,-7.20,-19.53,47.09,-39.43,-42.87,1,0.00,0.00,0,0,0,3.88,2.88,85.1,0,00,1,$
#,050,149,139,29.00,940.25,10.00,Frequency_MHz,RSSI_dBm,-0.03,-0.03,0.99,3.48,-7.20,-19.53,47.09,-39.43,-42.87,1,0.00,0.00,0,0,0,3.94,1.94,84.0,0,00,1,$
#,050,149,139,29.00,940.25,10.00,Frequency_MHz,RSSI_dBm,-0.03,-0.03,0.99,-1.22,0.85,-18.25,47.19,-39.76,-44.25,1,0.00,0.00,0,0,0,3.90,2.61,84.5,0,00,1,$
#,050,149,140,29.00,940.25,10.00,Frequency_MHz,RSSI_dBm,-0.03,-0.03,0.99,-1.22,0.85,-18.25,47.19,-39.76,-44.25,1,0.00,0.00,0,0,0,3.90,2.61,86.2,0,00,1,$
#,050,149,140,29.00,940.25,10.00,Frequency_MHz,RSSI_dBm,-0.02,-0.03,0.98,1.77,0.55,-1.77,46.30,113.89,-293.86,1,0.00,0.00,0,0,0,3.91,1.99,85.6,0,00,1,$
#,050,150,140,29.00,940.25,10.00,Frequency_MHz,RSSI_dBm,-0.02,-0.03,0.98,1.77,0.55,-1.77,46.30,113.89,-293.86,1,0.00,0.00,0,0,0,3.91,1.99,84.5,0,00,1,$
#,050,150,140,29.00,940.25,10.00,Frequency_MHz,RSSI_dBm,-0.02,-0.03,0.98,2.38,0.24,-2.62,47.83,-39.53,-42.88,1,0.00,0.00,0,0,0,3.89,2.79,84.5,0,00,1,$
#,050,150,140,29.00,940.25,10.00,Frequency_MHz,RSSI_dBm,-0.02,-0.03,0.98,2.38,0.24,-2.62,47.83,-39.53,-42.88,1,0.00,0.00,0,0,0,3.89,2.33,84.5,0,00,1,$
#,050,150,140,29.00,940.25,10.00,Frequency_MHz,RSSI_dBm,-0.02,-0.03,0.98,2.38,0.24,-2.62,47.83,-39.53,-42.88,1,0.00,0.00,0,0,0,3.89,2.33,85.1,0,00,1,$
#,050,150,140,29.00,940.25,10.00,Frequency_MHz,RSSI_dBm,-0.01,-0.03,1.03,-7.02,7.45,-35.03,46.97,-39.15,-42.18,1,0.00,0.00,0,0,0,3.93,2.68,84.0,0,00,1,$
#,050,150,140,29.00,940.25,10.00,Frequency_MHz,RSSI_dBm,-0.01,-0.03,1.03,-7.02,7.45,-35.03,46.97,-39.15,-42.18,1,0.00,0.00,0,0,0,3.93,2.68,85.6,0,00,1,$
#,050,150,141,29.00,940.25,10.00,Frequency_MHz,RSSI_dBm,-0.02,-0.03,0.98,-7.63,1.16,9.09,45.63,-40.49,-39.38,1,0.00,0.00,0,0,0,3.89,2.65,83.4,0,00,1,$
#,050,150,141,29.00,940.25,10.00,Frequency_MHz,RSSI_dBm,-0.02,-0.03,0.98,-7.63,1.16,9.09,45.63,-40.49,-39.38,1,0.00,0.00,0,0,0,3.89,2.60,85.1,0,00,1,$
#,050,151,141,29.00,940.25,10.00,Frequency_MHz,RSSI_dBm,-0.02,-0.03,0.98,-7.63,1.16,9.09,45.63,-40.49,-39.38,1,0.00,0.00,0,0,0,3.89,2.60,83.4,0,00,1,$
#,050,151,141,29.00,940.25,10.00,Frequency_MHz,RSSI_dBm,-0.02,-0.03,0.98,1.59,0.49,-2.99,45.74,-40.82,-39.43,1,0.00,0.00,0,0,0,3.89,2.84,84.5,0,00,1,$
#,050,151,141,29.00,940.25,10.00,Frequency_MHz,RSSI_dBm,-0.02,-0.03,0.98,1.59,0.49,-2.99,45.74,-40.82,-39.43,1,0.00,0.00,0,0,0,3.89,2.84,85.6,0,00,1,$
#,050,151,141,29.00,940.25,10.00,Frequency_MHz,RSSI_dBm,-0.02,-0.04,0.94,-4.03,-3.23,-23.07,45.59,-40.60,-39.51,1,0.00,0.00,0,0,0,3.93,2.04,84.5,0,00,1,$
#,050,151,141,29.00,940.25,10.00,Frequency_MHz,RSSI_dBm,-0.02,-0.04,0.94,-4.03,-3.23,-23.07,45.59,-40.60,-39.51,1,0.00,0.00,0,0,0,3.90,2.54,86.2,0,00,1,$
#,050,151,141,29.00,940.25,10.00,Frequency_MHz,RSSI_dBm,-0.02,-0.04,0.94,-4.03,-3.23,-23.07,45.59,-40.60,-39.51,1,0.00,0.00,0,0,0,3.90,2.54,85.6,0,00,1,$
#,050,151,142,29.00,940.25,10.00,Frequency_MHz,RSSI_dBm,-0.03,-0.03,0.99,1.71,0.49,-2.38,47.41,-38.59,-43.68,1,0.00,0.00,0,0,0,3.93,1.86,85.1,0,00,1,$
#,050,152,142,29.00,940.25,10.00,Frequency_MHz,RSSI_dBm,-0.03,-0.03,0.98,2.01,0.73,-1.04,45.06,-40.78,-40.64,1,0.00,0.00,0,0,0,3.92,1.91,85.1,0,00,1,$
#,050,152,142,29.00,940.25,10.00,Frequency_MHz,RSSI_dBm,-0.03,-0.03,0.98,2.01,0.73,-1.04,45.06,-40.78,-40.64,1,0.00,0.00,0,0,0,3.88,3.01,86.7,0,00,1,$
#,050,152,142,29.00,940.25,10.00,Frequency_MHz,RSSI_dBm,-0.03,-0.03,0.98,2.01,0.73,-1.04,45.06,-40.78,-40.64,1,0.00,0.00,0,0,0,3.88,3.01,84.5,0,00,1,$
#,050,152,142,29.00,940.25,10.00,Frequency_MHz,RSSI_dBm,-0.03,-0.03,0.98,2.01,0.73,-1.04,45.06,-40.78,-40.64,1,0.00,0.00,0,0,0,3.92,2.70,84.0,0,00,1,$
#,050,152,142,29.00,940.25,10.00,Frequency_MHz,RSSI_dBm,-0.03,-0.03,0.98,2.01,0.73,-1.04,45.06,-40.78,-40.64,1,0.00,0.00,0,0,0,3.92,2.70,84.0,0,00,1,$
#,050,152,142,29.00,940.25,10.00,Frequency_MHz,RSSI_dBm,-0.03,-0.03,0.98,2.01,0.73,-1.04,45.06,-40.78,-40.64,1,0.00,0.00,0,0,0,3.94,1.64,82.3,0,00,1,$
#,050,152,142,29.00,940.25,10.00,Frequency_MHz,RSSI_dBm,-0.03,-0.03,0.98,2.01,0.73,-1.04,45.06,-40.78,-40.64,1,0.00,0.00,0,0,0,3.94,1.64,82.3,0,00,1,$
#,050,152,142,29.00,940.25,10.00,Frequency_MHz,RSSI_dBm,-0.03,-0.03,0.98,2.01,0.73,-1.04,45.06,-40.78,-40.64,1,0.00,0.00,0,0,0,3.95,1.54,83.4,0,00,1,$
#,050,152,143,29.00,940.25,10.00,Frequency_MHz,RSSI_dBm,-0.03,-0.03,0.98,2.01,0.73,-1.04,45.06,-40.78,-40.64,1,0.00,0.00,0,0,0,3.95,1.54,84.0,0,00,1,$
#,050,153,143,29.00,940.25,10.00,Frequency_MHz,RSSI_dBm,-0.03,-0.03,0.98,2.01,0.73,-1.04,45.06,-40.78,-40.64,1,0.00,0.00,0,0,0,3.94,1.70,83.4,0,00,1,$
#,050,153,143,29.00,940.25,10.00,Frequency_MHz,RSSI_dBm,-0.03,-0.03,0.98,2.01,0.73,-1.04,45.06,-40.78,-40.64,1,0.00,0.00,0,0,0,3.94,1.70,81.2,0,00,1,$
#,050,153,143,29.00,940.25,10.00,Frequency_MHz,RSSI_dBm,-0.03,-0.03,0.98,2.01,0.73,-1.04,45.06,-40.78,-40.64,1,0.00,0.00,0,0,0,3.94,1.59,82.9,0,00,1,$
#,050,153,143,29.00,940.25,10.00,Frequency_MHz,RSSI_dBm,-0.03,-0.03,0.98,2.01,0.73,-1.04,45.06,-40.78,-40.64,1,0.00,0.00,0,0,0,3.94,1.59,82.3,0,00,1,$
#,050,153,143,29.00,940.25,10.00,Frequency_MHz,RSSI_dBm,-0.03,-0.03,0.98,2.01,0.73,-1.04,45.06,-40.78,-40.64,1,0.00,0.00,0,0,0,3.95,1.64,82.3,0,00,1,$
#,050,153,143,29.00,940.25,10.00,Frequency_MHz,RSSI_dBm,-0.03,-0.03,0.98,2.01,0.73,-1.04,45.06,-40.78,-40.64,1,0.00,0.00,0,0,0,3.95,1.64,82.3,0,00,1,$
#,050,153,143,29.00,940.25,10.00,Frequency_MHz,RSSI_dBm,-0.03,-0.03,0.98,2.01,0.73,-1.04,45.06,-40.78,-40.64,1,0.00,0.00,0,0,0,3.95,1.72,81.8,0,00,1,$
#,050,153,143,29.00,940.25,10.00,Frequency_MHz,RSSI_dBm,-0.03,-0.03,0.98,2.01,0.73,-1.04,45.06,-40.78,-40.64,1,0.00,0.00,0,0,0,3.95,1.72,81.8,0,00,1,$
#,050,153,143,29.00,940.25,10.00,Frequency_MHz,RSSI_dBm,-0.03,-0.03,0.98,2.01,0.73,-1.04,45.06,-40.78,-40.64,1,0.00,0.00,0,0,0,3.96,1.48,81.2,0,00,1,$
#,050,153,144,29.00,940.25,10.00,Frequency_MHz,RSSI_dBm,-0.03,-0.03,0.98,2.01,0.73,-1.04,45.06,-40.78,-40.64,1,0.00,0.00,0,0,0,3.96,1.48,81.8,0,00,1,$
#,050,154,144,29.00,940.25,10.00,Frequency_MHz,RSSI_dBm,-0.03,-0.03,0.98,-8.36,0.67,-66.22,45.07,-40.83,-38.90,1,0.00,0.00,0,0,0,3.96,1.77,81.8,0,00,1,$
#,050,154,144,29.00,940.25,10.00,Frequency_MHz,RSSI_dBm,-0.02,-0.03,0.98,2.50,0.18,-2.93,47.38,-39.53,-43.02,1,0.00,0.00,0,0,0,3.89,2.93,84.5,0,00,1,$
#,050,154,144,29.00,940.25,10.00,Frequency_MHz,RSSI_dBm,-0.02,-0.03,0.98,2.50,0.18,-2.93,47.38,-39.53,-43.02,1,0.00,0.00,0,0,0,3.89,2.93,83.4,0,00,1,$
#,050,154,144,29.00,940.25,10.00,Frequency_MHz,RSSI_dBm,-0.02,-0.03,0.93,-6.04,-2.50,-65.73,47.25,-39.98,-44.69,1,0.00,0.00,0,0,0,3.90,2.86,82.9,0,00,1,$
#,050,154,144,29.00,940.25,10.00,Frequency_MHz,RSSI_dBm,-0.02,-0.03,0.93,-6.04,-2.50,-65.73,47.25,-39.98,-44.69,1,0.00,0.00,0,0,0,3.90,2.86,84.0,0,00,1,$
#,050,154,144,29.00,940.25,10.00,Frequency_MHz,RSSI_dBm,-0.02,-0.03,0.93,-6.04,-2.50,-65.73,47.25,-39.98,-44.69,1,0.00,0.00,0,0,0,3.89,2.72,84.5,0,00,1,$
#,050,154,144,29.00,940.25,10.00,Frequency_MHz,RSSI_dBm,-0.03,-0.03,0.98,2.08,0.12,-4.09,46.36,-39.47,-41.11,1,0.00,0.00,0,0,0,3.90,2.58,83.4,0,00,1,$
#,050,154,144,29.00,940.25,10.00,Frequency_MHz,RSSI_dBm,-0.03,-0.03,0.98,2.08,0.12,-4.09,46.36,-39.47,-41.11,1,0.00,0.00,0,0,0,3.90,2.58,83.4,0,00,1,$
#,050,155,145,29.00,940.25,10.00,Frequency_MHz,RSSI_dBm,-0.00,-0.04,0.94,10.80,-2.38,79.04,47.11,-39.81,-43.12,1,0.00,0.00,0,0,0,3.90,2.67,85.6,0,00,1,$
#,050,155,145,29.00,940.25,10.00,Frequency_MHz,RSSI_dBm,-0.00,-0.04,0.94,10.80,-2.38,79.04,47.11,-39.81,-43.12,1,0.00,0.00,0,0,0,3.90,2.67,82.9,0,00,1,$
#,050,155,145,29.00,940.25,10.00,Frequency_MHz,RSSI_dBm,-0.00,-0.04,0.94,10.80,-2.38,79.04,47.11,-39.81,-43.12,1,0.00,0.00,0,0,0,3.93,1.95,84.5,0,00,1,$
#,050,155,145,29.00,940.25,10.00,Frequency_MHz,RSSI_dBm,-0.03,-0.03,0.98,2.01,0.61,-3.85,46.92,-39.62,-43.63,1,0.00,0.00,0,0,0,3.89,2.63,86.2,0,00,1,$
#,050,155,145,29.00,940.25,10.00,Frequency_MHz,RSSI_dBm,-0.03,-0.03,0.98,2.01,0.61,-3.85,46.92,-39.62,-43.63,1,0.00,0.00,0,0,0,3.89,2.63,84.0,0,00,1,$
#,050,155,145,29.00,940.25,10.00,Frequency_MHz,RSSI_dBm,-0.03,-0.03,0.98,1.40,0.37,-6.10,45.00,-40.19,-40.47,1,0.00,0.00,0,0,0,3.93,2.62,84.0,0,00,1,$
#,050,155,145,29.00,940.25,10.00,Frequency_MHz,RSSI_dBm,-0.03,-0.03,0.98,1.40,0.37,-6.10,45.00,-40.19,-40.47,1,0.00,0.00,0,0,0,3.90,2.71,85.1,0,00,1,$
#,050,155,145,29.00,940.25,10.00,Frequency_MHz,RSSI_dBm,-0.02,-0.03,0.98,1.77,0.55,-4.64,45.83,-40.88,-41.22,1,0.00,0.00,0,0,0,3.90,2.71,84.0,0,00,1,$
#,050,156,145,29.00,940.25,10.00,Frequency_MHz,RSSI_dBm,-0.02,-0.03,0.98,1.77,0.55,-4.64,45.83,-40.88,-41.22,1,0.00,0.00,0,0,0,3.90,2.75,84.5,0,00,1,$
#,050,156,146,29.00,940.25,10.00,Frequency_MHz,RSSI_dBm,-0.02,-0.03,0.98,1.77,0.55,-4.64,45.83,-40.88,-41.22,1,0.00,0.00,0,0,0,3.90,2.75,85.1,0,00,1,$
#,050,156,146,29.00,940.25,10.00,Frequency_MHz,RSSI_dBm,-0.02,-0.03,0.98,2.32,0.06,-2.26,46.41,-40.06,-41.70,1,0.00,0.00,0,0,0,3.90,2.50,83.4,0,00,1,$
#,050,156,146,29.00,940.25,10.00,Frequency_MHz,RSSI_dBm,-0.02,-0.03,0.98,2.32,0.06,-2.26,46.41,-40.06,-41.70,1,0.00,0.00,0,0,0,3.94,1.92,84.0,0,00,1,$
#,050,156,146,29.00,940.25,10.00,Frequency_MHz,RSSI_dBm,-0.02,-0.03,1.04,-7.93,-2.14,9.34,45.36,-40.84,-40.03,1,0.00,0.00,0,0,0,3.94,1.92,85.1,0,00,1,$
#,050,156,146,29.00,940.25,10.00,Frequency_MHz,RSSI_dBm,-0.02,-0.03,1.04,-7.93,-2.14,9.34,45.36,-40.84,-40.03,1,0.00,0.00,0,0,0,3.94,1.84,84.5,0,00,1,$
#,050,156,146,29.00,940.25,10.00,Frequency_MHz,RSSI_dBm,-0.02,-0.03,0.98,1.04,0.37,-3.48,46.02,-40.89,-42.16,1,0.00,0.00,0,0,0,3.94,1.84,85.6,0,00,1,$
#,050,156,146,29.00,940.25,10.00,Frequency_MHz,RSSI_dBm,-0.02,-0.03,0.98,1.04,0.37,-3.48,46.02,-40.89,-42.16,1,0.00,0.00,0,0,0,3.90,2.58,83.4,0,00,1,$
#,050,157,146,29.00,940.25,10.00,Frequency_MHz,RSSI_dBm,-0.02,-0.03,0.98,1.04,0.37,-3.48,46.02,-40.89,-42.16,1,0.00,0.00,0,0,0,3.91,2.42,83.4,0,00,1,$
#,050,157,146,29.00,940.25,10.00,Frequency_MHz,RSSI_dBm,-0.03,-0.03,0.98,1.71,0.55,-1.34,45.75,-40.67,-40.66,1,0.00,0.00,0,0,0,3.91,2.42,84.0,0,00,1,$
#,050,157,147,29.00,940.25,10.00,Frequency_MHz,RSSI_dBm,-0.03,-0.03,0.98,1.71,0.55,-1.34,45.75,-40.67,-40.66,1,0.00,0.00,0,0,0,3.91,2.46,84.5,0,00,1,$
#,050,157,147,29.00,940.25,10.00,Frequency_MHz,RSSI_dBm,-0.03,-0.03,0.98,1.71,0.55,-1.34,45.75,-40.67,-40.66,1,0.00,0.00,0,0,0,3.91,2.46,82.9,0,00,1,$
#,050,157,147,29.00,940.25,10.00,Frequency_MHz,RSSI_dBm,-0.02,-0.03,0.98,-0.49,0.79,-19.59,44.85,-40.94,-39.69,1,0.00,0.00,0,0,0,3.91,2.57,84.5,0,00,1,$
#,050,157,147,29.00,940.25,10.00,Frequency_MHz,RSSI_dBm,-0.02,-0.03,0.98,-0.49,0.79,-19.59,44.85,-40.94,-39.69,1,0.00,0.00,0,0,0,3.93,1.88,85.1,0,00,1,$
#,050,157,147,29.00,940.25,10.00,Frequency_MHz,RSSI_dBm,-0.03,-0.03,0.98,1.65,0.49,0.24,45.26,-40.83,-40.93,1,0.00,0.00,0,0,0,3.93,1.88,84.5,0,00,1,$
#,050,157,147,29.00,940.25,10.00,Frequency_MHz,RSSI_dBm,-0.03,-0.03,0.98,1.65,0.49,0.24,45.26,-40.83,-40.93,1,0.00,0.00,0,0,0,3.93,1.89,84.5,0,00,1,$
#,050,158,147,29.00,940.25,10.00,Frequency_MHz,RSSI_dBm,-0.02,-0.03,0.98,0.85,0.92,-5.98,45.32,-39.70,-39.01,1,0.00,0.00,0,0,0,3.94,1.86,83.4,0,00,1,$
#,050,158,147,29.00,940.25,10.00,Frequency_MHz,RSSI_dBm,-0.02,-0.03,0.98,0.85,0.92,-5.98,45.32,-39.70,-39.01,1,0.00,0.00,0,0,0,3.94,1.86,85.6,0,00,1,$
#,050,158,148,29.00,940.25,10.00,Frequency_MHz,RSSI_dBm,-0.02,-0.03,0.98,0.85,0.92,-5.98,45.32,-39.70,-39.01,1,0.00,0.00,0,0,0,3.90,2.00,86.2,0,00,1,$
#,050,158,148,29.00,940.25,10.00,Frequency_MHz,RSSI_dBm,-0.02,-0.03,0.98,2.56,-0.61,0.31,46.47,-39.69,-40.98,1,0.00,0.00,0,0,0,3.90,2.00,84.5,0,00,1,$
#,050,158,148,29.00,940.25,10.00,Frequency_MHz,RSSI_dBm,-0.02,-0.03,0.98,2.56,-0.61,0.31,46.47,-39.69,-40.98,1,0.00,0.00,0,0,0,3.93,2.02,85.1,0,00,1,$
#,050,158,148,29.00,940.25,10.00,Frequency_MHz,RSSI_dBm,-0.01,-0.04,0.94,11.84,-3.60,111.27,45.53,-40.70,-40.71,1,0.00,0.00,0,0,0,3.90,2.56,84.5,0,00,1,$
#,050,158,148,29.00,940.25,10.00,Frequency_MHz,RSSI_dBm,-0.01,-0.04,0.94,11.84,-3.60,111.27,45.53,-40.70,-40.71,1,0.00,0.00,0,0,0,3.90,2.56,85.6,0,00,1,$
#,050,158,148,29.00,940.25,10.00,Frequency_MHz,RSSI_dBm,-0.02,-0.03,0.98,1.65,0.67,-3.48,46.26,-40.94,-39.93,1,0.00,0.00,0,0,0,3.93,1.88,84.5,0,00,1,$
#,050,159,148,29.00,940.25,10.00,Frequency_MHz,RSSI_dBm,-0.02,-0.03,0.98,1.65,0.67,-3.48,46.26,-40.94,-39.93,1,0.00,0.00,0,0,0,3.93,1.88,85.1,0,00,1,$
#,050,159,148,29.00,940.25,10.00,Frequency_MHz,RSSI_dBm,-0.02,-0.03,0.98,1.65,0.67,-3.48,46.26,-40.94,-39.93,1,0.00,0.00,0,0,0,3.94,2.03,85.1,0,00,1,$
#,050,159,148,29.00,940.25,10.00,Frequency_MHz,RSSI_dBm,-0.02,-0.03,0.98,-1.04,0.98,-20.51,45.25,-39.94,-40.50,1,0.00,0.00,0,0,0,3.90,2.41,85.6,0,00,1,$
#,050,159,149,29.00,940.25,10.00,Frequency_MHz,RSSI_dBm,-0.02,-0.03,0.98,-1.04,0.98,-20.51,45.25,-39.94,-40.50,1,0.00,0.00,0,0,0,3.90,2.41,84.0,0,00,1,$
#,050,159,149,29.00,940.25,10.00,Frequency_MHz,RSSI_dBm,-0.03,-0.03,0.98,1.71,0.92,-3.48,45.97,-40.91,-40.30,1,0.00,0.00,0,0,0,3.90,1.98,86.7,0,00,1,$
#,050,159,149,29.00,940.25,10.00,Frequency_MHz,RSSI_dBm,-0.03,-0.03,0.98,1.71,0.92,-3.48,45.97,-40.91,-40.30,1,0.00,0.00,0,0,0,3.90,2.00,85.1,0,00,1,$
#,050,159,149,29.00,940.25,10.00,Frequency_MHz,RSSI_dBm,-0.03,-0.03,0.98,1.71,0.37,-6.77,46.14,-41.74,-381.03,1,0.00,0.00,0,0,0,3.90,2.00,84.5,0,00,1,$
#,050,159,149,29.00,940.25,10.00,Frequency_MHz,RSSI_dBm,-0.03,-0.03,0.98,1.71,0.37,-6.77,46.14,-41.74,-381.03,1,0.00,0.00,0,0,0,3.93,2.48,84.5,0,00,1,$
#,050,160,149,29.00,940.25,10.00,Frequency_MHz,RSSI_dBm,-0.03,-0.03,0.98,1.71,0.37,-6.77,46.14,-41.74,-381.03,1,0.00,0.00,0,0,0,3.88,2.73,85.6,0,00,1,$
#,050,160,149,29.00,940.25,10.00,Frequency_MHz,RSSI_dBm,-0.02,-0.03,0.98,1.71,0.37,-3.91,47.77,-40.05,-44.03,1,0.00,0.00,0,0,0,3.88,2.73,85.6,0,00,1,$
#,050,160,149,29.00,940.25,10.00,Frequency_MHz,RSSI_dBm,-0.02,-0.03,0.98,1.71,0.37,-3.91,47.77,-40.05,-44.03,1,0.00,0.00,0,0,0,3.92,1.84,85.1,0,00,1,$
#,050,160,150,29.00,940.25,10.00,Frequency_MHz,RSSI_dBm,-0.03,-0.01,0.96,-4.58,0.43,5.74,45.97,-40.62,-40.15,1,0.00,0.00,0,0,0,3.92,1.84,85.1,0,00,1,$
#,050,160,150,29.00,940.25,10.00,Frequency_MHz,RSSI_dBm,-0.03,-0.01,0.96,-4.58,0.43,5.74,45.97,-40.62,-40.15,1,0.00,0.00,0,0,0,3.92,2.28,85.1,0,00,1,$
#,050,160,150,29.00,940.25,10.00,Frequency_MHz,RSSI_dBm,-0.03,-0.01,0.96,-4.58,0.43,5.74,45.97,-40.62,-40.15,1,0.00,0.00,0,0,0,3.93,1.99,84.5,0,00,1,$
#,050,160,150,29.00,940.25,10.00,Frequency_MHz,RSSI_dBm,-0.02,-0.04,0.94,1.04,-1.10,32.29,45.96,-39.79,-39.56,1,0.00,0.00,0,0,0,3.93,1.99,84.5,0,00,1,$
#,050,160,150,29.00,940.25,10.00,Frequency_MHz,RSSI_dBm,-0.02,-0.04,0.94,1.04,-1.10,32.29,45.96,-39.79,-39.56,1,0.00,0.00,0,0,0,3.90,2.81,85.6,0,00,1,$
#,050,161,150,29.00,940.25,10.00,Frequency_MHz,RSSI_dBm,-0.02,-0.04,0.93,-7.63,0.85,-51.51,47.05,-40.22,-43.01,1,0.00,0.00,0,0,0,3.90,2.81,84.0,0,00,1,$
#,050,161,150,29.00,940.25,10.00,Frequency_MHz,RSSI_dBm,-0.02,-0.04,0.93,-7.63,0.85,-51.51,47.05,-40.22,-43.01,1,0.00,0.00,0,0,0,3.89,2.73,85.6,0,00,1,$
#,050,161,150,29.00,940.25,10.00,Frequency_MHz,RSSI_dBm,-0.02,-0.04,0.93,-7.63,0.85,-51.51,47.05,-40.22,-43.01,1,0.00,0.00,0,0,0,3.94,1.87,85.6,0,00,1,$
#,050,161,150,29.00,940.25,10.00,Frequency_MHz,RSSI_dBm,-0.02,-0.03,0.98,1.89,0.61,-3.60,46.12,-41.04,-41.21,1,0.00,0.00,0,0,0,3.94,1.87,85.1,0,00,1,$
#,050,161,151,29.00,940.25,10.00,Frequency_MHz,RSSI_dBm,-0.02,-0.03,0.98,1.89,0.61,-3.60,46.12,-41.04,-41.21,1,0.00,0.00,0,0,0,3.94,1.85,84.5,0,00,1,$
#,050,161,151,29.00,940.25,10.00,Frequency_MHz,RSSI_dBm,-0.03,-0.03,0.98,1.65,0.49,-2.26,45.86,-40.59,-40.62,1,0.00,0.00,0,0,0,3.94,1.85,85.6,0,00,1,$
#,050,161,151,29.00,940.25,10.00,Frequency_MHz,RSSI_dBm,-0.03,-0.03,0.98,1.65,0.49,-2.26,45.86,-40.59,-40.62,1,0.00,0.00,0,0,0,3.93,2.02,85.1,0,00,1,$
#,050,161,151,29.00,940.25,10.00,Frequency_MHz,RSSI_dBm,-0.03,-0.03,0.98,1.65,0.49,-2.26,45.86,-40.59,-40.62,1,0.00,0.00,0,0,0,3.93,2.02,84.0,0,00,1,$
#,050,162,151,29.00,940.25,10.00,Frequency_MHz,RSSI_dBm,-0.02,-0.03,0.98,1.89,0.55,-1.83,45.86,-39.89,-42.10,1,0.00,0.00,0,0,0,3.92,1.99,85.1,0,00,1,$
#,050,162,151,29.00,940.25,10.00,Frequency_MHz,RSSI_dBm,-0.02,-0.03,0.98,1.89,0.55,-1.83,45.86,-39.89,-42.10,1,0.00,0.00,0,0,0,3.94,1.96,84.0,0,00,1,$
#,050,162,151,29.00,940.25,10.00,Frequency_MHz,RSSI_dBm,-0.02,-0.03,0.98,1.89,0.55,-1.83,45.86,-39.89,-42.10,1,0.00,0.00,0,0,0,3.94,1.96,85.1,0,00,1,$
#,050,162,151,29.00,940.25,10.00,Frequency_MHz,RSSI_dBm,-0.02,-0.03,0.98,2.99,-0.67,-1.77,46.45,-40.47,-43.77,1,0.00,0.00,0,0,0,3.93,1.86,84.5,0,00,1,$
#,050,162,151,29.00,940.25,10.00,Frequency_MHz,RSSI_dBm,-0.03,-0.02,0.94,-7.87,-2.08,-8.00,45.35,-40.39,-39.53,1,0.00,0.00,0,0,0,3.93,1.86,84.0,0,00,1,$
#,050,162,152,29.00,940.25,10.00,Frequency_MHz,RSSI_dBm,-0.03,-0.02,0.94,-7.87,-2.08,-8.00,45.35,-40.39,-39.53,1,0.00,0.00,0,0,0,3.90,2.67,84.5,0,00,1,$
#,050,162,152,29.00,940.25,10.00,Frequency_MHz,RSSI_dBm,-0.03,-0.02,0.94,-7.87,-2.08,-8.00,45.35,-40.39,-39.53,1,0.00,0.00,0,0,0,3.90,2.77,84.0,0,00,1,$
#,050,162,152,29.00,940.25,10.00,Frequency_MHz,RSSI_dBm,-0.02,-0.03,0.98,1.59,0.55,-3.91,47.74,-40.44,-41.94,1,0.00,0.00,0,0,0,3.90,2.77,84.0,0,00,1,$
#,050,163,152,29.00,940.25,10.00,Frequency_MHz,RSSI_dBm,-0.02,-0.03,0.98,1.59,0.55,-3.91,47.74,-40.44,-41.94,1,0.00,0.00,0,0,0,3.90,2.38,85.6,0,00,1,$
#,050,163,152,29.00,940.25,10.00,Frequency_MHz,RSSI_dBm,-0.02,-0.03,0.99,-7.20,-2.20,-8.00,45.63,-41.55,-38.94,1,0.00,0.00,0,0,0,3.94,2.19,84.5,0,00,1,$
#,050,163,152,29.00,940.25,10.00,Frequency_MHz,RSSI_dBm,-0.02,-0.03,0.99,-7.20,-2.20,-8.00,45.63,-41.55,-38.94,1,0.00,0.00,0,0,0,3.94,2.19,83.4,0,00,1,$
#,050,163,152,29.00,940.25,10.00,Frequency_MHz,RSSI_dBm,-0.03,-0.03,0.98,1.71,0.61,-3.23,45.78,-39.50,-41.02,1,0.00,0.00,0,0,0,3.90,2.56,85.1,0,00,1,$
#,050,163,152,29.00,940.25,10.00,Frequency_MHz,RSSI_dBm,-0.03,-0.03,0.98,1.71,0.61,-3.23,45.78,-39.50,-41.02,1,0.00,0.00,0,0,0,3.94,2.53,85.6,0,00,1,$
#,050,163,153,29.00,940.25,10.00,Frequency_MHz,RSSI_dBm,-0.03,-0.03,0.98,1.71,0.61,-3.23,45.78,-39.50,-41.02,1,0.00,0.00,0,0,0,3.94,2.53,85.1,0,00,1,$
#,050,163,153,29.00,940.25,10.00,Frequency_MHz,RSSI_dBm,-0.03,-0.03,0.98,1.46,0.43,-2.32,47.18,-39.62,-213.51,1,0.00,0.00,0,0,0,3.94,1.92,85.1,0,00,1,$
#,050,163,153,29.00,940.25,10.00,Frequency_MHz,RSSI_dBm,-0.03,-0.03,0.98,1.46,0.43,-2.32,47.18,-39.62,-213.51,1,0.00,0.00,0,0,0,3.94,1.92,83.4,0,00,1,$
#,050,164,153,29.00,940.25,10.00,Frequency_MHz,RSSI_dBm,-0.02,-0.02,0.96,2.01,0.61,-0.98,45.90,-39.95,-40.72,1,0.00,0.00,0,0,0,3.91,2.79,85.1,0,00,1,$
#,050,164,153,29.00,940.25,10.00,Frequency_MHz,RSSI_dBm,-0.02,-0.02,0.96,2.01,0.61,-0.98,45.90,-39.95,-40.72,1,0.00,0.00,0,0,0,3.91,2.79,85.1,0,00,1,$
#,050,164,153,29.00,940.25,10.00,Frequency_MHz,RSSI_dBm,-0.02,-0.02,0.96,2.01,0.61,-0.98,45.90,-39.95,-40.72,1,0.00,0.00,0,0,0,3.89,1.98,85.6,0,00,1,$
#,050,164,153,29.00,940.25,10.00,Frequency_MHz,RSSI_dBm,-0.02,-0.03,0.98,2.75,-0.49,-6.53,47.05,-39.26,-42.43,1,0.00,0.00,0,0,0,3.93,1.97,85.1,0,00,1,$
#,050,164,153,29.00,940.25,10.00,Frequency_MHz,RSSI_dBm,-0.02,-0.03,0.98,2.75,-0.49,-6.53,47.05,-39.26,-42.43,1,0.00,0.00,0,0,0,3.90,2.14,85.1,0,00,1,$
#,050,164,154,29.00,940.25,10.00,Frequency_MHz,RSSI_dBm,-0.02,-0.03,0.99,2.14,0.61,-1.65,46.84,-39.42,-41.33,1,0.00,0.00,0,0,0,3.90,2.14,85.1,0,00,1,$
#,050,164,154,29.00,940.25,10.00,Frequency_MHz,RSSI_dBm,-0.02,-0.03,0.99,2.14,0.61,-1.65,46.84,-39.42,-41.33,1,0.00,0.00,0,0,0,3.94,2.19,84.5,0,00,1,$
#,050,165,154,29.00,940.25,10.00,Frequency_MHz,RSSI_dBm,-0.02,-0.03,0.92,-7.20,0.85,-62.74,47.00,-40.64,-43.16,1,0.00,0.00,0,0,0,3.93,1.82,82.9,0,00,1,$
#,050,165,154,29.00,940.25,10.00,Frequency_MHz,RSSI_dBm,-0.02,-0.03,0.92,-7.20,0.85,-62.74,47.00,-40.64,-43.16,1,0.00,0.00,0,0,0,3.93,1.82,84.5,0,00,1,$
#,050,165,154,29.00,940.25,10.00,Frequency_MHz,RSSI_dBm,-0.02,-0.03,0.97,1.46,0.37,-3.48,46.83,-40.52,-42.70,1,0.00,0.00,0,0,0,3.90,2.79,85.6,0,00,1,$
#,050,165,154,29.00,940.25,10.00,Frequency_MHz,RSSI_dBm,-0.02,-0.03,0.97,1.46,0.37,-3.48,46.83,-40.52,-42.70,1,0.00,0.00,0,0,0,3.90,2.79,86.2,0,00,1,$
#,050,165,154,29.00,940.25,10.00,Frequency_MHz,RSSI_dBm,-0.02,-0.03,0.97,1.46,0.37,-3.48,46.83,-40.52,-42.70,1,0.00,0.00,0,0,0,3.90,1.97,84.0,0,00,1,$
#,050,165,154,29.00,940.25,10.00,Frequency_MHz,RSSI_dBm,-0.03,-0.03,0.99,8.12,-2.01,48.83,45.58,-40.32,-40.15,1,0.00,0.00,0,0,0,3.91,1.73,85.1,0,00,1,$
#,050,165,154,29.00,940.25,10.00,Frequency_MHz,RSSI_dBm,-0.03,-0.03,0.99,8.12,-2.01,48.83,45.58,-40.32,-40.15,1,0.00,0.00,0,0,0,3.91,1.73,85.1,0,00,1,$
#,050,165,155,29.00,940.25,10.00,Frequency_MHz,RSSI_dBm,-0.03,-0.03,0.98,2.26,0.61,0.55,45.57,-40.27,-40.25,1,0.00,0.00,0,0,0,3.94,1.73,85.1,0,00,1,$
#,050,165,155,29.00,940.25,10.00,Frequency_MHz,RSSI_dBm,-0.03,-0.03,0.98,2.26,0.61,0.55,45.57,-40.27,-40.25,1,0.00,0.00,0,0,0,3.94,1.73,84.5,0,00,1,$
#,050,166,155,29.00,940.25,10.00,Frequency_MHz,RSSI_dBm,-0.03,-0.03,0.98,2.26,0.61,0.55,45.57,-40.27,-40.25,1,0.00,0.00,0,0,0,3.94,1.92,84.0,0,00,1,$
#,050,166,155,29.00,940.25,10.00,Frequency_MHz,RSSI_dBm,-0.03,-0.03,0.98,2.20,-0.85,4.46,45.85,-40.55,-41.02,1,0.00,0.00,0,0,0,3.93,2.01,82.9,0,00,1,$
#,050,166,155,29.00,940.25,10.00,Frequency_MHz,RSSI_dBm,-0.03,-0.03,0.98,2.20,-0.85,4.46,45.85,-40.55,-41.02,1,0.00,0.00,0,0,0,3.93,2.01,84.0,0,00,1,$
#,050,166,155,29.00,940.25,10.00,Frequency_MHz,RSSI_dBm,-0.02,-0.02,0.93,-0.85,-2.26,-45.72,45.42,-40.00,-42.71,1,0.00,0.00,0,0,0,3.90,2.52,85.1,0,00,1,$
#,050,166,155,29.00,940.25,10.00,Frequency_MHz,RSSI_dBm,-0.02,-0.02,0.93,-0.85,-2.26,-45.72,45.42,-40.00,-42.71,1,0.00,0.00,0,0,0,3.93,2.69,84.0,0,00,1,$
#,050,166,155,29.00,940.25,10.00,Frequency_MHz,RSSI_dBm,-0.02,-0.03,0.93,-8.97,0.37,-61.77,45.95,-40.34,-40.73,1,0.00,0.00,0,0,0,3.93,2.69,85.1,0,00,1,$
#,050,166,156,29.00,940.25,10.00,Frequency_MHz,RSSI_dBm,-0.02,-0.03,0.93,-8.97,0.37,-61.77,45.95,-40.34,-40.73,1,0.00,0.00,0,0,0,3.94,1.88,84.5,0,00,1,$
#,050,167,156,29.00,940.25,10.00,Frequency_MHz,RSSI_dBm,-0.03,-0.03,0.99,1.89,0.55,-2.62,46.85,-39.14,-44.54,1,0.00,0.00,0,0,0,3.94,1.88,85.1,0,00,1,$
#,050,167,156,29.00,940.25,10.00,Frequency_MHz,RSSI_dBm,-0.03,-0.03,0.99,1.89,0.55,-2.62,46.85,-39.14,-44.54,1,0.00,0.00,0,0,0,3.89,2.93,85.1,0,00,1,$
#,050,167,156,29.00,940.25,10.00,Frequency_MHz,RSSI_dBm,-0.03,-0.03,0.99,1.89,0.55,-2.62,46.85,-39.14,-44.54,1,0.00,0.00,0,0,0,3.93,1.96,85.1,0,00,1,$
#,050,167,156,29.00,940.25,10.00,Frequency_MHz,RSSI_dBm,-0.02,-0.03,0.98,2.01,0.61,-2.50,46.55,-39.87,-40.87,1,0.00,0.00,0,0,0,3.93,1.96,86.2,0,00,1,$
#,050,167,156,29.00,940.25,10.00,Frequency_MHz,RSSI_dBm,-0.02,-0.03,0.98,2.01,0.61,-2.50,46.55,-39.87,-40.87,1,0.00,0.00,0,0,0,3.90,2.01,84.0,0,00,1,$
#,050,167,156,29.00,940.25,10.00,Frequency_MHz,RSSI_dBm,-0.03,-0.03,0.99,1.53,0.61,-3.66,45.86,-40.52,-124.43,1,0.00,0.00,0,0,0,3.94,1.85,84.5,0,00,1,$
#,050,167,156,29.00,940.25,10.00,Frequency_MHz,RSSI_dBm,-0.03,-0.03,0.99,1.53,0.61,-3.66,45.86,-40.52,-124.43,1,0.00,0.00,0,0,0,3.94,1.85,84.5,0,00,1,$
#,050,167,157,29.00,940.25,10.00,Frequency_MHz,RSSI_dBm,-0.03,-0.03,0.99,1.53,0.61,-3.66,45.86,-40.52,-124.43,1,0.00,0.00,0,0,0,3.90,2.53,85.1,0,00,1,$
#,050,168,157,29.00,940.25,10.00,Frequency_MHz,RSSI_dBm,-0.02,-0.03,0.99,2.08,0.61,-4.94,47.68,-39.79,-42.99,1,0.00,0.00,0,0,0,3.90,2.53,86.2,0,00,1,$
#,050,168,157,29.00,940.25,10.00,Frequency_MHz,RSSI_dBm,-0.02,-0.03,0.99,2.08,0.61,-4.94,47.68,-39.79,-42.99,1,0.00,0.00,0,0,0,3.88,2.69,85.6,0,00,1,$
#,050,168,157,29.00,940.25,10.00,Frequency_MHz,RSSI_dBm,-0.01,-0.03,1.06,-9.28,-1.89,-12.51,46.11,-39.94,-39.69,1,0.00,0.00,0,0,0,3.94,1.93,84.0,0,00,1,$
#,050,168,157,29.00,940.25,10.00,Frequency_MHz,RSSI_dBm,-0.01,-0.03,1.06,-9.28,-1.89,-12.51,46.11,-39.94,-39.69,1,0.00,0.00,0,0,0,3.94,1.93,86.2,0,00,1,$
#,050,168,157,29.00,940.25,10.00,Frequency_MHz,RSSI_dBm,-0.02,-0.04,0.94,6.35,-1.34,40.34,45.79,-40.00,-41.98,1,0.00,0.00,0,0,0,3.93,2.09,85.6,0,00,1,$
#,050,168,157,29.00,940.25,10.00,Frequency_MHz,RSSI_dBm,-0.02,-0.04,0.94,6.35,-1.34,40.34,45.79,-40.00,-41.98,1,0.00,0.00,0,0,0,3.90,2.34,85.6,0,00,1,$
#,050,168,157,29.00,940.25,10.00,Frequency_MHz,RSSI_dBm,-0.02,-0.04,0.94,6.35,-1.34,40.34,45.79,-40.00,-41.98,1,0.00,0.00,0,0,0,3.90,2.34,85.6,0,00,1,$
#,050,168,158,29.00,940.25,10.00,Frequency_MHz,RSSI_dBm,-0.01,-0.04,0.93,-7.39,0.18,-60.67,46.79,-38.98,-41.50,1,0.00,0.00,0,0,0,3.94,1.79,85.6,0,00,1,$
#,050,169,158,29.00,940.25,10.00,Frequency_MHz,RSSI_dBm,-0.01,-0.04,0.93,-7.39,0.18,-60.67,46.79,-38.98,-41.50,1,0.00,0.00,0,0,0,3.94,1.79,84.0,0,00,1,$
#,050,169,158,29.00,940.25,10.00,Frequency_MHz,RSSI_dBm,-0.02,-0.03,0.98,1.95,0.49,-0.49,47.46,-39.26,-43.85,1,0.00,0.00,0,0,0,3.94,1.92,84.5,0,00,1,$
#,050,169,158,29.00,940.25,10.00,Frequency_MHz,RSSI_dBm,-0.02,-0.03,0.98,1.95,0.49,-0.49,47.46,-39.26,-43.85,1,0.00,0.00,0,0,0,3.94,1.84,83.4,0,00,1,$
#,050,169,158,29.00,940.25,10.00,Frequency_MHz,RSSI_dBm,-0.02,-0.03,0.98,1.95,0.49,-0.49,47.46,-39.26,-43.85,1,0.00,0.00,0,0,0,3.94,1.84,85.6,0,00,1,$
#,050,169,158,29.00,940.25,10.00,Frequency_MHz,RSSI_dBm,-0.02,-0.03,0.98,1.59,0.61,-1.95,46.94,-39.51,-42.55,1,0.00,0.00,0,0,0,3.93,2.18,86.2,0,00,1,$
#,050,169,158,29.00,940.25,10.00,Frequency_MHz,RSSI_dBm,-0.02,-0.03,0.98,1.59,0.61,-1.95,46.94,-39.51,-42.55,1,0.00,0.00,0,0,0,3.93,2.18,85.1,0,00,1,$
#,050,169,158,29.00,940.25,10.00,Frequency_MHz,RSSI_dBm,-0.02,-0.03,0.98,1.71,0.55,-2.56,45.59,-40.23,-39.77,1,0.00,0.00,0,0,0,3.90,2.85,86.2,0,00,1,$
#,050,169,158,29.00,940.25,10.00,Frequency_MHz,RSSI_dBm,-0.02,-0.03,0.98,1.71,0.55,-2.56,45.59,-40.23,-39.77,1,0.00,0.00,0,0,0,3.92,2.47,86.2,0,00,1,$
#,050,170,159,29.00,940.25,10.00,Frequency_MHz,RSSI_dBm,-0.02,-0.03,0.98,3.60,-0.98,-1.16,46.18,-39.88,-39.82,1,0.00,0.00,0,0,0,3.92,2.47,84.5,0,00,1,$
#,050,170,159,29.00,940.25,10.00,Frequency_MHz,RSSI_dBm,-0.02,-0.03,0.98,3.60,-0.98,-1.16,46.18,-39.88,-39.82,1,0.00,0.00,0,0,0,3.89,2.67,84.5,0,00,1,$
#,050,170,159,29.00,940.25,10.00,Frequency_MHz,RSSI_dBm,-0.02,-0.03,0.98,3.60,-0.98,-1.16,46.18,-39.88,-39.82,1,0.00,0.00,0,0,0,3.88,2.69,84.5,0,00,1,$
#,050,170,159,29.00,940.25,10.00,Frequency_MHz,RSSI_dBm,-0.02,-0.03,0.98,1.53,0.43,-4.21,47.96,-39.76,-42.08,1,0.00,0.00,0,0,0,3.88,2.69,85.1,0,00,1,$
#,050,170,159,29.00,940.25,10.00,Frequency_MHz,RSSI_dBm,-0.02,-0.03,0.98,1.53,0.43,-4.21,47.96,-39.76,-42.08,1,0.00,0.00,0,0,0,3.90,2.72,85.6,0,00,1,$
#,050,170,159,29.00,940.25,10.00,Frequency_MHz,RSSI_dBm,-0.02,-0.03,0.93,-0.24,-0.55,-0.98,45.54,-40.12,-40.58,1,0.00,0.00,0,0,0,3.90,2.46,85.1,0,00,1,$
#,050,170,159,29.00,940.25,10.00,Frequency_MHz,RSSI_dBm,-0.02,-0.03,0.93,-0.24,-0.55,-0.98,45.54,-40.12,-40.58,1,0.00,0.00,0,0,0,3.90,2.46,84.0,0,00,1,$
#,050,170,160,29.00,940.25,10.00,Frequency_MHz,RSSI_dBm,-0.02,-0.03,0.98,0.12,0.67,-11.23,46.23,-39.86,-41.82,1,0.00,0.00,0,0,0,3.92,1.86,85.6,0,00,1,$
#,050,171,160,29.00,940.25,10.00,Frequency_MHz,RSSI_dBm,-0.02,-0.03,0.98,0.12,0.67,-11.23,46.23,-39.86,-41.82,1,0.00,0.00,0,0,0,3.89,2.66,85.6,0,00,1,$
#,050,171,160,29.00,940.25,10.00,Frequency_MHz,RSSI_dBm,-0.02,-0.03,0.99,1.59,0.55,-1.77,45.75,-40.05,-40.75,1,0.00,0.00,0,0,0,3.89,2.66,85.1,0,00,1,$
#,050,171,160,29.00,940.25,10.00,Frequency_MHz,RSSI_dBm,-0.02,-0.03,0.99,1.59,0.55,-1.77,45.75,-40.05,-40.75,1,0.00,0.00,0,0,0,3.90,1.86,84.5,0,00,1,$
#,050,171,160,29.00,940.25,10.00,Frequency_MHz,RSSI_dBm,-0.02,-0.03,0.99,1.59,0.55,-1.77,45.75,-40.05,-40.75,1,0.00,0.00,0,0,0,3.89,2.74,85.6,0,00,1,$
#,050,171,160,29.00,940.25,10.00,Frequency_MHz,RSSI_dBm,-0.02,-0.03,0.98,1.89,0.55,-4.64,46.89,-39.87,-41.85,1,0.00,0.00,0,0,0,3.89,2.74,86.7,0,00,1,$
#,050,171,160,29.00,940.25,10.00,Frequency_MHz,RSSI_dBm,-0.02,-0.03,0.98,1.89,0.55,-4.64,46.89,-39.87,-41.85,1,0.00,0.00,0,0,0,3.93,2.05,86.2,0,00,1,$
#,050,171,160,29.00,940.25,10.00,Frequency_MHz,RSSI_dBm,-0.01,-0.02,0.97,-0.67,-1.40,11.47,45.75,-39.48,-39.00,1,0.00,0.00,0,0,0,3.93,2.05,82.9,0,00,1,$
#,050,172,160,29.00,940.25,10.00,Frequency_MHz,RSSI_dBm,-0.01,-0.02,0.97,-0.67,-1.40,11.47,45.75,-39.48,-39.00,1,0.00,0.00,0,0,0,3.93,1.87,85.6,0,00,1,$
#,050,172,161,29.00,940.25,10.00,Frequency_MHz,RSSI_dBm,-0.03,-0.02,0.96,-4.39,-3.60,-29.91,47.12,-39.28,-44.04,1,0.00,0.00,0,0,0,3.89,2.70,85.1,0,00,1,$
#,050,172,161,29.00,940.25,10.00,Frequency_MHz,RSSI_dBm,-0.03,-0.02,0.96,-4.39,-3.60,-29.91,47.12,-39.28,-44.04,1,0.00,0.00,0,0,0,3.89,2.70,84.0,0,00,1,$
#,050,172,161,29.00,940.25,10.00,Frequency_MHz,RSSI_dBm,-0.03,-0.02,0.96,-4.39,-3.60,-29.91,47.12,-39.28,-44.04,1,0.00,0.00,0,0,0,3.93,1.96,84.5,0,00,1,$
#,050,172,161,29.00,940.25,10.00,Frequency_MHz,RSSI_dBm,-0.02,-0.04,0.94,5.00,-0.92,31.74,46.42,-40.08,-42.79,1,0.00,0.00,0,0,0,3.90,2.80,85.1,0,00,1,$
#,050,172,161,29.00,940.25,10.00,Frequency_MHz,RSSI_dBm,-0.02,-0.04,0.94,5.00,-0.92,31.74,46.42,-40.08,-42.79,1,0.00,0.00,0,0,0,3.90,2.80,84.5,0,00,1,$
#,050,172,161,29.00,940.25,10.00,Frequency_MHz,RSSI_dBm,-0.02,-0.03,0.99,2.32,0.73,-3.11,46.50,-38.75,-43.58,1,0.00,0.00,0,0,0,3.89,2.74,84.5,0,00,1,$
#,050,172,161,29.00,940.25,10.00,Frequency_MHz,RSSI_dBm,-0.02,-0.03,0.99,2.32,0.73,-3.11,46.50,-38.75,-43.58,1,0.00,0.00,0,0,0,3.90,2.58,84.0,0,00,1,$
#,050,173,162,29.00,940.25,10.00,Frequency_MHz,RSSI_dBm,-0.02,-0.03,0.97,1.59,0.31,-0.37,45.43,-40.22,-37.85,1,0.00,0.00,0,0,0,3.90,2.58,85.1,0,00,1,$
#,050,173,162,29.00,940.25,10.00,Frequency_MHz,RSSI_dBm,-0.02,-0.03,0.97,1.59,0.31,-0.37,45.43,-40.22,-37.85,1,0.00,0.00,0,0,0,3.94,1.88,84.5,0,00,1,$
#,050,173,162,29.00,940.25,10.00,Frequency_MHz,RSSI_dBm,-0.02,-0.03,0.97,1.59,0.31,-0.37,45.43,-40.22,-37.85,1,0.00,0.00,0,0,0,3.94,1.88,85.6,0,00,1,$
#,050,173,162,29.00,940.25,10.00,Frequency_MHz,RSSI_dBm,-0.03,-0.03,0.98,1.77,0.55,-2.50,46.14,70.81,-381.76,1,0.00,0.00,0,0,0,3.89,1.86,85.6,0,00,1,$
#,050,173,162,29.00,940.25,10.00,Frequency_MHz,RSSI_dBm,-0.03,-0.03,0.98,1.77,0.55,-2.50,46.14,70.81,-381.76,1,0.00,0.00,0,0,0,3.93,1.89,83.4,0,00,1,$
#,050,173,162,29.00,940.25,10.00,Frequency_MHz,RSSI_dBm,-0.02,-0.03,0.98,1.59,0.61,-2.62,44.75,-40.49,-40.41,1,0.00,0.00,0,0,0,3.93,1.89,85.1,0,00,1,$
#,050,173,162,29.00,940.25,10.00,Frequency_MHz,RSSI_dBm,-0.02,-0.03,0.98,1.59,0.61,-2.62,44.75,-40.49,-40.41,1,0.00,0.00,0,0,0,3.92,2.81,84.0,0,00,1,$
#,050,173,162,29.00,940.25,10.00,Frequency_MHz,RSSI_dBm,-0.02,-0.03,0.98,1.59,0.61,-2.62,44.75,-40.49,-40.41,1,0.00,0.00,0,0,0,3.92,2.81,83.4,0,00,1,$
#,050,174,162,29.00,940.25,10.00,Frequency_MHz,RSSI_dBm,-0.00,-0.03,0.96,-8.12,0.24,-15.87,46.75,-39.53,-41.04,1,0.00,0.00,0,0,0,3.92,1.83,86.7,0,00,1,$
#,050,174,163,29.00,940.25,10.00,Frequency_MHz,RSSI_dBm,-0.00,-0.03,0.96,-8.12,0.24,-15.87,46.75,-39.53,-41.04,1,0.00,0.00,0,0,0,3.94,1.90,83.4,0,00,1,$
#,050,174,163,29.00,940.25,10.00,Frequency_MHz,RSSI_dBm,-0.02,-0.03,0.98,1.28,0.37,-3.85,46.91,-39.87,-44.31,1,0.00,0.00,0,0,0,3.94,1.90,85.6,0,00,1,$
#,050,174,163,29.00,940.25,10.00,Frequency_MHz,RSSI_dBm,-0.02,-0.03,0.98,1.28,0.37,-3.85,46.91,-39.87,-44.31,1,0.00,0.00,0,0,0,3.93,1.94,86.7,0,00,1,$
#,050,174,163,29.00,940.25,10.00,Frequency_MHz,RSSI_dBm,-0.03,-0.03,0.96,-8.36,-3.91,-66.89,44.96,-40.19,-41.94,1,0.00,0.00,0,0,0,3.93,2.05,84.5,0,00,1,$
#,050,174,163,29.00,940.25,10.00,Frequency_MHz,RSSI_dBm,-0.03,-0.03,0.96,-8.36,-3.91,-66.89,44.96,-40.19,-41.94,1,0.00,0.00,0,0,0,3.93,2.05,85.6,0,00,1,$
#,050,174,163,29.00,940.25,10.00,Frequency_MHz,RSSI_dBm,-0.03,-0.03,0.96,-8.36,-3.91,-66.89,44.96,-40.19,-41.94,1,0.00,0.00,0,0,0,3.93,1.94,85.1,0,00,1,$
#,050,174,163,29.00,940.25,10.00,Frequency_MHz,RSSI_dBm,-0.03,-0.03,0.97,-1.28,-3.42,8.91,45.48,-40.05,-41.75,1,0.00,0.00,0,0,0,3.93,1.94,85.1,0,00,1,$
#,050,175,163,29.00,940.25,10.00,Frequency_MHz,RSSI_dBm,-0.03,-0.03,0.97,-1.28,-3.42,8.91,45.48,-40.05,-41.75,1,0.00,0.00,0,0,0,3.93,2.08,85.6,0,00,1,$
#,050,175,163,29.00,940.25,10.00,Frequency_MHz,RSSI_dBm,-0.02,-0.03,0.99,1.40,0.49,-2.20,47.11,-39.11,-42.30,1,0.00,0.00,0,0,0,3.94,1.87,85.1,0,00,1,$
#,050,175,164,29.00,940.25,10.00,Frequency_MHz,RSSI_dBm,-0.02,-0.03,0.99,1.40,0.49,-2.20,47.11,-39.11,-42.30,1,0.00,0.00,0,0,0,3.94,1.87,84.5,0,00,1,$
#,050,175,164,29.00,940.25,10.00,Frequency_MHz,RSSI_dBm,-0.02,-0.03,0.99,1.40,0.49,-2.20,47.11,-39.11,-42.30,1,0.00,0.00,0,0,0,3.90,2.81,85.6,0,00,1,$
#,050,175,164,29.00,940.25,10.00,Frequency_MHz,RSSI_dBm,-0.02,-0.03,0.98,1.34,0.24,-4.52,45.37,-40.19,-41.00,1,0.00,0.00,0,0,0,3.90,2.81,84.0,0,00,1,$
#,050,175,164,29.00,940.25,10.00,Frequency_MHz,RSSI_dBm,-0.02,-0.03,0.98,1.34,0.24,-4.52,45.37,-40.19,-41.00,1,0.00,0.00,0,0,0,3.90,2.72,85.1,0,00,1,$
#,050,175,164,29.00,940.25,10.00,Frequency_MHz,RSSI_dBm,-0.01,-0.02,0.96,-2.50,-0.43,2.93,45.29,-39.61,-41.10,1,0.00,0.00,0,0,0,3.88,2.94,86.2,0,00,1,$
#,050,175,164,29.00,940.25,10.00,Frequency_MHz,RSSI_dBm,-0.01,-0.02,0.96,-2.50,-0.43,2.93,45.29,-39.61,-41.10,1,0.00,0.00,0,0,0,3.88,2.94,84.0,0,00,1,$
#,050,176,164,29.00,940.25,10.00,Frequency_MHz,RSSI_dBm,-0.03,-0.02,1.03,0.43,-4.88,-8.67,47.18,-39.06,-42.70,1,0.00,0.00,0,0,0,3.89,2.59,84.0,0,00,1,$
#,050,176,164,29.00,940.25,10.00,Frequency_MHz,RSSI_dBm,-0.03,-0.02,1.03,0.43,-4.88,-8.67,47.18,-39.06,-42.70,1,0.00,0.00,0,0,0,3.91,2.51,84.5,0,00,1,$
#,050,176,165,29.00,940.25,10.00,Frequency_MHz,RSSI_dBm,-0.03,-0.02,1.03,0.43,-4.88,-8.67,47.18,-39.06,-42.70,1,0.00,0.00,0,0,0,3.91,2.51,85.6,0,00,1,$
#,050,176,165,29.00,940.25,10.00,Frequency_MHz,RSSI_dBm,-0.02,-0.03,0.98,1.71,0.55,-1.53,45.80,-40.95,-39.51,1,0.00,0.00,0,0,0,3.89,2.76,84.0,0,00,1,$
#,050,176,165,29.00,940.25,10.00,Frequency_MHz,RSSI_dBm,-0.03,-0.03,0.98,1.53,0.43,-3.91,46.01,-39.78,-42.79,1,0.00,0.00,0,0,0,3.90,1.99,83.4,0,00,1,$
#,050,176,165,29.00,940.25,10.00,Frequency_MHz,RSSI_dBm,-0.03,-0.03,0.98,1.53,0.43,-3.91,46.01,-39.78,-42.79,1,0.00,0.00,0,0,0,3.89,2.64,85.1,0,00,1,$
#,050,176,165,29.00,940.25,10.00,Frequency_MHz,RSSI_dBm,-0.03,-0.03,0.98,1.53,0.43,-3.91,46.01,-39.78,-42.79,1,0.00,0.00,0,0,0,3.89,2.64,83.4,0,00,1,$
#,050,177,165,29.00,940.25,10.00,Frequency_MHz,RSSI_dBm,-0.03,-0.03,0.97,2.01,0.55,-3.36,45.57,-40.00,-41.05,1,0.00,0.00,0,0,0,3.89,2.76,86.2,0,00,1,$
#,050,177,165,29.00,940.25,10.00,Frequency_MHz,RSSI_dBm,-0.03,-0.03,0.97,2.01,0.55,-3.36,45.57,-40.00,-41.05,1,0.00,0.00,0,0,0,3.89,2.76,85.6,0,00,1,$
#,050,177,165,29.00,940.25,10.00,Frequency_MHz,RSSI_dBm,-0.03,-0.03,0.98,1.59,0.85,-1.59,45.36,-40.65,-42.87,1,0.00,0.00,0,0,0,3.90,2.53,84.5,0,00,1,$
#,050,177,165,29.00,940.25,10.00,Frequency_MHz,RSSI_dBm,-0.03,-0.03,0.98,1.59,0.85,-1.59,45.36,-40.65,-42.87,1,0.00,0.00,0,0,0,3.90,2.61,85.6,0,00,1,$
#,050,177,166,29.00,940.25,10.00,Frequency_MHz,RSSI_dBm,-0.01,-0.02,0.91,1.16,0.55,-1.77,45.20,-39.69,-40.38,1,0.00,0.00,0,0,0,3.90,2.61,84.5,0,00,1,$
#,050,177,166,29.00,940.25,10.00,Frequency_MHz,RSSI_dBm,-0.01,-0.02,0.91,1.16,0.55,-1.77,45.20,-39.69,-40.38,1,0.00,0.00,0,0,0,3.89,2.81,83.4,0,00,1,$
#,050,177,166,29.00,940.25,10.00,Frequency_MHz,RSSI_dBm,-0.01,-0.02,0.91,1.16,0.55,-1.77,45.20,-39.69,-40.38,1,0.00,0.00,0,0,0,3.89,2.81,84.5,0,00,1,$
#,050,177,166,29.00,940.25,10.00,Frequency_MHz,RSSI_dBm,-0.02,-0.03,0.98,3.48,-0.98,-4.52,46.51,-38.68,-45.64,1,0.00,0.00,0,0,0,3.90,1.94,85.6,0,00,1,$
#,050,178,166,29.00,940.25,10.00,Frequency_MHz,RSSI_dBm,-0.02,-0.03,0.98,3.48,-0.98,-4.52,46.51,-38.68,-45.64,1,0.00,0.00,0,0,0,3.93,1.92,84.5,0,00,1,$
#,050,178,166,29.00,940.25,10.00,Frequency_MHz,RSSI_dBm,-0.02,-0.03,0.98,3.48,-0.98,-4.52,46.51,-38.68,-45.64,1,0.00,0.00,0,0,0,3.93,1.92,86.2,0,00,1,$
#,050,178,166,29.00,940.25,10.00,Frequency_MHz,RSSI_dBm,-0.02,-0.03,0.93,-9.09,0.55,-59.63,46.75,-39.25,-41.15,1,0.00,0.00,0,0,0,3.93,1.81,85.1,0,00,1,$
#,050,178,166,29.00,940.25,10.00,Frequency_MHz,RSSI_dBm,-0.02,-0.03,0.93,-9.09,0.55,-59.63,46.75,-39.25,-41.15,1,0.00,0.00,0,0,0,3.93,1.81,85.1,0,00,1,$
#,050,178,166,29.00,940.25,10.00,Frequency_MHz,RSSI_dBm,-0.01,-0.04,0.94,2.99,-0.92,23.80,46.57,-39.70,-41.87,1,0.00,0.00,0,0,0,3.91,2.67,83.4,0,00,1,$
#,050,178,167,29.00,940.25,10.00,Frequency_MHz,RSSI_dBm,-0.01,-0.04,0.94,2.99,-0.92,23.80,46.57,-39.70,-41.87,1,0.00,0.00,0,0,0,3.89,2.62,85.6,0,00,1,$
#,050,178,167,29.00,940.25,10.00,Frequency_MHz,RSSI_dBm,-0.03,-0.03,0.99,2.14,0.73,-2.69,46.11,-40.11,-39.98,1,0.00,0.00,0,0,0,3.89,2.62,84.5,0,00,1,$
#,050,178,167,29.00,940.25,10.00,Frequency_MHz,RSSI_dBm,-0.03,-0.03,0.99,2.14,0.73,-2.69,46.11,-40.11,-39.98,1,0.00,0.00,0,0,0,3.91,2.89,85.6,0,00,1,$
#,050,179,167,29.00,940.25,10.00,Frequency_MHz,RSSI_dBm,-0.03,-0.03,0.99,2.14,0.73,-2.69,46.11,-40.11,-39.98,1,0.00,0.00,0,0,0,3.93,1.99,85.1,0,00,1,$
#,050,179,167,29.00,940.25,10.00,Frequency_MHz,RSSI_dBm,-0.02,-0.03,0.98,1.89,0.61,-3.78,45.78,349.82,-380.52,1,0.00,0.00,0,0,0,3.93,1.99,85.1,0,00,1,$
#,050,179,167,29.00,940.25,10.00,Frequency_MHz,RSSI_dBm,-0.02,-0.03,0.98,1.89,0.61,-3.78,45.78,349.82,-380.52,1,0.00,0.00,0,0,0,3.89,2.85,86.2,0,00,1,$
#,050,179,167,29.00,940.25,10.00,Frequency_MHz,RSSI_dBm,-0.02,-0.03,0.98,1.95,0.55,-1.16,45.42,-40.72,-41.39,1,0.00,0.00,0,0,0,3.89,2.85,86.7,0,00,1,$
#,050,179,167,29.00,940.25,10.00,Frequency_MHz,RSSI_dBm,-0.02,-0.03,0.98,1.95,0.55,-1.16,45.42,-40.72,-41.39,1,0.00,0.00,0,0,0,3.90,1.79,85.6,0,00,1,$
#,050,179,167,29.00,940.25,10.00,Frequency_MHz,RSSI_dBm,-0.02,-0.03,0.98,1.83,-0.79,2.75,45.29,-40.10,-39.12,1,0.00,0.00,0,0,0,3.94,1.82,84.5,0,00,1,$
#,050,179,168,29.00,940.25,10.00,Frequency_MHz,RSSI_dBm,-0.02,-0.03,0.98,1.83,-0.79,2.75,45.29,-40.10,-39.12,1,0.00,0.00,0,0,0,3.94,1.82,85.6,0,00,1,$
#,050,179,168,29.00,940.25,10.00,Frequency_MHz,RSSI_dBm,-0.02,-0.03,0.98,1.83,-0.79,2.75,45.29,-40.10,-39.12,1,0.00,0.00,0,0,0,3.93,1.91,85.6,0,00,1,$
#,050,180,168,29.00,940.25,10.00,Frequency_MHz,RSSI_dBm,-0.02,-0.03,0.95,-11.23,-0.79,-91.49,47.36,-39.64,-44.46,1,0.00,0.00,0,0,0,3.93,1.91,85.1,0,00,1,$
#,050,180,168,29.00,940.25,10.00,Frequency_MHz,RSSI_dBm,-0.02,-0.03,0.95,-11.23,-0.79,-91.49,47.36,-39.64,-44.46,1,0.00,0.00,0,0,0,3.90,2.90,84.0,0,00,1,$
#,050,180,168,29.00,940.25,10.00,Frequency_MHz,RSSI_dBm,-0.02,-0.03,0.93,-1.28,-4.03,2.20,47.02,-40.11,-44.03,1,0.00,0.00,0,0,0,3.89,2.91,84.5,0,00,1,$
#,050,180,168,29.00,940.25,10.00,Frequency_MHz,RSSI_dBm,-0.02,-0.03,0.93,-1.28,-4.03,2.20,47.02,-40.11,-44.03,1,0.00,0.00,0,0,0,3.89,2.91,86.7,0,00,1,$
#,050,180,168,29.00,940.25,10.00,Frequency_MHz,RSSI_dBm,-0.02,-0.03,0.98,1.71,0.61,-3.54,46.35,-39.01,-43.73,1,0.00,0.00,0,0,0,3.89,2.51,84.0,0,00,1,$
#,050,180,168,29.00,940.25,10.00,Frequency_MHz,RSSI_dBm,-0.02,-0.03,0.98,1.71,0.61,-3.54,46.35,-39.01,-43.73,1,0.00,0.00,0,0,0,3.94,1.89,84.5,0,00,1,$
#,050,180,169,29.00,940.25,10.00,Frequency_MHz,RSSI_dBm,-0.03,-0.03,0.98,2.01,0.55,0.79,45.91,-39.29,-41.03,1,0.00,0.00,0,0,0,3.93,1.86,85.1,0,00,1,$
#,050,180,169,29.00,940.25,10.00,Frequency_MHz,RSSI_dBm,-0.03,-0.03,0.98,2.01,0.55,0.79,45.91,-39.29,-41.03,1,0.00,0.00,0,0,0,3.93,1.86,84.5,0,00,1,$
#,050,181,169,29.00,940.25,10.00,Frequency_MHz,RSSI_dBm,-0.03,-0.03,0.98,2.01,0.55,0.79,45.91,-39.29,-41.03,1,0.00,0.00,0,0,0,3.90,2.69,85.6,0,00,1,$
#,050,181,169,29.00,940.25,10.00,Frequency_MHz,RSSI_dBm,-0.03,-0.03,0.98,2.20,0.61,-0.73,45.32,-40.44,-40.01,1,0.00,0.00,0,0,0,3.92,2.69,84.5,0,00,1,$
#,050,181,169,29.00,940.25,10.00,Frequency_MHz,RSSI_dBm,-0.03,-0.03,0.98,2.20,0.61,-0.73,45.32,-40.44,-40.01,1,0.00,0.00,0,0,0,3.92,2.95,86.2,0,00,1,$
#,050,181,169,29.00,940.25,10.00,Frequency_MHz,RSSI_dBm,-0.03,-0.02,0.91,-7.26,2.08,11.17,45.67,-41.05,-40.26,1,0.00,0.00,0,0,0,3.92,2.72,85.1,0,00,1,$
#,050,181,169,29.00,940.25,10.00,Frequency_MHz,RSSI_dBm,-0.03,-0.02,0.91,-7.26,2.08,11.17,45.67,-41.05,-40.26,1,0.00,0.00,0,0,0,3.92,2.72,85.1,0,00,1,$
#,050,181,169,29.00,940.25,10.00,Frequency_MHz,RSSI_dBm,-0.03,-0.02,0.91,-7.26,2.08,11.17,45.67,-41.05,-40.26,1,0.00,0.00,0,0,0,3.94,2.23,84.5,0,00,1,$
#,050,181,169,29.00,940.25,10.00,Frequency_MHz,RSSI_dBm,-0.02,-0.02,0.96,-13.85,3.78,-22.77,45.46,-39.94,-41.19,1,0.00,0.00,0,0,0,3.90,2.59,87.3,0,00,1,$
#,050,181,170,29.00,940.25,10.00,Frequency_MHz,RSSI_dBm,-0.02,-0.02,0.96,-13.85,3.78,-22.77,45.46,-39.94,-41.19,1,0.00,0.00,0,0,0,3.90,2.59,86.2,0,00,1,$
#,050,182,170,29.00,940.25,10.00,Frequency_MHz,RSSI_dBm,-0.02,-0.03,0.98,1.65,0.49,-2.69,46.83,-38.85,-44.09,1,0.00,0.00,0,0,0,3.94,1.85,82.9,0,00,1,$
#,050,182,170,29.00,940.25,10.00,Frequency_MHz,RSSI_dBm,-0.02,-0.03,0.98,1.65,0.49,-2.69,46.83,-38.85,-44.09,1,0.00,0.00,0,0,0,3.94,1.85,84.0,0,00,1,$
#,050,182,170,29.00,940.25,10.00,Frequency_MHz,RSSI_dBm,-0.02,-0.03,0.98,1.65,0.49,-2.69,46.83,-38.85,-44.09,1,0.00,0.00,0,0,0,3.96,1.51,84.0,0,00,1,$
#,050,182,170,29.00,940.25,10.00,Frequency_MHz,RSSI_dBm,-0.03,-0.03,0.98,2.20,0.67,-2.99,44.93,-41.03,-39.83,1,0.00,0.00,0,0,0,3.95,2.14,83.4,0,00,1,$
#,050,182,170,29.00,940.25,10.00,Frequency_MHz,RSSI_dBm,-0.03,-0.03,0.98,2.20,0.67,-2.99,44.93,-41.03,-39.83,1,0.00,0.00,0,0,0,3.95,2.14,86.2,0,00,1,$
#,050,182,170,29.00,940.25,10.00,Frequency_MHz,RSSI_dBm,-0.03,-0.03,0.98,1.34,0.55,-2.93,46.96,-39.33,-42.18,1,0.00,0.00,0,0,0,3.93,1.88,85.1,0,00,1,$
#,050,182,170,29.00,940.25,10.00,Frequency_MHz,RSSI_dBm,-0.03,-0.03,0.98,1.34,0.55,-2.93,46.96,-39.33,-42.18,1,0.00,0.00,0,0,0,3.93,1.88,86.2,0,00,1,$
#,050,182,171,29.00,940.25,10.00,Frequency_MHz,RSSI_dBm,-0.02,-0.03,0.98,2.38,0.55,0.55,45.39,-40.55,-41.25,1,0.00,0.00,0,0,0,3.89,2.48,84.5,0,00,1,$
#,050,183,171,29.00,940.25,10.00,Frequency_MHz,RSSI_dBm,-0.02,-0.03,0.98,2.38,0.55,0.55,45.39,-40.55,-41.25,1,0.00,0.00,0,0,0,3.93,1.98,85.1,0,00,1,$
#,050,183,171,29.00,940.25,10.00,Frequency_MHz,RSSI_dBm,-0.03,-0.03,0.98,2.56,-1.22,-2.93,46.47,-39.11,-42.05,1,0.00,0.00,0,0,0,3.93,1.98,85.1,0,00,1,$
#,050,183,171,29.00,940.25,10.00,Frequency_MHz,RSSI_dBm,-0.03,-0.03,0.98,2.56,-1.22,-2.93,46.47,-39.11,-42.05,1,0.00,0.00,0,0,0,3.90,1.88,85.1,0,00,1,$
#,050,183,171,29.00,940.25,10.00,Frequency_MHz,RSSI_dBm,-0.03,-0.03,0.98,2.56,-1.22,-2.93,46.47,-39.11,-42.05,1,0.00,0.00,0,0,0,3.88,2.75,86.7,0,00,1,$
#,050,183,171,29.00,940.25,10.00,Frequency_MHz,RSSI_dBm,-0.02,-0.02,0.98,-0.31,-0.67,-13.67,46.92,-38.85,-44.25,1,0.00,0.00,0,0,0,3.88,2.75,84.5,0,00,1,$
#,050,183,171,29.00,940.25,10.00,Frequency_MHz,RSSI_dBm,-0.02,-0.02,0.98,-0.31,-0.67,-13.67,46.92,-38.85,-44.25,1,0.00,0.00,0,0,0,3.88,2.76,85.6,0,00,1,$
#,050,183,171,29.00,940.25,10.00,Frequency_MHz,RSSI_dBm,-0.01,-0.02,0.93,-5.74,-1.71,-20.26,45.64,-40.08,-40.89,1,0.00,0.00,0,0,0,3.88,2.76,84.5,0,00,1,$
#,050,183,171,29.00,940.25,10.00,Frequency_MHz,RSSI_dBm,-0.01,-0.02,0.93,-5.74,-1.71,-20.26,45.64,-40.08,-40.89,1,0.00,0.00,0,0,0,3.90,2.51,85.1,0,00,1,$
#,050,184,172,29.00,940.25,10.00,Frequency_MHz,RSSI_dBm,-0.01,-0.02,0.93,-5.74,-1.71,-20.26,45.64,-40.08,-40.89,1,0.00,0.00,0,0,0,3.90,2.51,85.1,0,00,1,$
#,050,184,172,29.00,940.25,10.00,Frequency_MHz,RSSI_dBm,-0.02,-0.03,0.93,0.06,-0.49,-1.40,45.03,-39.99,-41.13,1,0.00,0.00,0,0,0,3.94,1.91,84.0,0,00,1,$
#,050,184,172,29.00,940.25,10.00,Frequency_MHz,RSSI_dBm,-0.02,-0.03,0.93,0.06,-0.49,-1.40,45.03,-39.99,-41.13,1,0.00,0.00,0,0,0,3.88,2.74,84.0,0,00,1,$
#,050,184,172,29.00,940.25,10.00,Frequency_MHz,RSSI_dBm,-0.02,-0.03,0.98,-0.67,0.79,-12.39,45.65,-40.66,-41.99,1,0.00,0.00,0,0,0,3.93,2.01,85.1,0,00,1,$
#,050,184,172,29.00,940.25,10.00,Frequency_MHz,RSSI_dBm,-0.02,-0.03,0.98,-0.67,0.79,-12.39,45.65,-40.66,-41.99,1,0.00,0.00,0,0,0,3.93,2.01,86.2,0,00,1,$
#,050,184,172,29.00,940.25,10.00,Frequency_MHz,RSSI_dBm,-0.02,-0.00,0.99,-6.10,0.12,-52.61,44.76,-39.61,-41.52,1,0.00,0.00,0,0,0,3.93,2.10,85.1,0,00,1,$
#,050,184,172,29.00,940.25,10.00,Frequency_MHz,RSSI_dBm,-0.02,-0.00,0.99,-6.10,0.12,-52.61,44.76,-39.61,-41.52,1,0.00,0.00,0,0,0,3.93,2.10,85.6,0,00,1,$
#,050,185,172,29.00,940.25,10.00,Frequency_MHz,RSSI_dBm,-0.02,-0.00,0.99,-6.10,0.12,-52.61,44.76,-39.61,-41.52,1,0.00,0.00,0,0,0,3.90,2.05,84.5,0,00,1,$
#,050,185,173,29.00,940.25,10.00,Frequency_MHz,RSSI_dBm,-0.03,-0.03,0.98,1.40,0.55,-1.77,46.39,-39.14,-42.77,1,0.00,0.00,0,0,0,3.89,2.57,86.2,0,00,1,$
#,050,185,173,29.00,940.25,10.00,Frequency_MHz,RSSI_dBm,-0.03,-0.03,0.98,1.40,0.55,-1.77,46.39,-39.14,-42.77,1,0.00,0.00,0,0,0,3.89,2.57,84.5,0,00,1,$
#,050,185,173,29.00,940.25,10.00,Frequency_MHz,RSSI_dBm,-0.02,-0.03,0.98,2.93,-0.73,-6.04,46.53,-39.56,-41.96,1,0.00,0.00,0,0,0,3.91,2.46,85.6,0,00,1,$
#,050,185,173,29.00,940.25,10.00,Frequency_MHz,RSSI_dBm,-0.02,-0.03,0.98,2.93,-0.73,-6.04,46.53,-39.56,-41.96,1,0.00,0.00,0,0,0,3.94,1.74,84.0,0,00,1,$
#,050,185,173,29.00,940.25,10.00,Frequency_MHz,RSSI_dBm,-0.02,-0.02,0.97,-2.32,-4.33,-36.56,47.56,-39.69,-44.35,1,0.00,0.00,0,0,0,3.94,1.74,85.6,0,00,1,$
#,050,185,173,29.00,940.25,10.00,Frequency_MHz,RSSI_dBm,-0.02,-0.02,0.97,-2.32,-4.33,-36.56,47.56,-39.69,-44.35,1,0.00,0.00,0,0,0,3.95,1.62,84.0,0,00,1,$
#,050,185,173,29.00,940.25,10.00,Frequency_MHz,RSSI_dBm,-0.02,-0.02,0.97,-2.32,-4.33,-36.56,47.56,-39.69,-44.35,1,0.00,0.00,0,0,0,3.95,1.62,85.1,0,00,1,$
#,050,186,173,29.00,940.25,10.00,Frequency_MHz,RSSI_dBm,-0.02,-0.03,0.99,0.98,0.12,-3.36,45.30,-41.19,-40.58,1,0.00,0.00,0,0,0,3.94,1.64,84.5,0,00,1,$
#,050,186,173,29.00,940.25,10.00,Frequency_MHz,RSSI_dBm,-0.02,-0.03,0.99,0.98,0.12,-3.36,45.30,-41.19,-40.58,1,0.00,0.00,0,0,0,3.95,1.58,84.0,0,00,1,$
#,050,186,174,29.00,940.25,10.00,Frequency_MHz,RSSI_dBm,-0.02,-0.03,0.98,0.98,0.61,-1.04,47.09,-39.36,-42.52,1,0.00,0.00,0,0,0,3.95,1.58,85.1,0,00,1,$
#,050,186,174,29.00,940.25,10.00,Frequency_MHz,RSSI_dBm,-0.02,-0.03,0.98,0.98,0.61,-1.04,47.09,-39.36,-42.52,1,0.00,0.00,0,0,0,3.94,1.70,85.1,0,00,1,$
#,050,186,174,29.00,940.25,10.00,Frequency_MHz,RSSI_dBm,-0.02,-0.03,0.98,1.95,0.37,-3.23,45.61,-39.83,-43.64,1,0.00,0.00,0,0,0,3.90,2.51,85.1,0,00,1,$
#,050,186,174,29.00,940.25,10.00,Frequency_MHz,RSSI_dBm,-0.02,-0.03,0.98,1.95,0.37,-3.23,45.61,-39.83,-43.64,1,0.00,0.00,0,0,0,3.90,2.51,85.1,0,00,1,$
#,050,186,174,29.00,940.25,10.00,Frequency_MHz,RSSI_dBm,-0.02,-0.03,0.98,1.95,0.37,-3.23,45.61,-39.83,-43.64,1,0.00,0.00,0,0,0,3.94,1.72,83.4,0,00,1,$
#,050,186,174,29.00,940.25,10.00,Frequency_MHz,RSSI_dBm,-0.03,-0.03,0.98,1.77,0.55,0.43,45.87,222.44,-382.40,1,0.00,0.00,0,0,0,3.91,1.72,84.5,0,00,1,$
#,050,187,174,29.00,940.25,10.00,Frequency_MHz,RSSI_dBm,-0.03,-0.03,0.98,1.77,0.55,0.43,45.87,222.44,-382.40,1,0.00,0.00,0,0,0,3.91,2.40,83.4,0,00,1,$
#,050,187,174,29.00,940.25,10.00,Frequency_MHz,RSSI_dBm,-0.03,-0.03,0.98,1.77,0.55,0.43,45.87,222.44,-382.40,1,0.00,0.00,0,0,0,3.94,1.59,85.1,0,00,1,$
#,050,187,175,29.00,940.25,10.00,Frequency_MHz,RSSI_dBm,-0.03,-0.03,0.98,1.77,0.55,0.43,45.87,222.44,-382.40,1,0.00,0.00,0,0,0,3.94,1.59,83.4,0,00,1,$
#,050,187,175,29.00,940.25,10.00,Frequency_MHz,RSSI_dBm,-0.03,-0.03,0.98,1.77,0.55,0.43,45.87,222.44,-382.40,1,0.00,0.00,0,0,0,3.95,1.50,82.9,0,00,1,$
#,050,187,175,29.00,940.25,10.00,Frequency_MHz,RSSI_dBm,-0.03,-0.03,0.98,1.77,0.55,0.43,45.87,222.44,-382.40,1,0.00,0.00,0,0,0,3.95,1.50,83.4,0,00,1,$
#,050,187,175,29.00,940.25,10.00,Frequency_MHz,RSSI_dBm,-0.03,-0.03,0.98,1.77,0.55,0.43,45.87,222.44,-382.40,1,0.00,0.00,0,0,0,3.96,1.61,83.4,0,00,1,$
#,050,187,175,29.00,940.25,10.00,Frequency_MHz,RSSI_dBm,-0.03,-0.03,0.98,1.77,0.55,0.43,45.87,222.44,-382.40,1,0.00,0.00,0,0,0,3.96,1.61,82.3,0,00,1,$
#,050,187,175,29.00,940.25,10.00,Frequency_MHz,RSSI_dBm,-0.03,-0.03,0.98,1.77,0.55,0.43,45.87,222.44,-382.40,1,0.00,0.00,0,0,0,3.94,1.67,83.4,0,00,1,$
#,050,187,175,29.00,940.25,10.00,Frequency_MHz,RSSI_dBm,-0.03,-0.03,0.98,1.77,0.55,0.43,45.87,222.44,-382.40,1,0.00,0.00,0,0,0,3.94,1.67,82.3,0,00,1,$
#,050,191,176,29.00,940.25,10.00,Frequency_MHz,RSSI_dBm,-0.02,-0.03,0.98,0.98,0.49,0.79,45.23,-40.41,-40.27,1,0.00,0.00,0,0,0,3.90,2.63,84.0,0,00,1,$
#,050,191,176,29.00,940.25,10.00,Frequency_MHz,RSSI_dBm,-0.02,-0.03,0.98,0.98,0.49,0.79,45.23,-40.41,-40.27,1,0.00,0.00,0,0,0,3.90,2.63,83.4,0,00,1,$
#,050,191,176,29.00,940.25,10.00,Frequency_MHz,RSSI_dBm,-0.03,-0.03,0.98,1.16,0.55,0.79,45.39,-41.28,-41.54,1,0.00,0.00,0,0,0,3.91,2.37,85.1,0,00,1,$
#,050,191,176,29.00,940.25,10.00,Frequency_MHz,RSSI_dBm,-0.03,-0.03,0.98,1.16,0.55,0.79,45.39,-41.28,-41.54,1,0.00,0.00,0,0,0,3.92,2.40,84.5,0,00,1,$
#,050,191,176,29.00,940.25,10.00,Frequency_MHz,RSSI_dBm,-0.03,-0.03,0.98,1.83,-0.61,5.74,46.26,-39.65,-42.77,1,0.00,0.00,0,0,0,3.92,2.40,83.4,0,00,1,$
#,050,191,176,29.00,940.25,10.00,Frequency_MHz,RSSI_dBm,-0.03,-0.03,0.98,1.83,-0.61,5.74,46.26,-39.65,-42.77,1,0.00,0.00,0,0,0,3.92,2.21,84.0,0,00,1,$
#,050,192,176,29.00,940.25,10.00,Frequency_MHz,RSSI_dBm,-0.03,-0.03,0.98,2.93,-0.92,-0.55,46.58,-40.30,-41.04,1,0.00,0.00,0,0,0,3.91,1.83,84.0,0,00,1,$
#,050,192,177,29.00,940.25,10.00,Frequency_MHz,RSSI_dBm,-0.03,-0.03,0.98,2.93,-0.92,-0.55,46.58,-40.30,-41.04,1,0.00,0.00,0,0,0,3.91,1.83,85.1,0,00,1,$
#,050,192,177,29.00,940.25,10.00,Frequency_MHz,RSSI_dBm,-0.02,-0.03,0.93,-0.31,-1.59,5.62,45.34,-41.11,-40.88,1,0.00,0.00,0,0,0,3.95,1.62,85.1,0,00,1,$
#,050,192,177,29.00,940.25,10.00,Frequency_MHz,RSSI_dBm,-0.02,-0.03,0.93,-0.31,-1.59,5.62,45.34,-41.11,-40.88,1,0.00,0.00,0,0,0,3.95,1.62,84.0,0,00,1,$
#,050,192,177,29.00,940.25,10.00,Frequency_MHz,RSSI_dBm,-0.02,-0.03,0.93,-0.31,-1.59,5.62,45.34,-41.11,-40.88,1,0.00,0.00,0,0,0,3.91,2.47,85.1,0,00,1,$
#,050,192,177,29.00,940.25,10.00,Frequency_MHz,RSSI_dBm,-0.02,-0.03,0.93,2.32,-0.61,18.01,46.08,-40.60,-42.33,1,0.00,0.00,0,0,0,3.91,2.47,84.0,0,00,1,$
#,050,192,177,29.00,940.25,10.00,Frequency_MHz,RSSI_dBm,-0.02,-0.03,0.93,2.32,-0.61,18.01,46.08,-40.60,-42.33,1,0.00,0.00,0,0,0,3.90,1.89,85.1,0,00,1,$
#,050,192,177,29.00,940.25,10.00,Frequency_MHz,RSSI_dBm,-0.03,-0.03,0.98,1.65,0.61,-1.10,45.62,-40.61,-40.76,1,0.00,0.00,0,0,0,3.94,1.66,83.4,0,00,1,$
#,050,192,177,29.00,940.25,10.00,Frequency_MHz,RSSI_dBm,-0.03,-0.03,0.98,1.65,0.61,-1.10,45.62,-40.61,-40.76,1,0.00,0.00,0,0,0,3.94,1.66,84.5,0,00,1,$
#,050,193,177,29.00,940.25,10.00,Frequency_MHz,RSSI_dBm,-0.03,-0.03,0.98,1.65,0.61,-1.10,45.62,-40.61,-40.76,1,0.00,0.00,0,0,0,3.95,1.60,84.5,0,00,1,$
#,050,193,178,29.00,940.25,10.00,Frequency_MHz,RSSI_dBm,-0.03,-0.03,0.98,1.16,0.49,0.18,44.85,-40.58,-38.60,1,0.00,0.00,0,0,0,3.95,1.60,83.4,0,00,1,$
#,050,193,178,29.00,940.25,10.00,Frequency_MHz,RSSI_dBm,-0.03,-0.03,0.98,1.16,0.49,0.18,44.85,-40.58,-38.60,1,0.00,0.00,0,0,0,3.94,2.41,85.6,0,00,1,$
#,050,193,178,29.00,940.25,10.00,Frequency_MHz,RSSI_dBm,-0.03,-0.03,0.98,1.59,0.43,-2.20,47.09,-39.47,-44.58,1,0.00,0.00,0,0,0,3.91,2.29,85.1,0,00,1,$
#,050,193,178,29.00,940.25,10.00,Frequency_MHz,RSSI_dBm,-0.03,-0.03,0.98,1.59,0.43,-2.20,47.09,-39.47,-44.58,1,0.00,0.00,0,0,0,3.91,2.29,85.1,0,00,1,$
#,050,193,178,29.00,940.25,10.00,Frequency_MHz,RSSI_dBm,-0.03,-0.03,0.98,1.59,0.43,-2.20,47.09,-39.47,-44.58,1,0.00,0.00,0,0,0,3.94,1.69,84.0,0,00,1,$
#,050,193,178,29.00,940.25,10.00,Frequency_MHz,RSSI_dBm,-0.02,-0.03,0.99,0.67,-0.79,20.81,47.17,-39.28,-41.97,1,0.00,0.00,0,0,0,3.94,1.69,84.5,0,00,1,$
#,050,193,178,29.00,940.25,10.00,Frequency_MHz,RSSI_dBm,-0.02,-0.03,0.99,0.67,-0.79,20.81,47.17,-39.28,-41.97,1,0.00,0.00,0,0,0,3.94,1.73,84.5,0,00,1,$
#,050,194,178,29.00,940.25,10.00,Frequency_MHz,RSSI_dBm,-0.02,-0.02,0.96,-5.92,-4.39,-4.15,44.58,-39.76,-39.61,1,0.00,0.00,0,0,0,3.95,1.59,84.0,0,00,1,$
#,050,194,178,29.00,940.25,10.00,Frequency_MHz,RSSI_dBm,-0.02,-0.02,0.96,-5.92,-4.39,-4.15,44.58,-39.76,-39.61,1,0.00,0.00,0,0,0,3.95,1.59,83.4,0,00,1,$
#,050,194,179,29.00,940.25,10.00,Frequency_MHz,RSSI_dBm,-0.02,-0.02,0.96,-5.92,-4.39,-4.15,44.58,-39.76,-39.61,1,0.00,0.00,0,0,0,3.92,2.38,86.2,0,00,1,$
#,050,194,179,29.00,940.25,10.00,Frequency_MHz,RSSI_dBm,-0.02,-0.04,0.94,-12.45,-1.10,27.95,46.94,-38.78,-42.42,1,0.00,0.00,0,0,0,3.94,2.33,85.6,0,00,1,$
#,050,194,179,29.00,940.25,10.00,Frequency_MHz,RSSI_dBm,-0.02,-0.04,0.94,-12.45,-1.10,27.95,46.94,-38.78,-42.42,1,0.00,0.00,0,0,0,3.94,2.33,83.4,0,00,1,$
#,050,194,179,29.00,940.25,10.00,Frequency_MHz,RSSI_dBm,-0.02,-0.03,0.98,1.22,0.55,0.61,45.06,-41.19,-40.87,1,0.00,0.00,0,0,0,3.91,2.37,84.5,0,00,1,$
#,050,194,179,29.00,940.25,10.00,Frequency_MHz,RSSI_dBm,-0.02,-0.03,0.98,1.22,0.55,0.61,45.06,-41.19,-40.87,1,0.00,0.00,0,0,0,3.91,2.37,86.2,0,00,1,$
#,050,194,179,29.00,940.25,10.00,Frequency_MHz,RSSI_dBm,-0.02,-0.03,0.99,1.59,0.43,0.67,44.98,-40.38,-40.53,1,0.00,0.00,0,0,0,3.94,2.40,84.5,0,00,1,$
#,050,195,179,29.00,940.25,10.00,Frequency_MHz,RSSI_dBm,-0.02,-0.03,0.99,1.59,0.43,0.67,44.98,-40.38,-40.53,1,0.00,0.00,0,0,0,3.90,2.39,85.1,0,00,1,$
#,050,195,179,29.00,940.25,10.00,Frequency_MHz,RSSI_dBm,-0.02,-0.03,0.99,1.59,0.43,0.67,44.98,-40.38,-40.53,1,0.00,0.00,0,0,0,3.90,2.39,84.0,0,00,1,$
#,050,195,180,29.00,940.25,10.00,Frequency_MHz,RSSI_dBm,-0.03,-0.03,0.98,2.38,0.49,3.91,45.03,-40.06,-38.54,1,0.00,0.00,0,0,0,3.94,1.59,84.0,0,00,1,$
#,050,195,180,29.00,940.25,10.00,Frequency_MHz,RSSI_dBm,-0.03,-0.03,0.98,2.38,0.49,3.91,45.03,-40.06,-38.54,1,0.00,0.00,0,0,0,3.95,2.27,84.0,0,00,1,$
#,050,195,180,29.00,940.25,10.00,Frequency_MHz,RSSI_dBm,-0.02,-0.03,0.98,1.65,0.61,1.65,46.07,-40.61,-41.86,1,0.00,0.00,0,0,0,3.95,2.27,84.0,0,00,1,$
#,050,195,180,29.00,940.25,10.00,Frequency_MHz,RSSI_dBm,-0.02,-0.03,0.98,1.65,0.61,1.65,46.07,-40.61,-41.86,1,0.00,0.00,0,0,0,3.92,2.50,85.6,0,00,1,$
#,050,195,180,29.00,940.25,10.00,Frequency_MHz,RSSI_dBm,-0.03,-0.03,0.98,2.26,-0.73,0.67,44.25,-40.31,-41.22,1,0.00,0.00,0,0,0,3.92,2.50,83.4,0,00,1,$
#,050,195,180,29.00,940.25,10.00,Frequency_MHz,RSSI_dBm,-0.03,-0.03,0.98,2.26,-0.73,0.67,44.25,-40.31,-41.22,1,0.00,0.00,0,0,0,3.93,2.49,85.1,0,00,1,$
#,050,196,180,29.00,940.25,10.00,Frequency_MHz,RSSI_dBm,-0.03,-0.03,0.98,2.26,-0.73,0.67,44.25,-40.31,-41.22,1,0.00,0.00,0,0,0,3.95,1.55,84.5,0,00,1,$
#,050,196,180,29.00,940.25,10.00,Frequency_MHz,RSSI_dBm,-0.02,-0.03,0.99,2.38,-0.12,0.24,44.79,-40.30,-39.81,1,0.00,0.00,0,0,0,3.95,1.55,84.0,0,00,1,$
#,050,196,180,29.00,940.25,10.00,Frequency_MHz,RSSI_dBm,-0.02,-0.03,0.99,2.38,-0.12,0.24,44.79,-40.30,-39.81,1,0.00,0.00,0,0,0,3.94,2.30,84.5,0,00,1,$
#,050,196,181,29.00,940.25,10.00,Frequency_MHz,RSSI_dBm,-0.02,-0.02,1.02,-8.61,-0.98,-19.47,45.29,-40.75,-40.92,1,0.00,0.00,0,0,0,3.94,2.30,84.5,0,00,1,$
#,050,196,181,29.00,940.25,10.00,Frequency_MHz,RSSI_dBm,-0.02,-0.02,1.02,-8.61,-0.98,-19.47,45.29,-40.75,-40.92,1,0.00,0.00,0,0,0,3.95,1.63,85.6,0,00,1,$
#,050,196,181,29.00,940.25,10.00,Frequency_MHz,RSSI_dBm,-0.02,-0.02,1.02,-8.61,-0.98,-19.47,45.29,-40.75,-40.92,1,0.00,0.00,0,0,0,3.94,1.66,85.1,0,00,1,$
#,050,196,181,29.00,940.25,10.00,Frequency_MHz,RSSI_dBm,-0.02,-0.03,0.93,-0.92,-0.24,-3.97,45.29,-41.06,-40.88,1,0.00,0.00,0,0,0,3.94,1.66,85.1,0,00,1,$
#,050,196,181,29.00,940.25,10.00,Frequency_MHz,RSSI_dBm,-0.02,-0.03,0.93,-0.92,-0.24,-3.97,45.29,-41.06,-40.88,1,0.00,0.00,0,0,0,3.94,1.67,84.0,0,00,1,$
#,050,197,181,29.00,940.25,10.00,Frequency_MHz,RSSI_dBm,-0.02,-0.03,0.98,0.98,0.61,0.67,45.45,-40.22,-42.96,1,0.00,0.00,0,0,0,3.94,1.67,85.6,0,00,1,$
#,050,197,181,29.00,940.25,10.00,Frequency_MHz,RSSI_dBm,-0.02,-0.03,0.98,0.98,0.61,0.67,45.45,-40.22,-42.96,1,0.00,0.00,0,0,0,3.90,2.63,84.5,0,00,1,$
#,050,197,181,29.00,940.25,10.00,Frequency_MHz,RSSI_dBm,-0.02,-0.03,0.98,0.98,0.61,0.67,45.45,-40.22,-42.96,1,0.00,0.00,0,0,0,3.91,2.33,84.5,0,00,1,$
#,050,197,181,29.00,940.25,10.00,Frequency_MHz,RSSI_dBm,-0.03,-0.03,0.98,2.75,0.55,3.17,46.94,-39.43,-43.96,1,0.00,0.00,0,0,0,3.91,2.33,84.5,0,00,1,$
#,050,197,182,29.00,940.25,10.00,Frequency_MHz,RSSI_dBm,-0.03,-0.03,0.98,2.75,0.55,3.17,46.94,-39.43,-43.96,1,0.00,0.00,0,0,0,3.91,1.71,85.1,0,00,1,$
#,050,197,182,29.00,940.25,10.00,Frequency_MHz,RSSI_dBm,-0.03,-0.03,0.98,2.62,0.67,0.61,45.57,-40.44,-297.60,1,0.00,0.00,0,0,0,3.94,1.68,86.7,0,00,1,$
#,050,197,182,29.00,940.25,10.00,Frequency_MHz,RSSI_dBm,-0.03,-0.03,0.98,2.62,0.67,0.61,45.57,-40.44,-297.60,1,0.00,0.00,0,0,0,3.95,1.63,85.6,0,00,1,$
#,050,198,182,29.00,940.25,10.00,Frequency_MHz,RSSI_dBm,-0.03,-0.03,0.99,2.32,0.61,0.92,44.92,-39.71,-40.37,1,0.00,0.00,0,0,0,3.95,1.63,83.4,0,00,1,$
#,050,198,182,29.00,940.25,10.00,Frequency_MHz,RSSI_dBm,-0.03,-0.03,0.99,2.32,0.61,0.92,44.92,-39.71,-40.37,1,0.00,0.00,0,0,0,3.90,2.42,85.1,0,00,1,$
#,050,198,182,29.00,940.25,10.00,Frequency_MHz,RSSI_dBm,-0.03,-0.03,0.98,-2.93,1.95,-5.13,45.61,-39.99,-40.89,1,0.00,0.00,0,0,0,3.90,2.42,85.6,0,00,1,$
#,050,198,182,29.00,940.25,10.00,Frequency_MHz,RSSI_dBm,-0.03,-0.03,0.98,-2.93,1.95,-5.13,45.61,-39.99,-40.89,1,0.00,0.00,0,0,0,3.91,2.41,83.4,0,00,1,$
#,050,198,182,29.00,940.25,10.00,Frequency_MHz,RSSI_dBm,-0.03,-0.03,0.98,-2.93,1.95,-5.13,45.61,-39.99,-40.89,1,0.00,0.00,0,0,0,3.95,1.63,85.1,0,00,1,$
#,050,198,183,29.00,940.25,10.00,Frequency_MHz,RSSI_dBm,-0.02,-0.01,0.97,2.26,-0.18,30.03,44.42,-40.00,-39.38,1,0.00,0.00,0,0,0,3.95,1.63,85.6,0,00,1,$
#,050,198,183,29.00,940.25,10.00,Frequency_MHz,RSSI_dBm,-0.02,-0.01,0.97,2.26,-0.18,30.03,44.42,-40.00,-39.38,1,0.00,0.00,0,0,0,3.94,1.66,84.0,0,00,1,$
#,050,198,183,29.00,940.25,10.00,Frequency_MHz,RSSI_dBm,-0.02,-0.04,0.93,-8.85,0.73,-66.59,46.34,-39.89,-44.29,1,0.00,0.00,0,0,0,3.94,1.66,84.5,0,00,1,$
#,050,199,183,29.00,940.25,10.00,Frequency_MHz,RSSI_dBm,-0.02,-0.04,0.93,-8.85,0.73,-66.59,46.34,-39.89,-44.29,1,0.00,0.00,0,0,0,3.93,1.95,85.6,0,00,1,$
#,050,199,183,29.00,940.25,10.00,Frequency_MHz,RSSI_dBm,-0.02,-0.04,0.93,-8.85,0.73,-66.59,46.34,-39.89,-44.29,1,0.00,0.00,0,0,0,3.90,2.63,84.5,0,00,1,$
#,050,199,183,29.00,940.25,10.00,Frequency_MHz,RSSI_dBm,-0.02,-0.03,0.98,-0.18,0.79,-14.71,46.19,-40.05,-43.24,1,0.00,0.00,0,0,0,3.90,2.63,85.1,0,00,1,$
#,050,199,183,29.00,940.25,10.00,Frequency_MHz,RSSI_dBm,-0.02,-0.03,0.98,-0.18,0.79,-14.71,46.19,-40.05,-43.24,1,0.00,0.00,0,0,0,3.94,1.68,85.1,0,00,1,$
#,050,199,183,29.00,940.25,10.00,Frequency_MHz,RSSI_dBm,-0.03,-0.03,0.98,1.77,0.85,-1.34,44.84,-39.99,-39.40,1,0.00,0.00,0,0,0,3.94,1.68,83.4,0,00,1,$
#,050,199,183,29.00,940.25,10.00,Frequency_MHz,RSSI_dBm,-0.03,-0.03,0.98,1.77,0.85,-1.34,44.84,-39.99,-39.40,1,0.00,0.00,0,0,0,3.95,1.48,86.7,0,00,1,$
#,050,199,184,29.00,940.25,10.00,Frequency_MHz,RSSI_dBm,-0.02,-0.03,0.98,1.22,0.49,1.22,45.43,-40.30,-39.65,1,0.00,0.00,0,0,0,3.95,1.57,84.5,0,00,1,$
#,050,199,184,29.00,940.25,10.00,Frequency_MHz,RSSI_dBm,-0.02,-0.03,0.98,1.22,0.49,1.22,45.43,-40.30,-39.65,1,0.00,0.00,0,0,0,3.95,1.57,84.5,0,00,1,$
#,050,200,184,29.00,940.25,10.00,Frequency_MHz,RSSI_dBm,-0.02,-0.03,0.98,1.22,0.49,1.22,45.43,-40.30,-39.65,1,0.00,0.00,0,0,0,3.93,2.32,84.5,0,00,1,$
#,050,200,184,29.00,940.25,10.00,Frequency_MHz,RSSI_dBm,-0.05,-0.01,0.93,1.40,0.67,0.00,44.90,-40.42,-40.99,1,0.00,0.00,0,0,0,3.95,1.55,84.0,0,00,1,$
#,050,200,184,29.00,940.25,10.00,Frequency_MHz,RSSI_dBm,-0.05,-0.01,0.93,1.40,0.67,0.00,44.90,-40.42,-40.99,1,0.00,0.00,0,0,0,3.95,1.55,85.6,0,00,1,$
#,050,200,184,29.00,940.25,10.00,Frequency_MHz,RSSI_dBm,-0.02,-0.03,0.93,-8.48,-0.79,-48.58,45.80,-39.95,-42.44,1,0.00,0.00,0,0,0,3.91,1.75,86.7,0,00,1,$
#,050,200,184,29.00,940.25,10.00,Frequency_MHz,RSSI_dBm,-0.02,-0.03,0.93,-8.48,-0.79,-48.58,45.80,-39.95,-42.44,1,0.00,0.00,0,0,0,3.91,1.75,85.6,0,00,1,$
#,050,200,184,29.00,940.25,10.00,Frequency_MHz,RSSI_dBm,-0.00,-0.02,0.93,-0.61,-0.43,2.32,44.70,-40.28,-38.95,1,0.00,0.00,0,0,0,3.95,1.61,85.1,0,00,1,$
#,050,200,184,29.00,940.25,10.00,Frequency_MHz,RSSI_dBm,-0.00,-0.02,0.93,-0.61,-0.43,2.32,44.70,-40.28,-38.95,1,0.00,0.00,0,0,0,3.93,1.49,84.0,0,00,1,$
#,050,200,185,29.00,940.25,10.00,Frequency_MHz,RSSI_dBm,-0.00,-0.02,0.93,-0.61,-0.43,2.32,44.70,-40.28,-38.95,1,0.00,0.00,0,0,0,3.93,1.49,86.2,0,00,1,$
#,050,201,185,29.00,940.25,10.00,Frequency_MHz,RSSI_dBm,-0.02,-0.03,0.94,-3.17,-0.18,-31.31,45.24,-40.04,-39.92,1,0.00,0.00,0,0,0,3.94,1.67,86.2,0,00,1,$
#,050,201,185,29.00,940.25,10.00,Frequency_MHz,RSSI_dBm,-0.02,-0.03,0.94,-3.17,-0.18,-31.31,45.24,-40.04,-39.92,1,0.00,0.00,0,0,0,3.94,1.67,84.5,0,00,1,$
#,050,201,185,29.00,940.25,10.00,Frequency_MHz,RSSI_dBm,-0.02,-0.03,0.98,5.80,14.28,3.60,45.67,-39.37,-42.66,1,0.00,0.00,0,0,0,3.91,2.44,86.2,0,00,1,$
#,050,201,185,29.00,940.25,10.00,Frequency_MHz,RSSI_dBm,-0.02,-0.03,0.98,5.80,14.28,3.60,45.67,-39.37,-42.66,1,0.00,0.00,0,0,0,3.94,1.66,84.0,0,00,1,$
#,050,201,185,29.00,940.25,10.00,Frequency_MHz,RSSI_dBm,-0.02,-0.03,0.98,5.80,14.28,3.60,45.67,-39.37,-42.66,1,0.00,0.00,0,0,0,3.94,1.66,83.4,0,00,1,$
#,050,201,185,29.00,940.25,10.00,Frequency_MHz,RSSI_dBm,-0.02,-0.03,0.98,1.34,0.43,1.10,45.07,-40.06,-40.38,1,0.00,0.00,0,0,0,3.95,1.90,83.4,0,00,1,$
#,050,201,185,29.00,940.25,10.00,Frequency_MHz,RSSI_dBm,-0.02,-0.03,0.98,1.34,0.43,1.10,45.07,-40.06,-40.38,1,0.00,0.00,0,0,0,3.95,1.90,84.5,0,00,1,$
#,050,201,186,29.00,940.25,10.00,Frequency_MHz,RSSI_dBm,-0.02,-0.03,0.98,0.92,0.55,1.28,45.91,-39.60,-41.59,1,0.00,0.00,0,0,0,3.91,2.28,86.2,0,00,1,$
#,050,202,186,29.00,940.25,10.00,Frequency_MHz,RSSI_dBm,-0.02,-0.03,0.98,0.92,0.55,1.28,45.91,-39.60,-41.59,1,0.00,0.00,0,0,0,3.94,1.63,83.4,0,00,1,$
#,050,202,186,29.00,940.25,10.00,Frequency_MHz,RSSI_dBm,-0.02,-0.03,0.98,0.92,0.55,1.28,45.91,-39.60,-41.59,1,0.00,0.00,0,0,0,3.94,1.63,87.3,0,00,1,$
#,050,202,186,29.00,940.25,10.00,Frequency_MHz,RSSI_dBm,-0.02,-0.03,0.98,0.92,0.55,1.28,45.91,-39.60,-41.59,1,0.00,0.00,0,0,0,3.95,1.66,86.2,0,00,1,$
#,050,202,186,29.00,940.25,10.00,Frequency_MHz,RSSI_dBm,-0.02,-0.03,0.98,1.65,0.73,1.04,45.06,-39.88,-41.19,1,0.00,0.00,0,0,0,3.95,1.66,85.1,0,00,1,$
#,050,202,186,29.00,940.25,10.00,Frequency_MHz,RSSI_dBm,-0.02,-0.03,0.98,2.69,-0.67,1.89,45.00,-41.02,-40.81,1,0.00,0.00,0,0,0,3.94,1.63,84.0,0,00,1,$
#,050,202,186,29.00,940.25,10.00,Frequency_MHz,RSSI_dBm,-0.02,-0.03,0.98,2.69,-0.67,1.89,45.00,-41.02,-40.81,1,0.00,0.00,0,0,0,3.94,1.63,83.4,0,00,1,$
#,050,202,186,29.00,940.25,10.00,Frequency_MHz,RSSI_dBm,-0.02,-0.03,0.98,2.69,-0.67,1.89,45.00,-41.02,-40.81,1,0.00,0.00,0,0,0,3.95,1.59,85.1,0,00,1,$
#,050,202,186,29.00,940.25,10.00,Frequency_MHz,RSSI_dBm,-0.00,-0.03,1.01,-12.39,3.36,-4.58,46.33,-39.53,-41.94,1,0.00,0.00,0,0,0,3.94,1.57,85.1,0,00,1,$
#,050,202,187,29.00,940.25,10.00,Frequency_MHz,RSSI_dBm,-0.00,-0.03,1.01,-12.39,3.36,-4.58,46.33,-39.53,-41.94,1,0.00,0.00,0,0,0,3.94,1.57,84.5,0,00,1,$
#,050,203,187,29.00,940.25,10.00,Frequency_MHz,RSSI_dBm,-0.02,-0.04,0.94,-8.18,-1.83,-41.38,46.36,-39.72,-41.82,1,0.00,0.00,0,0,0,3.91,2.53,84.0,0,00,1,$
#,050,203,187,29.00,940.25,10.00,Frequency_MHz,RSSI_dBm,-0.02,-0.04,0.94,-8.18,-1.83,-41.38,46.36,-39.72,-41.82,1,0.00,0.00,0,0,0,3.91,2.53,84.5,0,00,1,$
#,050,203,187,29.00,940.25,10.00,Frequency_MHz,RSSI_dBm,-0.02,-0.04,0.94,-8.18,-1.83,-41.38,46.36,-39.72,-41.82,1,0.00,0.00,0,0,0,3.91,2.47,84.5,0,00,1,$
#,050,203,187,29.00,940.25,10.00,Frequency_MHz,RSSI_dBm,-0.03,-0.03,0.98,1.71,0.55,0.18,45.84,-39.99,-42.55,1,0.00,0.00,0,0,0,3.94,1.63,85.1,0,00,1,$
#,050,203,187,29.00,940.25,10.00,Frequency_MHz,RSSI_dBm,-0.03,-0.03,0.98,1.71,0.55,0.18,45.84,-39.99,-42.55,1,0.00,0.00,0,0,0,3.94,1.63,83.4,0,00,1,$
#,050,203,187,29.00,940.25,10.00,Frequency_MHz,RSSI_dBm,-0.03,-0.03,0.99,1.34,0.55,0.55,44.80,-41.27,-40.78,1,0.00,0.00,0,0,0,3.95,1.60,82.9,0,00,1,$
#,050,203,187,29.00,940.25,10.00,Frequency_MHz,RSSI_dBm,-0.03,-0.03,0.99,1.34,0.55,0.55,44.80,-41.27,-40.78,1,0.00,0.00,0,0,0,3.95,1.60,84.5,0,00,1,$
#,050,203,187,29.00,940.25,10.00,Frequency_MHz,RSSI_dBm,-0.03,-0.03,0.99,1.10,0.49,1.22,44.89,-40.98,-40.03,1,0.00,0.00,0,0,0,3.92,2.40,83.4,0,00,1,$
#,050,204,188,29.00,940.25,10.00,Frequency_MHz,RSSI_dBm,-0.03,-0.03,0.99,1.10,0.49,1.22,44.89,-40.98,-40.03,1,0.00,0.00,0,0,0,3.94,1.64,84.5,0,00,1,$
#,050,204,188,29.00,940.25,10.00,Frequency_MHz,RSSI_dBm,-0.03,-0.03,0.99,1.10,0.49,1.22,44.89,-40.98,-40.03,1,0.00,0.00,0,0,0,3.94,1.64,86.2,0,00,1,$
#,050,204,188,29.00,940.25,10.00,Frequency_MHz,RSSI_dBm,-0.03,-0.03,0.98,0.92,0.43,1.40,45.07,-41.63,-114.16,1,0.00,0.00,0,0,0,3.94,1.59,85.1,0,00,1,$
#,050,204,188,29.00,940.25,10.00,Frequency_MHz,RSSI_dBm,-0.03,-0.03,0.98,0.92,0.43,1.40,45.07,-41.63,-114.16,1,0.00,0.00,0,0,0,3.94,1.67,83.4,0,00,1,$
#,050,204,188,29.00,940.25,10.00,Frequency_MHz,RSSI_dBm,-0.03,-0.02,0.98,1.65,0.55,1.16,45.32,-39.84,-41.96,1,0.00,0.00,0,0,0,3.94,1.67,86.2,0,00,1,$
#,050,204,188,29.00,940.25,10.00,Frequency_MHz,RSSI_dBm,-0.03,-0.02,0.98,1.65,0.55,1.16,45.32,-39.84,-41.96,1,0.00,0.00,0,0,0,3.91,1.83,85.6,0,00,1,$
#,050,204,188,29.00,940.25,10.00,Frequency_MHz,RSSI_dBm,-0.03,-0.02,0.98,1.65,0.55,1.16,45.32,-39.84,-41.96,1,0.00,0.00,0,0,0,3.91,1.83,85.6,0,00,1,$
#,050,204,188,29.00,940.25,10.00,Frequency_MHz,RSSI_dBm,-0.02,-0.03,0.98,2.62,-0.85,-1.95,45.10,-40.73,-39.44,1,0.00,0.00,0,0,0,3.95,1.54,83.4,0,00,1,$
#,050,205,189,29.00,940.25,10.00,Frequency_MHz,RSSI_dBm,-0.02,-0.03,0.98,2.62,-0.85,-1.95,45.10,-40.73,-39.44,1,0.00,0.00,0,0,0,3.95,1.54,85.1,0,00,1,$
#,050,205,189,29.00,940.25,10.00,Frequency_MHz,RSSI_dBm,-0.02,-0.03,0.98,2.08,0.00,-2.75,45.10,-40.38,-40.54,1,0.00,0.00,0,0,0,3.95,1.59,85.1,0,00,1,$
#,050,205,189,29.00,940.25,10.00,Frequency_MHz,RSSI_dBm,-0.02,-0.03,0.98,2.08,0.00,-2.75,45.10,-40.38,-40.54,1,0.00,0.00,0,0,0,3.94,1.66,84.5,0,00,1,$
#,050,205,189,29.00,940.25,10.00,Frequency_MHz,RSSI_dBm,-0.02,-0.03,0.98,2.08,0.00,-2.75,45.10,-40.38,-40.54,1,0.00,0.00,0,0,0,3.94,1.66,86.2,0,00,1,$
#,050,205,189,29.00,940.25,10.00,Frequency_MHz,RSSI_dBm,-0.03,-0.03,0.98,0.98,0.31,0.85,45.42,-40.55,-39.81,1,0.00,0.00,0,0,0,3.91,1.97,85.1,0,00,1,$
#,050,205,189,29.00,940.25,10.00,Frequency_MHz,RSSI_dBm,-0.03,-0.03,0.98,0.98,0.31,0.85,45.42,-40.55,-39.81,1,0.00,0.00,0,0,0,3.91,1.97,85.6,0,00,1,$
#,050,205,189,29.00,940.25,10.00,Frequency_MHz,RSSI_dBm,-0.02,-0.03,0.97,0.43,0.55,-4.58,44.98,-40.39,-39.81,1,0.00,0.00,0,0,0,3.92,2.45,85.6,0,00,1,$
#,050,205,189,29.00,940.25,10.00,Frequency_MHz,RSSI_dBm,-0.02,-0.03,0.97,0.43,0.55,-4.58,44.98,-40.39,-39.81,1,0.00,0.00,0,0,0,3.91,2.07,85.1,0,00,1,$
#,050,206,189,29.00,940.25,10.00,Frequency_MHz,RSSI_dBm,-0.02,-0.03,0.97,0.43,0.55,-4.58,44.98,-40.39,-39.81,1,0.00,0.00,0,0,0,3.91,2.07,83.4,0,00,1,$
#,050,206,190,29.00,940.25,10.00,Frequency_MHz,RSSI_dBm,-0.02,-0.03,0.99,1.59,0.92,2.26,44.84,-40.37,-39.94,1,0.00,0.00,0,0,0,3.92,2.29,83.4,0,00,1,$
#,050,206,190,29.00,940.25,10.00,Frequency_MHz,RSSI_dBm,-0.02,-0.03,0.99,1.59,0.92,2.26,44.84,-40.37,-39.94,1,0.00,0.00,0,0,0,3.94,2.45,85.6,0,00,1,$
#,050,206,190,29.00,940.25,10.00,Frequency_MHz,RSSI_dBm,-0.02,-0.03,0.98,2.32,0.49,2.75,45.29,327.86,-382.86,1,0.00,0.00,0,0,0,3.94,2.45,84.0,0,00,1,$
#,050,206,190,29.00,940.25,10.00,Frequency_MHz,RSSI_dBm,-0.02,-0.03,0.98,2.32,0.49,2.75,45.29,327.86,-382.86,1,0.00,0.00,0,0,0,3.94,1.60,85.1,0,00,1,$
#,050,206,190,29.00,940.25,10.00,Frequency_MHz,RSSI_dBm,-0.03,-0.03,0.97,1.28,0.49,0.67,45.06,-40.69,-40.81,1,0.00,0.00,0,0,0,3.94,1.60,83.4,0,00,1,$
#,050,206,190,29.00,940.25,10.00,Frequency_MHz,RSSI_dBm,-0.03,-0.03,0.97,1.28,0.49,0.67,45.06,-40.69,-40.81,1,0.00,0.00,0,0,0,3.94,2.21,85.1,0,00,1,$
#,050,206,190,29.00,940.25,10.00,Frequency_MHz,RSSI_dBm,-0.03,-0.03,0.97,1.28,0.49,0.67,45.06,-40.69,-40.81,1,0.00,0.00,0,0,0,3.94,1.96,85.1,0,00,1,$
#,050,207,190,29.00,940.25,10.00,Frequency_MHz,RSSI_dBm,-0.02,-0.04,0.96,-15.08,-0.61,-66.22,45.73,-40.62,-39.20,1,0.00,0.00,0,0,0,3.94,1.96,85.6,0,00,1,$
#,050,207,190,29.00,940.25,10.00,Frequency_MHz,RSSI_dBm,-0.02,-0.04,0.96,-15.08,-0.61,-66.22,45.73,-40.62,-39.20,1,0.00,0.00,0,0,0,3.93,2.23,84.5,0,00,1,$
#,050,207,191,29.00,940.25,10.00,Frequency_MHz,RSSI_dBm,-0.02,-0.04,0.96,-15.08,-0.61,-66.22,45.73,-40.62,-39.20,1,0.00,0.00,0,0,0,3.93,2.23,84.0,0,00,1,$
#,050,207,191,29.00,940.25,10.00,Frequency_MHz,RSSI_dBm,-0.02,-0.04,0.96,-15.08,-0.61,-66.22,45.73,-40.62,-39.20,1,0.00,0.00,0,0,0,3.95,1.75,82.3,0,00,1,$
#,050,207,191,29.00,940.25,10.00,Frequency_MHz,RSSI_dBm,-0.02,-0.04,0.96,-15.08,-0.61,-66.22,45.73,-40.62,-39.20,1,0.00,0.00,0,0,0,3.95,1.75,82.3,0,00,1,$
#,050,207,191,29.00,940.25,10.00,Frequency_MHz,RSSI_dBm,-0.02,-0.04,0.96,-15.08,-0.61,-66.22,45.73,-40.62,-39.20,1,0.00,0.00,0,0,0,3.95,1.70,82.9,0,00,1,$
#,050,207,191,29.00,940.25,10.00,Frequency_MHz,RSSI_dBm,-0.02,-0.04,0.96,-15.08,-0.61,-66.22,45.73,-40.62,-39.20,1,0.00,0.00,0,0,0,3.95,1.70,82.9,0,00,1,$
#,050,207,191,29.00,940.25,10.00,Frequency_MHz,RSSI_dBm,-0.02,-0.04,0.96,-15.08,-0.61,-66.22,45.73,-40.62,-39.20,1,0.00,0.00,0,0,0,3.94,1.69,82.3,0,00,1,$
#,050,207,191,29.00,940.25,10.00,Frequency_MHz,RSSI_dBm,-0.02,-0.04,0.96,-15.08,-0.61,-66.22,45.73,-40.62,-39.20,1,0.00,0.00,0,0,0,3.94,1.69,81.8,0,00,1,$
#,050,208,191,29.00,940.25,10.00,Frequency_MHz,RSSI_dBm,-0.03,-0.03,0.98,0.37,0.61,-10.01,44.48,-41.30,-39.67,1,0.00,0.00,0,0,0,3.93,1.46,81.8,0,00,1,$
#,050,208,191,29.00,940.25,10.00,Frequency_MHz,RSSI_dBm,-0.03,-0.03,0.98,0.37,0.61,-10.01,44.48,-41.30,-39.67,1,0.00,0.00,0,0,0,3.95,1.46,81.2,0,00,1,$
#,050,208,192,29.00,940.25,10.00,Frequency_MHz,RSSI_dBm,-0.02,-0.03,0.97,1.53,0.37,-1.34,44.57,-40.77,-40.28,1,0.00,0.00,0,0,0,3.95,1.46,81.2,0,00,1,$
#,050,208,192,29.00,940.25,10.00,Frequency_MHz,RSSI_dBm,-0.02,-0.03,0.97,1.53,0.37,-1.34,44.57,-40.77,-40.28,1,0.00,0.00,0,0,0,3.88,2.82,84.5,0,00,1,$
#,050,208,192,29.00,940.25,10.00,Frequency_MHz,RSSI_dBm,-0.03,-0.03,0.98,1.53,0.61,-1.16,46.79,-39.78,-42.50,1,0.00,0.00,0,0,0,3.88,2.82,82.3,0,00,1,$
#,050,208,192,29.00,940.25,10.00,Frequency_MHz,RSSI_dBm,-0.03,-0.03,0.98,1.53,0.61,-1.16,46.79,-39.78,-42.50,1,0.00,0.00,0,0,0,3.90,2.67,84.0,0,00,1,$
#,050,208,192,29.00,940.25,10.00,Frequency_MHz,RSSI_dBm,-0.03,-0.03,0.98,1.53,0.61,-1.16,46.79,-39.78,-42.50,1,0.00,0.00,0,0,0,3.90,2.67,84.5,0,00,1,$
#,050,208,192,29.00,940.25,10.00,Frequency_MHz,RSSI_dBm,-0.01,-0.02,0.95,0.49,-4.58,-12.94,44.96,-40.75,-41.28,1,0.00,0.00,0,0,0,3.90,1.94,85.1,0,00,1,$
#,050,208,192,29.00,940.25,10.00,Frequency_MHz,RSSI_dBm,-0.01,-0.02,0.95,0.49,-4.58,-12.94,44.96,-40.75,-41.28,1,0.00,0.00,0,0,0,3.94,1.82,85.1,0,00,1,$
#,050,209,192,29.00,940.25,10.00,Frequency_MHz,RSSI_dBm,-0.03,-0.03,0.98,1.83,0.12,-5.37,45.34,-40.26,-39.70,1,0.00,0.00,0,0,0,3.94,1.82,84.0,0,00,1,$
#,050,209,192,29.00,940.25,10.00,Frequency_MHz,RSSI_dBm,-0.03,-0.03,0.98,1.83,0.12,-5.37,45.34,-40.26,-39.70,1,0.00,0.00,0,0,0,3.90,1.86,84.5,0,00,1,$
#,050,209,193,29.00,940.25,10.00,Frequency_MHz,RSSI_dBm,-0.03,-0.03,0.98,1.83,0.12,-5.37,45.34,-40.26,-39.70,1,0.00,0.00,0,0,0,3.90,2.38,84.5,0,00,1,$
#,050,209,193,29.00,940.25,10.00,Frequency_MHz,RSSI_dBm,-0.02,-0.03,0.98,1.77,0.55,-3.11,47.06,-39.06,-42.59,1,0.00,0.00,0,0,0,3.90,2.38,85.1,0,00,1,$
#,050,209,193,29.00,940.25,10.00,Frequency_MHz,RSSI_dBm,-0.02,-0.03,0.98,1.77,0.55,-3.11,47.06,-39.06,-42.59,1,0.00,0.00,0,0,0,3.93,1.97,84.0,0,00,1,$
#,050,209,193,29.00,940.25,10.00,Frequency_MHz,RSSI_dBm,-0.03,-0.03,0.98,2.01,0.61,-2.87,46.03,-39.45,-41.60,1,0.00,0.00,0,0,0,3.93,1.97,85.6,0,00,1,$
#,050,209,193,29.00,940.25,10.00,Frequency_MHz,RSSI_dBm,-0.03,-0.03,0.98,2.01,0.61,-2.87,46.03,-39.45,-41.60,1,0.00,0.00,0,0,0,3.89,2.39,85.6,0,00,1,$
#,050,209,193,29.00,940.25,10.00,Frequency_MHz,RSSI_dBm,-0.02,-0.03,0.98,1.65,0.61,-1.22,44.81,-40.12,-39.55,1,0.00,0.00,0,0,0,3.93,1.96,84.0,0,00,1,$
#,050,210,193,29.00,940.25,10.00,Frequency_MHz,RSSI_dBm,-0.02,-0.03,0.98,1.65,0.61,-1.22,44.81,-40.12,-39.55,1,0.00,0.00,0,0,0,3.93,1.96,84.0,0,00,1,$
#,050,210,193,29.00,940.25,10.00,Frequency_MHz,RSSI_dBm,-0.02,-0.03,0.98,1.65,0.61,-1.22,44.81,-40.12,-39.55,1,0.00,0.00,0,0,0,3.93,1.88,85.6,0,00,1,$
#,050,210,194,29.00,940.25,10.00,Frequency_MHz,RSSI_dBm,-0.03,-0.03,0.98,1.65,0.61,-1.34,46.77,-39.49,-44.24,1,0.00,0.00,0,0,0,3.93,1.86,85.1,0,00,1,$
#,050,210,194,29.00,940.25,10.00,Frequency_MHz,RSSI_dBm,-0.03,-0.03,0.98,1.65,0.61,-1.34,46.77,-39.49,-44.24,1,0.00,0.00,0,0,0,3.93,1.86,86.2,0,00,1,$
#,050,210,194,29.00,940.25,10.00,Frequency_MHz,RSSI_dBm,-0.01,-0.02,0.94,-4.27,-1.22,-5.98,45.42,-40.33,-39.50,1,0.00,0.00,0,0,0,3.93,1.97,84.0,0,00,1,$
#,050,210,194,29.00,940.25,10.00,Frequency_MHz,RSSI_dBm,-0.01,-0.02,0.94,-4.27,-1.22,-5.98,45.42,-40.33,-39.50,1,0.00,0.00,0,0,0,3.91,2.77,85.1,0,00,1,$
#,050,210,194,29.00,940.25,10.00,Frequency_MHz,RSSI_dBm,-0.03,-0.03,0.95,-11.54,1.16,-41.08,45.36,-39.88,-41.59,1,0.00,0.00,0,0,0,3.91,2.77,86.2,0,00,1,$
#,050,211,194,29.00,940.25,10.00,Frequency_MHz,RSSI_dBm,-0.03,-0.03,0.95,-11.54,1.16,-41.08,45.36,-39.88,-41.59,1,0.00,0.00,0,0,0,3.93,1.95,84.5,0,00,1,$
#,050,211,194,29.00,940.25,10.00,Frequency_MHz,RSSI_dBm,-0.03,-0.03,0.95,-11.54,1.16,-41.08,45.36,-39.88,-41.59,1,0.00,0.00,0,0,0,3.93,1.95,84.0,0,00,1,$
#,050,211,194,29.00,940.25,10.00,Frequency_MHz,RSSI_dBm,-0.01,-0.03,0.93,5.37,-0.92,31.56,44.34,-40.33,-39.92,1,0.00,0.00,0,0,0,3.90,2.73,84.5,0,00,1,$
#,050,211,194,29.00,940.25,10.00,Frequency_MHz,RSSI_dBm,-0.01,-0.03,0.93,5.37,-0.92,31.56,44.34,-40.33,-39.92,1,0.00,0.00,0,0,0,3.94,1.73,85.1,0,00,1,$
#,050,211,195,29.00,940.25,10.00,Frequency_MHz,RSSI_dBm,-0.03,-0.03,0.97,0.92,-8.79,-10.86,44.75,-39.47,-39.73,1,0.00,0.00,0,0,0,3.94,1.73,84.5,0,00,1,$
#,050,211,195,29.00,940.25,10.00,Frequency_MHz,RSSI_dBm,-0.03,-0.03,0.97,0.92,-8.79,-10.86,44.75,-39.47,-39.73,1,0.00,0.00,0,0,0,3.90,2.72,85.1,0,00,1,$
#,050,211,195,29.00,940.25,10.00,Frequency_MHz,RSSI_dBm,-0.03,-0.03,0.97,0.92,-8.79,-10.86,44.75,-39.47,-39.73,1,0.00,0.00,0,0,0,3.90,2.72,86.2,0,00,1,$
#,050,211,195,29.00,940.25,10.00,Frequency_MHz,RSSI_dBm,-0.02,-0.02,0.98,2.14,0.92,-0.79,45.84,-38.92,-42.09,1,0.00,0.00,0,0,0,3.90,1.94,86.2,0,00,1,$
#,050,212,195,29.00,940.25,10.00,Frequency_MHz,RSSI_dBm,-0.02,-0.02,0.98,2.14,0.92,-0.79,45.84,-38.92,-42.09,1,0.00,0.00,0,0,0,3.89,2.77,86.2,0,00,1,$
#,050,212,195,29.00,940.25,10.00,Frequency_MHz,RSSI_dBm,-0.03,-0.03,0.98,1.71,0.49,-2.56,46.09,62.93,-381.15,1,0.00,0.00,0,0,0,3.89,2.77,84.5,0,00,1,$
#,050,212,195,29.00,940.25,10.00,Frequency_MHz,RSSI_dBm,-0.03,-0.03,0.98,1.71,0.49,-2.56,46.09,62.93,-381.15,1,0.00,0.00,0,0,0,3.93,2.06,86.2,0,00,1,$
#,050,212,195,29.00,940.25,10.00,Frequency_MHz,RSSI_dBm,-0.02,-0.02,0.93,1.59,0.61,-1.53,46.64,-39.05,-42.14,1,0.00,0.00,0,0,0,3.93,2.23,85.1,0,00,1,$
#,050,212,196,29.00,940.25,10.00,Frequency_MHz,RSSI_dBm,-0.02,-0.02,0.93,1.59,0.61,-1.53,46.64,-39.05,-42.14,1,0.00,0.00,0,0,0,3.88,2.91,84.5,0,00,1,$
#,050,212,196,29.00,940.25,10.00,Frequency_MHz,RSSI_dBm,0.00,-0.02,0.98,-1.53,1.40,1.28,44.60,-40.54,-41.37,1,0.00,0.00,0,0,0,3.88,2.91,84.0,0,00,1,$
#,050,212,196,29.00,940.25,10.00,Frequency_MHz,RSSI_dBm,0.00,-0.02,0.98,-1.53,1.40,1.28,44.60,-40.54,-41.37,1,0.00,0.00,0,0,0,3.93,2.23,84.5,0,00,1,$
#,050,212,196,29.00,940.25,10.00,Frequency_MHz,RSSI_dBm,-0.02,-0.03,0.94,0.31,-4.03,-8.12,46.11,-39.47,-43.02,1,0.00,0.00,0,0,0,3.93,2.23,85.1,0,00,1,$
#,050,213,196,29.00,940.25,10.00,Frequency_MHz,RSSI_dBm,-0.02,-0.03,0.94,0.31,-4.03,-8.12,46.11,-39.47,-43.02,1,0.00,0.00,0,0,0,3.92,1.91,84.0,0,00,1,$
#,050,213,196,29.00,940.25,10.00,Frequency_MHz,RSSI_dBm,-0.02,-0.03,0.94,0.31,-4.03,-8.12,46.11,-39.47,-43.02,1,0.00,0.00,0,0,0,3.93,2.01,83.4,0,00,1,$
#,050,213,196,29.00,940.25,10.00,Frequency_MHz,RSSI_dBm,-0.02,-0.03,0.99,-0.79,-0.24,-6.10,43.96,-39.71,-39.40,1,0.00,0.00,0,0,0,3.93,2.01,86.7,0,00,1,$
#,050,213,196,29.00,940.25,10.00,Frequency_MHz,RSSI_dBm,-0.02,-0.03,0.99,-0.79,-0.24,-6.10,43.96,-39.71,-39.40,1,0.00,0.00,0,0,0,3.94,1.86,86.2,0,00,1,$
#,050,213,197,29.00,940.25,10.00,Frequency_MHz,RSSI_dBm,-0.02,-0.03,0.98,-0.67,1.04,-15.62,45.48,-39.59,-39.87,1,0.00,0.00,0,0,0,3.94,1.86,85.6,0,00,1,$
#,050,213,197,29.00,940.25,10.00,Frequency_MHz,RSSI_dBm,-0.02,-0.03,0.98,-0.67,1.04,-15.62,45.48,-39.59,-39.87,1,0.00,0.00,0,0,0,3.90,1.84,82.9,0,00,1,$
#,050,213,197,29.00,940.25,10.00,Frequency_MHz,RSSI_dBm,-0.02,-0.03,0.98,-0.67,1.04,-15.62,45.48,-39.59,-39.87,1,0.00,0.00,0,0,0,3.90,2.84,85.1,0,00,1,$
#,050,213,197,29.00,940.25,10.00,Frequency_MHz,RSSI_dBm,-0.02,-0.04,0.94,2.93,-0.55,4.09,46.91,-39.38,-42.99,1,0.00,0.00,0,0,0,3.90,2.84,84.0,0,00,1,$
#,050,214,197,29.00,940.25,10.00,Frequency_MHz,RSSI_dBm,-0.02,-0.04,0.94,2.93,-0.55,4.09,46.91,-39.38,-42.99,1,0.00,0.00,0,0,0,3.89,2.74,83.4,0,00,1,$
#,050,214,197,29.00,940.25,10.00,Frequency_MHz,RSSI_dBm,-0.03,-0.03,0.98,1.89,0.61,-1.22,45.51,-39.04,-43.02,1,0.00,0.00,0,0,0,3.89,2.74,83.4,0,00,1,$
#,050,214,197,29.00,940.25,10.00,Frequency_MHz,RSSI_dBm,-0.03,-0.03,0.98,1.89,0.61,-1.22,45.51,-39.04,-43.02,1,0.00,0.00,0,0,0,3.92,2.05,85.1,0,00,1,$
#,050,214,197,29.00,940.25,10.00,Frequency_MHz,RSSI_dBm,-0.02,-0.03,1.01,-10.80,-1.04,-42.60,45.18,-40.11,-39.60,1,0.00,0.00,0,0,0,3.93,1.89,86.2,0,00,1,$
#,050,214,197,29.00,940.25,10.00,Frequency_MHz,RSSI_dBm,-0.02,-0.03,1.01,-10.80,-1.04,-42.60,45.18,-40.11,-39.60,1,0.00,0.00,0,0,0,3.93,1.89,85.6,0,00,1,$
#,050,214,198,29.00,940.25,10.00,Frequency_MHz,RSSI_dBm,-0.02,-0.03,1.01,-10.80,-1.04,-42.60,45.18,-40.11,-39.60,1,0.00,0.00,0,0,0,3.89,1.89,85.1,0,00,1,$
#,050,214,198,29.00,940.25,10.00,Frequency_MHz,RSSI_dBm,-0.02,-0.02,0.96,4.52,-2.56,12.08,44.56,-39.83,-38.98,1,0.00,0.00,0,0,0,3.93,1.96,83.4,0,00,1,$
#,050,214,198,29.00,940.25,10.00,Frequency_MHz,RSSI_dBm,-0.02,-0.02,0.96,4.52,-2.56,12.08,44.56,-39.83,-38.98,1,0.00,0.00,0,0,0,3.93,1.96,85.1,0,00,1,$
#,050,215,198,29.00,940.25,10.00,Frequency_MHz,RSSI_dBm,-0.01,-0.04,0.93,7.08,-1.77,57.07,45.51,-40.08,-40.55,1,0.00,0.00,0,0,0,3.93,1.88,84.5,0,00,1,$
#,050,215,198,29.00,940.25,10.00,Frequency_MHz,RSSI_dBm,-0.01,-0.04,0.93,7.08,-1.77,57.07,45.51,-40.08,-40.55,1,0.00,0.00,0,0,0,3.93,1.88,86.2,0,00,1,$
#,050,215,198,29.00,940.25,10.00,Frequency_MHz,RSSI_dBm,-0.01,-0.04,0.93,7.08,-1.77,57.07,45.51,-40.08,-40.55,1,0.00,0.00,0,0,0,3.93,2.92,84.0,0,00,1,$
#,050,215,198,29.00,940.25,10.00,Frequency_MHz,RSSI_dBm,-0.02,-0.03,0.98,2.56,0.67,6.47,44.73,-40.94,-41.76,1,0.00,0.00,0,0,0,3.90,2.54,84.5,0,00,1,$
#,050,215,198,29.00,940.25,10.00,Frequency_MHz,RSSI_dBm,-0.02,-0.03,0.98,2.56,0.67,6.47,44.73,-40.94,-41.76,1,0.00,0.00,0,0,0,3.90,2.54,85.6,0,00,1,$
#,050,215,199,29.00,940.25,10.00,Frequency_MHz,RSSI_dBm,-0.03,-0.03,0.98,1.71,0.55,-2.81,46.23,-38.77,-41.70,1,0.00,0.00,0,0,0,3.93,1.88,85.6,0,00,1,$
#,050,215,199,29.00,940.25,10.00,Frequency_MHz,RSSI_dBm,-0.03,-0.03,0.98,1.71,0.55,-2.81,46.23,-38.77,-41.70,1,0.00,0.00,0,0,0,3.93,1.97,85.1,0,00,1,$
#,050,215,199,29.00,940.25,10.00,Frequency_MHz,RSSI_dBm,-0.02,-0.03,0.98,1.28,1.04,-6.47,46.41,17.07,-381.46,1,0.00,0.00,0,0,0,3.93,1.97,84.5,0,00,1,$
#,050,216,199,29.00,940.25,10.00,Frequency_MHz,RSSI_dBm,-0.02,-0.03,0.98,1.28,1.04,-6.47,46.41,17.07,-381.46,1,0.00,0.00,0,0,0,3.93,2.02,86.2,0,00,1,$
#,050,216,199,29.00,940.25,10.00,Frequency_MHz,RSSI_dBm,-0.02,-0.03,0.98,1.28,1.04,-6.47,46.41,17.07,-381.46,1,0.00,0.00,0,0,0,3.93,2.02,83.4,0,00,1,$
#,050,216,199,29.00,940.25,10.00,Frequency_MHz,RSSI_dBm,-0.02,-0.03,0.99,1.53,0.31,-6.53,44.42,-40.28,-39.43,1,0.00,0.00,0,0,0,3.94,2.09,84.5,0,00,1,$
#,050,216,199,29.00,940.25,10.00,Frequency_MHz,RSSI_dBm,-0.02,-0.03,0.99,1.53,0.31,-6.53,44.42,-40.28,-39.43,1,0.00,0.00,0,0,0,3.89,2.73,84.5,0,00,1,$
#,050,216,200,29.00,940.25,10.00,Frequency_MHz,RSSI_dBm,-0.01,-0.02,0.98,-3.11,0.61,6.29,46.36,-39.42,-39.12,1,0.00,0.00,0,0,0,3.89,2.73,85.1,0,00,1,$
#,050,216,200,29.00,940.25,10.00,Frequency_MHz,RSSI_dBm,-0.01,-0.02,0.98,-3.11,0.61,6.29,46.36,-39.42,-39.12,1,0.00,0.00,0,0,0,3.94,1.87,85.1,0,00,1,$
#,050,216,200,29.00,940.25,10.00,Frequency_MHz,RSSI_dBm,-0.00,-0.03,1.00,-1.28,-3.17,-41.50,44.86,-40.52,-42.02,1,0.00,0.00,0,0,0,3.92,1.99,85.6,0,00,1,$
#,050,217,200,29.00,940.25,10.00,Frequency_MHz,RSSI_dBm,-0.00,-0.03,1.00,-1.28,-3.17,-41.50,44.86,-40.52,-42.02,1,0.00,0.00,0,0,0,3.92,1.99,84.5,0,00,1,$
#,050,217,200,29.00,940.25,10.00,Frequency_MHz,RSSI_dBm,-0.02,-0.04,1.00,6.53,-1.28,46.51,46.23,-39.62,-42.09,1,0.00,0.00,0,0,0,3.93,1.97,85.1,0,00,1,$
#,050,217,200,29.00,940.25,10.00,Frequency_MHz,RSSI_dBm,-0.02,-0.04,1.00,6.53,-1.28,46.51,46.23,-39.62,-42.09,1,0.00,0.00,0,0,0,3.88,2.82,85.6,0,00,1,$
#,050,217,200,29.00,940.25,10.00,Frequency_MHz,RSSI_dBm,-0.02,-0.04,1.00,6.53,-1.28,46.51,46.23,-39.62,-42.09,1,0.00,0.00,0,0,0,3.88,2.82,84.5,0,00,1,$
#,050,217,200,29.00,940.25,10.00,Frequency_MHz,RSSI_dBm,-0.03,-0.03,0.98,1.89,0.31,-3.97,45.25,-39.39,-37.71,1,0.00,0.00,0,0,0,3.90,2.57,85.1,0,00,1,$
#,050,217,200,29.00,940.25,10.00,Frequency_MHz,RSSI_dBm,-0.03,-0.03,0.98,1.89,0.31,-3.97,45.25,-39.39,-37.71,1,0.00,0.00,0,0,0,3.90,2.57,84.5,0,00,1,$
#,050,217,201,29.00,940.25,10.00,Frequency_MHz,RSSI_dBm,-0.03,-0.03,0.98,1.89,0.55,-4.94,44.65,-40.91,-357.40,1,0.00,0.00,0,0,0,3.93,1.88,84.5,0,00,1,$
#,050,217,201,29.00,940.25,10.00,Frequency_MHz,RSSI_dBm,-0.03,-0.03,0.98,1.89,0.55,-4.94,44.65,-40.91,-357.40,1,0.00,0.00,0,0,0,3.88,2.83,86.2,0,00,1,$
#,050,218,201,29.00,940.25,10.00,Frequency_MHz,RSSI_dBm,-0.03,-0.03,0.98,1.89,0.55,-4.94,44.65,-40.91,-357.40,1,0.00,0.00,0,0,0,3.88,2.83,85.6,0,00,1,$
#,050,218,201,29.00,940.25,10.00,Frequency_MHz,RSSI_dBm,-0.03,-0.03,0.98,1.89,0.55,-4.94,44.65,-40.91,-357.40,1,0.00,0.00,0,0,0,3.93,1.86,84.5,0,00,1,$
#,050,218,201,29.00,940.25,10.00,Frequency_MHz,RSSI_dBm,-0.03,-0.03,0.98,1.89,0.55,-4.94,44.65,-40.91,-357.40,1,0.00,0.00,0,0,0,3.93,1.97,86.2,0,00,1,$
#,050,218,201,29.00,940.25,10.00,Frequency_MHz,RSSI_dBm,-0.03,-0.03,0.98,1.89,0.55,-4.94,44.65,-40.91,-357.40,1,0.00,0.00,0,0,0,3.93,1.97,84.5,0,00,1,$
#,050,218,201,29.00,940.25,10.00,Frequency_MHz,RSSI_dBm,-0.03,-0.03,0.98,1.89,0.55,-4.94,44.65,-40.91,-357.40,1,0.00,0.00,0,0,0,3.95,1.46,82.3,0,00,1,$
#,050,218,201,29.00,940.25,10.00,Frequency_MHz,RSSI_dBm,-0.03,-0.03,0.98,1.89,0.55,-4.94,44.65,-40.91,-357.40,1,0.00,0.00,0,0,0,3.95,1.46,84.0,0,00,1,$
#,050,218,202,29.00,940.25,10.00,Frequency_MHz,RSSI_dBm,-0.03,-0.03,0.98,1.89,0.55,-4.94,44.65,-40.91,-357.40,1,0.00,0.00,0,0,0,3.95,1.49,82.9,0,00,1,$
#,050,218,202,29.00,940.25,10.00,Frequency_MHz,RSSI_dBm,-0.03,-0.03,0.98,1.89,0.55,-4.94,44.65,-40.91,-357.40,1,0.00,0.00,0,0,0,3.95,1.49,84.0,0,00,1,$
#,050,218,202,29.00,940.25,10.00,Frequency_MHz,RSSI_dBm,-0.03,-0.03,0.98,1.89,0.55,-4.94,44.65,-40.91,-357.40,1,0.00,0.00,0,0,0,3.94,1.59,84.0,0,00,1,$
#,050,219,202,29.00,940.25,10.00,Frequency_MHz,RSSI_dBm,-0.03,-0.03,0.98,1.89,0.55,-4.94,44.65,-40.91,-357.40,1,0.00,0.00,0,0,0,3.94,1.59,81.8,0,00,1,$
#,050,219,202,29.00,940.25,10.00,Frequency_MHz,RSSI_dBm,-0.03,-0.03,0.98,1.89,0.55,-4.94,44.65,-40.91,-357.40,1,0.00,0.00,0,0,0,3.94,1.58,82.3,0,00,1,$
#,050,219,202,29.00,940.25,10.00,Frequency_MHz,RSSI_dBm,-0.03,-0.03,0.98,1.89,0.55,-4.94,44.65,-40.91,-357.40,1,0.00,0.00,0,0,0,3.94,1.58,82.3,0,00,1,$
#,050,219,202,29.00,940.25,10.00,Frequency_MHz,RSSI_dBm,-0.03,-0.03,0.98,1.89,0.55,-4.94,44.65,-40.91,-357.40,1,0.00,0.00,0,0,0,3.94,1.64,81.2,0,00,1,$
#,050,219,202,29.00,940.25,10.00,Frequency_MHz,RSSI_dBm,-0.03,-0.03,0.98,1.89,0.55,-4.94,44.65,-40.91,-357.40,1,0.00,0.00,0,0,0,3.94,1.64,81.2,0,00,1,$
#,050,219,202,29.00,940.25,10.00,Frequency_MHz,RSSI_dBm,-0.02,-0.03,0.98,2.44,0.49,0.37,44.21,-39.71,-38.12,1,0.00,0.00,0,0,0,3.95,1.75,84.0,0,00,1,$
#,050,219,202,29.00,940.25,10.00,Frequency_MHz,RSSI_dBm,-0.02,-0.03,0.98,2.44,0.49,0.37,44.21,-39.71,-38.12,1,0.00,0.00,0,0,0,3.95,1.75,82.3,0,00,1,$
#,050,219,203,29.00,940.25,10.00,Frequency_MHz,RSSI_dBm,-0.02,-0.03,0.98,2.44,0.49,0.37,44.21,-39.71,-38.12,1,0.00,0.00,0,0,0,3.93,1.82,82.3,0,00,1,$
#,050,219,203,29.00,940.25,10.00,Frequency_MHz,RSSI_dBm,-0.03,-0.03,0.98,1.77,0.43,-3.54,45.76,-39.07,-41.20,1,0.00,0.00,0,0,0,3.88,2.73,84.0,0,00,1,$
#,050,220,203,29.00,940.25,10.00,Frequency_MHz,RSSI_dBm,-0.03,-0.03,0.98,1.77,0.43,-3.54,45.76,-39.07,-41.20,1,0.00,0.00,0,0,0,3.88,2.73,84.0,0,00,1,$
#,050,220,203,29.00,940.25,10.00,Frequency_MHz,RSSI_dBm,-0.02,-0.03,0.93,-2.32,-2.87,-11.78,45.06,-40.25,-41.87,1,0.00,0.00,0,0,0,3.88,2.62,84.0,0,00,1,$
#,050,220,203,29.00,940.25,10.00,Frequency_MHz,RSSI_dBm,-0.02,-0.03,0.93,-2.32,-2.87,-11.78,45.06,-40.25,-41.87,1,0.00,0.00,0,0,0,3.89,2.91,85.6,0,00,1,$
#,050,220,203,29.00,940.25,10.00,Frequency_MHz,RSSI_dBm,-0.02,-0.03,0.93,-2.32,-2.87,-11.78,45.06,-40.25,-41.87,1,0.00,0.00,0,0,0,3.89,2.91,84.5,0,00,1,$
#,050,220,203,29.00,940.25,10.00,Frequency_MHz,RSSI_dBm,-0.03,-0.02,1.01,-3.78,-6.29,10.07,45.96,-39.64,-41.74,1,0.00,0.00,0,0,0,3.90,2.83,86.7,0,00,1,$
#,050,220,203,29.00,940.25,10.00,Frequency_MHz,RSSI_dBm,-0.03,-0.02,1.01,-3.78,-6.29,10.07,45.96,-39.64,-41.74,1,0.00,0.00,0,0,0,3.90,2.83,83.4,0,00,1,$
#,050,220,203,29.00,940.25,10.00,Frequency_MHz,RSSI_dBm,-0.02,-0.03,0.94,4.27,-0.85,24.60,45.98,-38.98,-43.46,1,0.00,0.00,0,0,0,3.90,1.95,86.2,0,00,1,$
#,050,220,204,29.00,940.25,10.00,Frequency_MHz,RSSI_dBm,-0.02,-0.03,0.94,4.27,-0.85,24.60,45.98,-38.98,-43.46,1,0.00,0.00,0,0,0,3.89,2.82,86.2,0,00,1,$
#,050,221,204,29.00,940.25,10.00,Frequency_MHz,RSSI_dBm,-0.02,-0.03,0.93,0.06,-1.04,28.87,44.67,-40.15,-39.99,1,0.00,0.00,0,0,0,3.89,2.82,84.0,0,00,1,$
#,050,221,204,29.00,940.25,10.00,Frequency_MHz,RSSI_dBm,-0.02,-0.03,0.93,0.06,-1.04,28.87,44.67,-40.15,-39.99,1,0.00,0.00,0,0,0,3.91,2.81,85.1,0,00,1,$
#,050,221,204,29.00,940.25,10.00,Frequency_MHz,RSSI_dBm,-0.02,-0.03,0.93,0.06,-1.04,28.87,44.67,-40.15,-39.99,1,0.00,0.00,0,0,0,3.93,2.04,84.5,0,00,1,$
#,050,221,204,29.00,940.25,10.00,Frequency_MHz,RSSI_dBm,-0.03,-0.03,0.98,1.71,0.67,-1.59,44.92,-40.47,-40.14,1,0.00,0.00,0,0,0,3.93,2.04,84.5,0,00,1,$
#,050,221,204,29.00,940.25,10.00,Frequency_MHz,RSSI_dBm,-0.03,-0.03,0.98,1.71,0.67,-1.59,44.92,-40.47,-40.14,1,0.00,0.00,0,0,0,3.93,1.99,84.5,0,00,1,$
#,050,221,204,29.00,940.25,10.00,Frequency_MHz,RSSI_dBm,-0.02,-0.02,0.98,1.71,0.31,-2.99,45.83,-38.89,-42.21,1,0.00,0.00,0,0,0,3.93,1.99,85.6,0,00,1,$
#,050,221,205,29.00,940.25,10.00,Frequency_MHz,RSSI_dBm,-0.02,-0.02,0.98,1.71,0.31,-2.99,45.83,-38.89,-42.21,1,0.00,0.00,0,0,0,3.94,1.90,83.4,0,00,1,$
#,050,221,205,29.00,940.25,10.00,Frequency_MHz,RSSI_dBm,-0.02,-0.02,0.98,1.71,0.31,-2.99,45.83,-38.89,-42.21,1,0.00,0.00,0,0,0,3.93,1.89,84.5,0,00,1,$
#,050,222,205,29.00,940.25,10.00,Frequency_MHz,RSSI_dBm,-0.01,-0.04,0.92,3.48,0.31,9.03,45.17,-40.17,-39.43,1,0.00,0.00,0,0,0,3.93,1.89,85.1,0,00,1,$
#,050,222,205,29.00,940.25,10.00,Frequency_MHz,RSSI_dBm,-0.01,-0.04,0.92,3.48,0.31,9.03,45.17,-40.17,-39.43,1,0.00,0.00,0,0,0,3.92,2.79,84.0,0,00,1,$
#,050,222,205,29.00,940.25,10.00,Frequency_MHz,RSSI_dBm,-0.02,-0.02,1.02,-3.66,-2.08,-17.15,45.30,-38.95,-42.57,1,0.00,0.00,0,0,0,3.92,2.79,85.1,0,00,1,$
#,050,222,205,29.00,940.25,10.00,Frequency_MHz,RSSI_dBm,-0.02,-0.02,1.02,-3.66,-2.08,-17.15,45.30,-38.95,-42.57,1,0.00,0.00,0,0,0,3.93,1.93,83.4,0,00,1,$
#,050,222,205,29.00,940.25,10.00,Frequency_MHz,RSSI_dBm,-0.02,-0.02,1.02,-3.66,-2.08,-17.15,45.30,-38.95,-42.57,1,0.00,0.00,0,0,0,3.93,1.98,85.1,0,00,1,$
#,050,222,205,29.00,940.25,10.00,Frequency_MHz,RSSI_dBm,-0.02,-0.04,0.93,7.08,-1.77,51.09,44.48,-40.67,-40.52,1,0.00,0.00,0,0,0,3.93,1.98,83.4,0,00,1,$
#,050,222,205,29.00,940.25,10.00,Frequency_MHz,RSSI_dBm,-0.02,-0.04,0.93,7.08,-1.77,51.09,44.48,-40.67,-40.52,1,0.00,0.00,0,0,0,3.94,2.60,85.6,0,00,1,$
#,050,222,206,29.00,940.25,10.00,Frequency_MHz,RSSI_dBm,-0.03,-0.03,0.98,-0.12,0.61,-12.33,45.86,-39.00,-43.02,1,0.00,0.00,0,0,0,3.94,2.60,85.1,0,00,1,$
#,050,223,206,29.00,940.25,10.00,Frequency_MHz,RSSI_dBm,-0.03,-0.03,0.98,-0.12,0.61,-12.33,45.86,-39.00,-43.02,1,0.00,0.00,0,0,0,3.93,2.15,86.2,0,00,1,$
#,050,223,206,29.00,940.25,10.00,Frequency_MHz,RSSI_dBm,-0.03,-0.03,0.98,-0.12,0.61,-12.33,45.86,-39.00,-43.02,1,0.00,0.00,0,0,0,3.93,1.89,85.1,0,00,1,$
#,050,223,206,29.00,940.25,10.00,Frequency_MHz,RSSI_dBm,-0.03,-0.03,0.98,-0.12,0.61,-12.33,45.86,-39.00,-43.02,1,0.00,0.00,0,0,0,3.93,1.89,84.5,0,00,1,$
#,050,223,206,29.00,940.25,10.00,Frequency_MHz,RSSI_dBm,-0.03,-0.03,0.98,-0.12,0.61,-12.33,45.86,-39.00,-43.02,1,0.00,0.00,0,0,0,3.94,1.67,84.0,0,00,1,$
#,050,223,206,29.00,940.25,10.00,Frequency_MHz,RSSI_dBm,-0.03,-0.03,0.98,-0.12,0.61,-12.33,45.86,-39.00,-43.02,1,0.00,0.00,0,0,0,3.94,1.67,82.9,0,00,1,$
#,050,223,206,29.00,940.25,10.00,Frequency_MHz,RSSI_dBm,-0.03,-0.03,0.98,-0.12,0.61,-12.33,45.86,-39.00,-43.02,1,0.00,0.00,0,0,0,3.94,1.68,84.0,0,00,1,$
#,050,223,206,29.00,940.25,10.00,Frequency_MHz,RSSI_dBm,-0.03,-0.03,0.98,-0.12,0.61,-12.33,45.86,-39.00,-43.02,1,0.00,0.00,0,0,0,3.94,1.68,82.3,0,00,1,$
#,050,223,206,29.00,940.25,10.00,Frequency_MHz,RSSI_dBm,-0.03,-0.03,0.98,-0.12,0.61,-12.33,45.86,-39.00,-43.02,1,0.00,0.00,0,0,0,3.94,1.62,82.3,0,00,1,$
#,050,223,206,29.00,940.25,10.00,Frequency_MHz,RSSI_dBm,-0.03,-0.03,0.98,-0.12,0.61,-12.33,45.86,-39.00,-43.02,1,0.00,0.00,0,0,0,3.94,1.62,83.4,0,00,1,$
#,050,224,207,29.00,940.25,10.00,Frequency_MHz,RSSI_dBm,-0.03,-0.03,0.98,-0.12,0.61,-12.33,45.86,-39.00,-43.02,1,0.00,0.00,0,0,0,3.94,1.63,84.0,0,00,1,$
#,050,224,207,29.00,940.25,10.00,Frequency_MHz,RSSI_dBm,-0.03,-0.03,0.98,-0.12,0.61,-12.33,45.86,-39.00,-43.02,1,0.00,0.00,0,0,0,3.94,1.63,82.9,0,00,1,$
#,050,224,207,29.00,940.25,10.00,Frequency_MHz,RSSI_dBm,-0.03,-0.03,0.98,-0.12,0.61,-12.33,45.86,-39.00,-43.02,1,0.00,0.00,0,0,0,3.94,1.81,81.8,0,00,1,$
#,050,224,207,29.00,940.25,10.00,Frequency_MHz,RSSI_dBm,-0.03,-0.03,0.98,-0.12,0.61,-12.33,45.86,-39.00,-43.02,1,0.00,0.00,0,0,0,3.94,1.81,80.7,0,00,1,$
#,050,224,207,29.00,940.25,10.00,Frequency_MHz,RSSI_dBm,-0.03,-0.03,0.98,-0.12,0.61,-12.33,45.86,-39.00,-43.02,1,0.00,0.00,0,0,0,3.94,1.85,82.3,0,00,1,$
#,050,224,207,29.00,940.25,10.00,Frequency_MHz,RSSI_dBm,-0.03,-0.03,0.98,-0.12,0.61,-12.33,45.86,-39.00,-43.02,1,0.00,0.00,0,0,0,3.94,1.85,82.9,0,00,1,$
#,050,224,207,29.00,940.25,10.00,Frequency_MHz,RSSI_dBm,-0.03,-0.03,0.98,-0.12,0.61,-12.33,45.86,-39.00,-43.02,1,0.00,0.00,0,0,0,3.94,1.66,81.2,0,00,1,$
#,050,224,207,29.00,940.25,10.00,Frequency_MHz,RSSI_dBm,-0.03,-0.03,0.98,-0.12,0.61,-12.33,45.86,-39.00,-43.02,1,0.00,0.00,0,0,0,3.94,1.66,81.2,0,00,1,$
#,050,224,207,29.00,940.25,10.00,Frequency_MHz,RSSI_dBm,-0.03,-0.03,0.98,-0.12,0.61,-12.33,45.86,-39.00,-43.02,1,0.00,0.00,0,0,0,3.94,1.46,82.3,0,00,1,$
#,050,224,207,29.00,940.25,10.00,Frequency_MHz,RSSI_dBm,-0.03,-0.03,0.98,-0.12,0.61,-12.33,45.86,-39.00,-43.02,1,0.00,0.00,0,0,0,3.94,1.46,81.2,0,00,1,$
#,050,225,208,29.00,940.25,10.00,Frequency_MHz,RSSI_dBm,-0.03,-0.03,0.98,-0.12,0.61,-12.33,45.86,-39.00,-43.02,1,0.00,0.00,0,0,0,3.95,1.53,81.8,0,00,1,$
#,050,225,208,29.00,940.25,10.00,Frequency_MHz,RSSI_dBm,-0.03,-0.03,0.98,-0.12,0.61,-12.33,45.86,-39.00,-43.02,1,0.00,0.00,0,0,0,3.95,1.53,81.8,0,00,1,$
#,050,225,208,29.00,940.25,10.00,Frequency_MHz,RSSI_dBm,-0.03,-0.03,0.98,-0.12,0.61,-12.33,45.86,-39.00,-43.02,1,0.00,0.00,0,0,0,3.95,1.66,80.7,0,00,1,$
#,050,225,208,29.00,940.25,10.00,Frequency_MHz,RSSI_dBm,-0.03,-0.03,0.98,-0.12,0.61,-12.33,45.86,-39.00,-43.02,1,0.00,0.00,0,0,0,3.95,1.66,80.1,0,00,1,$
#,050,225,208,29.00,940.25,10.00,Frequency_MHz,RSSI_dBm,-0.03,-0.03,0.98,-0.12,0.61,-12.33,45.86,-39.00,-43.02,1,0.00,0.00,0,0,0,3.94,1.59,81.8,0,00,1,$
#,050,225,208,29.00,940.25,10.00,Frequency_MHz,RSSI_dBm,-0.03,-0.03,0.98,-0.12,0.61,-12.33,45.86,-39.00,-43.02,1,0.00,0.00,0,0,0,3.94,1.59,81.2,0,00,1,$
#,050,225,208,29.00,940.25,10.00,Frequency_MHz,RSSI_dBm,-0.03,-0.03,0.98,-0.12,0.61,-12.33,45.86,-39.00,-43.02,1,0.00,0.00,0,0,0,3.94,1.58,80.1,0,00,1,$
#,050,225,208,29.00,940.25,10.00,Frequency_MHz,RSSI_dBm,-0.03,-0.03,0.98,-0.12,0.61,-12.33,45.86,-39.00,-43.02,1,0.00,0.00,0,0,0,3.94,1.58,81.2,0,00,1,$
#,050,225,208,29.00,940.25,10.00,Frequency_MHz,RSSI_dBm,-0.03,-0.03,0.98,-0.12,0.61,-12.33,45.86,-39.00,-43.02,1,0.00,0.00,0,0,0,3.95,1.48,79.6,0,00,1,$
#,050,226,208,29.00,940.25,10.00,Frequency_MHz,RSSI_dBm,-0.03,-0.03,0.98,-0.12,0.61,-12.33,45.86,-39.00,-43.02,1,0.00,0.00,0,0,0,3.95,1.48,79.0,0,00,1,$
#,050,226,209,29.00,940.25,10.00,Frequency_MHz,RSSI_dBm,-0.03,-0.03,0.98,-0.12,0.61,-12.33,45.86,-39.00,-43.02,1,0.00,0.00,0,0,0,3.95,1.50,80.1,0,00,1,$
#,050,226,209,29.00,940.25,10.00,Frequency_MHz,RSSI_dBm,-0.03,-0.03,0.98,-0.12,0.61,-12.33,45.86,-39.00,-43.02,1,0.00,0.00,0,0,0,3.95,1.54,80.1,0,00,1,$
#,050,226,209,29.00,940.25,10.00,Frequency_MHz,RSSI_dBm,-0.03,-0.03,0.98,-0.12,0.61,-12.33,45.86,-39.00,-43.02,1,0.00,0.00,0,0,0,3.95,1.54,81.2,0,00,1,$
#,050,226,209,29.00,940.25,10.00,Frequency_MHz,RSSI_dBm,-0.03,-0.03,0.98,-0.12,0.61,-12.33,45.86,-39.00,-43.02,1,0.00,0.00,0,0,0,3.95,1.51,79.6,0,00,1,$
#,050,226,209,29.00,940.25,10.00,Frequency_MHz,RSSI_dBm,-0.03,-0.03,0.98,1.83,0.49,-5.55,45.08,-39.93,-40.06,1,0.00,0.00,0,0,0,3.95,1.51,80.1,0,00,1,$
#,050,226,209,29.00,940.25,10.00,Frequency_MHz,RSSI_dBm,-0.02,-0.04,0.94,-4.21,0.37,-38.09,44.84,-39.93,-40.48,1,0.00,0.00,0,0,0,3.88,2.86,82.9,0,00,1,$
#,050,226,209,29.00,940.25,10.00,Frequency_MHz,RSSI_dBm,-0.02,-0.04,0.94,-4.21,0.37,-38.09,44.84,-39.93,-40.48,1,0.00,0.00,0,0,0,3.88,2.86,82.3,0,00,1,$
#,050,226,209,29.00,940.25,10.00,Frequency_MHz,RSSI_dBm,-0.03,-0.03,0.98,1.77,0.61,-3.48,45.92,-39.33,-42.27,1,0.00,0.00,0,0,0,3.88,2.77,84.0,0,00,1,$
#,050,227,209,29.00,940.25,10.00,Frequency_MHz,RSSI_dBm,-0.03,-0.03,0.98,1.77,0.61,-3.48,45.92,-39.33,-42.27,1,0.00,0.00,0,0,0,3.88,2.77,84.0,0,00,1,$
#,050,227,210,29.00,940.25,10.00,Frequency_MHz,RSSI_dBm,-0.03,-0.03,0.98,1.65,0.92,-0.73,46.35,-38.65,-43.68,1,0.00,0.00,0,0,0,3.88,2.85,83.4,0,00,1,$
#,050,227,210,29.00,940.25,10.00,Frequency_MHz,RSSI_dBm,-0.03,-0.03,0.98,1.65,0.92,-0.73,46.35,-38.65,-43.68,1,0.00,0.00,0,0,0,3.90,2.79,84.5,0,00,1,$
#,050,227,210,29.00,940.25,10.00,Frequency_MHz,RSSI_dBm,-0.03,-0.03,0.98,1.65,0.92,-0.73,46.35,-38.65,-43.68,1,0.00,0.00,0,0,0,3.90,2.79,83.4,0,00,1,$
#,050,227,210,29.00,940.25,10.00,Frequency_MHz,RSSI_dBm,-0.03,-0.03,0.98,15.56,0.18,-15.99,45.89,-39.70,-40.67,1,0.00,0.00,0,0,0,3.90,2.79,84.0,0,00,1,$
#,050,227,210,29.00,940.25,10.00,Frequency_MHz,RSSI_dBm,-0.03,-0.03,0.98,15.56,0.18,-15.99,45.89,-39.70,-40.67,1,0.00,0.00,0,0,0,3.89,2.56,83.4,0,00,1,$
#,050,227,210,29.00,940.25,10.00,Frequency_MHz,RSSI_dBm,-0.02,-0.02,1.00,-12.76,3.36,-34.18,46.94,-38.72,-43.58,1,0.00,0.00,0,0,0,3.89,2.56,85.1,0,00,1,$
#,050,227,210,29.00,940.25,10.00,Frequency_MHz,RSSI_dBm,-0.02,-0.02,1.00,-12.76,3.36,-34.18,46.94,-38.72,-43.58,1,0.00,0.00,0,0,0,3.89,1.84,82.3,0,00,1,$
#,050,228,210,29.00,940.25,10.00,Frequency_MHz,RSSI_dBm,-0.01,-0.04,0.94,7.26,-1.77,54.08,45.59,-38.44,-41.31,1,0.00,0.00,0,0,0,3.89,1.84,85.1,0,00,1,$
#,050,228,210,29.00,940.25,10.00,Frequency_MHz,RSSI_dBm,-0.01,-0.04,0.94,7.26,-1.77,54.08,45.59,-38.44,-41.31,1,0.00,0.00,0,0,0,3.90,1.88,85.6,0,00,1,$
#,050,228,211,29.00,940.25,10.00,Frequency_MHz,RSSI_dBm,-0.01,-0.04,0.94,7.26,-1.77,54.08,45.59,-38.44,-41.31,1,0.00,0.00,0,0,0,3.94,2.08,84.5,0,00,1,$
#,050,228,211,29.00,940.25,10.00,Frequency_MHz,RSSI_dBm,-0.02,-0.03,0.93,-5.49,0.06,-50.48,46.03,-38.40,-40.82,1,0.00,0.00,0,0,0,3.94,2.08,85.6,0,00,1,$
#,050,228,211,29.00,940.25,10.00,Frequency_MHz,RSSI_dBm,-0.02,-0.03,0.93,-5.49,0.06,-50.48,46.03,-38.40,-40.82,1,0.00,0.00,0,0,0,3.93,1.90,84.0,0,00,1,$
#,050,228,211,29.00,940.25,10.00,Frequency_MHz,RSSI_dBm,-0.02,-0.03,0.93,-5.49,0.06,-50.48,46.03,-38.40,-40.82,1,0.00,0.00,0,0,0,3.93,1.90,85.1,0,00,1,$
#,050,228,211,29.00,940.25,10.00,Frequency_MHz,RSSI_dBm,-0.02,-0.03,0.99,-4.21,0.12,-32.65,45.78,-38.57,-42.85,1,0.00,0.00,0,0,0,3.93,1.91,84.5,0,00,1,$
#,050,228,211,29.00,940.25,10.00,Frequency_MHz,RSSI_dBm,-0.02,-0.03,0.99,-4.21,0.12,-32.65,45.78,-38.57,-42.85,1,0.00,0.00,0,0,0,3.93,2.68,84.5,0,00,1,$
#,050,228,211,29.00,940.25,10.00,Frequency_MHz,RSSI_dBm,-0.03,-0.03,0.98,-0.37,0.92,-16.48,46.06,-37.81,-44.59,1,0.00,0.00,0,0,0,3.93,2.68,84.5,0,00,1,$
#,050,229,211,29.00,940.25,10.00,Frequency_MHz,RSSI_dBm,-0.03,-0.03,0.98,-0.37,0.92,-16.48,46.06,-37.81,-44.59,1,0.00,0.00,0,0,0,3.94,1.87,83.4,0,00,1,$
#,050,229,211,29.00,940.25,10.00,Frequency_MHz,RSSI_dBm,-0.02,-0.02,0.95,-3.48,2.81,7.87,46.13,-38.77,-43.35,1,0.00,0.00,0,0,0,3.94,1.87,85.1,0,00,1,$
#,050,229,212,29.00,940.25,10.00,Frequency_MHz,RSSI_dBm,-0.02,-0.02,0.95,-3.48,2.81,7.87,46.13,-38.77,-43.35,1,0.00,0.00,0,0,0,3.92,2.72,85.1,0,00,1,$
#,050,229,212,29.00,940.25,10.00,Frequency_MHz,RSSI_dBm,-0.02,-0.02,0.95,-3.48,2.81,7.87,46.13,-38.77,-43.35,1,0.00,0.00,0,0,0,3.93,1.88,84.0,0,00,1,$
#,050,229,212,29.00,940.25,10.00,Frequency_MHz,RSSI_dBm,-0.03,-0.02,0.97,1.34,-3.91,-22.34,44.78,-39.79,-41.31,1,0.00,0.00,0,0,0,3.93,1.88,84.5,0,00,1,$
#,050,229,212,29.00,940.25,10.00,Frequency_MHz,RSSI_dBm,-0.03,-0.02,0.97,1.34,-3.91,-22.34,44.78,-39.79,-41.31,1,0.00,0.00,0,0,0,3.93,1.98,84.0,0,00,1,$
#,050,229,212,29.00,940.25,10.00,Frequency_MHz,RSSI_dBm,-0.02,-0.04,0.94,6.96,-1.22,43.95,45.83,-38.85,-42.47,1,0.00,0.00,0,0,0,3.93,1.98,85.1,0,00,1,$
#,050,229,212,29.00,940.25,10.00,Frequency_MHz,RSSI_dBm,-0.02,-0.04,0.94,6.96,-1.22,43.95,45.83,-38.85,-42.47,1,0.00,0.00,0,0,0,3.93,1.95,85.1,0,00,1,$
#,050,230,212,29.00,940.25,10.00,Frequency_MHz,RSSI_dBm,-0.02,-0.04,0.94,6.96,-1.22,43.95,45.83,-38.85,-42.47,1,0.00,0.00,0,0,0,3.93,1.84,84.5,0,00,1,$
#,050,230,212,29.00,940.25,10.00,Frequency_MHz,RSSI_dBm,-0.03,-0.03,0.98,1.59,0.79,-6.59,45.17,-40.20,-39.59,1,0.00,0.00,0,0,0,3.93,1.84,84.0,0,00,1,$
#,050,230,212,29.00,940.25,10.00,Frequency_MHz,RSSI_dBm,-0.03,-0.03,0.98,1.59,0.79,-6.59,45.17,-40.20,-39.59,1,0.00,0.00,0,0,0,3.89,2.57,85.1,0,00,1,$
#,050,230,213,29.00,940.25,10.00,Frequency_MHz,RSSI_dBm,-0.03,-0.03,0.98,1.71,0.49,-3.91,44.97,-39.26,-40.26,1,0.00,0.00,0,0,0,3.89,2.57,86.2,0,00,1,$
#,050,230,213,29.00,940.25,10.00,Frequency_MHz,RSSI_dBm,-0.03,-0.03,0.98,1.71,0.49,-3.91,44.97,-39.26,-40.26,1,0.00,0.00,0,0,0,3.93,2.55,85.1,0,00,1,$
#,050,230,213,29.00,940.25,10.00,Frequency_MHz,RSSI_dBm,-0.03,-0.03,0.98,1.71,0.49,-3.91,44.97,-39.26,-40.26,1,0.00,0.00,0,0,0,3.93,1.86,84.5,0,00,1,$
#,050,230,213,29.00,940.25,10.00,Frequency_MHz,RSSI_dBm,-0.03,-0.03,0.98,2.01,0.49,-6.04,44.96,-39.87,-38.99,1,0.00,0.00,0,0,0,3.93,1.86,84.5,0,00,1,$
#,050,230,213,29.00,940.25,10.00,Frequency_MHz,RSSI_dBm,-0.03,-0.03,0.98,2.01,0.49,-6.04,44.96,-39.87,-38.99,1,0.00,0.00,0,0,0,3.89,2.81,86.2,0,00,1,$
#,050,231,213,29.00,940.25,10.00,Frequency_MHz,RSSI_dBm,-0.02,-0.02,0.90,-12.15,4.64,-1.16,45.35,-39.73,-40.39,1,0.00,0.00,0,0,0,3.89,2.81,85.6,0,00,1,$
#,050,231,213,29.00,940.25,10.00,Frequency_MHz,RSSI_dBm,-0.02,-0.02,0.90,-12.15,4.64,-1.16,45.35,-39.73,-40.39,1,0.00,0.00,0,0,0,3.94,2.57,84.5,0,00,1,$
#,050,231,213,29.00,940.25,10.00,Frequency_MHz,RSSI_dBm,-0.02,-0.02,0.90,-12.15,4.64,-1.16,45.35,-39.73,-40.39,1,0.00,0.00,0,0,0,3.90,2.08,85.6,0,00,1,$
#,050,231,213,29.00,940.25,10.00,Frequency_MHz,RSSI_dBm,-0.02,-0.02,0.96,-5.43,-1.71,-52.98,45.19,-38.72,-41.08,1,0.00,0.00,0,0,0,3.90,2.08,83.4,0,00,1,$
#,050,231,214,29.00,940.25,10.00,Frequency_MHz,RSSI_dBm,-0.02,-0.02,0.96,-5.43,-1.71,-52.98,45.19,-38.72,-41.08,1,0.00,0.00,0,0,0,3.90,2.60,85.1,0,00,1,$
#,050,231,214,29.00,940.25,10.00,Frequency_MHz,RSSI_dBm,-0.02,-0.02,1.02,-1.53,2.62,-94.73,44.84,-39.78,-40.44,1,0.00,0.00,0,0,0,3.90,2.60,85.1,0,00,1,$
#,050,231,214,29.00,940.25,10.00,Frequency_MHz,RSSI_dBm,-0.02,-0.02,1.02,-1.53,2.62,-94.73,44.84,-39.78,-40.44,1,0.00,0.00,0,0,0,3.93,1.94,85.6,0,00,1,$
#,050,231,214,29.00,940.25,10.00,Frequency_MHz,RSSI_dBm,-0.03,-0.03,0.98,-0.79,0.85,-17.09,45.04,-39.49,-39.67,1,0.00,0.00,0,0,0,3.93,2.23,85.6,0,00,1,$
#,050,232,214,29.00,940.25,10.00,Frequency_MHz,RSSI_dBm,-0.03,-0.03,0.98,-0.79,0.85,-17.09,45.04,-39.49,-39.67,1,0.00,0.00,0,0,0,3.93,2.23,84.5,0,00,1,$
#,050,232,214,29.00,940.25,10.00,Frequency_MHz,RSSI_dBm,-0.03,-0.03,0.98,-0.79,0.85,-17.09,45.04,-39.49,-39.67,1,0.00,0.00,0,0,0,3.89,2.80,84.0,0,00,1,$
#,050,232,214,29.00,940.25,10.00,Frequency_MHz,RSSI_dBm,-0.03,-0.03,0.98,1.77,0.55,-1.22,44.71,-39.84,-40.80,1,0.00,0.00,0,0,0,3.89,2.80,85.6,0,00,1,$
#,050,232,214,29.00,940.25,10.00,Frequency_MHz,RSSI_dBm,-0.03,-0.03,0.98,1.77,0.55,-1.22,44.71,-39.84,-40.80,1,0.00,0.00,0,0,0,3.93,1.81,84.0,0,00,1,$
#,050,232,214,29.00,940.25,10.00,Frequency_MHz,RSSI_dBm,-0.03,-0.03,0.99,1.40,0.55,-4.27,45.65,-38.51,-41.13,1,0.00,0.00,0,0,0,3.89,2.65,86.2,0,00,1,$
#,050,232,215,29.00,940.25,10.00,Frequency_MHz,RSSI_dBm,-0.03,-0.03,0.99,1.40,0.55,-4.27,45.65,-38.51,-41.13,1,0.00,0.00,0,0,0,3.89,2.65,85.1,0,00,1,$
#,050,232,215,29.00,940.25,10.00,Frequency_MHz,RSSI_dBm,-0.03,-0.03,0.99,1.40,0.55,-4.27,45.65,-38.51,-41.13,1,0.00,0.00,0,0,0,3.93,1.85,84.5,0,00,1,$
#,050,232,215,29.00,940.25,10.00,Frequency_MHz,RSSI_dBm,-0.03,-0.03,0.98,2.38,-0.55,0.06,44.54,-39.89,-39.25,1,0.00,0.00,0,0,0,3.91,1.85,86.2,0,00,1,$
#,050,233,215,29.00,940.25,10.00,Frequency_MHz,RSSI_dBm,-0.03,-0.03,0.98,2.38,-0.55,0.06,44.54,-39.89,-39.25,1,0.00,0.00,0,0,0,3.91,2.86,86.2,0,00,1,$
#,050,233,215,29.00,940.25,10.00,Frequency_MHz,RSSI_dBm,-0.03,-0.03,0.98,2.38,-0.55,0.06,44.54,-39.89,-39.25,1,0.00,0.00,0,0,0,3.96,1.56,84.0,0,00,1,$
#,050,233,215,29.00,940.25,10.00,Frequency_MHz,RSSI_dBm,-0.03,-0.03,0.97,-5.37,-2.01,24.66,44.34,-39.90,-40.28,1,0.00,0.00,0,0,0,3.96,1.56,86.2,0,00,1,$
#,050,233,215,29.00,940.25,10.00,Frequency_MHz,RSSI_dBm,-0.03,-0.03,0.97,-5.37,-2.01,24.66,44.34,-39.90,-40.28,1,0.00,0.00,0,0,0,3.93,1.75,84.0,0,00,1,$
#,050,233,215,29.00,940.25,10.00,Frequency_MHz,RSSI_dBm,-0.01,-0.04,0.94,5.98,-1.28,50.35,44.49,-39.78,-38.78,1,0.00,0.00,0,0,0,3.93,1.75,84.5,0,00,1,$
#,050,233,216,29.00,940.25,10.00,Frequency_MHz,RSSI_dBm,-0.01,-0.04,0.94,5.98,-1.28,50.35,44.49,-39.78,-38.78,1,0.00,0.00,0,0,0,3.88,2.70,85.1,0,00,1,$
#,050,233,216,29.00,940.25,10.00,Frequency_MHz,RSSI_dBm,-0.03,-0.03,0.98,1.53,0.43,-3.54,45.13,-39.75,-39.88,1,0.00,0.00,0,0,0,3.92,2.01,84.0,0,00,1,$
#,050,233,216,29.00,940.25,10.00,Frequency_MHz,RSSI_dBm,-0.03,-0.03,0.98,1.53,0.43,-3.54,45.13,-39.75,-39.88,1,0.00,0.00,0,0,0,3.92,2.01,85.6,0,00,1,$
#,050,233,216,29.00,940.25,10.00,Frequency_MHz,RSSI_dBm,-0.03,-0.03,0.98,1.53,0.43,-3.54,45.13,-39.75,-39.88,1,0.00,0.00,0,0,0,3.93,1.92,86.2,0,00,1,$
#,050,234,216,29.00,940.25,10.00,Frequency_MHz,RSSI_dBm,-0.03,-0.03,0.98,1.95,0.67,-3.54,46.50,-38.83,-41.85,1,0.00,0.00,0,0,0,3.93,1.92,84.5,0,00,1,$
#,050,234,216,29.00,940.25,10.00,Frequency_MHz,RSSI_dBm,-0.03,-0.03,0.98,1.95,0.67,-3.54,46.50,-38.83,-41.85,1,0.00,0.00,0,0,0,3.93,2.52,84.0,0,00,1,$
#,050,234,216,29.00,940.25,10.00,Frequency_MHz,RSSI_dBm,-0.03,-0.03,0.98,1.77,0.49,-3.97,46.06,-39.61,-42.36,1,0.00,0.00,0,0,0,3.89,2.92,85.6,0,00,1,$
#,050,234,216,29.00,940.25,10.00,Frequency_MHz,RSSI_dBm,-0.03,-0.03,0.98,1.77,0.49,-3.97,46.06,-39.61,-42.36,1,0.00,0.00,0,0,0,3.89,2.92,86.2,0,00,1,$
#,050,234,216,29.00,940.25,10.00,Frequency_MHz,RSSI_dBm,-0.03,-0.03,0.98,1.77,0.49,-3.97,46.06,-39.61,-42.36,1,0.00,0.00,0,0,0,3.93,1.87,84.5,0,00,1,$
#,050,234,217,29.00,940.25,10.00,Frequency_MHz,RSSI_dBm,-0.02,-0.02,0.98,2.26,0.18,-4.39,45.73,-39.76,-40.82,1,0.00,0.00,0,0,0,3.93,1.87,85.1,0,00,1,$
#,050,234,217,29.00,940.25,10.00,Frequency_MHz,RSSI_dBm,-0.02,-0.02,0.98,2.26,0.18,-4.39,45.73,-39.76,-40.82,1,0.00,0.00,0,0,0,3.94,1.79,85.1,0,00,1,$
#,050,235,217,29.00,940.25,10.00,Frequency_MHz,RSSI_dBm,-0.03,-0.03,0.98,3.05,-0.37,-4.94,45.24,-39.88,-39.32,1,0.00,0.00,0,0,0,3.89,2.77,84.5,0,00,1,$
#,050,235,217,29.00,940.25,10.00,Frequency_MHz,RSSI_dBm,-0.03,-0.03,0.98,3.05,-0.37,-4.94,45.24,-39.88,-39.32,1,0.00,0.00,0,0,0,3.89,2.77,84.0,0,00,1,$
#,050,235,217,29.00,940.25,10.00,Frequency_MHz,RSSI_dBm,-0.02,-0.03,0.93,4.76,-1.04,35.83,46.68,-38.64,-43.24,1,0.00,0.00,0,0,0,3.92,2.57,84.0,0,00,1,$
#,050,235,217,29.00,940.25,10.00,Frequency_MHz,RSSI_dBm,-0.02,-0.03,0.93,4.76,-1.04,35.83,46.68,-38.64,-43.24,1,0.00,0.00,0,0,0,3.88,3.05,85.1,0,00,1,$
#,050,235,217,29.00,940.25,10.00,Frequency_MHz,RSSI_dBm,-0.01,-0.03,0.93,-8.00,0.31,-68.79,46.28,-38.89,-40.81,1,0.00,0.00,0,0,0,3.88,3.05,84.5,0,00,1,$
#,050,235,217,29.00,940.25,10.00,Frequency_MHz,RSSI_dBm,-0.01,-0.03,0.93,-8.00,0.31,-68.79,46.28,-38.89,-40.81,1,0.00,0.00,0,0,0,3.90,2.64,86.2,0,00,1,$
#,050,235,217,29.00,940.25,10.00,Frequency_MHz,RSSI_dBm,-0.01,-0.03,0.93,-8.00,0.31,-68.79,46.28,-38.89,-40.81,1,0.00,0.00,0,0,0,3.90,2.64,85.6,0,00,1,$
#,050,235,218,29.00,940.25,10.00,Frequency_MHz,RSSI_dBm,-0.03,-0.03,0.98,1.77,0.43,-4.09,45.12,-39.20,-37.66,1,0.00,0.00,0,0,0,3.89,1.93,84.5,0,00,1,$
#,050,236,218,29.00,940.25,10.00,Frequency_MHz,RSSI_dBm,-0.03,-0.03,0.98,1.77,0.43,-4.09,45.12,-39.20,-37.66,1,0.00,0.00,0,0,0,3.93,2.72,84.5,0,00,1,$
#,050,236,218,29.00,940.25,10.00,Frequency_MHz,RSSI_dBm,-0.02,-0.03,0.98,0.06,1.04,-16.48,45.12,-41.05,-41.35,1,0.00,0.00,0,0,0,3.93,2.72,85.6,0,00,1,$
#,050,236,218,29.00,940.25,10.00,Frequency_MHz,RSSI_dBm,-0.02,-0.03,0.98,0.06,1.04,-16.48,45.12,-41.05,-41.35,1,0.00,0.00,0,0,0,3.93,1.95,85.1,0,00,1,$
#,050,236,218,29.00,940.25,10.00,Frequency_MHz,RSSI_dBm,-0.02,-0.03,0.98,0.06,1.04,-16.48,45.12,-41.05,-41.35,1,0.00,0.00,0,0,0,3.93,1.95,84.5,0,00,1,$
#,050,236,218,29.00,940.25,10.00,Frequency_MHz,RSSI_dBm,-0.02,-0.03,0.99,1.71,0.49,-4.64,46.51,-39.31,-42.94,1,0.00,0.00,0,0,0,3.93,1.91,85.6,0,00,1,$
#,050,236,218,29.00,940.25,10.00,Frequency_MHz,RSSI_dBm,-0.02,-0.03,0.99,1.71,0.49,-4.64,46.51,-39.31,-42.94,1,0.00,0.00,0,0,0,3.94,1.85,84.5,0,00,1,$
#,050,236,218,29.00,940.25,10.00,Frequency_MHz,RSSI_dBm,-0.05,-0.02,0.96,11.35,-3.72,-9.89,45.35,-38.90,-39.50,1,0.00,0.00,0,0,0,3.94,1.85,84.0,0,00,1,$
#,050,236,219,29.00,940.25,10.00,Frequency_MHz,RSSI_dBm,-0.05,-0.02,0.96,11.35,-3.72,-9.89,45.35,-38.90,-39.50,1,0.00,0.00,0,0,0,3.91,2.65,85.6,0,00,1,$
#,050,237,219,29.00,940.25,10.00,Frequency_MHz,RSSI_dBm,-0.05,-0.02,0.96,11.35,-3.72,-9.89,45.35,-38.90,-39.50,1,0.00,0.00,0,0,0,3.93,1.80,84.0,0,00,1,$
#,050,237,219,29.00,940.25,10.00,Frequency_MHz,RSSI_dBm,-0.03,-0.03,0.98,1.28,0.06,-5.49,44.36,-39.81,-40.55,1,0.00,0.00,0,0,0,3.93,1.80,85.6,0,00,1,$
#,050,237,219,29.00,940.25,10.00,Frequency_MHz,RSSI_dBm,-0.03,-0.03,0.98,1.28,0.06,-5.49,44.36,-39.81,-40.55,1,0.00,0.00,0,0,0,3.93,1.90,85.1,0,00,1,$
#,050,237,219,29.00,940.25,10.00,Frequency_MHz,RSSI_dBm,-0.02,-0.00,0.99,-1.83,-0.43,-16.78,45.17,-39.64,-40.17,1,0.00,0.00,0,0,0,3.93,1.90,86.2,0,00,1,$
#,050,237,219,29.00,940.25,10.00,Frequency_MHz,RSSI_dBm,-0.02,-0.00,0.99,-1.83,-0.43,-16.78,45.17,-39.64,-40.17,1,0.00,0.00,0,0,0,3.93,1.97,86.2,0,00,1,$
#,050,237,219,29.00,940.25,10.00,Frequency_MHz,RSSI_dBm,-0.03,-0.03,0.98,2.56,0.31,9.89,46.23,-39.53,-42.46,1,0.00,0.00,0,0,0,3.90,2.69,84.5,0,00,1,$
#,050,237,219,29.00,940.25,10.00,Frequency_MHz,RSSI_dBm,-0.03,-0.03,0.98,2.56,0.31,9.89,46.23,-39.53,-42.46,1,0.00,0.00,0,0,0,3.90,2.69,84.0,0,00,1,$
#,050,237,220,29.00,940.25,10.00,Frequency_MHz,RSSI_dBm,-0.03,-0.03,0.98,2.56,0.31,9.89,46.23,-39.53,-42.46,1,0.00,0.00,0,0,0,3.94,1.68,85.6,0,00,1,$
#,050,237,220,29.00,940.25,10.00,Frequency_MHz,RSSI_dBm,-0.03,-0.03,0.98,2.08,0.55,-3.78,47.07,367.29,-381.54,1,0.00,0.00,0,0,0,3.94,1.68,84.5,0,00,1,$
#,050,238,220,29.00,940.25,10.00,Frequency_MHz,RSSI_dBm,-0.03,-0.03,0.98,2.08,0.55,-3.78,47.07,367.29,-381.54,1,0.00,0.00,0,0,0,3.90,2.13,86.2,0,00,1,$
#,050,238,220,29.00,940.25,10.00,Frequency_MHz,RSSI_dBm,-0.03,-0.03,0.98,2.08,0.55,-3.78,47.07,367.29,-381.54,1,0.00,0.00,0,0,0,3.90,2.13,84.5,0,00,1,$
#,050,238,220,29.00,940.25,10.00,Frequency_MHz,RSSI_dBm,-0.03,-0.01,0.94,1.77,0.67,-6.29,46.02,-39.75,-43.04,1,0.00,0.00,0,0,0,3.88,2.83,85.6,0,00,1,$
#,050,238,220,29.00,940.25,10.00,Frequency_MHz,RSSI_dBm,-0.03,-0.01,0.94,1.77,0.67,-6.29,46.02,-39.75,-43.04,1,0.00,0.00,0,0,0,3.93,1.95,84.5,0,00,1,$
#,050,238,220,29.00,940.25,10.00,Frequency_MHz,RSSI_dBm,-0.01,-0.03,0.94,8.73,-4.03,109.31,44.87,-40.45,-40.14,1,0.00,0.00,0,0,0,3.93,1.95,85.6,0,00,1,$
#,050,238,220,29.00,940.25,10.00,Frequency_MHz,RSSI_dBm,-0.01,-0.03,0.94,8.73,-4.03,109.31,44.87,-40.45,-40.14,1,0.00,0.00,0,0,0,3.94,1.76,86.2,0,00,1,$
#,050,238,220,29.00,940.25,10.00,Frequency_MHz,RSSI_dBm,-0.03,-0.03,0.98,2.26,0.37,-6.29,45.18,-38.93,-43.05,1,0.00,0.00,0,0,0,3.93,1.87,85.1,0,00,1,$
#,050,238,221,29.00,940.25,10.00,Frequency_MHz,RSSI_dBm,-0.03,-0.03,0.98,2.26,0.37,-6.29,45.18,-38.93,-43.05,1,0.00,0.00,0,0,0,3.93,1.87,85.6,0,00,1,$
#,050,239,221,29.00,940.25,10.00,Frequency_MHz,RSSI_dBm,-0.03,-0.03,0.98,2.26,0.37,-6.29,45.18,-38.93,-43.05,1,0.00,0.00,0,0,0,3.92,2.75,86.2,0,00,1,$
#,050,239,221,29.00,940.25,10.00,Frequency_MHz,RSSI_dBm,-0.03,-0.03,0.98,1.89,0.37,-3.78,47.19,-39.01,-43.16,1,0.00,0.00,0,0,0,3.92,2.75,85.6,0,00,1,$
#,050,239,221,29.00,940.25,10.00,Frequency_MHz,RSSI_dBm,-0.03,-0.03,0.98,1.89,0.37,-3.78,47.19,-39.01,-43.16,1,0.00,0.00,0,0,0,3.93,1.94,84.0,0,00,1,$
#,050,239,221,29.00,940.25,10.00,Frequency_MHz,RSSI_dBm,-0.03,-0.03,0.98,2.14,0.43,-5.07,45.96,-39.70,-43.20,1,0.00,0.00,0,0,0,3.93,1.80,85.1,0,00,1,$
#,050,239,221,29.00,940.25,10.00,Frequency_MHz,RSSI_dBm,-0.03,-0.03,0.98,2.14,0.43,-5.07,45.96,-39.70,-43.20,1,0.00,0.00,0,0,0,3.93,1.80,84.0,0,00,1,$
#,050,239,221,29.00,940.25,10.00,Frequency_MHz,RSSI_dBm,-0.03,-0.03,0.98,2.14,0.43,-5.07,45.96,-39.70,-43.20,1,0.00,0.00,0,0,0,3.89,2.74,85.1,0,00,1,$
#,050,239,221,29.00,940.25,10.00,Frequency_MHz,RSSI_dBm,-0.03,-0.03,0.98,2.62,0.49,-0.31,46.20,-38.95,-383.39,1,0.00,0.00,0,0,0,3.89,2.74,85.6,0,00,1,$
#,050,239,221,29.00,940.25,10.00,Frequency_MHz,RSSI_dBm,-0.03,-0.03,0.98,2.62,0.49,-0.31,46.20,-38.95,-383.39,1,0.00,0.00,0,0,0,3.90,2.79,85.6,0,00,1,$
#,050,240,222,29.00,940.25,10.00,Frequency_MHz,RSSI_dBm,-0.02,-0.03,0.99,1.83,0.55,-2.26,45.20,-39.42,-39.09,1,0.00,0.00,0,0,0,3.90,2.39,85.6,0,00,1,$
#,050,240,222,29.00,940.25,10.00,Frequency_MHz,RSSI_dBm,-0.02,-0.03,0.99,1.83,0.55,-2.26,45.20,-39.42,-39.09,1,0.00,0.00,0,0,0,3.90,2.39,84.0,0,00,1,$
#,050,240,222,29.00,940.25,10.00,Frequency_MHz,RSSI_dBm,-0.03,-0.03,0.98,3.42,-0.67,0.24,46.06,-39.67,-43.57,1,0.00,0.00,0,0,0,3.90,2.75,86.2,0,00,1,$
#,050,240,222,29.00,940.25,10.00,Frequency_MHz,RSSI_dBm,-0.03,-0.03,0.98,3.42,-0.67,0.24,46.06,-39.67,-43.57,1,0.00,0.00,0,0,0,3.90,2.75,84.5,0,00,1,$
#,050,240,222,29.00,940.25,10.00,Frequency_MHz,RSSI_dBm,-0.03,-0.03,0.98,3.42,-0.67,0.24,46.06,-39.67,-43.57,1,0.00,0.00,0,0,0,3.89,2.79,85.1,0,00,1,$
#,050,240,222,29.00,940.25,10.00,Frequency_MHz,RSSI_dBm,-0.02,-0.03,0.94,-13.18,3.97,-32.84,45.09,-39.40,-40.15,1,0.00,0.00,0,0,0,3.89,2.81,86.7,0,00,1,$
#,050,240,222,29.00,940.25,10.00,Frequency_MHz,RSSI_dBm,-0.02,-0.03,0.94,-13.18,3.97,-32.84,45.09,-39.40,-40.15,1,0.00,0.00,0,0,0,3.89,2.81,85.1,0,00,1,$
#,050,240,222,29.00,940.25,10.00,Frequency_MHz,RSSI_dBm,-0.03,-0.03,0.98,1.95,0.61,-2.26,44.45,-39.69,-40.23,1,0.00,0.00,0,0,0,3.93,1.78,85.1,0,00,1,$
#,050,241,223,29.00,940.25,10.00,Frequency_MHz,RSSI_dBm,-0.03,-0.03,0.98,1.95,0.61,-2.26,44.45,-39.69,-40.23,1,0.00,0.00,0,0,0,3.89,2.65,85.6,0,00,1,$
#,050,241,223,29.00,940.25,10.00,Frequency_MHz,RSSI_dBm,-0.01,-0.03,0.93,-4.09,-0.18,-42.42,44.91,-39.77,-40.34,1,0.00,0.00,0,0,0,3.89,2.65,86.2,0,00,1,$
#,050,241,223,29.00,940.25,10.00,Frequency_MHz,RSSI_dBm,-0.01,-0.03,0.93,-4.09,-0.18,-42.42,44.91,-39.77,-40.34,1,0.00,0.00,0,0,0,3.93,2.28,83.4,0,00,1,$
#,050,241,223,29.00,940.25,10.00,Frequency_MHz,RSSI_dBm,-0.01,-0.03,0.93,-4.09,-0.18,-42.42,44.91,-39.77,-40.34,1,0.00,0.00,0,0,0,3.89,2.79,85.6,0,00,1,$
#,050,241,223,29.00,940.25,10.00,Frequency_MHz,RSSI_dBm,-0.03,-0.03,0.98,1.65,0.67,-1.46,45.86,-39.36,-40.98,1,0.00,0.00,0,0,0,3.89,2.79,86.7,0,00,1,$
#,050,241,223,29.00,940.25,10.00,Frequency_MHz,RSSI_dBm,-0.03,-0.03,0.98,1.65,0.67,-1.46,45.86,-39.36,-40.98,1,0.00,0.00,0,0,0,3.92,1.86,85.1,0,00,1,$
#,050,241,223,29.00,940.25,10.00,Frequency_MHz,RSSI_dBm,-0.03,-0.02,0.98,1.16,0.43,-8.67,45.10,-40.39,-40.87,1,0.00,0.00,0,0,0,3.92,1.86,84.0,0,00,1,$
#,050,241,223,29.00,940.25,10.00,Frequency_MHz,RSSI_dBm,-0.03,-0.02,0.98,1.16,0.43,-8.67,45.10,-40.39,-40.87,1,0.00,0.00,0,0,0,3.89,2.64,84.5,0,00,1,$
#,050,242,223,29.00,940.25,10.00,Frequency_MHz,RSSI_dBm,-0.03,-0.02,0.98,1.16,0.43,-8.67,45.10,-40.39,-40.87,1,0.00,0.00,0,0,0,3.89,2.64,86.2,0,00,1,$
#,050,242,224,29.00,940.25,10.00,Frequency_MHz,RSSI_dBm,-0.01,-0.02,0.91,-9.34,1.53,-18.13,45.14,-39.66,-39.92,1,0.00,0.00,0,0,0,3.93,1.83,86.2,0,00,1,$
#,050,242,224,29.00,940.25,10.00,Frequency_MHz,RSSI_dBm,-0.01,-0.02,0.91,-9.34,1.53,-18.13,45.14,-39.66,-39.92,1,0.00,0.00,0,0,0,3.88,2.39,85.1,0,00,1,$
#,050,242,224,29.00,940.25,10.00,Frequency_MHz,RSSI_dBm,-0.03,-0.03,0.99,1.16,14.95,-4.39,45.86,-39.65,-43.62,1,0.00,0.00,0,0,0,3.88,2.39,86.2,0,00,1,$
#,050,242,224,29.00,940.25,10.00,Frequency_MHz,RSSI_dBm,-0.03,-0.03,0.99,1.16,14.95,-4.39,45.86,-39.65,-43.62,1,0.00,0.00,0,0,0,3.92,1.96,85.6,0,00,1,$
#,050,242,224,29.00,940.25,10.00,Frequency_MHz,RSSI_dBm,-0.03,-0.03,0.99,1.16,14.95,-4.39,45.86,-39.65,-43.62,1,0.00,0.00,0,0,0,3.92,1.96,84.5,0,00,1,$
#,050,242,224,29.00,940.25,10.00,Frequency_MHz,RSSI_dBm,-0.02,-0.03,0.94,-2.26,-0.43,-21.73,45.20,-40.71,-40.22,1,0.00,0.00,0,0,0,3.90,1.94,86.2,0,00,1,$
#,050,242,224,29.00,940.25,10.00,Frequency_MHz,RSSI_dBm,-0.02,-0.03,0.94,-2.26,-0.43,-21.73,45.20,-40.71,-40.22,1,0.00,0.00,0,0,0,3.93,1.80,85.6,0,00,1,$
#,050,243,224,29.00,940.25,10.00,Frequency_MHz,RSSI_dBm,-0.02,-0.04,0.94,4.76,-1.10,27.83,44.82,-39.72,-39.62,1,0.00,0.00,0,0,0,3.93,1.80,84.0,0,00,1,$
#,050,243,224,29.00,940.25,10.00,Frequency_MHz,RSSI_dBm,-0.02,-0.04,0.94,4.76,-1.10,27.83,44.82,-39.72,-39.62,1,0.00,0.00,0,0,0,3.92,2.63,86.7,0,00,1,$
#,050,243,225,29.00,940.25,10.00,Frequency_MHz,RSSI_dBm,-0.02,-0.04,0.94,4.76,-1.10,27.83,44.82,-39.72,-39.62,1,0.00,0.00,0,0,0,3.92,2.63,86.2,0,00,1,$
#,050,243,225,29.00,940.25,10.00,Frequency_MHz,RSSI_dBm,-0.02,-0.03,0.98,1.77,0.55,-4.94,44.69,-39.75,-39.82,1,0.00,0.00,0,0,0,3.93,1.86,86.2,0,00,1,$
#,050,243,225,29.00,940.25,10.00,Frequency_MHz,RSSI_dBm,-0.02,-0.03,0.98,1.77,0.55,-4.94,44.69,-39.75,-39.82,1,0.00,0.00,0,0,0,3.93,1.98,86.2,0,00,1,$
#,050,243,225,29.00,940.25,10.00,Frequency_MHz,RSSI_dBm,-0.03,-0.03,0.98,2.14,0.31,-2.26,45.37,-40.11,-43.14,1,0.00,0.00,0,0,0,3.93,1.98,84.5,0,00,1,$
#,050,243,225,29.00,940.25,10.00,Frequency_MHz,RSSI_dBm,-0.03,-0.03,0.98,2.14,0.31,-2.26,45.37,-40.11,-43.14,1,0.00,0.00,0,0,0,3.88,2.01,83.4,0,00,1,$
#,050,243,225,29.00,940.25,10.00,Frequency_MHz,RSSI_dBm,-0.03,-0.03,0.98,2.56,-0.92,0.06,45.62,-39.72,-40.93,1,0.00,0.00,0,0,0,3.89,2.43,85.6,0,00,1,$
#,050,244,225,29.00,940.25,10.00,Frequency_MHz,RSSI_dBm,-0.03,-0.03,0.98,2.56,-0.92,0.06,45.62,-39.72,-40.93,1,0.00,0.00,0,0,0,3.89,2.43,86.2,0,00,1,$
#,050,244,225,29.00,940.25,10.00,Frequency_MHz,RSSI_dBm,-0.03,-0.03,0.98,2.56,-0.92,0.06,45.62,-39.72,-40.93,1,0.00,0.00,0,0,0,3.94,1.76,84.0,0,00,1,$
#,050,244,225,29.00,940.25,10.00,Frequency_MHz,RSSI_dBm,-0.03,-0.02,0.99,2.62,-0.67,-2.38,45.51,-40.30,-40.39,1,0.00,0.00,0,0,0,3.94,1.76,86.2,0,00,1,$
#,050,244,226,29.00,940.25,10.00,Frequency_MHz,RSSI_dBm,-0.03,-0.02,0.99,2.62,-0.67,-2.38,45.51,-40.30,-40.39,1,0.00,0.00,0,0,0,3.93,1.89,85.1,0,00,1,$
#,050,244,226,29.00,940.25,10.00,Frequency_MHz,RSSI_dBm,-0.03,-0.03,0.98,1.77,0.49,-2.56,44.49,-39.88,-39.33,1,0.00,0.00,0,0,0,3.92,2.02,85.6,0,00,1,$
#,050,244,226,29.00,940.25,10.00,Frequency_MHz,RSSI_dBm,-0.03,-0.03,0.98,1.77,0.49,-2.56,44.49,-39.88,-39.33,1,0.00,0.00,0,0,0,3.92,2.02,84.5,0,00,1,$
#,050,244,226,29.00,940.25,10.00,Frequency_MHz,RSSI_dBm,-0.03,-0.03,0.98,1.77,0.49,-2.56,44.49,-39.88,-39.33,1,0.00,0.00,0,0,0,3.90,2.67,84.0,0,00,1,$
#,050,244,226,29.00,940.25,10.00,Frequency_MHz,RSSI_dBm,-0.03,-0.03,0.98,2.14,0.67,-4.70,44.86,-39.77,-41.25,1,0.00,0.00,0,0,0,3.90,2.67,85.1,0,00,1,$
#,050,245,226,29.00,940.25,10.00,Frequency_MHz,RSSI_dBm,-0.03,-0.03,0.98,2.14,0.67,-4.70,44.86,-39.77,-41.25,1,0.00,0.00,0,0,0,3.93,1.88,85.6,0,00,1,$
#,050,245,226,29.00,940.25,10.00,Frequency_MHz,RSSI_dBm,-0.02,-0.03,0.98,1.95,0.43,-4.52,44.76,-39.70,-39.12,1,0.00,0.00,0,0,0,3.94,1.70,82.9,0,00,1,$
#,050,245,226,29.00,940.25,10.00,Frequency_MHz,RSSI_dBm,-0.02,-0.03,0.98,1.95,0.43,-4.52,44.76,-39.70,-39.12,1,0.00,0.00,0,0,0,3.94,1.70,86.2,0,00,1,$
#,050,245,227,29.00,940.25,10.00,Frequency_MHz,RSSI_dBm,-0.03,-0.03,0.99,1.77,0.55,-4.27,46.85,144.27,-381.35,1,0.00,0.00,0,0,0,3.93,1.87,85.6,0,00,1,$
#,050,245,227,29.00,940.25,10.00,Frequency_MHz,RSSI_dBm,-0.03,-0.03,0.99,1.77,0.55,-4.27,46.85,144.27,-381.35,1,0.00,0.00,0,0,0,3.93,1.89,84.5,0,00,1,$
#,050,245,227,29.00,940.25,10.00,Frequency_MHz,RSSI_dBm,-0.03,-0.03,0.99,1.77,0.55,-4.27,46.85,144.27,-381.35,1,0.00,0.00,0,0,0,3.93,1.89,85.6,0,00,1,$
#,050,245,227,29.00,940.25,10.00,Frequency_MHz,RSSI_dBm,-0.02,-0.02,0.98,1.34,0.06,-3.17,45.07,-39.97,-39.69,1,0.00,0.00,0,0,0,3.90,2.15,85.6,0,00,1,$
#,050,245,227,29.00,940.25,10.00,Frequency_MHz,RSSI_dBm,-0.02,-0.02,0.98,1.34,0.06,-3.17,45.07,-39.97,-39.69,1,0.00,0.00,0,0,0,3.90,2.15,85.6,0,00,1,$
#,050,246,227,29.00,940.25,10.00,Frequency_MHz,RSSI_dBm,-0.01,-0.02,0.98,-4.39,4.64,-36.13,44.48,-40.08,-40.43,1,0.00,0.00,0,0,0,3.93,2.00,86.7,0,00,1,$
#,050,246,227,29.00,940.25,10.00,Frequency_MHz,RSSI_dBm,-0.01,-0.02,0.98,-4.39,4.64,-36.13,44.48,-40.08,-40.43,1,0.00,0.00,0,0,0,3.93,1.88,84.0,0,00,1,$
#,050,246,227,29.00,940.25,10.00,Frequency_MHz,RSSI_dBm,-0.01,-0.02,0.98,-4.39,4.64,-36.13,44.48,-40.08,-40.43,1,0.00,0.00,0,0,0,3.93,1.88,85.1,0,00,1,$
#,050,246,228,29.00,940.25,10.00,Frequency_MHz,RSSI_dBm,-0.01,-0.03,1.03,3.54,-3.11,-11.60,46.63,-38.83,-42.60,1,0.00,0.00,0,0,0,3.93,1.85,84.5,0,00,1,$
#,050,246,228,29.00,940.25,10.00,Frequency_MHz,RSSI_dBm,-0.01,-0.03,1.03,3.54,-3.11,-11.60,46.63,-38.83,-42.60,1,0.00,0.00,0,0,0,3.88,2.17,85.1,0,00,1,$
#,050,246,228,29.00,940.25,10.00,Frequency_MHz,RSSI_dBm,-0.04,-0.03,0.96,1.71,-6.29,-5.31,44.73,-39.99,-39.79,1,0.00,0.00,0,0,0,3.88,2.17,85.1,0,00,1,$
#,050,246,228,29.00,940.25,10.00,Frequency_MHz,RSSI_dBm,-0.04,-0.03,0.96,1.71,-6.29,-5.31,44.73,-39.99,-39.79,1,0.00,0.00,0,0,0,3.92,1.98,83.4,0,00,1,$
#,050,246,228,29.00,940.25,10.00,Frequency_MHz,RSSI_dBm,-0.02,-0.04,0.93,5.19,-1.16,36.01,47.06,-38.76,-43.86,1,0.00,0.00,0,0,0,3.92,1.98,85.6,0,00,1,$
#,050,247,228,29.00,940.25,10.00,Frequency_MHz,RSSI_dBm,-0.02,-0.04,0.93,5.19,-1.16,36.01,47.06,-38.76,-43.86,1,0.00,0.00,0,0,0,3.93,1.95,85.1,0,00,1,$
#,050,247,228,29.00,940.25,10.00,Frequency_MHz,RSSI_dBm,-0.02,-0.04,0.93,5.19,-1.16,36.01,47.06,-38.76,-43.86,1,0.00,0.00,0,0,0,3.93,1.89,85.1,0,00,1,$
#,050,247,228,29.00,940.25,10.00,Frequency_MHz,RSSI_dBm,-0.02,-0.03,0.93,-7.08,0.55,-56.76,46.34,17.76,-375.68,1,0.00,0.00,0,0,0,3.93,1.89,85.6,0,00,1,$
#,050,247,229,29.00,940.25,10.00,Frequency_MHz,RSSI_dBm,-0.02,-0.03,0.93,-7.08,0.55,-56.76,46.34,17.76,-375.68,1,0.00,0.00,0,0,0,3.89,2.61,84.5,0,00,1,$
#,050,247,229,29.00,940.25,10.00,Frequency_MHz,RSSI_dBm,-0.00,-0.02,0.98,2.08,0.49,-5.31,44.76,-40.72,-41.50,1,0.00,0.00,0,0,0,3.89,2.61,84.0,0,00,1,$
#,050,247,229,29.00,940.25,10.00,Frequency_MHz,RSSI_dBm,-0.00,-0.02,0.98,2.08,0.49,-5.31,44.76,-40.72,-41.50,1,0.00,0.00,0,0,0,3.91,1.94,86.2,0,00,1,$
#,050,247,229,29.00,940.25,10.00,Frequency_MHz,RSSI_dBm,-0.02,-0.03,0.92,6.77,-1.34,46.45,44.87,-40.61,-41.25,1,0.00,0.00,0,0,0,3.93,1.84,83.4,0,00,1,$
#,050,247,229,29.00,940.25,10.00,Frequency_MHz,RSSI_dBm,-0.02,-0.03,0.92,6.77,-1.34,46.45,44.87,-40.61,-41.25,1,0.00,0.00,0,0,0,3.93,1.84,85.6,0,00,1,$
#,050,248,229,29.00,940.25,10.00,Frequency_MHz,RSSI_dBm,-0.02,-0.03,0.92,6.77,-1.34,46.45,44.87,-40.61,-41.25,1,0.00,0.00,0,0,0,3.93,1.88,83.4,0,00,1,$
#,050,248,229,29.00,940.25,10.00,Frequency_MHz,RSSI_dBm,-0.03,-0.03,0.98,2.14,-0.06,-3.42,44.48,-39.79,-40.55,1,0.00,0.00,0,0,0,3.89,2.69,84.5,0,00,1,$
#,050,248,229,29.00,940.25,10.00,Frequency_MHz,RSSI_dBm,-0.03,-0.03,0.98,2.14,-0.06,-3.42,44.48,-39.79,-40.55,1,0.00,0.00,0,0,0,3.89,2.69,85.6,0,00,1,$
#,050,248,230,29.00,940.25,10.00,Frequency_MHz,RSSI_dBm,-0.03,-0.03,0.98,1.77,0.55,-2.69,44.89,-38.88,-40.11,1,0.00,0.00,0,0,0,3.93,1.85,84.5,0,00,1,$
#,050,248,230,29.00,940.25,10.00,Frequency_MHz,RSSI_dBm,-0.03,-0.03,0.98,1.77,0.55,-2.69,44.89,-38.88,-40.11,1,0.00,0.00,0,0,0,3.93,1.85,85.1,0,00,1,$
#,050,248,230,29.00,940.25,10.00,Frequency_MHz,RSSI_dBm,-0.03,-0.03,0.98,1.77,0.55,-2.69,44.89,-38.88,-40.11,1,0.00,0.00,0,0,0,3.91,1.87,84.0,0,00,1,$
#,050,248,230,29.00,940.25,10.00,Frequency_MHz,RSSI_dBm,-0.02,-0.03,0.93,5.31,-0.98,33.81,45.08,-39.86,-40.66,1,0.00,0.00,0,0,0,3.90,2.88,85.6,0,00,1,$
#,050,248,230,29.00,940.25,10.00,Frequency_MHz,RSSI_dBm,-0.02,-0.03,0.93,5.31,-0.98,33.81,45.08,-39.86,-40.66,1,0.00,0.00,0,0,0,3.90,2.88,86.7,0,00,1,$
#,050,249,230,29.00,940.25,10.00,Frequency_MHz,RSSI_dBm,-0.03,-0.03,0.98,1.65,0.67,-3.30,44.68,143.15,-380.42,1,0.00,0.00,0,0,0,3.93,1.90,85.6,0,00,1,$
#,050,249,230,29.00,940.25,10.00,Frequency_MHz,RSSI_dBm,-0.03,-0.03,0.98,1.65,0.67,-3.30,44.68,143.15,-380.42,1,0.00,0.00,0,0,0,3.93,1.90,86.2,0,00,1,$
#,050,249,230,29.00,940.25,10.00,Frequency_MHz,RSSI_dBm,-0.03,-0.03,0.98,1.65,0.67,-3.30,44.68,143.15,-380.42,1,0.00,0.00,0,0,0,3.93,2.46,84.0,0,00,1,$
#,050,249,230,29.00,940.25,10.00,Frequency_MHz,RSSI_dBm,-0.03,-0.03,0.99,0.85,0.73,-6.23,44.93,-39.60,-39.31,1,0.00,0.00,0,0,0,3.90,2.83,86.2,0,00,1,$
#,050,249,231,29.00,940.25,10.00,Frequency_MHz,RSSI_dBm,-0.03,-0.03,0.99,0.85,0.73,-6.23,44.93,-39.60,-39.31,1,0.00,0.00,0,0,0,3.90,2.83,84.0,0,00,1,$
#,050,249,231,29.00,940.25,10.00,Frequency_MHz,RSSI_dBm,-0.01,-0.02,0.99,-2.44,-3.66,2.38,45.30,-39.38,-41.28,1,0.00,0.00,0,0,0,3.89,2.63,83.4,0,00,1,$
#,050,249,231,29.00,940.25,10.00,Frequency_MHz,RSSI_dBm,-0.01,-0.02,0.99,-2.44,-3.66,2.38,45.30,-39.38,-41.28,1,0.00,0.00,0,0,0,3.89,2.63,85.6,0,00,1,$
#,050,249,231,29.00,940.25,10.00,Frequency_MHz,RSSI_dBm,-0.02,-0.03,0.95,-11.66,1.77,-85.33,45.28,-40.05,-42.81,1,0.00,0.00,0,0,0,3.93,1.85,85.1,0,00,1,$
#,050,250,231,29.00,940.25,10.00,Frequency_MHz,RSSI_dBm,-0.02,-0.03,0.95,-11.66,1.77,-85.33,45.28,-40.05,-42.81,1,0.00,0.00,0,0,0,3.92,1.95,84.5,0,00,1,$
#,050,250,231,29.00,940.25,10.00,Frequency_MHz,RSSI_dBm,-0.02,-0.03,0.95,-11.66,1.77,-85.33,45.28,-40.05,-42.81,1,0.00,0.00,0,0,0,3.92,1.95,85.6,0,00,1,$
#,050,250,231,29.00,940.25,10.00,Frequency_MHz,RSSI_dBm,-0.03,-0.03,0.98,2.14,0.61,-3.17,44.84,-39.69,-39.59,1,0.00,0.00,0,0,0,3.89,1.91,85.1,0,00,1,$
#,050,250,231,29.00,940.25,10.00,Frequency_MHz,RSSI_dBm,-0.03,-0.03,0.98,2.14,0.61,-3.17,44.84,-39.69,-39.59,1,0.00,0.00,0,0,0,3.89,1.91,86.2,0,00,1,$
#,050,250,231,29.00,940.25,10.00,Frequency_MHz,RSSI_dBm,-0.02,-0.03,0.99,0.92,0.61,-4.82,44.80,-39.45,-40.22,1,0.00,0.00,0,0,0,3.93,1.77,85.1,0,00,1,$
#,050,250,232,29.00,940.25,10.00,Frequency_MHz,RSSI_dBm,-0.02,-0.03,0.99,0.92,0.61,-4.82,44.80,-39.45,-40.22,1,0.00,0.00,0,0,0,3.93,1.89,84.5,0,00,1,$
#,050,250,232,29.00,940.25,10.00,Frequency_MHz,RSSI_dBm,-0.02,-0.03,0.99,0.92,0.61,-4.82,44.80,-39.45,-40.22,1,0.00,0.00,0,0,0,3.93,1.89,84.5,0,00,1,$
#,050,250,232,29.00,940.25,10.00,Frequency_MHz,RSSI_dBm,-0.02,-0.03,0.98,1.10,0.92,-4.46,45.65,258.20,-382.06,1,0.00,0.00,0,0,0,3.90,2.71,84.5,0,00,1,$
#,050,251,232,29.00,940.25,10.00,Frequency_MHz,RSSI_dBm,-0.02,-0.03,0.98,1.10,0.92,-4.46,45.65,258.20,-382.06,1,0.00,0.00,0,0,0,3.90,2.71,84.5,0,00,1,$
#,050,251,232,29.00,940.25,10.00,Frequency_MHz,RSSI_dBm,-0.03,-0.03,0.98,1.77,0.55,-5.37,44.12,-39.99,-40.60,1,0.00,0.00,0,0,0,3.89,1.85,85.6,0,00,1,$
#,050,251,232,29.00,940.25,10.00,Frequency_MHz,RSSI_dBm,-0.03,-0.03,0.98,1.77,0.55,-5.37,44.12,-39.99,-40.60,1,0.00,0.00,0,0,0,3.92,1.99,85.6,0,00,1,$
#,050,251,232,29.00,940.25,10.00,Frequency_MHz,RSSI_dBm,-0.03,-0.03,0.98,1.77,0.55,-5.37,44.12,-39.99,-40.60,1,0.00,0.00,0,0,0,3.92,1.99,84.5,0,00,1,$
#,050,251,232,29.00,940.25,10.00,Frequency_MHz,RSSI_dBm,-0.03,-0.02,0.98,0.92,-0.85,18.43,45.75,-39.26,-42.14,1,0.00,0.00,0,0,0,3.90,2.62,85.1,0,00,1,$
#,050,251,232,29.00,940.25,10.00,Frequency_MHz,RSSI_dBm,-0.03,-0.02,0.98,0.92,-0.85,18.43,45.75,-39.26,-42.14,1,0.00,0.00,0,0,0,3.90,2.62,84.5,0,00,1,$
#,050,251,233,29.00,940.25,10.00,Frequency_MHz,RSSI_dBm,-0.00,-0.03,1.03,0.92,-4.58,-23.86,45.70,-39.53,-42.49,1,0.00,0.00,0,0,0,3.93,1.87,85.6,0,00,1,$
#,050,251,233,29.00,940.25,10.00,Frequency_MHz,RSSI_dBm,-0.00,-0.03,1.03,0.92,-4.58,-23.86,45.70,-39.53,-42.49,1,0.00,0.00,0,0,0,3.93,1.75,85.1,0,00,1,$
#,050,252,233,29.00,940.25,10.00,Frequency_MHz,RSSI_dBm,-0.04,-0.02,0.96,3.78,-5.31,45.10,45.08,-38.95,-44.60,1,0.00,0.00,0,0,0,3.93,1.75,85.1,0,00,1,$
#,050,252,233,29.00,940.25,10.00,Frequency_MHz,RSSI_dBm,-0.04,-0.02,0.96,3.78,-5.31,45.10,45.08,-38.95,-44.60,1,0.00,0.00,0,0,0,3.93,1.86,85.6,0,00,1,$
#,050,252,233,29.00,940.25,10.00,Frequency_MHz,RSSI_dBm,-0.04,-0.02,0.96,3.78,-5.31,45.10,45.08,-38.95,-44.60,1,0.00,0.00,0,0,0,3.93,2.02,85.6,0,00,1,$
#,050,252,233,29.00,940.25,10.00,Frequency_MHz,RSSI_dBm,-0.03,-0.03,0.98,2.69,0.18,9.89,44.79,-40.62,-40.59,1,0.00,0.00,0,0,0,3.93,2.02,85.6,0,00,1,$
#,050,252,233,29.00,940.25,10.00,Frequency_MHz,RSSI_dBm,-0.03,-0.03,0.98,2.69,0.18,9.89,44.79,-40.62,-40.59,1,0.00,0.00,0,0,0,3.93,1.78,84.0,0,00,1,$
#,050,252,233,29.00,940.25,10.00,Frequency_MHz,RSSI_dBm,-0.02,-0.03,0.98,1.89,0.67,-3.72,45.96,-38.70,-43.37,1,0.00,0.00,0,0,0,3.93,1.78,86.2,0,00,1,$
#,050,252,234,29.00,940.25,10.00,Frequency_MHz,RSSI_dBm,-0.02,-0.03,0.98,1.89,0.67,-3.72,45.96,-38.70,-43.37,1,0.00,0.00,0,0,0,3.93,1.80,84.0,0,00,1,$
#,050,252,234,29.00,940.25,10.00,Frequency_MHz,RSSI_dBm,-0.02,-0.03,0.98,1.89,0.67,-3.72,45.96,-38.70,-43.37,1,0.00,0.00,0,0,0,3.93,1.80,85.1,0,00,1,$
#,050,253,234,29.00,940.25,10.00,Frequency_MHz,RSSI_dBm,-0.03,-0.03,0.98,2.20,0.61,-4.88,44.74,-39.83,-41.36,1,0.00,0.00,0,0,0,3.92,2.76,84.5,0,00,1,$
#,050,253,234,29.00,940.25,10.00,Frequency_MHz,RSSI_dBm,-0.03,-0.03,0.98,2.20,0.61,-4.88,44.74,-39.83,-41.36,1,0.00,0.00,0,0,0,3.89,2.68,85.1,0,00,1,$
#,050,253,234,29.00,940.25,10.00,Frequency_MHz,RSSI_dBm,-0.03,-0.03,0.98,2.75,-0.06,-0.55,46.50,-39.03,-43.15,1,0.00,0.00,0,0,0,3.89,2.68,86.2,0,00,1,$
#,050,253,234,29.00,940.25,10.00,Frequency_MHz,RSSI_dBm,-0.03,-0.03,0.98,2.75,-0.06,-0.55,46.50,-39.03,-43.15,1,0.00,0.00,0,0,0,3.93,1.89,85.6,0,00,1,$
#,050,253,234,29.00,940.25,10.00,Frequency_MHz,RSSI_dBm,-0.03,-0.03,0.98,2.75,-0.06,-0.55,46.50,-39.03,-43.15,1,0.00,0.00,0,0,0,3.93,1.89,84.5,0,00,1,$
#,050,253,234,29.00,940.25,10.00,Frequency_MHz,RSSI_dBm,-0.02,-0.03,0.98,1.71,0.43,-6.04,45.37,-38.98,-41.67,1,0.00,0.00,0,0,0,3.90,2.56,85.1,0,00,1,$
#,050,253,234,29.00,940.25,10.00,Frequency_MHz,RSSI_dBm,-0.02,-0.03,0.98,1.71,0.43,-6.04,45.37,-38.98,-41.67,1,0.00,0.00,0,0,0,3.93,1.91,85.1,0,00,1,$
#,050,253,235,29.00,940.25,10.00,Frequency_MHz,RSSI_dBm,-0.00,-0.02,0.95,-5.00,-0.55,-10.74,44.57,-39.84,-39.48,1,0.00,0.00,0,0,0,3.93,1.91,85.6,0,00,1,$
#,050,253,235,29.00,940.25,10.00,Frequency_MHz,RSSI_dBm,-0.00,-0.02,0.95,-5.00,-0.55,-10.74,44.57,-39.84,-39.48,1,0.00,0.00,0,0,0,3.92,1.96,84.5,0,00,1,$
#,050,254,235,29.00,940.25,10.00,Frequency_MHz,RSSI_dBm,-0.00,-0.02,0.95,-5.00,-0.55,-10.74,44.57,-39.84,-39.48,1,0.00,0.00,0,0,0,3.92,1.96,85.1,0,00,1,$
#,050,254,235,29.00,940.25,10.00,Frequency_MHz,RSSI_dBm,-0.02,-0.02,1.00,0.67,3.17,75.50,44.43,-40.48,-40.88,1,0.00,0.00,0,0,0,3.92,1.96,84.5,0,00,1,$
#,050,254,235,29.00,940.25,10.00,Frequency_MHz,RSSI_dBm,-0.02,-0.02,1.00,0.67,3.17,75.50,44.43,-40.48,-40.88,1,0.00,0.00,0,0,0,3.93,1.99,85.1,0,00,1,$
#,050,254,235,29.00,940.25,10.00,Frequency_MHz,RSSI_dBm,-0.02,-0.03,0.98,1.71,0.43,-2.75,45.78,-38.71,-42.74,1,0.00,0.00,0,0,0,3.93,1.99,85.6,0,00,1,$
#,050,254,235,29.00,940.25,10.00,Frequency_MHz,RSSI_dBm,-0.02,-0.03,0.98,1.71,0.43,-2.75,45.78,-38.71,-42.74,1,0.00,0.00,0,0,0,3.92,1.98,84.5,0,00,1,$
#,050,254,235,29.00,940.25,10.00,Frequency_MHz,RSSI_dBm,-0.02,-0.03,0.98,1.71,0.43,-2.75,45.78,-38.71,-42.74,1,0.00,0.00,0,0,0,3.92,1.98,84.5,0,00,1,$
#,050,254,235,29.00,940.25,10.00,Frequency_MHz,RSSI_dBm,-0.03,-0.02,0.98,1.65,0.49,-3.97,44.62,-39.81,-40.38,1,0.00,0.00,0,0,0,3.91,2.37,86.2,0,00,1,$
#,050,254,236,29.00,940.25,10.00,Frequency_MHz,RSSI_dBm,-0.03,-0.02,0.98,1.65,0.49,-3.97,44.62,-39.81,-40.38,1,0.00,0.00,0,0,0,3.91,2.37,84.5,0,00,1,$
#,050,255,236,29.00,940.25,10.00,Frequency_MHz,RSSI_dBm,-0.03,-0.03,0.98,0.37,-0.49,-12.33,44.48,-40.20,-40.39,1,0.00,0.00,0,0,0,3.93,2.30,85.6,0,00,1,$
#,050,255,236,29.00,940.25,10.00,Frequency_MHz,RSSI_dBm,-0.03,-0.03,0.98,0.37,-0.49,-12.33,44.48,-40.20,-40.39,1,0.00,0.00,0,0,0,3.93,1.94,84.5,0,00,1,$
#,050,255,236,29.00,940.25,10.00,Frequency_MHz,RSSI_dBm,-0.03,-0.03,0.98,0.37,-0.49,-12.33,44.48,-40.20,-40.39,1,0.00,0.00,0,0,0,3.93,1.94,84.5,0,00,1,$
#,050,255,236,29.00,940.25,10.00,Frequency_MHz,RSSI_dBm,-0.02,-0.02,0.97,-3.91,-1.16,-32.71,45.37,-40.38,-42.63,1,0.00,0.00,0,0,0,3.92,2.62,86.2,0,00,1,$
#,050,255,236,29.00,940.25,10.00,Frequency_MHz,RSSI_dBm,-0.02,-0.02,0.97,-3.91,-1.16,-32.71,45.37,-40.38,-42.63,1,0.00,0.00,0,0,0,3.93,1.99,83.4,0,00,1,$
#,050,255,236,29.00,940.25,10.00,Frequency_MHz,RSSI_dBm,-0.02,-0.03,0.93,-5.49,0.24,-54.44,45.78,-39.17,-43.76,1,0.00,0.00,0,0,0,3.93,1.99,84.5,0,00,1,$
#,050,255,236,29.00,940.25,10.00,Frequency_MHz,RSSI_dBm,-0.02,-0.03,0.93,-5.49,0.24,-54.44,45.78,-39.17,-43.76,1,0.00,0.00,0,0,0,3.90,2.69,85.6,0,00,1,$
#,050,255,236,29.00,940.25,10.00,Frequency_MHz,RSSI_dBm,-0.02,-0.03,0.93,-4.70,-0.12,-32.71,46.33,-38.53,-43.04,1,0.00,0.00,0,0,0,3.93,1.86,85.1,0,00,1,$
#,050,256,237,29.00,940.25,10.00,Frequency_MHz,RSSI_dBm,-0.02,-0.03,0.93,-4.70,-0.12,-32.71,46.33,-38.53,-43.04,1,0.00,0.00,0,0,0,3.93,1.86,86.2,0,00,1,$
#,050,256,237,29.00,940.25,10.00,Frequency_MHz,RSSI_dBm,-0.02,-0.03,0.93,-4.70,-0.12,-32.71,46.33,-38.53,-43.04,1,0.00,0.00,0,0,0,3.92,2.02,85.6,0,00,1,$
#,050,256,237,29.00,940.25,10.00,Frequency_MHz,RSSI_dBm,-0.02,-0.04,0.99,2.08,0.49,-2.50,44.73,-39.79,-41.83,1,0.00,0.00,0,0,0,3.92,2.02,84.0,0,00,1,$
#,050,256,237,29.00,940.25,10.00,Frequency_MHz,RSSI_dBm,-0.02,-0.04,0.99,2.08,0.49,-2.50,44.73,-39.79,-41.83,1,0.00,0.00,0,0,0,3.89,2.01,85.1,0,00,1,$
#,050,256,237,29.00,940.25,10.00,Frequency_MHz,RSSI_dBm,-0.02,-0.03,0.99,2.01,0.55,-5.43,44.78,-39.97,-40.59,1,0.00,0.00,0,0,0,3.93,1.85,85.6,0,00,1,$
#,050,256,237,29.00,940.25,10.00,Frequency_MHz,RSSI_dBm,-0.02,-0.03,0.99,2.01,0.55,-5.43,44.78,-39.97,-40.59,1,0.00,0.00,0,0,0,3.93,1.85,84.5,0,00,1,$
#,050,256,237,29.00,940.25,10.00,Frequency_MHz,RSSI_dBm,-0.03,-0.03,0.98,1.71,-0.85,5.92,46.02,-38.42,-42.24,1,0.00,0.00,0,0,0,3.90,2.60,85.6,0,00,1,$
#,050,256,237,29.00,940.25,10.00,Frequency_MHz,RSSI_dBm,-0.03,-0.03,0.98,1.71,-0.85,5.92,46.02,-38.42,-42.24,1,0.00,0.00,0,0,0,3.89,2.61,86.7,0,00,1,$
#,050,257,238,29.00,940.25,10.00,Frequency_MHz,RSSI_dBm,-0.03,-0.03,0.98,1.71,-0.85,5.92,46.02,-38.42,-42.24,1,0.00,0.00,0,0,0,3.89,2.61,85.6,0,00,1,$
#,050,257,238,29.00,940.25,10.00,Frequency_MHz,RSSI_dBm,-0.01,-0.02,0.97,1.65,-0.73,21.61,46.01,-39.49,-43.73,1,0.00,0.00,0,0,0,3.88,2.86,85.6,0,00,1,$
#,050,257,238,29.00,940.25,10.00,Frequency_MHz,RSSI_dBm,-0.01,-0.02,0.97,1.65,-0.73,21.61,46.01,-39.49,-43.73,1,0.00,0.00,0,0,0,3.88,2.86,84.5,0,00,1,$
#,050,257,238,29.00,940.25,10.00,Frequency_MHz,RSSI_dBm,-0.02,-0.04,0.94,6.04,-1.53,55.97,44.74,-40.84,-42.47,1,0.00,0.00,0,0,0,3.92,2.05,86.2,0,00,1,$
#,050,257,238,29.00,940.25,10.00,Frequency_MHz,RSSI_dBm,-0.02,-0.04,0.94,6.04,-1.53,55.97,44.74,-40.84,-42.47,1,0.00,0.00,0,0,0,3.92,2.05,84.5,0,00,1,$
#,050,257,238,29.00,940.25,10.00,Frequency_MHz,RSSI_dBm,-0.02,-0.03,0.99,-6.23,0.12,-56.40,45.07,-40.53,-39.87,1,0.00,0.00,0,0,0,3.88,2.20,85.6,0,00,1,$
#,050,257,238,29.00,940.25,10.00,Frequency_MHz,RSSI_dBm,-0.02,-0.03,0.99,-6.23,0.12,-56.40,45.07,-40.53,-39.87,1,0.00,0.00,0,0,0,3.88,2.20,86.2,0,00,1,$
#,050,258,239,29.00,940.25,10.00,Frequency_MHz,RSSI_dBm,-0.02,-0.03,0.99,1.89,0.61,-1.89,44.35,-40.09,-40.71,1,0.00,0.00,0,0,0,3.94,1.86,85.6,0,00,1,$
#,050,258,239,29.00,940.25,10.00,Frequency_MHz,RSSI_dBm,-0.02,-0.03,0.99,1.89,0.61,-1.89,44.35,-40.09,-40.71,1,0.00,0.00,0,0,0,3.88,2.65,86.2,0,00,1,$
#,050,258,239,29.00,940.25,10.00,Frequency_MHz,RSSI_dBm,-0.02,-0.03,0.99,1.89,0.61,-1.89,44.35,-40.09,-40.71,1,0.00,0.00,0,0,0,3.88,2.65,84.0,0,00,1,$
#,050,258,239,29.00,940.25,10.00,Frequency_MHz,RSSI_dBm,-0.02,-0.03,0.98,2.20,0.73,0.67,45.74,-39.98,-288.53,1,0.00,0.00,0,0,0,3.93,2.60,84.0,0,00,1,$
#,050,258,239,29.00,940.25,10.00,Frequency_MHz,RSSI_dBm,-0.02,-0.03,0.98,2.20,0.73,0.67,45.74,-39.98,-288.53,1,0.00,0.00,0,0,0,3.92,2.64,85.6,0,00,1,$
#,050,258,239,29.00,940.25,10.00,Frequency_MHz,RSSI_dBm,-0.03,-0.03,0.98,3.05,-0.61,-2.69,44.86,-40.38,-41.72,1,0.00,0.00,0,0,0,3.92,2.64,85.6,0,00,1,$
#,050,258,239,29.00,940.25,10.00,Frequency_MHz,RSSI_dBm,-0.03,-0.03,0.98,3.05,-0.61,-2.69,44.86,-40.38,-41.72,1,0.00,0.00,0,0,0,3.92,1.80,84.5,0,00,1,$
#,050,258,239,29.00,940.25,10.00,Frequency_MHz,RSSI_dBm,-0.03,-0.03,0.98,2.08,-0.55,-5.25,46.23,-38.93,-42.43,1,0.00,0.00,0,0,0,3.92,1.80,85.6,0,00,1,$
#,050,259,239,29.00,940.25,10.00,Frequency_MHz,RSSI_dBm,-0.03,-0.03,0.98,2.08,-0.55,-5.25,46.23,-38.93,-42.43,1,0.00,0.00,0,0,0,3.93,1.86,86.2,0,00,1,$
#,050,259,240,29.00,940.25,10.00,Frequency_MHz,RSSI_dBm,-0.03,-0.03,0.98,2.08,-0.55,-5.25,46.23,-38.93,-42.43,1,0.00,0.00,0,0,0,3.93,1.86,84.0,0,00,1,$
#,050,259,240,29.00,940.25,10.00,Frequency_MHz,RSSI_dBm,-0.03,-0.02,0.95,-4.03,-2.38,-41.56,45.83,-39.37,-41.47,1,0.00,0.00,0,0,0,3.94,2.62,85.1,0,00,1,$
#,050,259,240,29.00,940.25,10.00,Frequency_MHz,RSSI_dBm,-0.03,-0.02,0.95,-4.03,-2.38,-41.56,45.83,-39.37,-41.47,1,0.00,0.00,0,0,0,3.93,1.87,85.6,0,00,1,$
#,050,259,240,29.00,940.25,10.00,Frequency_MHz,RSSI_dBm,-0.04,-0.02,0.93,-2.62,-0.92,-36.93,44.69,-40.12,-39.97,1,0.00,0.00,0,0,0,3.93,1.87,86.7,0,00,1,$
#,050,259,240,29.00,940.25,10.00,Frequency_MHz,RSSI_dBm,-0.04,-0.02,0.93,-2.62,-0.92,-36.93,44.69,-40.12,-39.97,1,0.00,0.00,0,0,0,3.93,1.97,85.6,0,00,1,$
#,050,259,240,29.00,940.25,10.00,Frequency_MHz,RSSI_dBm,-0.04,-0.02,0.93,-2.62,-0.92,-36.93,44.69,-40.12,-39.97,1,0.00,0.00,0,0,0,3.93,1.97,85.1,0,00,1,$
#,050,259,240,29.00,940.25,10.00,Frequency_MHz,RSSI_dBm,-0.03,-0.03,0.98,2.38,0.37,7.08,46.15,-39.89,-44.70,1,0.00,0.00,0,0,0,3.89,2.70,84.5,0,00,1,$
#,050,260,240,29.00,940.25,10.00,Frequency_MHz,RSSI_dBm,-0.03,-0.03,0.98,2.38,0.37,7.08,46.15,-39.89,-44.70,1,0.00,0.00,0,0,0,3.94,1.68,84.0,0,00,1,$
#,050,260,241,29.00,940.25,10.00,Frequency_MHz,RSSI_dBm,-0.03,-0.03,0.99,2.08,0.79,-1.83,46.47,315.27,-381.59,1,0.00,0.00,0,0,0,3.94,1.68,85.1,0,00,1,$
#,050,260,241,29.00,940.25,10.00,Frequency_MHz,RSSI_dBm,-0.03,-0.03,0.99,2.08,0.79,-1.83,46.47,315.27,-381.59,1,0.00,0.00,0,0,0,3.93,1.80,84.0,0,00,1,$
#,050,260,241,29.00,940.25,10.00,Frequency_MHz,RSSI_dBm,-0.03,-0.03,0.99,2.08,0.79,-1.83,46.47,315.27,-381.59,1,0.00,0.00,0,0,0,3.93,1.99,85.1,0,00,1,$
#,050,260,241,29.00,940.25,10.00,Frequency_MHz,RSSI_dBm,-0.02,-0.02,0.98,2.01,0.31,-1.46,44.46,-39.71,-41.89,1,0.00,0.00,0,0,0,3.93,1.99,85.1,0,00,1,$
#,050,260,241,29.00,940.25,10.00,Frequency_MHz,RSSI_dBm,-0.02,-0.02,0.98,2.01,0.31,-1.46,44.46,-39.71,-41.89,1,0.00,0.00,0,0,0,3.92,1.90,83.4,0,00,1,$
#,050,260,241,29.00,940.25,10.00,Frequency_MHz,RSSI_dBm,-0.02,-0.03,0.98,3.30,-0.92,-4.09,46.37,-38.70,-41.80,1,0.00,0.00,0,0,0,3.92,1.90,84.5,0,00,1,$
#,050,260,241,29.00,940.25,10.00,Frequency_MHz,RSSI_dBm,-0.02,-0.03,0.98,3.30,-0.92,-4.09,46.37,-38.70,-41.80,1,0.00,0.00,0,0,0,3.89,2.04,85.6,0,00,1,$
#,050,261,241,29.00,940.25,10.00,Frequency_MHz,RSSI_dBm,-0.02,-0.03,0.98,3.30,-0.92,-4.09,46.37,-38.70,-41.80,1,0.00,0.00,0,0,0,3.93,1.85,85.6,0,00,1,$
#,050,261,241,29.00,940.25,10.00,Frequency_MHz,RSSI_dBm,-0.02,-0.03,0.99,2.08,-0.18,-7.39,43.62,-39.59,-39.16,1,0.00,0.00,0,0,0,3.93,1.85,84.5,0,00,1,$
#,050,261,242,29.00,940.25,10.00,Frequency_MHz,RSSI_dBm,-0.02,-0.03,0.99,2.08,-0.18,-7.39,43.62,-39.59,-39.16,1,0.00,0.00,0,0,0,3.89,2.21,85.1,0,00,1,$
#,050,261,242,29.00,940.25,10.00,Frequency_MHz,RSSI_dBm,-0.02,-0.03,0.93,-8.48,0.61,-52.73,44.86,-39.86,-40.03,1,0.00,0.00,0,0,0,3.89,2.21,84.5,0,00,1,$
#,050,261,242,29.00,940.25,10.00,Frequency_MHz,RSSI_dBm,-0.02,-0.03,0.93,-8.48,0.61,-52.73,44.86,-39.86,-40.03,1,0.00,0.00,0,0,0,3.92,1.82,84.0,0,00,1,$
#,050,261,242,29.00,940.25,10.00,Frequency_MHz,RSSI_dBm,-0.01,-0.04,0.93,-6.90,0.12,-58.11,46.72,-38.45,-43.42,1,0.00,0.00,0,0,0,3.90,2.93,85.6,0,00,1,$
#,050,261,242,29.00,940.25,10.00,Frequency_MHz,RSSI_dBm,-0.01,-0.04,0.93,-6.90,0.12,-58.11,46.72,-38.45,-43.42,1,0.00,0.00,0,0,0,3.90,2.93,85.6,0,00,1,$
#,050,261,242,29.00,940.25,10.00,Frequency_MHz,RSSI_dBm,-0.01,-0.04,0.93,-6.90,0.12,-58.11,46.72,-38.45,-43.42,1,0.00,0.00,0,0,0,3.93,1.96,85.1,0,00,1,$
#,050,262,242,29.00,940.25,10.00,Frequency_MHz,RSSI_dBm,-0.03,-0.03,0.98,1.95,0.85,-2.01,44.69,-40.60,-40.84,1,0.00,0.00,0,0,0,3.93,1.96,85.1,0,00,1,$
#,050,262,242,29.00,940.25,10.00,Frequency_MHz,RSSI_dBm,-0.03,-0.03,0.98,1.95,0.85,-2.01,44.69,-40.60,-40.84,1,0.00,0.00,0,0,0,3.93,1.85,85.1,0,00,1,$
#,050,262,242,29.00,940.25,10.00,Frequency_MHz,RSSI_dBm,-0.03,-0.03,0.98,2.26,0.61,0.55,44.03,-40.34,-39.89,1,0.00,0.00,0,0,0,3.93,1.86,84.5,0,00,1,$
#,050,262,243,29.00,940.25,10.00,Frequency_MHz,RSSI_dBm,-0.03,-0.03,0.98,2.26,0.61,0.55,44.03,-40.34,-39.89,1,0.00,0.00,0,0,0,3.93,1.86,84.5,0,00,1,$
#,050,262,243,29.00,940.25,10.00,Frequency_MHz,RSSI_dBm,-0.03,-0.03,0.98,2.26,0.61,0.55,44.03,-40.34,-39.89,1,0.00,0.00,0,0,0,3.90,2.76,86.7,0,00,1,$
#,050,262,243,29.00,940.25,10.00,Frequency_MHz,RSSI_dBm,-0.03,-0.01,0.90,-2.20,1.71,34.85,44.76,-39.81,-39.89,1,0.00,0.00,0,0,0,3.90,2.76,85.1,0,00,1,$
#,050,262,243,29.00,940.25,10.00,Frequency_MHz,RSSI_dBm,-0.03,-0.01,0.90,-2.20,1.71,34.85,44.76,-39.81,-39.89,1,0.00,0.00,0,0,0,3.91,2.58,84.5,0,00,1,$
#,050,262,243,29.00,940.25,10.00,Frequency_MHz,RSSI_dBm,-0.03,-0.02,1.01,-4.70,-4.27,-14.04,44.34,-39.98,-41.09,1,0.00,0.00,0,0,0,3.93,1.96,84.0,0,00,1,$
#,050,263,243,29.00,940.25,10.00,Frequency_MHz,RSSI_dBm,-0.03,-0.02,1.01,-4.70,-4.27,-14.04,44.34,-39.98,-41.09,1,0.00,0.00,0,0,0,3.93,1.96,85.6,0,00,1,$
#,050,263,243,29.00,940.25,10.00,Frequency_MHz,RSSI_dBm,-0.03,-0.02,1.01,-4.70,-4.27,-14.04,44.34,-39.98,-41.09,1,0.00,0.00,0,0,0,3.92,1.98,85.6,0,00,1,$
#,050,263,243,29.00,940.25,10.00,Frequency_MHz,RSSI_dBm,-0.03,-0.02,0.94,1.04,-0.06,-58.53,44.63,-40.25,-39.77,1,0.00,0.00,0,0,0,3.92,1.98,84.5,0,00,1,$
#,050,263,243,29.00,940.25,10.00,Frequency_MHz,RSSI_dBm,-0.03,-0.02,0.94,1.04,-0.06,-58.53,44.63,-40.25,-39.77,1,0.00,0.00,0,0,0,3.92,2.74,85.1,0,00,1,$
#,050,263,244,29.00,940.25,10.00,Frequency_MHz,RSSI_dBm,-0.02,-0.03,0.98,1.34,0.61,0.31,44.08,-39.26,-38.99,1,0.00,0.00,0,0,0,3.92,1.79,84.5,0,00,1,$
#,050,263,244,29.00,940.25,10.00,Frequency_MHz,RSSI_dBm,-0.02,-0.03,0.98,1.34,0.61,0.31,44.08,-39.26,-38.99,1,0.00,0.00,0,0,0,3.92,1.79,84.0,0,00,1,$
#,050,263,244,29.00,940.25,10.00,Frequency_MHz,RSSI_dBm,-0.02,-0.04,0.94,6.10,-1.40,54.02,46.08,-39.95,-44.25,1,0.00,0.00,0,0,0,3.88,2.76,86.2,0,00,1,$
#,050,263,244,29.00,940.25,10.00,Frequency_MHz,RSSI_dBm,-0.02,-0.04,0.94,6.10,-1.40,54.02,46.08,-39.95,-44.25,1,0.00,0.00,0,0,0,3.92,1.92,85.6,0,00,1,$
#,050,264,244,29.00,940.25,10.00,Frequency_MHz,RSSI_dBm,-0.02,-0.04,0.94,6.10,-1.40,54.02,46.08,-39.95,-44.25,1,0.00,0.00,0,0,0,3.92,1.92,85.1,0,00,1,$
#,050,264,244,29.00,940.25,10.00,Frequency_MHz,RSSI_dBm,-0.02,-0.03,0.93,-3.85,0.00,-14.65,45.79,-39.48,-43.63,1,0.00,0.00,0,0,0,3.92,1.88,84.0,0,00,1,$
#,050,264,244,29.00,940.25,10.00,Frequency_MHz,RSSI_dBm,-0.02,-0.03,0.93,-3.85,0.00,-14.65,45.79,-39.48,-43.63,1,0.00,0.00,0,0,0,3.92,1.88,86.2,0,00,1,$
#,050,264,244,29.00,940.25,10.00,Frequency_MHz,RSSI_dBm,-0.03,-0.03,0.95,-13.79,-0.31,-89.11,44.56,-40.12,-40.38,1,0.00,0.00,0,0,0,3.91,1.79,84.5,0,00,1,$
#,050,264,244,29.00,940.25,10.00,Frequency_MHz,RSSI_dBm,-0.03,-0.03,0.95,-13.79,-0.31,-89.11,44.56,-40.12,-40.38,1,0.00,0.00,0,0,0,3.89,2.33,85.6,0,00,1,$
#,050,264,245,29.00,940.25,10.00,Frequency_MHz,RSSI_dBm,-0.03,-0.03,0.95,-13.79,-0.31,-89.11,44.56,-40.12,-40.38,1,0.00,0.00,0,0,0,3.89,2.33,85.6,0,00,1,$
#,050,264,245,29.00,940.25,10.00,Frequency_MHz,RSSI_dBm,-0.03,-0.03,0.98,3.11,-0.61,-6.59,44.56,-40.12,-40.08,1,0.00,0.00,0,0,0,3.91,1.91,84.5,0,00,1,$
#,050,264,245,29.00,940.25,10.00,Frequency_MHz,RSSI_dBm,-0.03,-0.03,0.98,3.11,-0.61,-6.59,44.56,-40.12,-40.08,1,0.00,0.00,0,0,0,3.91,1.91,85.1,0,00,1,$
#,050,265,245,29.00,940.25,10.00,Frequency_MHz,RSSI_dBm,-0.02,-0.03,0.93,-5.49,0.37,-46.69,45.20,-38.81,-42.93,1,0.00,0.00,0,0,0,3.89,2.59,85.1,0,00,1,$
#,050,265,245,29.00,940.25,10.00,Frequency_MHz,RSSI_dBm,-0.02,-0.03,0.93,-5.49,0.37,-46.69,45.20,-38.81,-42.93,1,0.00,0.00,0,0,0,3.89,2.59,84.0,0,00,1,$
#,050,265,245,29.00,940.25,10.00,Frequency_MHz,RSSI_dBm,-0.02,-0.03,0.93,-5.49,0.37,-46.69,45.20,-38.81,-42.93,1,0.00,0.00,0,0,0,3.89,1.90,86.2,0,00,1,$
#,050,265,245,29.00,940.25,10.00,Frequency_MHz,RSSI_dBm,-0.03,-0.03,0.98,1.77,0.49,-5.43,46.81,-39.47,-42.82,1,0.00,0.00,0,0,0,3.93,1.94,85.6,0,00,1,$
#,050,265,245,29.00,940.25,10.00,Frequency_MHz,RSSI_dBm,-0.03,-0.03,0.98,1.77,0.49,-5.43,46.81,-39.47,-42.82,1,0.00,0.00,0,0,0,3.93,1.94,85.1,0,00,1,$
#,050,265,245,29.00,940.25,10.00,Frequency_MHz,RSSI_dBm,-0.03,-0.03,0.98,0.24,1.10,-10.93,45.52,-39.32,-40.69,1,0.00,0.00,0,0,0,3.89,2.48,84.5,0,00,1,$
#,050,265,246,29.00,940.25,10.00,Frequency_MHz,RSSI_dBm,-0.03,-0.03,0.98,0.24,1.10,-10.93,45.52,-39.32,-40.69,1,0.00,0.00,0,0,0,3.94,2.48,84.0,0,00,1,$
#,050,265,246,29.00,940.25,10.00,Frequency_MHz,RSSI_dBm,-0.03,-0.03,0.98,0.24,1.10,-10.93,45.52,-39.32,-40.69,1,0.00,0.00,0,0,0,3.94,1.71,84.5,0,00,1,$
#,050,266,246,29.00,940.25,10.00,Frequency_MHz,RSSI_dBm,-0.02,-0.03,0.98,1.65,0.43,-6.10,44.92,-41.17,-358.57,1,0.00,0.00,0,0,0,3.90,2.76,86.2,0,00,1,$
#,050,266,246,29.00,940.25,10.00,Frequency_MHz,RSSI_dBm,-0.02,-0.03,0.98,1.65,0.43,-6.10,44.92,-41.17,-358.57,1,0.00,0.00,0,0,0,3.90,2.76,85.1,0,00,1,$
#,050,266,246,29.00,940.25,10.00,Frequency_MHz,RSSI_dBm,-0.03,-0.03,0.98,1.53,0.73,-3.36,46.42,-39.10,-45.45,1,0.00,0.00,0,0,0,3.93,2.83,85.1,0,00,1,$
#,050,266,246,29.00,940.25,10.00,Frequency_MHz,RSSI_dBm,-0.03,-0.03,0.98,1.53,0.73,-3.36,46.42,-39.10,-45.45,1,0.00,0.00,0,0,0,3.88,2.82,86.2,0,00,1,$
#,050,266,246,29.00,940.25,10.00,Frequency_MHz,RSSI_dBm,-0.02,-0.03,0.98,2.75,-0.73,-2.44,43.98,-40.37,-40.45,1,0.00,0.00,0,0,0,3.88,2.82,85.6,0,00,1,$
#,050,266,246,29.00,940.25,10.00,Frequency_MHz,RSSI_dBm,-0.02,-0.03,0.98,2.75,-0.73,-2.44,43.98,-40.37,-40.45,1,0.00,0.00,0,0,0,3.93,1.69,85.1,0,00,1,$
#,050,266,246,29.00,940.25,10.00,Frequency_MHz,RSSI_dBm,-0.02,-0.03,0.98,2.75,-0.73,-2.44,43.98,-40.37,-40.45,1,0.00,0.00,0,0,0,3.93,1.69,85.1,0,00,1,$
#,050,266,247,29.00,940.25,10.00,Frequency_MHz,RSSI_dBm,-0.02,-0.02,0.97,-10.38,-1.59,-25.27,45.13,-40.20,-39.75,1,0.00,0.00,0,0,0,3.90,1.88,85.1,0,00,1,$
#,050,267,247,29.00,940.25,10.00,Frequency_MHz,RSSI_dBm,-0.02,-0.02,0.97,-10.38,-1.59,-25.27,45.13,-40.20,-39.75,1,0.00,0.00,0,0,0,3.93,1.88,86.2,0,00,1,$
#,050,267,247,29.00,940.25,10.00,Frequency_MHz,RSSI_dBm,-0.02,-0.03,0.93,-6.90,0.24,-53.41,45.26,-39.55,-41.85,1,0.00,0.00,0,0,0,3.93,1.88,84.5,0,00,1,$
#,050,267,247,29.00,940.25,10.00,Frequency_MHz,RSSI_dBm,-0.02,-0.03,0.93,-6.90,0.24,-53.41,45.26,-39.55,-41.85,1,0.00,0.00,0,0,0,3.89,2.68,85.6,0,00,1,$
#,050,267,247,29.00,940.25,10.00,Frequency_MHz,RSSI_dBm,-0.03,-0.03,0.97,-0.18,0.92,-14.34,44.38,-40.54,-41.87,1,0.00,0.00,0,0,0,3.89,2.68,85.1,0,00,1,$
#,050,267,247,29.00,940.25,10.00,Frequency_MHz,RSSI_dBm,-0.03,-0.03,0.97,-0.18,0.92,-14.34,44.38,-40.54,-41.87,1,0.00,0.00,0,0,0,3.92,2.02,85.1,0,00,1,$
#,050,267,247,29.00,940.25,10.00,Frequency_MHz,RSSI_dBm,-0.03,-0.03,0.97,-0.18,0.92,-14.34,44.38,-40.54,-41.87,1,0.00,0.00,0,0,0,3.94,1.85,85.6,0,00,1,$
#,050,267,247,29.00,940.25,10.00,Frequency_MHz,RSSI_dBm,-0.02,-0.03,0.99,2.14,0.61,-2.87,44.41,350.59,-382.32,1,0.00,0.00,0,0,0,3.94,1.85,84.5,0,00,1,$
#,050,267,248,29.00,940.25,10.00,Frequency_MHz,RSSI_dBm,-0.02,-0.03,0.99,2.14,0.61,-2.87,44.41,350.59,-382.32,1,0.00,0.00,0,0,0,3.89,2.45,85.6,0,00,1,$
#,050,267,248,29.00,940.25,10.00,Frequency_MHz,RSSI_dBm,-0.02,-0.02,0.99,1.83,0.37,-3.36,44.25,-40.77,-40.80,1,0.00,0.00,0,0,0,3.89,2.45,84.0,0,00,1,$
#,050,268,248,29.00,940.25,10.00,Frequency_MHz,RSSI_dBm,-0.02,-0.02,0.99,1.83,0.37,-3.36,44.25,-40.77,-40.80,1,0.00,0.00,0,0,0,3.93,1.93,84.5,0,00,1,$
#,050,268,248,29.00,940.25,10.00,Frequency_MHz,RSSI_dBm,-0.02,-0.02,0.99,1.83,0.37,-3.36,44.25,-40.77,-40.80,1,0.00,0.00,0,0,0,3.88,3.01,85.6,0,00,1,$
#,050,268,248,29.00,940.25,10.00,Frequency_MHz,RSSI_dBm,0.00,-0.03,0.95,-3.42,4.52,-10.56,44.78,-40.84,-39.77,1,0.00,0.00,0,0,0,3.88,3.01,85.6,0,00,1,$
#,050,268,248,29.00,940.25,10.00,Frequency_MHz,RSSI_dBm,0.00,-0.03,0.95,-3.42,4.52,-10.56,44.78,-40.84,-39.77,1,0.00,0.00,0,0,0,3.90,1.91,87.3,0,00,1,$
#,050,268,248,29.00,940.25,10.00,Frequency_MHz,RSSI_dBm,-0.02,-0.02,0.93,2.81,-8.24,-70.01,43.77,-40.54,-40.78,1,0.00,0.00,0,0,0,3.90,1.91,85.1,0,00,1,$
#,050,268,248,29.00,940.25,10.00,Frequency_MHz,RSSI_dBm,-0.02,-0.02,0.93,2.81,-8.24,-70.01,43.77,-40.54,-40.78,1,0.00,0.00,0,0,0,3.93,1.79,86.7,0,00,1,$
#,050,268,248,29.00,940.25,10.00,Frequency_MHz,RSSI_dBm,-0.02,-0.02,0.93,2.81,-8.24,-70.01,43.77,-40.54,-40.78,1,0.00,0.00,0,0,0,3.94,1.84,84.0,0,00,1,$
#,050,268,249,29.00,940.25,10.00,Frequency_MHz,RSSI_dBm,-0.02,-0.04,0.93,7.69,-1.53,51.57,44.23,-39.69,-40.12,1,0.00,0.00,0,0,0,3.94,1.84,84.0,0,00,1,$
#,050,269,249,29.00,940.25,10.00,Frequency_MHz,RSSI_dBm,-0.02,-0.04,0.93,7.69,-1.53,51.57,44.23,-39.69,-40.12,1,0.00,0.00,0,0,0,3.90,1.90,85.6,0,00,1,$
#,050,269,249,29.00,940.25,10.00,Frequency_MHz,RSSI_dBm,-0.02,-0.03,0.98,2.26,0.61,-3.97,44.01,-39.99,-39.47,1,0.00,0.00,0,0,0,3.92,1.93,86.2,0,00,1,$
#,050,269,249,29.00,940.25,10.00,Frequency_MHz,RSSI_dBm,-0.02,-0.03,0.98,2.26,0.61,-3.97,44.01,-39.99,-39.47,1,0.00,0.00,0,0,0,3.92,1.93,85.1,0,00,1,$
#,050,269,249,29.00,940.25,10.00,Frequency_MHz,RSSI_dBm,-0.02,-0.03,0.98,2.26,0.61,-3.97,44.01,-39.99,-39.47,1,0.00,0.00,0,0,0,3.93,1.93,85.1,0,00,1,$
#,050,269,249,29.00,940.25,10.00,Frequency_MHz,RSSI_dBm,-0.03,-0.03,0.98,1.77,0.98,-1.83,45.28,-39.11,-43.84,1,0.00,0.00,0,0,0,3.92,1.99,84.5,0,00,1,$
#,050,269,249,29.00,940.25,10.00,Frequency_MHz,RSSI_dBm,-0.03,-0.03,0.98,1.77,0.98,-1.83,45.28,-39.11,-43.84,1,0.00,0.00,0,0,0,3.92,1.99,84.0,0,00,1,$
#,050,269,249,29.00,940.25,10.00,Frequency_MHz,RSSI_dBm,-0.02,-0.03,0.98,2.08,0.49,-2.50,45.75,-39.47,-41.54,1,0.00,0.00,0,0,0,3.89,2.60,85.6,0,00,1,$
#,050,269,249,29.00,940.25,10.00,Frequency_MHz,RSSI_dBm,-0.02,-0.03,0.98,2.08,0.49,-2.50,45.75,-39.47,-41.54,1,0.00,0.00,0,0,0,3.89,2.60,84.5,0,00,1,$
#,050,270,250,29.00,940.25,10.00,Frequency_MHz,RSSI_dBm,-0.02,-0.02,0.97,-6.59,4.21,11.17,45.78,-38.46,-42.60,1,0.00,0.00,0,0,0,3.90,2.69,84.5,0,00,1,$
#,050,270,250,29.00,940.25,10.00,Frequency_MHz,RSSI_dBm,-0.02,-0.02,0.97,-6.59,4.21,11.17,45.78,-38.46,-42.60,1,0.00,0.00,0,0,0,3.90,2.69,85.6,0,00,1,$
#,050,270,250,29.00,940.25,10.00,Frequency_MHz,RSSI_dBm,-0.02,-0.02,0.97,-6.59,4.21,11.17,45.78,-38.46,-42.60,1,0.00,0.00,0,0,0,3.92,1.90,85.6,0,00,1,$
#,050,270,250,29.00,940.25,10.00,Frequency_MHz,RSSI_dBm,-0.02,-0.03,0.97,4.33,-3.60,-37.48,44.80,-40.73,-41.67,1,0.00,0.00,0,0,0,3.92,2.81,85.1,0,00,1,$
#,050,270,250,29.00,940.25,10.00,Frequency_MHz,RSSI_dBm,-0.02,-0.03,0.97,4.33,-3.60,-37.48,44.80,-40.73,-41.67,1,0.00,0.00,0,0,0,3.92,2.81,85.1,0,00,1,$
#,050,270,250,29.00,940.25,10.00,Frequency_MHz,RSSI_dBm,-0.03,-0.03,0.99,1.95,0.49,-3.42,44.57,-40.78,-40.94,1,0.00,0.00,0,0,0,3.93,1.96,83.4,0,00,1,$
#,050,270,250,29.00,940.25,10.00,Frequency_MHz,RSSI_dBm,-0.03,-0.03,0.99,1.95,0.49,-3.42,44.57,-40.78,-40.94,1,0.00,0.00,0,0,0,3.93,1.96,85.1,0,00,1,$
#,050,270,250,29.00,940.25,10.00,Frequency_MHz,RSSI_dBm,-0.03,-0.03,0.99,1.95,0.49,-3.42,44.57,-40.78,-40.94,1,0.00,0.00,0,0,0,3.92,1.86,84.5,0,00,1,$
#,050,271,250,29.00,940.25,10.00,Frequency_MHz,RSSI_dBm,-0.02,-0.03,0.98,1.83,0.61,-3.30,44.32,-39.98,-40.84,1,0.00,0.00,0,0,0,3.89,2.57,85.1,0,00,1,$
#,050,271,251,29.00,940.25,10.00,Frequency_MHz,RSSI_dBm,-0.02,-0.03,0.98,1.83,0.61,-3.30,44.32,-39.98,-40.84,1,0.00,0.00,0,0,0,3.89,2.57,84.5,0,00,1,$
#,050,271,251,29.00,940.25,10.00,Frequency_MHz,RSSI_dBm,-0.02,-0.03,0.98,6.29,-1.34,47.85,45.78,-38.89,-41.74,1,0.00,0.00,0,0,0,3.89,2.22,85.6,0,00,1,$
#,050,271,251,29.00,940.25,10.00,Frequency_MHz,RSSI_dBm,-0.02,-0.03,0.98,6.29,-1.34,47.85,45.78,-38.89,-41.74,1,0.00,0.00,0,0,0,3.92,2.22,85.1,0,00,1,$
#,050,271,251,29.00,940.25,10.00,Frequency_MHz,RSSI_dBm,-0.02,-0.03,0.98,6.29,-1.34,47.85,45.78,-38.89,-41.74,1,0.00,0.00,0,0,0,3.92,1.89,85.6,0,00,1,$
#,050,271,251,29.00,940.25,10.00,Frequency_MHz,RSSI_dBm,-0.02,-0.03,1.00,1.95,0.73,-6.84,44.49,-39.81,-41.02,1,0.00,0.00,0,0,0,3.93,1.93,85.6,0,00,1,$
#,050,271,251,29.00,940.25,10.00,Frequency_MHz,RSSI_dBm,-0.02,-0.03,1.00,1.95,0.73,-6.84,44.49,-39.81,-41.02,1,0.00,0.00,0,0,0,3.93,1.93,85.1,0,00,1,$
#,050,271,251,29.00,940.25,10.00,Frequency_MHz,RSSI_dBm,-0.03,-0.03,0.98,3.60,-0.98,-5.07,44.63,-40.23,-41.32,1,0.00,0.00,0,0,0,3.88,1.93,85.1,0,00,1,$
#,050,272,251,29.00,940.25,10.00,Frequency_MHz,RSSI_dBm,-0.03,-0.03,0.98,3.60,-0.98,-5.07,44.63,-40.23,-41.32,1,0.00,0.00,0,0,0,3.93,1.87,85.1,0,00,1,$
#,050,272,251,29.00,940.25,10.00,Frequency_MHz,RSSI_dBm,-0.02,-0.02,0.98,-10.07,-0.55,-36.50,44.54,-40.08,-39.20,1,0.00,0.00,0,0,0,3.93,1.87,84.0,0,00,1,$
#,050,272,252,29.00,940.25,10.00,Frequency_MHz,RSSI_dBm,-0.02,-0.02,0.98,-10.07,-0.55,-36.50,44.54,-40.08,-39.20,1,0.00,0.00,0,0,0,3.90,2.70,85.6,0,00,1,$
#,050,272,252,29.00,940.25,10.00,Frequency_MHz,RSSI_dBm,-0.02,-0.02,0.98,-10.07,-0.55,-36.50,44.54,-40.08,-39.20,1,0.00,0.00,0,0,0,3.88,1.79,86.2,0,00,1,$
#,050,272,252,29.00,940.25,10.00,Frequency_MHz,RSSI_dBm,-0.02,-0.03,0.93,-2.38,-0.37,-8.54,44.13,-40.62,-39.17,1,0.00,0.00,0,0,0,3.88,1.79,86.2,0,00,1,$
#,050,272,252,29.00,940.25,10.00,Frequency_MHz,RSSI_dBm,-0.02,-0.03,0.93,-2.38,-0.37,-8.54,44.13,-40.62,-39.17,1,0.00,0.00,0,0,0,3.92,1.81,84.0,0,00,1,$
#,050,272,252,29.00,940.25,10.00,Frequency_MHz,RSSI_dBm,-0.02,-0.02,0.95,-0.31,-4.94,4.09,46.75,-39.76,-42.02,1,0.00,0.00,0,0,0,3.92,1.81,85.1,0,00,1,$
#,050,272,252,29.00,940.25,10.00,Frequency_MHz,RSSI_dBm,-0.02,-0.02,0.95,-0.31,-4.94,4.09,46.75,-39.76,-42.02,1,0.00,0.00,0,0,0,3.92,1.87,86.2,0,00,1,$
#,050,273,252,29.00,940.25,10.00,Frequency_MHz,RSSI_dBm,-0.02,-0.03,0.98,0.18,0.61,-9.95,45.14,-40.15,-41.55,1,0.00,0.00,0,0,0,3.93,1.92,83.4,0,00,1,$
#,050,273,252,29.00,940.25,10.00,Frequency_MHz,RSSI_dBm,-0.02,-0.03,0.98,0.18,0.61,-9.95,45.14,-40.15,-41.55,1,0.00,0.00,0,0,0,3.93,1.92,84.0,0,00,1,$
#,050,273,253,29.00,940.25,10.00,Frequency_MHz,RSSI_dBm,-0.02,-0.03,0.98,0.18,0.61,-9.95,45.14,-40.15,-41.55,1,0.00,0.00,0,0,0,3.90,2.55,85.1,0,00,1,$
#,050,273,253,29.00,940.25,10.00,Frequency_MHz,RSSI_dBm,-0.02,-0.02,0.98,1.53,0.37,-1.65,45.08,-40.23,-40.37,1,0.00,0.00,0,0,0,3.90,2.02,84.0,0,00,1,$
#,050,273,253,29.00,940.25,10.00,Frequency_MHz,RSSI_dBm,-0.02,-0.02,0.98,1.53,0.37,-1.65,45.08,-40.23,-40.37,1,0.00,0.00,0,0,0,3.90,2.02,86.2,0,00,1,$
#,050,273,253,29.00,940.25,10.00,Frequency_MHz,RSSI_dBm,-0.02,-0.03,0.98,2.99,-0.73,-0.92,44.14,-39.97,-40.65,1,0.00,0.00,0,0,0,3.92,2.00,86.2,0,00,1,$
#,050,273,253,29.00,940.25,10.00,Frequency_MHz,RSSI_dBm,-0.02,-0.03,0.98,2.99,-0.73,-0.92,44.14,-39.97,-40.65,1,0.00,0.00,0,0,0,3.92,2.00,85.1,0,00,1,$
#,050,273,253,29.00,940.25,10.00,Frequency_MHz,RSSI_dBm,-0.01,-0.03,0.94,-13.24,-0.31,-26.37,44.64,-40.14,-40.64,1,0.00,0.00,0,0,0,3.93,1.94,85.1,0,00,1,$
#,050,274,253,29.00,940.25,10.00,Frequency_MHz,RSSI_dBm,-0.01,-0.03,0.94,-13.24,-0.31,-26.37,44.64,-40.14,-40.64,1,0.00,0.00,0,0,0,3.93,1.85,85.1,0,00,1,$
#,050,274,253,29.00,940.25,10.00,Frequency_MHz,RSSI_dBm,-0.01,-0.03,0.94,-13.24,-0.31,-26.37,44.64,-40.14,-40.64,1,0.00,0.00,0,0,0,3.93,1.85,83.4,0,00,1,$
#,050,274,253,29.00,940.25,10.00,Frequency_MHz,RSSI_dBm,-0.02,-0.02,0.98,-5.80,1.53,14.22,46.25,-38.92,-42.42,1,0.00,0.00,0,0,0,3.93,1.88,83.4,0,00,1,$
#,050,274,254,29.00,940.25,10.00,Frequency_MHz,RSSI_dBm,-0.02,-0.02,0.98,-5.80,1.53,14.22,46.25,-38.92,-42.42,1,0.00,0.00,0,0,0,3.93,1.88,85.1,0,00,1,$
#,050,274,254,29.00,940.25,10.00,Frequency_MHz,RSSI_dBm,-0.02,-0.03,0.98,0.98,0.61,-5.19,44.12,-40.19,-41.48,1,0.00,0.00,0,0,0,3.93,2.24,85.1,0,00,1,$
#,050,274,254,29.00,940.25,10.00,Frequency_MHz,RSSI_dBm,-0.02,-0.03,0.98,0.98,0.61,-5.19,44.12,-40.19,-41.48,1,0.00,0.00,0,0,0,3.88,2.64,85.1,0,00,1,$
#,050,274,254,29.00,940.25,10.00,Frequency_MHz,RSSI_dBm,-0.02,-0.03,0.98,0.98,0.61,-5.19,44.12,-40.19,-41.48,1,0.00,0.00,0,0,0,3.88,2.64,84.5,0,00,1,$
#,050,275,254,29.00,940.25,10.00,Frequency_MHz,RSSI_dBm,-0.02,-0.03,0.98,1.53,0.37,-1.77,45.08,-40.03,-39.79,1,0.00,0.00,0,0,0,3.90,2.47,85.1,0,00,1,$
#,050,275,254,29.00,940.25,10.00,Frequency_MHz,RSSI_dBm,-0.02,-0.03,0.98,1.53,0.37,-1.77,45.08,-40.03,-39.79,1,0.00,0.00,0,0,0,3.92,1.94,85.6,0,00,1,$
#,050,275,254,29.00,940.25,10.00,Frequency_MHz,RSSI_dBm,-0.02,-0.03,0.98,1.95,0.55,-8.00,43.87,-39.69,-40.28,1,0.00,0.00,0,0,0,3.92,1.94,84.5,0,00,1,$
#,050,275,254,29.00,940.25,10.00,Frequency_MHz,RSSI_dBm,-0.02,-0.03,0.98,1.95,0.55,-8.00,43.87,-39.69,-40.28,1,0.00,0.00,0,0,0,3.93,1.81,82.9,0,00,1,$
#,050,275,255,29.00,940.25,10.00,Frequency_MHz,RSSI_dBm,-0.02,-0.03,0.98,2.75,-0.67,1.65,44.37,-39.27,-39.59,1,0.00,0.00,0,0,0,3.93,1.81,84.0,0,00,1,$
#,050,275,255,29.00,940.25,10.00,Frequency_MHz,RSSI_dBm,-0.02,-0.03,0.98,2.75,-0.67,1.65,44.37,-39.27,-39.59,1,0.00,0.00,0,0,0,3.93,1.79,85.1,0,00,1,$
#,050,275,255,29.00,940.25,10.00,Frequency_MHz,RSSI_dBm,-0.02,-0.03,0.98,2.75,-0.67,1.65,44.37,-39.27,-39.59,1,0.00,0.00,0,0,0,3.92,1.88,85.1,0,00,1,$
#,050,275,255,29.00,940.25,10.00,Frequency_MHz,RSSI_dBm,-0.01,-0.02,0.94,-0.73,-4.52,-29.79,45.15,-39.79,-40.30,1,0.00,0.00,0,0,0,3.92,1.88,84.0,0,00,1,$
#,050,276,255,29.00,940.25,10.00,Frequency_MHz,RSSI_dBm,-0.01,-0.02,0.94,-0.73,-4.52,-29.79,45.15,-39.79,-40.30,1,0.00,0.00,0,0,0,3.89,2.31,84.0,0,00,1,$
#,050,276,255,29.00,940.25,10.00,Frequency_MHz,RSSI_dBm,-0.02,-0.02,0.96,-3.85,-2.08,-69.70,45.94,-39.17,-42.42,1,0.00,0.00,0,0,0,3.89,2.31,84.0,0,00,1,$
#,050,276,255,29.00,940.25,10.00,Frequency_MHz,RSSI_dBm,-0.02,-0.02,0.96,-3.85,-2.08,-69.70,45.94,-39.17,-42.42,1,0.00,0.00,0,0,0,3.92,1.86,85.6,0,00,1,$
#,050,276,255,29.00,940.25,10.00,Frequency_MHz,RSSI_dBm,-0.02,-0.02,0.96,-3.85,-2.08,-69.70,45.94,-39.17,-42.42,1,0.00,0.00,0,0,0,3.94,1.86,85.6,0,00,1,$
#,050,276,255,29.00,940.25,10.00,Frequency_MHz,RSSI_dBm,-0.02,-0.03,0.98,0.06,0.55,-8.06,45.48,-39.51,-41.44,1,0.00,0.00,0,0,0,3.94,1.86,85.1,0,00,1,$
#,050,276,256,29.00,940.25,10.00,Frequency_MHz,RSSI_dBm,-0.02,-0.03,0.98,0.06,0.55,-8.06,45.48,-39.51,-41.44,1,0.00,0.00,0,0,0,3.93,1.80,84.5,0,00,1,$
#,050,276,256,29.00,940.25,10.00,Frequency_MHz,RSSI_dBm,-0.03,-0.03,0.98,1.71,0.61,-3.17,45.06,-39.71,-40.05,1,0.00,0.00,0,0,0,3.88,2.85,85.6,0,00,1,$
#,050,276,256,29.00,940.25,10.00,Frequency_MHz,RSSI_dBm,-0.03,-0.03,0.98,1.71,0.61,-3.17,45.06,-39.71,-40.05,1,0.00,0.00,0,0,0,3.88,2.85,85.1,0,00,1,$
#,050,277,256,29.00,940.25,10.00,Frequency_MHz,RSSI_dBm,-0.03,-0.03,0.98,1.59,0.61,-1.71,44.82,-40.25,-42.88,1,0.00,0.00,0,0,0,3.90,1.99,85.1,0,00,1,$
#,050,277,256,29.00,940.25,10.00,Frequency_MHz,RSSI_dBm,-0.03,-0.03,0.98,1.59,0.61,-1.71,44.82,-40.25,-42.88,1,0.00,0.00,0,0,0,3.90,1.99,84.5,0,00,1,$
#,050,277,256,29.00,940.25,10.00,Frequency_MHz,RSSI_dBm,-0.03,-0.03,0.98,1.59,0.61,-1.71,44.82,-40.25,-42.88,1,0.00,0.00,0,0,0,3.92,2.50,85.1,0,00,1,$
#,050,277,256,29.00,940.25,10.00,Frequency_MHz,RSSI_dBm,-0.02,-0.03,0.98,2.56,-0.73,-8.61,44.80,-40.09,-40.48,1,0.00,0.00,0,0,0,3.92,2.50,85.6,0,00,1,$
#,050,277,256,29.00,940.25,10.00,Frequency_MHz,RSSI_dBm,-0.02,-0.03,0.98,2.56,-0.73,-8.61,44.80,-40.09,-40.48,1,0.00,0.00,0,0,0,3.93,1.78,86.2,0,00,1,$
#,050,277,256,29.00,940.25,10.00,Frequency_MHz,RSSI_dBm,-0.02,-0.03,0.98,2.56,-0.73,-8.61,44.80,-40.09,-40.48,1,0.00,0.00,0,0,0,3.93,1.75,83.4,0,00,1,$
#,050,277,257,29.00,940.25,10.00,Frequency_MHz,RSSI_dBm,-0.03,-0.02,0.97,2.20,-0.06,-3.97,44.47,-40.05,-40.50,1,0.00,0.00,0,0,0,3.93,1.75,85.6,0,00,1,$
#,050,277,257,29.00,940.25,10.00,Frequency_MHz,RSSI_dBm,-0.03,-0.02,0.97,2.20,-0.06,-3.97,44.47,-40.05,-40.50,1,0.00,0.00,0,0,0,3.93,1.88,84.5,0,00,1,$
#,050,277,257,29.00,940.25,10.00,Frequency_MHz,RSSI_dBm,-0.02,-0.03,0.93,-6.53,0.49,-63.60,46.63,-38.62,-42.19,1,0.00,0.00,0,0,0,3.88,2.84,85.6,0,00,1,$
#,050,278,257,29.00,940.25,10.00,Frequency_MHz,RSSI_dBm,-0.02,-0.03,0.93,-6.53,0.49,-63.60,46.63,-38.62,-42.19,1,0.00,0.00,0,0,0,3.88,2.84,85.1,0,00,1,$
#,050,278,257,29.00,940.25,10.00,Frequency_MHz,RSSI_dBm,-0.02,-0.03,0.93,5.31,-1.28,41.38,44.13,-39.92,-40.55,1,0.00,0.00,0,0,0,3.91,1.87,85.1,0,00,1,$
#,050,278,257,29.00,940.25,10.00,Frequency_MHz,RSSI_dBm,-0.02,-0.03,0.93,5.31,-1.28,41.38,44.13,-39.92,-40.55,1,0.00,0.00,0,0,0,3.91,1.87,84.0,0,00,1,$
#,050,278,257,29.00,940.25,10.00,Frequency_MHz,RSSI_dBm,-0.02,-0.03,0.93,5.31,-1.28,41.38,44.13,-39.92,-40.55,1,0.00,0.00,0,0,0,3.91,2.67,84.5,0,00,1,$
#,050,278,257,29.00,940.25,10.00,Frequency_MHz,RSSI_dBm,-0.02,-0.03,0.98,1.28,0.37,20.26,48.02,-38.73,-43.19,1,0.00,0.00,0,0,0,3.93,1.85,84.5,0,00,1,$
#,050,278,257,29.00,940.25,10.00,Frequency_MHz,RSSI_dBm,-0.02,-0.03,0.98,1.28,0.37,20.26,48.02,-38.73,-43.19,1,0.00,0.00,0,0,0,3.93,1.85,85.1,0,00,1,$
#,050,278,258,29.00,940.25,10.00,Frequency_MHz,RSSI_dBm,-0.01,-0.04,0.98,1.53,0.67,-4.88,48.23,153.11,-382.08,1,0.00,0.00,0,0,0,3.93,1.90,85.1,0,00,1,$
#,050,278,258,29.00,940.25,10.00,Frequency_MHz,RSSI_dBm,-0.01,-0.04,0.98,1.53,0.67,-4.88,48.23,153.11,-382.08,1,0.00,0.00,0,0,0,3.93,1.90,85.1,0,00,1,$
#,050,279,258,29.00,940.25,10.00,Frequency_MHz,RSSI_dBm,-0.02,-0.03,0.93,1.83,0.79,19.71,46.04,-44.81,-43.55,1,0.00,0.00,0,0,0,3.92,1.99,82.9,0,00,1,$
#,050,279,258,29.00,940.25,10.00,Frequency_MHz,RSSI_dBm,-0.02,-0.03,0.93,1.83,0.79,19.71,46.04,-44.81,-43.55,1,0.00,0.00,0,0,0,3.89,2.70,85.1,0,00,1,$
#,050,279,258,29.00,940.25,10.00,Frequency_MHz,RSSI_dBm,-0.02,-0.03,0.93,1.83,0.79,19.71,46.04,-44.81,-43.55,1,0.00,0.00,0,0,0,3.89,2.70,85.6,0,00,1,$
#,050,279,258,29.00,940.25,10.00,Frequency_MHz,RSSI_dBm,0.03,0.29,0.97,-12.76,-3.78,-11.54,49.38,-43.35,-46.79,1,0.00,0.00,0,0,0,3.92,2.00,84.0,0,00,1,$
#,050,279,258,29.00,940.25,10.00,Frequency_MHz,RSSI_dBm,0.03,0.29,0.97,-12.76,-3.78,-11.54,49.38,-43.35,-46.79,1,0.00,0.00,0,0,0,3.93,2.00,84.0,0,00,1,$
#,050,279,258,29.00,940.25,10.00,Frequency_MHz,RSSI_dBm,-0.02,0.04,0.97,0.61,0.55,-7.08,46.58,-44.03,-45.26,1,0.00,0.00,0,0,0,3.93,1.77,85.6,0,00,1,$
#,050,279,259,29.00,940.25,10.00,Frequency_MHz,RSSI_dBm,-0.02,0.04,0.97,0.61,0.55,-7.08,46.58,-44.03,-45.26,1,0.00,0.00,0,0,0,3.89,2.45,85.6,0,00,1,$
#,050,279,259,29.00,940.25,10.00,Frequency_MHz,RSSI_dBm,-0.02,0.04,0.97,0.61,0.55,-7.08,46.58,-44.03,-45.26,1,0.00,0.00,0,0,0,3.89,2.45,84.5,0,00,1,$
#,050,280,259,29.00,940.25,10.00,Frequency_MHz,RSSI_dBm,-0.03,0.03,0.98,-8.48,0.79,-19.96,46.95,-45.17,-45.57,1,0.00,0.00,0,0,0,3.88,2.56,85.6,0,00,1,$
#,050,280,259,29.00,940.25,10.00,Frequency_MHz,RSSI_dBm,-0.03,0.03,0.98,-8.48,0.79,-19.96,46.95,-45.17,-45.57,1,0.00,0.00,0,0,0,3.92,1.97,84.5,0,00,1,$
#,050,280,259,29.00,940.25,10.00,Frequency_MHz,RSSI_dBm,-0.02,0.03,0.98,2.08,0.18,4.64,45.85,-45.29,-42.71,1,0.00,0.00,0,0,0,3.92,1.97,85.6,0,00,1,$
#,050,280,259,29.00,940.25,10.00,Frequency_MHz,RSSI_dBm,-0.02,0.03,0.98,2.08,0.18,4.64,45.85,-45.29,-42.71,1,0.00,0.00,0,0,0,3.93,1.86,82.9,0,00,1,$
#,050,280,259,29.00,940.25,10.00,Frequency_MHz,RSSI_dBm,-0.02,0.03,0.98,2.08,0.18,4.64,45.85,-45.29,-42.71,1,0.00,0.00,0,0,0,3.93,1.86,84.5,0,00,1,$
#,050,280,259,29.00,940.25,10.00,Frequency_MHz,RSSI_dBm,-0.02,0.03,0.98,2.01,0.55,-3.60,46.63,-42.63,-378.71,1,0.00,0.00,0,0,0,3.91,2.55,85.1,0,00,1,$
#,050,280,260,29.00,940.25,10.00,Frequency_MHz,RSSI_dBm,-0.02,0.03,0.98,2.01,0.55,-3.60,46.63,-42.63,-378.71,1,0.00,0.00,0,0,0,3.91,2.55,85.6,0,00,1,$
#,050,280,260,29.00,940.25,10.00,Frequency_MHz,RSSI_dBm,-0.02,0.04,0.98,2.20,0.43,-5.55,47.55,-43.08,-44.58,1,0.00,0.00,0,0,0,3.93,2.50,86.7,0,00,1,$
#,050,281,260,29.00,940.25,10.00,Frequency_MHz,RSSI_dBm,-0.02,0.04,0.98,2.20,0.43,-5.55,47.55,-43.08,-44.58,1,0.00,0.00,0,0,0,3.93,1.85,86.2,0,00,1,$
#,050,281,260,29.00,940.25,10.00,Frequency_MHz,RSSI_dBm,-0.02,0.04,0.98,2.20,0.43,-5.55,47.55,-43.08,-44.58,1,0.00,0.00,0,0,0,3.93,1.85,83.4,0,00,1,$
#,050,281,260,29.00,940.25,10.00,Frequency_MHz,RSSI_dBm,-0.02,0.04,0.97,-9.22,3.72,-15.75,46.20,-42.14,-42.59,1,0.00,0.00,0,0,0,3.92,2.49,84.5,0,00,1,$
#,050,281,260,29.00,940.25,10.00,Frequency_MHz,RSSI_dBm,-0.02,0.04,0.97,-9.22,3.72,-15.75,46.20,-42.14,-42.59,1,0.00,0.00,0,0,0,3.92,2.49,85.6,0,00,1,$
#,050,281,260,29.00,940.25,10.00,Frequency_MHz,RSSI_dBm,-0.03,0.03,0.98,1.16,0.31,-6.23,46.24,-42.15,-41.97,1,0.00,0.00,0,0,0,3.93,2.26,85.6,0,00,1,$
#,050,281,260,29.00,940.25,10.00,Frequency_MHz,RSSI_dBm,-0.03,0.03,0.98,1.16,0.31,-6.23,46.24,-42.15,-41.97,1,0.00,0.00,0,0,0,3.89,2.74,85.1,0,00,1,$
#,050,281,260,29.00,940.25,10.00,Frequency_MHz,RSSI_dBm,-0.03,0.03,0.98,1.16,0.31,-6.23,46.24,-42.15,-41.97,1,0.00,0.00,0,0,0,3.89,2.74,86.2,0,00,1,$
#,050,281,261,29.00,940.25,10.00,Frequency_MHz,RSSI_dBm,-0.02,0.03,0.98,1.16,0.55,-4.82,46.12,-42.20,-42.60,1,0.00,0.00,0,0,0,3.92,1.77,84.5,0,00,1,$
#,050,282,261,29.00,940.25,10.00,Frequency_MHz,RSSI_dBm,-0.02,0.03,0.98,1.16,0.55,-4.82,46.12,-42.20,-42.60,1,0.00,0.00,0,0,0,3.92,1.77,86.2,0,00,1,$
#,050,282,261,29.00,940.25,10.00,Frequency_MHz,RSSI_dBm,-0.02,0.03,0.98,1.77,1.22,-9.16,47.03,-43.10,-42.83,1,0.00,0.00,0,0,0,3.92,1.97,85.1,0,00,1,$
#,050,282,261,29.00,940.25,10.00,Frequency_MHz,RSSI_dBm,-0.02,0.03,0.98,1.77,1.22,-9.16,47.03,-43.10,-42.83,1,0.00,0.00,0,0,0,3.93,1.89,85.6,0,00,1,$
#,050,282,261,29.00,940.25,10.00,Frequency_MHz,RSSI_dBm,-0.02,0.03,0.98,1.77,1.22,-9.16,47.03,-43.10,-42.83,1,0.00,0.00,0,0,0,3.93,1.89,85.6,0,00,1,$
#,050,282,261,29.00,940.25,10.00,Frequency_MHz,RSSI_dBm,-0.03,0.03,0.98,1.40,0.37,-4.46,46.79,-42.58,-43.23,1,0.00,0.00,0,0,0,3.92,2.04,84.5,0,00,1,$
#,050,282,261,29.00,940.25,10.00,Frequency_MHz,RSSI_dBm,-0.03,0.03,0.98,1.40,0.37,-4.46,46.79,-42.58,-43.23,1,0.00,0.00,0,0,0,3.92,2.04,84.5,0,00,1,$
#,050,282,261,29.00,940.25,10.00,Frequency_MHz,RSSI_dBm,-0.02,0.03,0.98,1.83,0.55,-2.99,46.41,-42.76,-42.99,1,0.00,0.00,0,0,0,3.93,2.17,84.5,0,00,1,$
#,050,282,261,29.00,940.25,10.00,Frequency_MHz,RSSI_dBm,-0.02,0.03,0.98,1.83,0.55,-2.99,46.41,-42.76,-42.99,1,0.00,0.00,0,0,0,3.89,2.76,85.6,0,00,1,$
#,050,283,262,29.00,940.25,10.00,Frequency_MHz,RSSI_dBm,-0.02,0.03,0.98,1.34,-1.46,1.10,46.41,-42.03,-42.27,1,0.00,0.00,0,0,0,3.89,2.76,85.6,0,00,1,$
#,050,283,262,29.00,940.25,10.00,Frequency_MHz,RSSI_dBm,-0.02,0.03,0.98,1.34,-1.46,1.10,46.41,-42.03,-42.27,1,0.00,0.00,0,0,0,3.93,1.87,86.7,0,00,1,$
#,050,283,262,29.00,940.25,10.00,Frequency_MHz,RSSI_dBm,-0.02,0.03,0.98,1.34,-1.46,1.10,46.41,-42.03,-42.27,1,0.00,0.00,0,0,0,3.93,2.01,82.9,0,00,1,$
#,050,283,262,29.00,940.25,10.00,Frequency_MHz,RSSI_dBm,-0.03,0.04,0.96,1.59,-1.53,-94.18,46.11,-42.20,-42.69,1,0.00,0.00,0,0,0,3.93,2.01,85.6,0,00,1,$
#,050,283,262,29.00,940.25,10.00,Frequency_MHz,RSSI_dBm,-0.03,0.04,0.96,1.59,-1.53,-94.18,46.11,-42.20,-42.69,1,0.00,0.00,0,0,0,3.93,1.84,85.6,0,00,1,$
#,050,283,262,29.00,940.25,10.00,Frequency_MHz,RSSI_dBm,-0.02,0.02,0.98,1.83,0.00,-4.82,49.15,-43.33,-45.97,1,0.00,0.00,0,0,0,3.93,1.87,84.5,0,00,1,$
#,050,283,262,29.00,940.25,10.00,Frequency_MHz,RSSI_dBm,-0.02,0.02,0.98,1.83,0.00,-4.82,49.15,-43.33,-45.97,1,0.00,0.00,0,0,0,3.93,1.87,85.1,0,00,1,$
#,050,283,262,29.00,940.25,10.00,Frequency_MHz,RSSI_dBm,-0.02,0.03,0.98,1.65,0.18,-5.31,47.85,-43.55,-42.97,1,0.00,0.00,0,0,0,3.93,1.89,84.5,0,00,1,$
#,050,284,263,29.00,940.25,10.00,Frequency_MHz,RSSI_dBm,-0.02,0.03,0.98,1.65,0.18,-5.31,47.85,-43.55,-42.97,1,0.00,0.00,0,0,0,3.93,1.89,86.2,0,00,1,$
#,050,284,263,29.00,940.25,10.00,Frequency_MHz,RSSI_dBm,-0.02,0.03,0.98,1.65,0.18,-5.31,47.85,-43.55,-42.97,1,0.00,0.00,0,0,0,3.89,1.91,86.2,0,00,1,$
#,050,284,263,29.00,940.25,10.00,Frequency_MHz,RSSI_dBm,-0.02,0.02,0.99,2.08,0.55,-4.39,47.79,-42.18,-44.34,1,0.00,0.00,0,0,0,3.92,1.99,85.1,0,00,1,$
#,050,284,263,29.00,940.25,10.00,Frequency_MHz,RSSI_dBm,-0.02,0.02,0.99,2.08,0.55,-4.39,47.79,-42.18,-44.34,1,0.00,0.00,0,0,0,3.92,1.99,85.1,0,00,1,$
#,050,284,263,29.00,940.25,10.00,Frequency_MHz,RSSI_dBm,-0.02,0.03,0.98,2.08,0.55,-4.52,47.16,15.43,-288.99,1,0.00,0.00,0,0,0,3.92,1.95,85.1,0,00,1,$
#,050,284,263,29.00,940.25,10.00,Frequency_MHz,RSSI_dBm,-0.02,0.03,0.98,2.08,0.55,-4.52,47.16,15.43,-288.99,1,0.00,0.00,0,0,0,3.92,1.95,84.5,0,00,1,$
#,050,284,263,29.00,940.25,10.00,Frequency_MHz,RSSI_dBm,-0.02,0.03,0.98,2.08,0.55,-4.52,47.16,15.43,-288.99,1,0.00,0.00,0,0,0,3.92,1.94,86.2,0,00,1,$
#,050,284,263,29.00,940.25,10.00,Frequency_MHz,RSSI_dBm,-0.02,0.04,0.97,0.67,0.00,-4.21,46.63,-38.29,-43.69,1,0.00,0.00,0,0,0,3.93,1.85,84.5,0,00,1,$
#,050,285,263,29.00,940.25,10.00,Frequency_MHz,RSSI_dBm,-0.02,0.04,0.97,0.67,0.00,-4.21,46.63,-38.29,-43.69,1,0.00,0.00,0,0,0,3.93,1.85,85.1,0,00,1,$
#,050,285,264,29.00,940.25,10.00,Frequency_MHz,RSSI_dBm,-0.02,0.04,0.98,1.16,-0.37,-4.64,45.30,-40.32,-40.71,1,0.00,0.00,0,0,0,3.93,1.83,83.4,0,00,1,$
#,050,285,264,29.00,940.25,10.00,Frequency_MHz,RSSI_dBm,-0.02,0.04,0.98,1.16,-0.37,-4.64,45.30,-40.32,-40.71,1,0.00,0.00,0,0,0,3.88,2.75,85.1,0,00,1,$
#,050,285,264,29.00,940.25,10.00,Frequency_MHz,RSSI_dBm,-0.01,0.03,0.96,1.77,3.72,-57.50,45.20,-39.54,-42.42,1,0.00,0.00,0,0,0,3.88,2.75,86.2,0,00,1,$
#,050,285,264,29.00,940.25,10.00,Frequency_MHz,RSSI_dBm,-0.01,0.03,0.96,1.77,3.72,-57.50,45.20,-39.54,-42.42,1,0.00,0.00,0,0,0,3.93,1.97,84.0,0,00,1,$
#,050,285,264,29.00,940.25,10.00,Frequency_MHz,RSSI_dBm,-0.01,0.03,0.96,1.77,3.72,-57.50,45.20,-39.54,-42.42,1,0.00,0.00,0,0,0,3.93,1.97,84.5,0,00,1,$
#,050,285,264,29.00,940.25,10.00,Frequency_MHz,RSSI_dBm,-0.01,0.02,0.94,5.86,-1.46,44.25,46.26,-39.31,-41.85,1,0.00,0.00,0,0,0,3.88,2.83,85.1,0,00,1,$
#,050,285,264,29.00,940.25,10.00,Frequency_MHz,RSSI_dBm,-0.01,0.02,0.94,5.86,-1.46,44.25,46.26,-39.31,-41.85,1,0.00,0.00,0,0,0,3.92,2.05,85.1,0,00,1,$
#,050,286,264,29.00,940.25,10.00,Frequency_MHz,RSSI_dBm,-0.02,0.03,0.98,1.89,0.61,-3.60,45.57,-39.82,-41.48,1,0.00,0.00,0,0,0,3.92,2.05,85.1,0,00,1,$
#,050,286,265,29.00,940.25,10.00,Frequency_MHz,RSSI_dBm,-0.02,0.03,0.98,1.89,0.61,-3.60,45.57,-39.82,-41.48,1,0.00,0.00,0,0,0,3.93,1.94,84.0,0,00,1,$
#,050,286,265,29.00,940.25,10.00,Frequency_MHz,RSSI_dBm,-0.02,0.03,0.98,1.89,0.61,-3.60,45.57,-39.82,-41.48,1,0.00,0.00,0,0,0,3.93,1.94,83.4,0,00,1,$
#,050,286,265,29.00,940.25,10.00,Frequency_MHz,RSSI_dBm,-0.02,0.03,0.98,2.01,0.55,-4.03,45.04,-40.23,-41.55,1,0.00,0.00,0,0,0,3.92,2.06,85.1,0,00,1,$
#,050,286,265,29.00,940.25,10.00,Frequency_MHz,RSSI_dBm,-0.02,0.03,0.98,2.01,0.55,-4.03,45.04,-40.23,-41.55,1,0.00,0.00,0,0,0,3.92,2.05,83.4,0,00,1,$
#,050,286,265,29.00,940.25,10.00,Frequency_MHz,RSSI_dBm,-0.02,0.03,0.98,2.14,0.37,-4.52,46.67,-38.75,-44.52,1,0.00,0.00,0,0,0,3.92,2.05,86.7,0,00,1,$
#,050,286,265,29.00,940.25,10.00,Frequency_MHz,RSSI_dBm,-0.02,0.03,0.98,2.14,0.37,-4.52,46.67,-38.75,-44.52,1,0.00,0.00,0,0,0,3.92,2.04,85.1,0,00,1,$
#,050,286,265,29.00,940.25,10.00,Frequency_MHz,RSSI_dBm,-0.01,0.03,0.94,-5.92,0.12,38.94,45.34,-40.00,-40.91,1,0.00,0.00,0,0,0,3.92,1.71,85.1,0,00,1,$
#,050,287,265,29.00,940.25,10.00,Frequency_MHz,RSSI_dBm,-0.01,0.03,0.94,-5.92,0.12,38.94,45.34,-40.00,-40.91,1,0.00,0.00,0,0,0,3.92,1.71,85.1,0,00,1,$
#,050,287,265,29.00,940.25,10.00,Frequency_MHz,RSSI_dBm,-0.01,0.03,0.94,-5.92,0.12,38.94,45.34,-40.00,-40.91,1,0.00,0.00,0,0,0,3.93,1.90,84.0,0,00,1,$
#,050,287,266,29.00,940.25,10.00,Frequency_MHz,RSSI_dBm,-0.02,0.03,1.01,1.95,-4.58,-11.47,44.32,-39.58,-41.22,1,0.00,0.00,0,0,0,3.93,1.90,85.6,0,00,1,$
#,050,287,266,29.00,940.25,10.00,Frequency_MHz,RSSI_dBm,-0.02,0.03,1.01,1.95,-4.58,-11.47,44.32,-39.58,-41.22,1,0.00,0.00,0,0,0,3.93,2.00,86.2,0,00,1,$
#,050,287,266,29.00,940.25,10.00,Frequency_MHz,RSSI_dBm,-0.02,0.01,0.94,-3.85,-0.24,-34.12,45.26,-40.45,-41.96,1,0.00,0.00,0,0,0,3.92,2.05,84.0,0,00,1,$
#,050,287,266,29.00,940.25,10.00,Frequency_MHz,RSSI_dBm,-0.02,0.01,0.94,-3.85,-0.24,-34.12,45.26,-40.45,-41.96,1,0.00,0.00,0,0,0,3.92,2.05,85.6,0,00,1,$
#,050,287,266,29.00,940.25,10.00,Frequency_MHz,RSSI_dBm,-0.00,0.02,0.93,7.81,-1.40,45.65,45.76,-39.94,-42.71,1,0.00,0.00,0,0,0,3.92,2.00,84.0,0,00,1,$
#,050,287,266,29.00,940.25,10.00,Frequency_MHz,RSSI_dBm,-0.00,0.02,0.93,7.81,-1.40,45.65,45.76,-39.94,-42.71,1,0.00,0.00,0,0,0,3.88,1.99,85.6,0,00,1,$
#,050,288,266,29.00,940.25,10.00,Frequency_MHz,RSSI_dBm,-0.00,0.02,0.93,7.81,-1.40,45.65,45.76,-39.94,-42.71,1,0.00,0.00,0,0,0,3.88,1.99,86.2,0,00,1,$
#,050,288,266,29.00,940.25,10.00,Frequency_MHz,RSSI_dBm,-0.02,0.03,0.98,2.26,0.31,-5.19,47.63,-38.22,-44.78,1,0.00,0.00,0,0,0,3.93,1.89,83.4,0,00,1,$
#,050,288,267,29.00,940.25,10.00,Frequency_MHz,RSSI_dBm,-0.02,0.03,0.98,2.26,0.31,-5.19,47.63,-38.22,-44.78,1,0.00,0.00,0,0,0,3.93,1.89,85.1,0,00,1,$
#,050,288,267,29.00,940.25,10.00,Frequency_MHz,RSSI_dBm,-0.02,0.03,0.98,2.26,0.31,-5.19,47.63,-38.22,-44.78,1,0.00,0.00,0,0,0,3.88,2.72,84.5,0,00,1,$
#,050,288,267,29.00,940.25,10.00,Frequency_MHz,RSSI_dBm,-0.02,0.04,0.97,1.83,0.67,-5.43,44.91,-39.72,-41.08,1,0.00,0.00,0,0,0,3.88,2.72,85.1,0,00,1,$
#,050,288,267,29.00,940.25,10.00,Frequency_MHz,RSSI_dBm,-0.02,0.04,0.97,1.83,0.67,-5.43,44.91,-39.72,-41.08,1,0.00,0.00,0,0,0,3.92,1.96,86.2,0,00,1,$
#,050,288,267,29.00,940.25,10.00,Frequency_MHz,RSSI_dBm,-0.04,0.00,0.92,6.29,0.31,35.03,47.94,-37.70,-46.50,1,0.00,0.00,0,0,0,3.92,1.97,84.5,0,00,1,$
#,050,288,267,29.00,940.25,10.00,Frequency_MHz,RSSI_dBm,-0.04,0.00,0.92,6.29,0.31,35.03,47.94,-37.70,-46.50,1,0.00,0.00,0,0,0,3.92,1.97,85.1,0,00,1,$
#,050,289,267,29.00,940.25,10.00,Frequency_MHz,RSSI_dBm,-0.02,-0.02,0.98,-0.73,-5.55,0.79,45.65,-39.17,-42.75,1,0.00,0.00,0,0,0,3.93,1.92,84.5,0,00,1,$
#,050,289,267,29.00,940.25,10.00,Frequency_MHz,RSSI_dBm,-0.02,-0.02,0.98,-0.73,-5.55,0.79,45.65,-39.17,-42.75,1,0.00,0.00,0,0,0,3.92,1.81,85.6,0,00,1,$
#,050,289,268,29.00,940.25,10.00,Frequency_MHz,RSSI_dBm,-0.01,0.05,0.93,-5.92,0.06,-38.09,45.28,-38.77,-42.80,1,0.00,0.00,0,0,0,3.92,1.81,85.6,0,00,1,$
#,050,289,268,29.00,940.25,10.00,Frequency_MHz,RSSI_dBm,-0.01,0.05,0.93,-5.92,0.06,-38.09,45.28,-38.77,-42.80,1,0.00,0.00,0,0,0,3.93,1.92,84.0,0,00,1,$
#,050,289,268,29.00,940.25,10.00,Frequency_MHz,RSSI_dBm,-0.01,0.05,0.93,-5.92,0.06,-38.09,45.28,-38.77,-42.80,1,0.00,0.00,0,0,0,3.93,1.92,85.1,0,00,1,$
#,050,289,268,29.00,940.25,10.00,Frequency_MHz,RSSI_dBm,-0.03,-0.02,0.98,1.59,0.18,-8.54,47.35,-38.15,-45.64,1,0.00,0.00,0,0,0,3.88,2.73,84.5,0,00,1,$
#,050,289,268,29.00,940.25,10.00,Frequency_MHz,RSSI_dBm,-0.03,-0.02,0.98,1.59,0.18,-8.54,47.35,-38.15,-45.64,1,0.00,0.00,0,0,0,3.92,1.92,84.5,0,00,1,$
#,050,289,268,29.00,940.25,10.00,Frequency_MHz,RSSI_dBm,-0.02,-0.01,0.99,2.38,0.06,-16.24,47.19,-38.87,-45.54,1,0.00,0.00,0,0,0,3.92,1.92,85.1,0,00,1,$
#,050,290,268,29.00,940.25,10.00,Frequency_MHz,RSSI_dBm,-0.02,-0.01,0.99,2.38,0.06,-16.24,47.19,-38.87,-45.54,1,0.00,0.00,0,0,0,3.92,1.95,85.1,0,00,1,$
#,050,290,268,29.00,940.25,10.00,Frequency_MHz,RSSI_dBm,-0.02,-0.01,0.99,2.38,0.06,-16.24,47.19,-38.87,-45.54,1,0.00,0.00,0,0,0,3.92,1.95,85.1,0,00,1,$
#,050,290,268,29.00,940.25,10.00,Frequency_MHz,RSSI_dBm,-0.05,-0.06,0.97,0.79,0.67,-5.37,44.98,-29.64,-287.83,1,0.00,0.00,0,0,0,3.93,2.37,86.2,0,00,1,$
#,050,290,269,29.00,940.25,10.00,Frequency_MHz,RSSI_dBm,-0.05,-0.06,0.97,0.79,0.67,-5.37,44.98,-29.64,-287.83,1,0.00,0.00,0,0,0,3.88,2.55,85.6,0,00,1,$
#,050,290,269,29.00,940.25,10.00,Frequency_MHz,RSSI_dBm,-0.05,-0.06,0.93,0.67,1.53,10.31,44.81,-39.86,-42.00,1,0.00,0.00,0,0,0,3.88,2.55,85.6,0,00,1,$
#,050,290,269,29.00,940.25,10.00,Frequency_MHz,RSSI_dBm,-0.05,-0.06,0.93,0.67,1.53,10.31,44.81,-39.86,-42.00,1,0.00,0.00,0,0,0,3.92,1.96,84.0,0,00,1,$
#,050,290,269,29.00,940.25,10.00,Frequency_MHz,RSSI_dBm,-0.03,-0.04,1.00,0.98,-0.18,-7.51,45.13,-38.16,-45.76,1,0.00,0.00,0,0,0,3.92,2.01,84.0,0,00,1,$
#,050,290,269,29.00,940.25,10.00,Frequency_MHz,RSSI_dBm,-0.03,-0.04,1.00,0.98,-0.18,-7.51,45.13,-38.16,-45.76,1,0.00,0.00,0,0,0,3.92,2.01,84.5,0,00,1,$
#,050,291,269,29.00,940.25,10.00,Frequency_MHz,RSSI_dBm,-0.03,-0.04,1.00,0.98,-0.18,-7.51,45.13,-38.16,-45.76,1,0.00,0.00,0,0,0,3.90,2.95,84.5,0,00,1,$
#,050,291,269,29.00,940.25,10.00,Frequency_MHz,RSSI_dBm,-0.01,0.03,1.02,-2.26,-2.44,-42.97,46.02,-38.72,-44.85,1,0.00,0.00,0,0,0,3.90,2.95,86.2,0,00,1,$
#,050,291,269,29.00,940.25,10.00,Frequency_MHz,RSSI_dBm,-0.01,0.03,1.02,-2.26,-2.44,-42.97,46.02,-38.72,-44.85,1,0.00,0.00,0,0,0,3.93,2.57,84.5,0,00,1,$
#,050,291,270,29.00,940.25,10.00,Frequency_MHz,RSSI_dBm,-0.00,0.06,0.99,3.42,0.85,-0.43,45.87,-38.67,-45.58,1,0.00,0.00,0,0,0,3.88,2.89,85.6,0,00,1,$
#,050,291,270,29.00,940.25,10.00,Frequency_MHz,RSSI_dBm,-0.00,0.06,0.99,3.42,0.85,-0.43,45.87,-38.67,-45.58,1,0.00,0.00,0,0,0,3.88,2.89,85.1,0,00,1,$
#,050,291,270,29.00,940.25,10.00,Frequency_MHz,RSSI_dBm,-0.00,0.06,0.99,3.42,0.85,-0.43,45.87,-38.67,-45.58,1,0.00,0.00,0,0,0,3.93,1.98,84.0,0,00,1,$
#,050,291,270,29.00,940.25,10.00,Frequency_MHz,RSSI_dBm,0.01,0.11,0.99,4.88,0.55,-9.03,45.21,-39.60,-43.87,1,0.00,0.00,0,0,0,3.92,1.95,83.4,0,00,1,$
#,050,291,270,29.00,940.25,10.00,Frequency_MHz,RSSI_dBm,0.01,0.11,0.99,4.88,0.55,-9.03,45.21,-39.60,-43.87,1,0.00,0.00,0,0,0,3.92,1.95,85.6,0,00,1,$
#,050,292,270,29.00,940.25,10.00,Frequency_MHz,RSSI_dBm,-0.03,0.02,0.98,1.46,0.43,-2.44,44.73,-39.69,-381.81,1,0.00,0.00,0,0,0,3.92,1.87,86.2,0,00,1,$
#,050,292,270,29.00,940.25,10.00,Frequency_MHz,RSSI_dBm,-0.03,0.02,0.98,1.46,0.43,-2.44,44.73,-39.69,-381.81,1,0.00,0.00,0,0,0,3.92,1.87,85.1,0,00,1,$
#,050,292,270,29.00,940.25,10.00,Frequency_MHz,RSSI_dBm,-0.02,0.03,0.97,-4.33,-1.71,-10.44,45.57,-39.32,-41.96,1,0.00,0.00,0,0,0,3.93,1.80,85.1,0,00,1,$
#,050,292,271,29.00,940.25,10.00,Frequency_MHz,RSSI_dBm,-0.02,0.03,0.97,-4.33,-1.71,-10.44,45.57,-39.32,-41.96,1,0.00,0.00,0,0,0,3.91,2.76,86.2,0,00,1,$
#,050,292,271,29.00,940.25,10.00,Frequency_MHz,RSSI_dBm,-0.02,0.03,0.97,-4.33,-1.71,-10.44,45.57,-39.32,-41.96,1,0.00,0.00,0,0,0,3.91,2.76,84.0,0,00,1,$
#,050,292,271,29.00,940.25,10.00,Frequency_MHz,RSSI_dBm,-0.03,0.05,0.94,-6.23,2.08,-34.91,45.78,-40.19,-43.87,1,0.00,0.00,0,0,0,3.88,2.73,86.2,0,00,1,$
#,050,292,271,29.00,940.25,10.00,Frequency_MHz,RSSI_dBm,-0.03,0.05,0.94,-6.23,2.08,-34.91,45.78,-40.19,-43.87,1,0.00,0.00,0,0,0,3.92,1.92,85.1,0,00,1,$
#,050,293,271,29.00,940.25,10.00,Frequency_MHz,RSSI_dBm,-0.03,0.04,0.97,2.38,-0.18,-9.16,44.84,-39.15,-44.08,1,0.00,0.00,0,0,0,3.92,1.92,85.6,0,00,1,$
#,050,293,271,29.00,940.25,10.00,Frequency_MHz,RSSI_dBm,-0.03,0.04,0.97,2.38,-0.18,-9.16,44.84,-39.15,-44.08,1,0.00,0.00,0,0,0,3.92,2.00,85.1,0,00,1,$
#,050,293,271,29.00,940.25,10.00,Frequency_MHz,RSSI_dBm,-0.01,0.01,0.94,2.87,-0.92,23.99,44.98,-39.39,-42.70,1,0.00,0.00,0,0,0,3.92,2.00,85.1,0,00,1,$
#,050,293,271,29.00,940.25,10.00,Frequency_MHz,RSSI_dBm,-0.01,0.01,0.94,2.87,-0.92,23.99,44.98,-39.39,-42.70,1,0.00,0.00,0,0,0,3.88,2.11,86.2,0,00,1,$
#,050,293,272,29.00,940.25,10.00,Frequency_MHz,RSSI_dBm,-0.01,0.01,0.94,2.87,-0.92,23.99,44.98,-39.39,-42.70,1,0.00,0.00,0,0,0,3.92,2.00,85.1,0,00,1,$
#,050,293,272,29.00,940.25,10.00,Frequency_MHz,RSSI_dBm,-0.02,0.03,0.98,2.26,0.55,-6.10,44.23,-39.72,-43.99,1,0.00,0.00,0,0,0,3.92,2.00,85.6,0,00,1,$
#,050,293,272,29.00,940.25,10.00,Frequency_MHz,RSSI_dBm,-0.02,0.03,0.98,2.26,0.55,-6.10,44.23,-39.72,-43.99,1,0.00,0.00,0,0,0,3.92,2.01,85.1,0,00,1,$
#,050,293,272,29.00,940.25,10.00,Frequency_MHz,RSSI_dBm,-0.05,-0.06,0.97,-0.31,0.79,-1.59,44.81,-39.84,-42.97,1,0.00,0.00,0,0,0,3.92,2.01,84.0,0,00,1,$
#,050,294,272,29.00,940.25,10.00,Frequency_MHz,RSSI_dBm,-0.05,-0.06,0.97,-0.31,0.79,-1.59,44.81,-39.84,-42.97,1,0.00,0.00,0,0,0,3.89,1.80,85.6,0,00,1,$
#,050,294,272,29.00,940.25,10.00,Frequency_MHz,RSSI_dBm,-0.07,-0.16,0.99,1.53,0.18,-6.96,45.17,-39.44,-43.57,1,0.00,0.00,0,0,0,3.92,1.94,85.1,0,00,1,$
#,050,294,272,29.00,940.25,10.00,Frequency_MHz,RSSI_dBm,-0.07,-0.16,0.99,1.53,0.18,-6.96,45.17,-39.44,-43.57,1,0.00,0.00,0,0,0,3.92,1.94,84.0,0,00,1,$
#,050,294,272,29.00,940.25,10.00,Frequency_MHz,RSSI_dBm,-0.07,-0.16,0.99,1.53,0.18,-6.96,45.17,-39.44,-43.57,1,0.00,0.00,0,0,0,3.90,2.56,85.6,0,00,1,$
#,050,294,273,29.00,940.25,10.00,Frequency_MHz,RSSI_dBm,-0.01,0.07,1.00,-3.85,3.91,-0.85,44.96,-39.22,-43.01,1,0.00,0.00,0,0,0,3.90,2.56,86.2,0,00,1,$
#,050,294,273,29.00,940.25,10.00,Frequency_MHz,RSSI_dBm,-0.01,0.07,1.00,-3.85,3.91,-0.85,44.96,-39.22,-43.01,1,0.00,0.00,0,0,0,3.93,1.86,83.4,0,00,1,$
#,050,294,273,29.00,940.25,10.00,Frequency_MHz,RSSI_dBm,-0.01,0.04,0.96,-11.96,4.27,-13.92,44.89,-39.59,-43.77,1,0.00,0.00,0,0,0,3.93,1.96,85.1,0,00,1,$
#,050,294,273,29.00,940.25,10.00,Frequency_MHz,RSSI_dBm,-0.01,0.04,0.96,-11.96,4.27,-13.92,44.89,-39.59,-43.77,1,0.00,0.00,0,0,0,3.93,1.96,85.1,0,00,1,$
#,050,295,273,29.00,940.25,10.00,Frequency_MHz,RSSI_dBm,-0.00,0.02,0.94,1.22,-3.72,-121.52,45.00,-39.31,-43.03,1,0.00,0.00,0,0,0,3.92,1.94,84.5,0,00,1,$
#,050,295,273,29.00,940.25,10.00,Frequency_MHz,RSSI_dBm,-0.00,0.02,0.94,1.22,-3.72,-121.52,45.00,-39.31,-43.03,1,0.00,0.00,0,0,0,3.93,1.92,83.4,0,00,1,$
#,050,295,273,29.00,940.25,10.00,Frequency_MHz,RSSI_dBm,-0.00,0.02,0.94,1.22,-3.72,-121.52,45.00,-39.31,-43.03,1,0.00,0.00,0,0,0,3.93,1.92,84.5,0,00,1,$
#,050,295,273,29.00,940.25,10.00,Frequency_MHz,RSSI_dBm,-0.02,0.02,0.97,-0.79,0.73,-11.72,44.47,-38.66,-43.15,1,0.00,0.00,0,0,0,3.91,1.86,85.1,0,00,1,$
#,050,295,273,29.00,940.25,10.00,Frequency_MHz,RSSI_dBm,-0.02,0.02,0.97,-0.79,0.73,-11.72,44.47,-38.66,-43.15,1,0.00,0.00,0,0,0,3.91,1.86,82.9,0,00,1,$
#,050,295,274,29.00,940.25,10.00,Frequency_MHz,RSSI_dBm,-0.05,-0.06,0.99,1.71,0.43,-5.74,45.40,-39.09,-44.92,1,0.00,0.00,0,0,0,3.90,1.81,85.6,0,00,1,$
#,050,295,274,29.00,940.25,10.00,Frequency_MHz,RSSI_dBm,-0.05,-0.06,0.99,1.71,0.43,-5.74,45.40,-39.09,-44.92,1,0.00,0.00,0,0,0,3.89,2.80,84.5,0,00,1,$
#,050,295,274,29.00,940.25,10.00,Frequency_MHz,RSSI_dBm,-0.05,-0.06,0.99,1.71,0.43,-5.74,45.40,-39.09,-44.92,1,0.00,0.00,0,0,0,3.89,2.80,85.1,0,00,1,$
#,050,296,274,29.00,940.25,10.00,Frequency_MHz,RSSI_dBm,-0.04,-0.03,0.99,0.73,0.55,-2.20,44.74,-39.83,-43.09,1,0.00,0.00,0,0,0,3.92,1.95,85.6,0,00,1,$
#,050,296,274,29.00,940.25,10.00,Frequency_MHz,RSSI_dBm,-0.04,-0.03,0.99,0.73,0.55,-2.20,44.74,-39.83,-43.09,1,0.00,0.00,0,0,0,3.91,2.89,86.2,0,00,1,$
#,050,296,274,29.00,940.25,10.00,Frequency_MHz,RSSI_dBm,-0.01,0.03,0.99,-3.42,-0.12,-9.28,44.70,-39.18,-43.13,1,0.00,0.00,0,0,0,3.91,2.89,84.5,0,00,1,$
#,050,296,274,29.00,940.25,10.00,Frequency_MHz,RSSI_dBm,-0.01,0.03,0.99,-3.42,-0.12,-9.28,44.70,-39.18,-43.13,1,0.00,0.00,0,0,0,3.89,1.96,84.5,0,00,1,$
#,050,296,275,29.00,940.25,10.00,Frequency_MHz,RSSI_dBm,-0.02,0.01,0.98,0.98,-0.31,-3.78,46.47,-39.28,-46.15,1,0.00,0.00,0,0,0,3.89,1.96,86.2,0,00,1,$
#,050,296,275,29.00,940.25,10.00,Frequency_MHz,RSSI_dBm,-0.02,0.01,0.98,0.98,-0.31,-3.78,46.47,-39.28,-46.15,1,0.00,0.00,0,0,0,3.93,1.90,85.1,0,00,1,$
#,050,296,275,29.00,940.25,10.00,Frequency_MHz,RSSI_dBm,-0.02,0.01,0.98,0.98,-0.31,-3.78,46.47,-39.28,-46.15,1,0.00,0.00,0,0,0,3.88,2.64,85.6,0,00,1,$
#,050,296,275,29.00,940.25,10.00,Frequency_MHz,RSSI_dBm,-0.02,0.00,0.94,5.07,-1.22,32.59,44.24,-39.09,-43.03,1,0.00,0.00,0,0,0,3.88,2.64,84.5,0,00,1,$
#,050,297,275,29.00,940.25,10.00,Frequency_MHz,RSSI_dBm,-0.02,0.00,0.94,5.07,-1.22,32.59,44.24,-39.09,-43.03,1,0.00,0.00,0,0,0,3.91,2.48,84.0,0,00,1,$
#,050,297,275,29.00,940.25,10.00,Frequency_MHz,RSSI_dBm,-0.02,0.04,0.99,5.07,-1.10,32.10,47.01,-38.65,-46.80,1,0.00,0.00,0,0,0,3.91,2.48,85.1,0,00,1,$
#,050,297,275,29.00,940.25,10.00,Frequency_MHz,RSSI_dBm,-0.02,0.04,0.99,5.07,-1.10,32.10,47.01,-38.65,-46.80,1,0.00,0.00,0,0,0,3.92,2.03,84.5,0,00,1,$
#,050,297,275,29.00,940.25,10.00,Frequency_MHz,RSSI_dBm,-0.02,0.04,0.99,5.07,-1.10,32.10,47.01,-38.65,-46.80,1,0.00,0.00,0,0,0,3.89,2.70,85.1,0,00,1,$
#,050,297,275,29.00,940.25,10.00,Frequency_MHz,RSSI_dBm,-0.02,0.02,0.98,2.26,0.43,4.46,45.96,-37.84,-44.90,1,0.00,0.00,0,0,0,3.89,2.70,86.2,0,00,1,$
#,050,297,276,29.00,940.25,10.00,Frequency_MHz,RSSI_dBm,-0.02,0.02,0.98,2.26,0.43,4.46,45.96,-37.84,-44.90,1,0.00,0.00,0,0,0,3.93,2.65,85.1,0,00,1,$
#,050,297,276,29.00,940.25,10.00,Frequency_MHz,RSSI_dBm,-0.03,0.03,0.98,1.28,0.61,-7.63,80.05,371.91,-380.76,1,0.00,0.00,0,0,0,3.93,1.96,86.2,0,00,1,$
#,050,297,276,29.00,940.25,10.00,Frequency_MHz,RSSI_dBm,-0.03,0.03,0.98,1.28,0.61,-7.63,80.05,371.91,-380.76,1,0.00,0.00,0,0,0,3.93,1.96,85.1,0,00,1,$
#,050,298,276,29.00,940.25,10.00,Frequency_MHz,RSSI_dBm,-0.02,0.03,0.97,1.95,0.92,-5.92,45.84,-40.20,-43.68,1,0.00,0.00,0,0,0,3.88,2.70,83.4,0,00,1,$
#,050,298,276,29.00,940.25,10.00,Frequency_MHz,RSSI_dBm,-0.02,0.03,0.97,1.95,0.92,-5.92,45.84,-40.20,-43.68,1,0.00,0.00,0,0,0,3.88,2.70,85.1,0,00,1,$
#,050,298,276,29.00,940.25,10.00,Frequency_MHz,RSSI_dBm,-0.02,0.03,0.97,1.95,0.92,-5.92,45.84,-40.20,-43.68,1,0.00,0.00,0,0,0,3.93,1.63,84.5,0,00,1,$
#,050,298,276,29.00,940.25,10.00,Frequency_MHz,RSSI_dBm,-0.01,0.03,0.94,-6.84,3.23,-2.81,44.26,-39.23,-43.03,1,0.00,0.00,0,0,0,3.89,2.72,86.7,0,00,1,$
#,050,298,276,29.00,940.25,10.00,Frequency_MHz,RSSI_dBm,-0.01,0.03,0.94,-6.84,3.23,-2.81,44.26,-39.23,-43.03,1,0.00,0.00,0,0,0,3.89,2.72,85.1,0,00,1,$
#,050,298,277,29.00,940.25,10.00,Frequency_MHz,RSSI_dBm,-0.01,0.04,0.94,3.05,-1.40,21.30,45.21,-39.62,-41.67,1,0.00,0.00,0,0,0,3.93,1.78,85.1,0,00,1,$
#,050,298,277,29.00,940.25,10.00,Frequency_MHz,RSSI_dBm,-0.01,0.04,0.94,3.05,-1.40,21.30,45.21,-39.62,-41.67,1,0.00,0.00,0,0,0,3.87,2.65,86.2,0,00,1,$
#,050,298,277,29.00,940.25,10.00,Frequency_MHz,RSSI_dBm,-0.04,0.02,1.01,3.30,-8.97,12.57,45.34,-39.59,-43.77,1,0.00,0.00,0,0,0,3.87,2.65,85.6,0,00,1,$
#,050,299,277,29.00,940.25,10.00,Frequency_MHz,RSSI_dBm,-0.04,0.02,1.01,3.30,-8.97,12.57,45.34,-39.59,-43.77,1,0.00,0.00,0,0,0,3.92,1.98,84.0,0,00,1,$
#,050,299,277,29.00,940.25,10.00,Frequency_MHz,RSSI_dBm,-0.04,0.02,1.01,3.30,-8.97,12.57,45.34,-39.59,-43.77,1,0.00,0.00,0,0,0,3.92,1.98,85.1,0,00,1,$
#,050,299,277,29.00,940.25,10.00,Frequency_MHz,RSSI_dBm,-0.02,0.03,0.98,2.14,0.73,-4.15,45.64,-40.47,-42.29,1,0.00,0.00,0,0,0,3.90,1.92,84.0,0,00,1,$
#,050,299,277,29.00,940.25,10.00,Frequency_MHz,RSSI_dBm,-0.02,0.03,0.98,2.14,0.73,-4.15,45.64,-40.47,-42.29,1,0.00,0.00,0,0,0,3.89,2.55,85.1,0,00,1,$
#,050,299,277,29.00,940.25,10.00,Frequency_MHz,RSSI_dBm,-0.02,0.05,0.97,-0.12,0.79,0.49,45.90,-39.31,-381.79,1,0.00,0.00,0,0,0,3.89,2.55,84.5,0,00,1,$
#,050,299,278,29.00,940.25,10.00,Frequency_MHz,RSSI_dBm,-0.02,0.05,0.97,-0.12,0.79,0.49,45.90,-39.31,-381.79,1,0.00,0.00,0,0,0,3.90,2.31,84.0,0,00,1,$
#,050,299,278,29.00,940.25,10.00,Frequency_MHz,RSSI_dBm,-0.02,0.05,0.97,-0.12,0.79,0.49,45.90,-39.31,-381.79,1,0.00,0.00,0,0,0,3.90,2.31,85.1,0,00,1,$
#,050,299,278,29.00,940.25,10.00,Frequency_MHz,RSSI_dBm,-0.01,0.01,0.98,2.93,0.61,-6.04,45.42,-38.78,-43.41,1,0.00,0.00,0,0,0,3.93,1.83,85.1,0,00,1,$
#,050,300,278,29.00,940.25,10.00,Frequency_MHz,RSSI_dBm,-0.01,0.01,0.98,2.93,0.61,-6.04,45.42,-38.78,-43.41,1,0.00,0.00,0,0,0,3.93,1.95,86.2,0,00,1,$
#,050,300,278,29.00,940.25,10.00,Frequency_MHz,RSSI_dBm,0.01,0.06,0.92,-12.45,5.80,-28.26,45.03,-39.44,-42.90,1,0.00,0.00,0,0,0,3.93,1.95,85.6,0,00,1,$
#,050,300,278,29.00,940.25,10.00,Frequency_MHz,RSSI_dBm,0.01,0.06,0.92,-12.45,5.80,-28.26,45.03,-39.44,-42.90,1,0.00,0.00,0,0,0,3.92,1.87,85.6,0,00,1,$
#,050,300,278,29.00,940.25,10.00,Frequency_MHz,RSSI_dBm,0.01,0.06,0.92,-12.45,5.80,-28.26,45.03,-39.44,-42.90,1,0.00,0.00,0,0,0,3.92,1.87,85.6,0,00,1,$
#,050,300,278,29.00,940.25,10.00,Frequency_MHz,RSSI_dBm,-0.02,0.00,0.97,3.36,-7.32,-17.33,45.48,-38.24,-44.98,1,0.00,0.00,0,0,0,3.89,2.68,85.6,0,00,1,$
#,050,300,279,29.00,940.25,10.00,Frequency_MHz,RSSI_dBm,-0.02,0.00,0.97,3.36,-7.32,-17.33,45.48,-38.24,-44.98,1,0.00,0.00,0,0,0,3.93,1.84,84.0,0,00,1,$
#,050,300,279,29.00,940.25,10.00,Frequency_MHz,RSSI_dBm,-0.08,-0.08,0.96,-0.85,1.22,-31.19,43.73,-39.10,-42.82,1,0.00,0.00,0,0,0,3.93,1.84,85.6,0,00,1,$
#,050,300,279,29.00,940.25,10.00,Frequency_MHz,RSSI_dBm,-0.08,-0.08,0.96,-0.85,1.22,-31.19,43.73,-39.10,-42.82,1,0.00,0.00,0,0,0,3.92,1.98,86.2,0,00,1,$
#,050,301,279,29.00,940.25,10.00,Frequency_MHz,RSSI_dBm,-0.08,-0.08,0.96,-0.85,1.22,-31.19,43.73,-39.10,-42.82,1,0.00,0.00,0,0,0,3.92,1.98,84.0,0,00,1,$
#,050,301,279,29.00,940.25,10.00,Frequency_MHz,RSSI_dBm,-0.01,0.01,0.98,3.17,6.41,-3.78,44.25,-37.77,-42.33,1,0.00,0.00,0,0,0,3.90,2.78,85.6,0,00,1,$
#,050,301,279,29.00,940.25,10.00,Frequency_MHz,RSSI_dBm,-0.01,0.01,0.98,3.17,6.41,-3.78,44.25,-37.77,-42.33,1,0.00,0.00,0,0,0,3.93,1.88,83.4,0,00,1,$
#,050,301,279,29.00,940.25,10.00,Frequency_MHz,RSSI_dBm,-0.02,0.02,0.98,2.08,0.92,-3.97,43.95,-37.62,-42.58,1,0.00,0.00,0,0,0,3.93,1.88,85.6,0,00,1,$
#,050,301,279,29.00,940.25,10.00,Frequency_MHz,RSSI_dBm,-0.02,0.02,0.98,2.08,0.92,-3.97,43.95,-37.62,-42.58,1,0.00,0.00,0,0,0,3.93,1.82,84.5,0,00,1,$
#,050,301,279,29.00,940.25,10.00,Frequency_MHz,RSSI_dBm,-0.01,0.01,0.99,3.48,5.68,-1.22,44.51,-36.91,-44.40,1,0.00,0.00,0,0,0,3.93,2.48,84.5,0,00,1,$
#,050,301,280,29.00,940.25,10.00,Frequency_MHz,RSSI_dBm,-0.01,0.01,0.99,3.48,5.68,-1.22,44.51,-36.91,-44.40,1,0.00,0.00,0,0,0,3.93,2.48,86.7,0,00,1,$
#,050,301,280,29.00,940.25,10.00,Frequency_MHz,RSSI_dBm,-0.01,0.01,0.99,3.48,5.68,-1.22,44.51,-36.91,-44.40,1,0.00,0.00,0,0,0,3.92,2.03,84.5,0,00,1,$
#,050,302,280,29.00,940.25,10.00,Frequency_MHz,RSSI_dBm,0.01,0.01,0.98,2.32,2.50,0.12,43.44,-37.11,-44.15,1,0.00,0.00,0,0,0,3.92,2.03,85.1,0,00,1,$
#,050,302,280,29.00,940.25,10.00,Frequency_MHz,RSSI_dBm,0.01,0.01,0.98,2.32,2.50,0.12,43.44,-37.11,-44.15,1,0.00,0.00,0,0,0,3.92,2.03,83.4,0,00,1,$
#,050,302,280,29.00,940.25,10.00,Frequency_MHz,RSSI_dBm,0.03,-0.00,0.98,3.36,2.50,0.92,44.45,-35.99,-46.57,1,0.00,0.00,0,0,0,3.87,2.22,85.6,0,00,1,$
#,050,302,280,29.00,940.25,10.00,Frequency_MHz,RSSI_dBm,0.03,-0.00,0.98,3.36,2.50,0.92,44.45,-35.99,-46.57,1,0.00,0.00,0,0,0,3.87,2.22,84.5,0,00,1,$
#,050,302,280,29.00,940.25,10.00,Frequency_MHz,RSSI_dBm,0.03,-0.00,0.98,3.36,2.50,0.92,44.45,-35.99,-46.57,1,0.00,0.00,0,0,0,3.88,2.61,85.6,0,00,1,$
#,050,302,280,29.00,940.25,10.00,Frequency_MHz,RSSI_dBm,0.04,-0.01,0.94,6.84,-2.38,50.23,45.23,-35.77,-44.71,1,0.00,0.00,0,0,0,3.88,2.61,85.6,0,00,1,$
#,050,302,280,29.00,940.25,10.00,Frequency_MHz,RSSI_dBm,0.04,-0.01,0.94,6.84,-2.38,50.23,45.23,-35.77,-44.71,1,0.00,0.00,0,0,0,3.90,1.85,85.1,0,00,1,$
#,050,302,281,29.00,940.25,10.00,Frequency_MHz,RSSI_dBm,0.02,-0.00,0.99,2.01,0.37,2.14,44.41,-36.34,-44.45,1,0.00,0.00,0,0,0,3.93,1.84,86.2,0,00,1,$
#,050,303,281,29.00,940.25,10.00,Frequency_MHz,RSSI_dBm,0.02,-0.00,0.99,2.01,0.37,2.14,44.41,-36.34,-44.45,1,0.00,0.00,0,0,0,3.93,1.84,84.0,0,00,1,$
#,050,303,281,29.00,940.25,10.00,Frequency_MHz,RSSI_dBm,0.02,-0.00,0.99,2.01,0.37,2.14,44.41,-36.34,-44.45,1,0.00,0.00,0,0,0,3.88,2.85,86.2,0,00,1,$
#,050,303,281,29.00,940.25,10.00,Frequency_MHz,RSSI_dBm,-0.03,0.02,0.97,-3.30,-6.84,-23.62,45.91,-38.81,-44.90,1,0.00,0.00,0,0,0,3.92,2.99,84.5,0,00,1,$
#,050,303,281,29.00,940.25,10.00,Frequency_MHz,RSSI_dBm,-0.03,0.02,0.97,-3.30,-6.84,-23.62,45.91,-38.81,-44.90,1,0.00,0.00,0,0,0,3.92,2.99,86.2,0,00,1,$
#,050,303,281,29.00,940.25,10.00,Frequency_MHz,RSSI_dBm,-0.02,0.02,0.98,2.69,0.85,1.83,45.51,-39.45,-46.04,1,0.00,0.00,0,0,0,3.88,2.72,85.1,0,00,1,$
#,050,303,281,29.00,940.25,10.00,Frequency_MHz,RSSI_dBm,-0.02,0.02,0.98,2.69,0.85,1.83,45.51,-39.45,-46.04,1,0.00,0.00,0,0,0,3.88,2.72,86.2,0,00,1,$
#,050,303,281,29.00,940.25,10.00,Frequency_MHz,RSSI_dBm,-0.03,0.03,0.98,3.23,-0.61,-3.66,44.29,-39.90,-42.43,1,0.00,0.00,0,0,0,3.89,2.50,86.7,0,00,1,$
#,050,303,282,29.00,940.25,10.00,Frequency_MHz,RSSI_dBm,-0.03,0.03,0.98,3.23,-0.61,-3.66,44.29,-39.90,-42.43,1,0.00,0.00,0,0,0,3.93,1.89,84.5,0,00,1,$
#,050,304,282,29.00,940.25,10.00,Frequency_MHz,RSSI_dBm,-0.06,0.04,0.99,0.12,-0.37,-9.09,44.64,-39.84,-44.75,1,0.00,0.00,0,0,0,3.93,1.89,84.0,0,00,1,$
#,050,304,282,29.00,940.25,10.00,Frequency_MHz,RSSI_dBm,-0.06,0.04,0.99,0.12,-0.37,-9.09,44.64,-39.84,-44.75,1,0.00,0.00,0,0,0,3.90,2.87,85.1,0,00,1,$
#,050,304,282,29.00,940.25,10.00,Frequency_MHz,RSSI_dBm,-0.06,0.04,0.99,0.12,-0.37,-9.09,44.64,-39.84,-44.75,1,0.00,0.00,0,0,0,3.92,2.01,84.5,0,00,1,$
#,050,304,282,29.00,940.25,10.00,Frequency_MHz,RSSI_dBm,-0.02,0.03,0.96,-8.42,-6.96,35.03,44.35,-39.82,-44.27,1,0.00,0.00,0,0,0,3.92,2.01,85.1,0,00,1,$
#,050,304,282,29.00,940.25,10.00,Frequency_MHz,RSSI_dBm,-0.02,0.03,0.96,-8.42,-6.96,35.03,44.35,-39.82,-44.27,1,0.00,0.00,0,0,0,3.93,1.91,85.1,0,00,1,$
#,050,304,282,29.00,940.25,10.00,Frequency_MHz,RSSI_dBm,-0.02,0.01,0.95,-1.28,-5.07,10.93,44.38,-39.89,-44.14,1,0.00,0.00,0,0,0,3.93,1.91,84.5,0,00,1,$
#,050,304,282,29.00,940.25,10.00,Frequency_MHz,RSSI_dBm,-0.02,0.01,0.95,-1.28,-5.07,10.93,44.38,-39.89,-44.14,1,0.00,0.00,0,0,0,3.93,2.05,85.1,0,00,1,$
#,050,304,283,29.00,940.25,10.00,Frequency_MHz,RSSI_dBm,-0.02,0.02,0.98,-0.12,0.73,-15.99,43.55,-39.79,-42.92,1,0.00,0.00,0,0,0,3.93,1.80,84.0,0,00,1,$
#,050,305,283,29.00,940.25,10.00,Frequency_MHz,RSSI_dBm,-0.02,0.02,0.98,-0.12,0.73,-15.99,43.55,-39.79,-42.92,1,0.00,0.00,0,0,0,3.93,2.00,85.1,0,00,1,$
#,050,305,283,29.00,940.25,10.00,Frequency_MHz,RSSI_dBm,-0.02,0.02,0.98,1.40,0.00,-4.46,45.01,64.09,-381.40,1,0.00,0.00,0,0,0,3.93,2.00,85.6,0,00,1,$
#,050,305,283,29.00,940.25,10.00,Frequency_MHz,RSSI_dBm,-0.02,0.02,0.98,1.40,0.00,-4.46,45.01,64.09,-381.40,1,0.00,0.00,0,0,0,3.93,1.99,85.1,0,00,1,$
#,050,305,283,29.00,940.25,10.00,Frequency_MHz,RSSI_dBm,-0.02,0.02,0.98,1.40,0.00,-4.46,45.01,64.09,-381.40,1,0.00,0.00,0,0,0,3.93,1.99,85.1,0,00,1,$
#,050,305,283,29.00,940.25,10.00,Frequency_MHz,RSSI_dBm,-0.02,0.01,0.93,-7.26,-2.93,-59.57,45.61,-38.61,-44.18,1,0.00,0.00,0,0,0,3.92,2.04,85.6,0,00,1,$
#,050,305,283,29.00,940.25,10.00,Frequency_MHz,RSSI_dBm,-0.02,0.01,0.93,-7.26,-2.93,-59.57,45.61,-38.61,-44.18,1,0.00,0.00,0,0,0,3.92,1.76,86.2,0,00,1,$
#,050,305,283,29.00,940.25,10.00,Frequency_MHz,RSSI_dBm,-0.01,0.02,0.98,1.65,-2.87,-4.03,43.63,-39.22,-44.68,1,0.00,0.00,0,0,0,3.92,1.76,87.3,0,00,1,$
#,050,305,283,29.00,940.25,10.00,Frequency_MHz,RSSI_dBm,-0.01,0.02,0.98,1.65,-2.87,-4.03,43.63,-39.22,-44.68,1,0.00,0.00,0,0,0,3.93,1.73,85.1,0,00,1,$
#,050,306,284,29.00,940.25,10.00,Frequency_MHz,RSSI_dBm,-0.01,0.02,0.98,1.65,-2.87,-4.03,43.63,-39.22,-44.68,1,0.00,0.00,0,0,0,3.93,1.73,86.7,0,00,1,$
#,050,306,284,29.00,940.25,10.00,Frequency_MHz,RSSI_dBm,-0.02,0.02,0.99,1.04,-0.61,-42.11,45.10,-38.23,-44.56,1,0.00,0.00,0,0,0,3.88,2.56,84.0,0,00,1,$
#,050,306,284,29.00,940.25,10.00,Frequency_MHz,RSSI_dBm,-0.02,0.02,0.99,1.04,-0.61,-42.11,45.10,-38.23,-44.56,1,0.00,0.00,0,0,0,3.89,2.69,85.6,0,00,1,$
#,050,306,284,29.00,940.25,10.00,Frequency_MHz,RSSI_dBm,-0.02,0.02,1.01,-5.62,-2.26,1.46,44.02,-39.84,-43.27,1,0.00,0.00,0,0,0,3.89,2.69,84.5,0,00,1,$
#,050,306,284,29.00,940.25,10.00,Frequency_MHz,RSSI_dBm,-0.02,0.02,1.01,-5.62,-2.26,1.46,44.02,-39.84,-43.27,1,0.00,0.00,0,0,0,3.91,2.67,86.2,0,00,1,$
#,050,306,284,29.00,940.25,10.00,Frequency_MHz,RSSI_dBm,-0.02,0.02,1.01,-5.62,-2.26,1.46,44.02,-39.84,-43.27,1,0.00,0.00,0,0,0,3.92,1.99,86.2,0,00,1,$
#,050,306,284,29.00,940.25,10.00,Frequency_MHz,RSSI_dBm,-0.03,0.02,0.97,0.67,-2.38,7.02,43.82,-39.88,-42.74,1,0.00,0.00,0,0,0,3.92,1.99,85.1,0,00,1,$
#,050,306,284,29.00,940.25,10.00,Frequency_MHz,RSSI_dBm,-0.03,0.02,0.97,0.67,-2.38,7.02,43.82,-39.88,-42.74,1,0.00,0.00,0,0,0,3.93,1.81,84.5,0,00,1,$
#,050,307,284,29.00,940.25,10.00,Frequency_MHz,RSSI_dBm,-0.02,0.02,0.98,1.77,0.43,-4.09,44.92,-38.48,-44.69,1,0.00,0.00,0,0,0,3.93,1.81,85.1,0,00,1,$
#,050,307,285,29.00,940.25,10.00,Frequency_MHz,RSSI_dBm,-0.02,0.02,0.98,1.77,0.43,-4.09,44.92,-38.48,-44.69,1,0.00,0.00,0,0,0,3.93,1.77,85.1,0,00,1,$
#,050,307,285,29.00,940.25,10.00,Frequency_MHz,RSSI_dBm,-0.02,0.02,0.98,1.89,0.61,-4.82,43.75,-40.28,-42.33,1,0.00,0.00,0,0,0,3.93,1.77,83.4,0,00,1,$
#,050,307,285,29.00,940.25,10.00,Frequency_MHz,RSSI_dBm,-0.02,0.02,0.98,1.89,0.61,-4.82,43.75,-40.28,-42.33,1,0.00,0.00,0,0,0,3.92,1.93,85.1,0,00,1,$
#,050,307,285,29.00,940.25,10.00,Frequency_MHz,RSSI_dBm,-0.02,0.02,0.98,1.89,0.61,-4.82,43.75,-40.28,-42.33,1,0.00,0.00,0,0,0,3.88,2.49,86.2,0,00,1,$
#,050,307,285,29.00,940.25,10.00,Frequency_MHz,RSSI_dBm,-0.00,0.01,0.95,-4.03,-1.04,32.71,44.35,-39.82,-43.40,1,0.00,0.00,0,0,0,3.88,2.49,85.6,0,00,1,$
#,050,307,285,29.00,940.25,10.00,Frequency_MHz,RSSI_dBm,-0.00,0.01,0.95,-4.03,-1.04,32.71,44.35,-39.82,-43.40,1,0.00,0.00,0,0,0,3.93,1.91,84.5,0,00,1,$
#,050,307,285,29.00,940.25,10.00,Frequency_MHz,RSSI_dBm,-0.02,0.02,0.98,2.01,0.12,-7.20,45.14,-40.08,-45.56,1,0.00,0.00,0,0,0,3.93,1.91,85.1,0,00,1,$
#,050,308,285,29.00,940.25,10.00,Frequency_MHz,RSSI_dBm,-0.02,0.02,0.98,2.01,0.12,-7.20,45.14,-40.08,-45.56,1,0.00,0.00,0,0,0,3.93,1.96,84.5,0,00,1,$
#,050,308,285,29.00,940.25,10.00,Frequency_MHz,RSSI_dBm,-0.02,0.02,0.98,2.01,0.12,-7.20,45.14,-40.08,-45.56,1,0.00,0.00,0,0,0,3.93,1.92,84.5,0,00,1,$
#,050,308,286,29.00,940.25,10.00,Frequency_MHz,RSSI_dBm,-0.00,0.02,0.96,-0.61,-3.78,-88.56,45.65,-39.38,-44.89,1,0.00,0.00,0,0,0,3.93,1.92,85.1,0,00,1,$
#,050,308,286,29.00,940.25,10.00,Frequency_MHz,RSSI_dBm,-0.00,0.02,0.96,-0.61,-3.78,-88.56,45.65,-39.38,-44.89,1,0.00,0.00,0,0,0,3.93,1.98,84.0,0,00,1,$
#,050,308,286,29.00,940.25,10.00,Frequency_MHz,RSSI_dBm,-0.02,0.02,0.97,1.46,-5.43,-4.46,45.20,-39.12,-44.36,1,0.00,0.00,0,0,0,3.93,1.83,85.1,0,00,1,$
#,050,308,286,29.00,940.25,10.00,Frequency_MHz,RSSI_dBm,-0.02,0.02,0.97,1.46,-5.43,-4.46,45.20,-39.12,-44.36,1,0.00,0.00,0,0,0,3.93,1.83,86.2,0,00,1,$
#,050,308,286,29.00,940.25,10.00,Frequency_MHz,RSSI_dBm,-0.01,0.01,0.93,-5.31,0.49,-52.86,44.95,-40.82,-42.77,1,0.00,0.00,0,0,0,3.92,1.98,85.1,0,00,1,$
#,050,308,286,29.00,940.25,10.00,Frequency_MHz,RSSI_dBm,-0.01,0.01,0.93,-5.31,0.49,-52.86,44.95,-40.82,-42.77,1,0.00,0.00,0,0,0,3.92,1.98,85.1,0,00,1,$
#,050,309,286,29.00,940.25,10.00,Frequency_MHz,RSSI_dBm,-0.01,0.01,0.93,-5.31,0.49,-52.86,44.95,-40.82,-42.77,1,0.00,0.00,0,0,0,3.92,1.93,85.6,0,00,1,$
#,050,309,286,29.00,940.25,10.00,Frequency_MHz,RSSI_dBm,-0.03,0.02,0.98,1.22,0.24,-7.26,44.04,-40.71,-44.43,1,0.00,0.00,0,0,0,3.89,2.78,85.6,0,00,1,$
#,050,309,286,29.00,940.25,10.00,Frequency_MHz,RSSI_dBm,-0.03,0.02,0.98,1.22,0.24,-7.26,44.04,-40.71,-44.43,1,0.00,0.00,0,0,0,3.89,2.78,86.2,0,00,1,$
#,050,309,287,29.00,940.25,10.00,Frequency_MHz,RSSI_dBm,-0.02,0.02,0.98,3.60,-0.67,-0.73,43.58,-39.73,-43.75,1,0.00,0.00,0,0,0,3.92,2.09,85.6,0,00,1,$
#,050,309,287,29.00,940.25,10.00,Frequency_MHz,RSSI_dBm,-0.02,0.02,0.98,3.60,-0.67,-0.73,43.58,-39.73,-43.75,1,0.00,0.00,0,0,0,3.92,2.09,85.6,0,00,1,$
#,050,309,287,29.00,940.25,10.00,Frequency_MHz,RSSI_dBm,-0.02,0.02,0.98,3.60,-0.67,-0.73,43.58,-39.73,-43.75,1,0.00,0.00,0,0,0,3.92,2.86,84.0,0,00,1,$
#,050,309,287,29.00,940.25,10.00,Frequency_MHz,RSSI_dBm,-0.02,0.02,0.98,3.17,-0.55,-12.21,45.87,-39.40,-45.61,1,0.00,0.00,0,0,0,3.88,2.61,86.7,0,00,1,$
#,050,309,287,29.00,940.25,10.00,Frequency_MHz,RSSI_dBm,-0.02,0.02,0.98,3.17,-0.55,-12.21,45.87,-39.40,-45.61,1,0.00,0.00,0,0,0,3.88,2.61,86.2,0,00,1,$
#,050,310,287,29.00,940.25,10.00,Frequency_MHz,RSSI_dBm,-0.02,0.01,0.94,2.20,-0.79,27.77,44.25,-39.79,-42.96,1,0.00,0.00,0,0,0,3.92,1.93,84.5,0,00,1,$
#,050,310,287,29.00,940.25,10.00,Frequency_MHz,RSSI_dBm,-0.02,0.01,0.94,2.20,-0.79,27.77,44.25,-39.79,-42.96,1,0.00,0.00,0,0,0,3.90,2.77,84.0,0,00,1,$
#,050,310,287,29.00,940.25,10.00,Frequency_MHz,RSSI_dBm,-0.02,0.01,0.94,2.20,-0.79,27.77,44.25,-39.79,-42.96,1,0.00,0.00,0,0,0,3.90,2.77,86.2,0,00,1,$
#,050,310,287,29.00,940.25,10.00,Frequency_MHz,RSSI_dBm,-0.02,0.02,0.99,-1.34,-0.06,-13.18,45.48,-38.65,-44.81,1,0.00,0.00,0,0,0,3.93,1.85,85.1,0,00,1,$
#,050,310,288,29.00,940.25,10.00,Frequency_MHz,RSSI_dBm,-0.02,0.02,0.99,-1.34,-0.06,-13.18,45.48,-38.65,-44.81,1,0.00,0.00,0,0,0,3.93,1.85,85.1,0,00,1,$
#,050,310,288,29.00,940.25,10.00,Frequency_MHz,RSSI_dBm,-0.02,0.02,0.98,-0.37,0.73,-16.66,46.11,-38.77,-46.00,1,0.00,0.00,0,0,0,3.88,2.77,83.4,0,00,1,$
#,050,310,288,29.00,940.25,10.00,Frequency_MHz,RSSI_dBm,-0.02,0.02,0.98,-0.37,0.73,-16.66,46.11,-38.77,-46.00,1,0.00,0.00,0,0,0,3.88,2.77,86.2,0,00,1,$
#,050,310,288,29.00,940.25,10.00,Frequency_MHz,RSSI_dBm,-0.02,0.01,0.98,2.08,0.18,-8.54,43.49,-41.21,-380.76,1,0.00,0.00,0,0,0,3.88,2.77,85.6,0,00,1,$
#,050,311,288,29.00,940.25,10.00,Frequency_MHz,RSSI_dBm,-0.02,0.01,0.98,2.08,0.18,-8.54,43.49,-41.21,-380.76,1,0.00,0.00,0,0,0,3.92,2.01,86.2,0,00,1,$
#,050,311,288,29.00,940.25,10.00,Frequency_MHz,RSSI_dBm,-0.02,0.01,0.98,2.08,0.18,-8.54,43.49,-41.21,-380.76,1,0.00,0.00,0,0,0,3.88,2.02,85.1,0,00,1,$
#,050,311,288,29.00,940.25,10.00,Frequency_MHz,RSSI_dBm,0.00,0.02,1.00,0.61,0.79,-10.68,45.19,-38.95,-45.25,1,0.00,0.00,0,0,0,3.88,2.02,84.0,0,00,1,$
#,050,311,288,29.00,940.25,10.00,Frequency_MHz,RSSI_dBm,0.00,0.02,1.00,0.61,0.79,-10.68,45.19,-38.95,-45.25,1,0.00,0.00,0,0,0,3.89,2.65,85.6,0,00,1,$
#,050,311,288,29.00,940.25,10.00,Frequency_MHz,RSSI_dBm,-0.02,0.02,0.91,-9.89,-1.34,-22.22,43.54,-39.64,-41.63,1,0.00,0.00,0,0,0,3.89,2.65,85.1,0,00,1,$
#,050,311,289,29.00,940.25,10.00,Frequency_MHz,RSSI_dBm,-0.02,0.02,0.91,-9.89,-1.34,-22.22,43.54,-39.64,-41.63,1,0.00,0.00,0,0,0,3.93,1.86,84.5,0,00,1,$
#,050,311,289,29.00,940.25,10.00,Frequency_MHz,RSSI_dBm,-0.02,0.02,0.91,-9.89,-1.34,-22.22,43.54,-39.64,-41.63,1,0.00,0.00,0,0,0,3.93,1.86,86.7,0,00,1,$
#,050,311,289,29.00,940.25,10.00,Frequency_MHz,RSSI_dBm,-0.01,0.01,0.98,1.22,0.24,-2.81,46.39,-38.70,-45.48,1,0.00,0.00,0,0,0,3.88,2.77,85.6,0,00,1,$
#,050,312,289,29.00,940.25,10.00,Frequency_MHz,RSSI_dBm,-0.01,0.01,0.98,1.22,0.24,-2.81,46.39,-38.70,-45.48,1,0.00,0.00,0,0,0,3.92,2.21,85.6,0,00,1,$
#,050,312,289,29.00,940.25,10.00,Frequency_MHz,RSSI_dBm,-0.02,0.02,0.98,1.83,0.49,-5.74,45.39,-40.48,-43.84,1,0.00,0.00,0,0,0,3.92,2.21,84.5,0,00,1,$
#,050,312,289,29.00,940.25,10.00,Frequency_MHz,RSSI_dBm,-0.02,0.02,0.98,1.83,0.49,-5.74,45.39,-40.48,-43.84,1,0.00,0.00,0,0,0,3.88,2.46,86.7,0,00,1,$
#,050,312,289,29.00,940.25,10.00,Frequency_MHz,RSSI_dBm,-0.02,0.02,0.98,1.83,0.49,-5.74,45.39,-40.48,-43.84,1,0.00,0.00,0,0,0,3.88,2.46,85.6,0,00,1,$
#,050,312,289,29.00,940.25,10.00,Frequency_MHz,RSSI_dBm,-0.03,0.02,1.00,0.92,-3.78,-11.66,45.03,-39.78,-44.24,1,0.00,0.00,0,0,0,3.92,1.89,85.1,0,00,1,$
#,050,312,289,29.00,940.25,10.00,Frequency_MHz,RSSI_dBm,-0.03,0.02,1.00,0.92,-3.78,-11.66,45.03,-39.78,-44.24,1,0.00,0.00,0,0,0,3.92,1.88,84.5,0,00,1,$
#,050,312,290,29.00,940.25,10.00,Frequency_MHz,RSSI_dBm,-0.02,0.01,0.98,2.20,0.43,-3.23,45.61,-38.94,-44.98,1,0.00,0.00,0,0,0,3.92,1.88,85.6,0,00,1,$
#,050,312,290,29.00,940.25,10.00,Frequency_MHz,RSSI_dBm,-0.02,0.01,0.98,2.20,0.43,-3.23,45.61,-38.94,-44.98,1,0.00,0.00,0,0,0,3.92,1.90,84.5,0,00,1,$
#,050,313,290,29.00,940.25,10.00,Frequency_MHz,RSSI_dBm,-0.02,0.03,0.93,6.47,-1.34,31.49,44.14,-39.94,-45.20,1,0.00,0.00,0,0,0,3.93,2.02,85.1,0,00,1,$
#,050,313,290,29.00,940.25,10.00,Frequency_MHz,RSSI_dBm,-0.02,0.03,0.93,6.47,-1.34,31.49,44.14,-39.94,-45.20,1,0.00,0.00,0,0,0,3.93,2.02,85.1,0,00,1,$
#,050,313,290,29.00,940.25,10.00,Frequency_MHz,RSSI_dBm,-0.02,0.03,0.93,6.47,-1.34,31.49,44.14,-39.94,-45.20,1,0.00,0.00,0,0,0,3.92,2.39,85.1,0,00,1,$
#,050,313,290,29.00,940.25,10.00,Frequency_MHz,RSSI_dBm,-0.02,0.03,0.93,6.47,-1.34,31.49,44.14,-39.94,-45.20,1,0.00,0.00,0,0,0,3.92,2.39,83.4,0,00,1,$
#,050,313,290,29.00,940.25,10.00,Frequency_MHz,RSSI_dBm,-0.02,0.03,0.93,6.47,-1.34,31.49,44.14,-39.94,-45.20,1,0.00,0.00,0,0,0,3.95,1.38,83.4,0,00,1,$
#,050,313,290,29.00,940.25,10.00,Frequency_MHz,RSSI_dBm,-0.02,0.03,0.93,6.47,-1.34,31.49,44.14,-39.94,-45.20,1,0.00,0.00,0,0,0,3.95,1.38,83.4,0,00,1,$
#,050,313,290,29.00,940.25,10.00,Frequency_MHz,RSSI_dBm,-0.02,0.03,0.93,6.47,-1.34,31.49,44.14,-39.94,-45.20,1,0.00,0.00,0,0,0,3.94,1.50,83.4,0,00,1,$
#,050,313,291,29.00,940.25,10.00,Frequency_MHz,RSSI_dBm,-0.02,0.03,0.93,6.47,-1.34,31.49,44.14,-39.94,-45.20,1,0.00,0.00,0,0,0,3.93,1.50,82.3,0,00,1,$
#,050,313,291,29.00,940.25,10.00,Frequency_MHz,RSSI_dBm,-0.02,0.03,0.93,6.47,-1.34,31.49,44.14,-39.94,-45.20,1,0.00,0.00,0,0,0,3.93,1.50,83.4,0,00,1,$
#,050,314,291,29.00,940.25,10.00,Frequency_MHz,RSSI_dBm,-0.02,0.03,0.93,6.47,-1.34,31.49,44.14,-39.94,-45.20,1,0.00,0.00,0,0,0,3.94,1.71,82.3,0,00,1,$
#,050,314,291,29.00,940.25,10.00,Frequency_MHz,RSSI_dBm,-0.02,0.03,0.93,6.47,-1.34,31.49,44.14,-39.94,-45.20,1,0.00,0.00,0,0,0,3.94,1.71,84.0,0,00,1,$
#,050,314,291,29.00,940.25,10.00,Frequency_MHz,RSSI_dBm,-0.02,0.03,0.93,6.47,-1.34,31.49,44.14,-39.94,-45.20,1,0.00,0.00,0,0,0,3.94,1.61,82.3,0,00,1,$
#,050,314,291,29.00,940.25,10.00,Frequency_MHz,RSSI_dBm,-0.02,0.03,0.93,6.47,-1.34,31.49,44.14,-39.94,-45.20,1,0.00,0.00,0,0,0,3.94,1.61,81.8,0,00,1,$
#,050,314,291,29.00,940.25,10.00,Frequency_MHz,RSSI_dBm,-0.02,0.03,0.93,6.47,-1.34,31.49,44.14,-39.94,-45.20,1,0.00,0.00,0,0,0,3.94,1.63,83.4,0,00,1,$
#,050,314,291,29.00,940.25,10.00,Frequency_MHz,RSSI_dBm,-0.02,0.03,0.93,6.47,-1.34,31.49,44.14,-39.94,-45.20,1,0.00,0.00,0,0,0,3.94,1.63,81.8,0,00,1,$
#,050,314,291,29.00,940.25,10.00,Frequency_MHz,RSSI_dBm,-0.02,0.03,0.93,6.47,-1.34,31.49,44.14,-39.94,-45.20,1,0.00,0.00,0,0,0,3.94,1.63,81.8,0,00,1,$
#,050,314,291,29.00,940.25,10.00,Frequency_MHz,RSSI_dBm,-0.02,0.03,0.93,6.47,-1.34,31.49,44.14,-39.94,-45.20,1,0.00,0.00,0,0,0,3.94,1.63,81.8,0,00,1,$
#,050,314,292,29.00,940.25,10.00,Frequency_MHz,RSSI_dBm,-0.02,0.03,0.93,6.47,-1.34,31.49,44.14,-39.94,-45.20,1,0.00,0.00,0,0,0,3.93,1.71,81.2,0,00,1,$
#,050,315,292,29.00,940.25,10.00,Frequency_MHz,RSSI_dBm,-0.02,0.03,0.93,6.47,-1.34,31.49,44.14,-39.94,-45.20,1,0.00,0.00,0,0,0,3.93,1.71,81.8,0,00,1,$
#,050,315,292,29.00,940.25,10.00,Frequency_MHz,RSSI_dBm,-0.02,0.03,0.93,6.47,-1.34,31.49,44.14,-39.94,-45.20,1,0.00,0.00,0,0,0,3.93,1.77,81.8,0,00,1,$
#,050,315,292,29.00,940.25,10.00,Frequency_MHz,RSSI_dBm,-0.02,0.03,0.93,6.47,-1.34,31.49,44.14,-39.94,-45.20,1,0.00,0.00,0,0,0,3.93,1.77,82.3,0,00,1,$
#,050,315,292,29.00,940.25,10.00,Frequency_MHz,RSSI_dBm,-0.02,0.03,0.93,6.47,-1.34,31.49,44.14,-39.94,-45.20,1,0.00,0.00,0,0,0,3.94,1.86,82.3,0,00,1,$
#,050,315,292,29.00,940.25,10.00,Frequency_MHz,RSSI_dBm,-0.02,0.03,0.93,6.47,-1.34,31.49,44.14,-39.94,-45.20,1,0.00,0.00,0,0,0,3.94,1.86,82.9,0,00,1,$
#,050,315,292,29.00,940.25,10.00,Frequency_MHz,RSSI_dBm,-0.02,0.03,0.93,6.47,-1.34,31.49,44.14,-39.94,-45.20,1,0.00,0.00,0,0,0,3.94,1.77,81.2,0,00,1,$
#,050,315,292,29.00,940.25,10.00,Frequency_MHz,RSSI_dBm,-0.02,0.03,0.93,6.47,-1.34,31.49,44.14,-39.94,-45.20,1,0.00,0.00,0,0,0,3.94,1.77,82.3,0,00,1,$
#,050,316,293,29.00,940.25,10.00,Frequency_MHz,RSSI_dBm,-0.02,0.02,0.98,1.46,0.61,-5.37,44.37,-39.69,-42.38,1,0.00,0.00,0,0,0,3.94,1.58,84.0,0,00,1,$
#,050,316,293,29.00,940.25,10.00,Frequency_MHz,RSSI_dBm,-0.02,0.02,0.98,1.16,0.31,-8.24,46.50,-39.01,-45.65,1,0.00,0.00,0,0,0,3.88,2.85,83.4,0,00,1,$
#,050,317,293,29.00,940.25,10.00,Frequency_MHz,RSSI_dBm,-0.02,0.02,0.98,1.16,0.31,-8.24,46.50,-39.01,-45.65,1,0.00,0.00,0,0,0,3.88,2.85,85.6,0,00,1,$
#,050,317,293,29.00,940.25,10.00,Frequency_MHz,RSSI_dBm,-0.02,0.02,0.98,1.16,0.31,-8.24,46.50,-39.01,-45.65,1,0.00,0.00,0,0,0,3.88,2.83,84.5,0,00,1,$
#,050,317,293,29.00,940.25,10.00,Frequency_MHz,RSSI_dBm,-0.01,0.02,0.98,-1.59,-1.59,21.79,46.17,-38.98,-45.51,1,0.00,0.00,0,0,0,3.88,2.76,84.0,0,00,1,$
#,050,317,293,29.00,940.25,10.00,Frequency_MHz,RSSI_dBm,-0.01,0.02,0.98,-1.59,-1.59,21.79,46.17,-38.98,-45.51,1,0.00,0.00,0,0,0,3.88,2.76,84.5,0,00,1,$
#,050,317,293,29.00,940.25,10.00,Frequency_MHz,RSSI_dBm,-0.02,0.02,0.96,-12.70,-0.67,-53.47,44.98,-38.77,-43.37,1,0.00,0.00,0,0,0,3.89,2.70,82.9,0,00,1,$
#,050,317,293,29.00,940.25,10.00,Frequency_MHz,RSSI_dBm,-0.02,0.02,0.96,-12.70,-0.67,-53.47,44.98,-38.77,-43.37,1,0.00,0.00,0,0,0,3.89,2.75,85.6,0,00,1,$
#,050,317,294,29.00,940.25,10.00,Frequency_MHz,RSSI_dBm,-0.02,0.02,0.96,-12.70,-0.67,-53.47,44.98,-38.77,-43.37,1,0.00,0.00,0,0,0,3.89,2.75,85.1,0,00,1,$
#,050,317,294,29.00,940.25,10.00,Frequency_MHz,RSSI_dBm,-0.02,0.02,0.98,2.14,0.55,-4.03,45.90,-38.57,-44.81,1,0.00,0.00,0,0,0,3.92,1.97,84.0,0,00,1,$
#,050,318,294,29.00,940.25,10.00,Frequency_MHz,RSSI_dBm,-0.02,0.02,0.98,2.14,0.55,-4.03,45.90,-38.57,-44.81,1,0.00,0.00,0,0,0,3.92,1.97,84.0,0,00,1,$
#,050,318,294,29.00,940.25,10.00,Frequency_MHz,RSSI_dBm,-0.02,0.02,0.98,2.32,0.55,-5.43,46.37,-38.99,-45.45,1,0.00,0.00,0,0,0,3.89,2.17,85.1,0,00,1,$
#,050,318,294,29.00,940.25,10.00,Frequency_MHz,RSSI_dBm,-0.02,0.02,0.98,2.32,0.55,-5.43,46.37,-38.99,-45.45,1,0.00,0.00,0,0,0,3.92,1.91,84.5,0,00,1,$
#,050,318,294,29.00,940.25,10.00,Frequency_MHz,RSSI_dBm,-0.02,0.02,0.98,2.32,0.55,-5.43,46.37,-38.99,-45.45,1,0.00,0.00,0,0,0,3.92,1.91,86.7,0,00,1,$
#,050,318,294,29.00,940.25,10.00,Frequency_MHz,RSSI_dBm,-0.02,0.02,0.98,2.26,0.37,2.87,45.35,-39.28,-44.81,1,0.00,0.00,0,0,0,3.89,2.77,85.6,0,00,1,$
#,050,318,294,29.00,940.25,10.00,Frequency_MHz,RSSI_dBm,-0.02,0.02,0.98,2.26,0.37,2.87,45.35,-39.28,-44.81,1,0.00,0.00,0,0,0,3.89,2.77,84.5,0,00,1,$
#,050,318,295,29.00,940.25,10.00,Frequency_MHz,RSSI_dBm,-0.02,0.02,0.98,1.95,0.37,-3.78,45.24,-40.10,-45.26,1,0.00,0.00,0,0,0,3.92,2.68,85.1,0,00,1,$
#,050,318,295,29.00,940.25,10.00,Frequency_MHz,RSSI_dBm,-0.02,0.02,0.98,1.95,0.37,-3.78,45.24,-40.10,-45.26,1,0.00,0.00,0,0,0,3.92,1.91,84.5,0,00,1,$
#,050,319,295,29.00,940.25,10.00,Frequency_MHz,RSSI_dBm,-0.02,0.02,0.98,2.14,-0.55,-3.91,46.06,-39.22,-45.57,1,0.00,0.00,0,0,0,3.92,1.91,84.5,0,00,1,$
#,050,319,295,29.00,940.25,10.00,Frequency_MHz,RSSI_dBm,-0.02,0.02,0.98,2.14,-0.55,-3.91,46.06,-39.22,-45.57,1,0.00,0.00,0,0,0,3.89,2.76,85.1,0,00,1,$
#,050,319,295,29.00,940.25,10.00,Frequency_MHz,RSSI_dBm,-0.02,0.02,0.98,2.14,-0.55,-3.91,46.06,-39.22,-45.57,1,0.00,0.00,0,0,0,3.89,2.76,85.6,0,00,1,$
#,050,319,295,29.00,940.25,10.00,Frequency_MHz,RSSI_dBm,-0.02,0.02,0.99,2.87,-0.73,-6.77,44.31,-39.44,-43.51,1,0.00,0.00,0,0,0,3.92,1.98,85.1,0,00,1,$
#,050,319,295,29.00,940.25,10.00,Frequency_MHz,RSSI_dBm,-0.02,0.02,0.99,2.87,-0.73,-6.77,44.31,-39.44,-43.51,1,0.00,0.00,0,0,0,3.94,1.83,84.5,0,00,1,$
#,050,319,295,29.00,940.25,10.00,Frequency_MHz,RSSI_dBm,-0.02,0.02,0.98,1.77,0.37,-2.44,44.10,-39.92,-41.59,1,0.00,0.00,0,0,0,3.94,1.83,83.4,0,00,1,$
#,050,319,296,29.00,940.25,10.00,Frequency_MHz,RSSI_dBm,-0.02,0.02,0.98,1.77,0.37,-2.44,44.10,-39.92,-41.59,1,0.00,0.00,0,0,0,3.91,2.67,85.1,0,00,1,$
#,050,319,296,29.00,940.25,10.00,Frequency_MHz,RSSI_dBm,-0.02,0.02,0.98,1.77,0.37,-2.44,44.10,-39.92,-41.59,1,0.00,0.00,0,0,0,3.92,1.95,85.6,0,00,1,$
#,050,320,296,29.00,940.25,10.00,Frequency_MHz,RSSI_dBm,-0.02,0.02,0.98,1.83,0.55,-5.37,44.65,-39.97,-42.74,1,0.00,0.00,0,0,0,3.92,1.95,83.4,0,00,1,$
#,050,320,296,29.00,940.25,10.00,Frequency_MHz,RSSI_dBm,-0.02,0.02,0.98,1.83,0.55,-5.37,44.65,-39.97,-42.74,1,0.00,0.00,0,0,0,3.91,2.00,85.1,0,00,1,$
#,050,320,296,29.00,940.25,10.00,Frequency_MHz,RSSI_dBm,-0.02,0.02,0.98,2.62,0.24,7.08,44.78,-40.17,-43.99,1,0.00,0.00,0,0,0,3.91,2.00,84.0,0,00,1,$
#,050,320,296,29.00,940.25,10.00,Frequency_MHz,RSSI_dBm,-0.02,0.02,0.98,2.62,0.24,7.08,44.78,-40.17,-43.99,1,0.00,0.00,0,0,0,3.89,2.84,84.5,0,00,1,$
#,050,320,296,29.00,940.25,10.00,Frequency_MHz,RSSI_dBm,-0.02,0.02,0.98,2.62,0.24,7.08,44.78,-40.17,-43.99,1,0.00,0.00,0,0,0,3.89,2.84,85.6,0,00,1,$
#,050,320,296,29.00,940.25,10.00,Frequency_MHz,RSSI_dBm,-0.02,0.02,0.98,1.77,0.49,-4.58,44.51,367.68,-381.93,1,0.00,0.00,0,0,0,3.93,1.81,84.0,0,00,1,$
#,050,320,296,29.00,940.25,10.00,Frequency_MHz,RSSI_dBm,-0.02,0.02,0.98,1.77,0.49,-4.58,44.51,367.68,-381.93,1,0.00,0.00,0,0,0,3.89,2.85,84.0,0,00,1,$
#,050,320,297,29.00,940.25,10.00,Frequency_MHz,RSSI_dBm,-0.02,0.02,0.98,1.77,0.24,-5.98,44.52,-39.05,-42.98,1,0.00,0.00,0,0,0,3.89,2.85,86.7,0,00,1,$
#,050,321,297,29.00,940.25,10.00,Frequency_MHz,RSSI_dBm,-0.02,0.02,0.98,1.77,0.24,-5.98,44.52,-39.05,-42.98,1,0.00,0.00,0,0,0,3.92,1.98,85.1,0,00,1,$
#,050,321,297,29.00,940.25,10.00,Frequency_MHz,RSSI_dBm,-0.02,0.02,0.98,1.77,0.24,-5.98,44.52,-39.05,-42.98,1,0.00,0.00,0,0,0,3.92,1.98,84.0,0,00,1,$
#,050,321,297,29.00,940.25,10.00,Frequency_MHz,RSSI_dBm,-0.00,0.03,0.98,-3.17,1.59,-11.54,44.89,-39.78,-42.81,1,0.00,0.00,0,0,0,3.92,2.14,86.2,0,00,1,$
#,050,321,297,29.00,940.25,10.00,Frequency_MHz,RSSI_dBm,-0.00,0.03,0.98,-3.17,1.59,-11.54,44.89,-39.78,-42.81,1,0.00,0.00,0,0,0,3.92,1.94,84.5,0,00,1,$
#,050,321,297,29.00,940.25,10.00,Frequency_MHz,RSSI_dBm,-0.02,0.01,0.92,1.28,-0.67,2.81,45.62,-39.42,-45.12,1,0.00,0.00,0,0,0,3.92,1.94,84.0,0,00,1,$
#,050,321,297,29.00,940.25,10.00,Frequency_MHz,RSSI_dBm,-0.02,0.01,0.92,1.28,-0.67,2.81,45.62,-39.42,-45.12,1,0.00,0.00,0,0,0,3.88,2.76,84.5,0,00,1,$
#,050,321,297,29.00,940.25,10.00,Frequency_MHz,RSSI_dBm,-0.03,0.02,0.95,-1.59,-0.92,-10.07,44.30,-39.56,-42.52,1,0.00,0.00,0,0,0,3.88,2.76,85.1,0,00,1,$
#,050,321,297,29.00,940.25,10.00,Frequency_MHz,RSSI_dBm,-0.03,0.02,0.95,-1.59,-0.92,-10.07,44.30,-39.56,-42.52,1,0.00,0.00,0,0,0,3.92,1.80,85.1,0,00,1,$
#,050,322,298,29.00,940.25,10.00,Frequency_MHz,RSSI_dBm,-0.03,0.02,0.95,-1.59,-0.92,-10.07,44.30,-39.56,-42.52,1,0.00,0.00,0,0,0,3.92,1.91,85.6,0,00,1,$
#,050,322,298,29.00,940.25,10.00,Frequency_MHz,RSSI_dBm,-0.01,0.01,0.94,3.48,-0.92,31.31,44.45,-39.67,-40.83,1,0.00,0.00,0,0,0,3.92,1.91,84.5,0,00,1,$
#,050,322,298,29.00,940.25,10.00,Frequency_MHz,RSSI_dBm,-0.01,0.01,0.94,3.48,-0.92,31.31,44.45,-39.67,-40.83,1,0.00,0.00,0,0,0,3.92,2.17,85.1,0,00,1,$
#,050,322,298,29.00,940.25,10.00,Frequency_MHz,RSSI_dBm,-0.02,0.02,0.98,2.20,0.49,-5.13,43.71,-39.33,-42.44,1,0.00,0.00,0,0,0,3.92,2.06,84.5,0,00,1,$
#,050,322,298,29.00,940.25,10.00,Frequency_MHz,RSSI_dBm,-0.02,0.02,0.98,2.20,0.49,-5.13,43.71,-39.33,-42.44,1,0.00,0.00,0,0,0,3.92,2.06,85.6,0,00,1,$
#,050,322,298,29.00,940.25,10.00,Frequency_MHz,RSSI_dBm,-0.02,0.02,0.98,2.20,0.49,-5.13,43.71,-39.33,-42.44,1,0.00,0.00,0,0,0,3.92,1.88,85.6,0,00,1,$
#,050,322,298,29.00,940.25,10.00,Frequency_MHz,RSSI_dBm,-0.02,0.02,0.98,1.95,0.61,-2.32,46.40,-38.73,-46.24,1,0.00,0.00,0,0,0,3.92,1.88,84.5,0,00,1,$
#,050,322,298,29.00,940.25,10.00,Frequency_MHz,RSSI_dBm,-0.02,0.02,0.98,1.95,0.61,-2.32,46.40,-38.73,-46.24,1,0.00,0.00,0,0,0,3.89,2.21,85.1,0,00,1,$
#,050,322,298,29.00,940.25,10.00,Frequency_MHz,RSSI_dBm,-0.02,0.02,0.98,1.95,-1.10,-4.46,43.96,-39.39,-42.25,1,0.00,0.00,0,0,0,3.89,2.42,86.2,0,00,1,$
#,050,323,299,29.00,940.25,10.00,Frequency_MHz,RSSI_dBm,-0.02,0.02,0.98,1.95,-1.10,-4.46,43.96,-39.39,-42.25,1,0.00,0.00,0,0,0,3.89,2.42,85.6,0,00,1,$
#,050,323,299,29.00,940.25,10.00,Frequency_MHz,RSSI_dBm,-0.02,0.02,0.98,1.95,-1.10,-4.46,43.96,-39.39,-42.25,1,0.00,0.00,0,0,0,3.92,2.74,84.0,0,00,1,$
#,050,323,299,29.00,940.25,10.00,Frequency_MHz,RSSI_dBm,-0.02,0.02,0.98,1.95,-1.10,-4.46,43.96,-39.39,-42.25,1,0.00,0.00,0,0,0,3.92,2.74,84.0,0,00,1,$
#,050,323,299,29.00,940.25,10.00,Frequency_MHz,RSSI_dBm,-0.02,0.02,0.98,5.13,-0.73,1.65,44.73,-40.26,-42.53,1,0.00,0.00,0,0,0,3.95,1.59,85.1,0,00,1,$
#,050,323,299,29.00,940.25,10.00,Frequency_MHz,RSSI_dBm,-0.02,0.01,0.93,-4.03,-0.12,-39.37,44.49,-40.12,-43.23,1,0.00,0.00,0,0,0,3.89,2.78,85.1,0,00,1,$
#,050,323,299,29.00,940.25,10.00,Frequency_MHz,RSSI_dBm,-0.02,0.01,0.93,-4.03,-0.12,-39.37,44.49,-40.12,-43.23,1,0.00,0.00,0,0,0,3.89,2.78,84.0,0,00,1,$
#,050,323,299,29.00,940.25,10.00,Frequency_MHz,RSSI_dBm,-0.03,0.02,0.97,3.05,-3.78,15.20,45.48,-39.50,-43.76,1,0.00,0.00,0,0,0,3.89,2.91,84.5,0,00,1,$
#,050,323,299,29.00,940.25,10.00,Frequency_MHz,RSSI_dBm,-0.03,0.02,0.97,3.05,-3.78,15.20,45.48,-39.50,-43.76,1,0.00,0.00,0,0,0,3.88,2.83,84.5,0,00,1,$
#,050,324,299,29.00,940.25,10.00,Frequency_MHz,RSSI_dBm,-0.03,0.02,0.97,3.05,-3.78,15.20,45.48,-39.50,-43.76,1,0.00,0.00,0,0,0,3.88,2.83,85.1,0,00,1,$
#,050,324,300,29.00,940.25,10.00,Frequency_MHz,RSSI_dBm,-0.02,0.02,0.99,-0.24,0.92,-11.41,45.70,-39.10,-46.26,1,0.00,0.00,0,0,0,3.93,1.87,85.6,0,00,1,$
#,050,324,300,29.00,940.25,10.00,Frequency_MHz,RSSI_dBm,-0.02,0.02,0.99,-0.24,0.92,-11.41,45.70,-39.10,-46.26,1,0.00,0.00,0,0,0,3.93,1.87,85.1,0,00,1,$
#,050,324,300,29.00,940.25,10.00,Frequency_MHz,RSSI_dBm,-0.02,0.02,0.98,1.77,0.61,-4.52,44.52,-41.03,-190.31,1,0.00,0.00,0,0,0,3.88,2.84,84.5,0,00,1,$
#,050,324,300,29.00,940.25,10.00,Frequency_MHz,RSSI_dBm,-0.02,0.02,0.98,1.77,0.61,-4.52,44.52,-41.03,-190.31,1,0.00,0.00,0,0,0,3.89,2.54,85.6,0,00,1,$
#,050,324,300,29.00,940.25,10.00,Frequency_MHz,RSSI_dBm,-0.02,0.02,0.98,2.01,-0.85,-6.47,44.30,-39.67,-42.47,1,0.00,0.00,0,0,0,3.89,2.54,85.1,0,00,1,$
#,050,324,300,29.00,940.25,10.00,Frequency_MHz,RSSI_dBm,-0.02,0.02,0.98,2.01,-0.85,-6.47,44.30,-39.67,-42.47,1,0.00,0.00,0,0,0,3.93,1.92,85.1,0,00,1,$
#,050,325,300,29.00,940.25,10.00,Frequency_MHz,RSSI_dBm,-0.02,0.02,0.98,2.01,-0.85,-6.47,44.30,-39.67,-42.47,1,0.00,0.00,0,0,0,3.92,1.84,84.0,0,00,1,$
#,050,325,300,29.00,940.25,10.00,Frequency_MHz,RSSI_dBm,-0.01,0.02,0.99,0.24,-0.92,-17.40,44.12,-39.31,-41.42,1,0.00,0.00,0,0,0,3.92,1.84,85.6,0,00,1,$
#,050,325,300,29.00,940.25,10.00,Frequency_MHz,RSSI_dBm,-0.01,0.02,0.99,0.24,-0.92,-17.40,44.12,-39.31,-41.42,1,0.00,0.00,0,0,0,3.93,1.80,84.5,0,00,1,$
#,050,325,301,29.00,940.25,10.00,Frequency_MHz,RSSI_dBm,-0.02,0.03,0.95,1.83,0.31,-15.75,45.42,-38.73,-45.83,1,0.00,0.00,0,0,0,3.93,1.80,85.6,0,00,1,$
#,050,325,301,29.00,940.25,10.00,Frequency_MHz,RSSI_dBm,-0.02,0.03,0.95,1.83,0.31,-15.75,45.42,-38.73,-45.83,1,0.00,0.00,0,0,0,3.92,1.89,85.1,0,00,1,$
#,050,325,301,29.00,940.25,10.00,Frequency_MHz,RSSI_dBm,-0.02,0.02,0.98,1.95,0.67,-5.37,46.34,-39.66,-45.30,1,0.00,0.00,0,0,0,3.88,2.85,86.2,0,00,1,$
#,050,325,301,29.00,940.25,10.00,Frequency_MHz,RSSI_dBm,-0.02,0.02,0.98,1.95,0.67,-5.37,46.34,-39.66,-45.30,1,0.00,0.00,0,0,0,3.88,2.85,84.5,0,00,1,$
#,050,325,301,29.00,940.25,10.00,Frequency_MHz,RSSI_dBm,-0.02,0.02,0.98,1.95,0.67,-5.37,46.34,-39.66,-45.30,1,0.00,0.00,0,0,0,3.88,2.77,86.2,0,00,1,$
#,050,326,301,29.00,940.25,10.00,Frequency_MHz,RSSI_dBm,-0.02,0.02,0.98,-0.55,0.67,-15.87,44.36,-40.20,-42.38,1,0.00,0.00,0,0,0,3.88,2.77,83.4,0,00,1,$
#,050,326,301,29.00,940.25,10.00,Frequency_MHz,RSSI_dBm,-0.02,0.02,0.98,-0.55,0.67,-15.87,44.36,-40.20,-42.38,1,0.00,0.00,0,0,0,3.92,1.86,86.7,0,00,1,$
#,050,326,301,29.00,940.25,10.00,Frequency_MHz,RSSI_dBm,-0.02,0.02,0.98,2.56,0.31,3.91,46.48,267.36,-382.08,1,0.00,0.00,0,0,0,3.93,2.62,86.2,0,00,1,$
#,050,326,302,29.00,940.25,10.00,Frequency_MHz,RSSI_dBm,-0.02,0.02,0.98,2.56,0.31,3.91,46.48,267.36,-382.08,1,0.00,0.00,0,0,0,3.93,2.62,84.5,0,00,1,$
#,050,326,302,29.00,940.25,10.00,Frequency_MHz,RSSI_dBm,-0.02,0.02,0.98,2.56,0.31,3.91,46.48,267.36,-382.08,1,0.00,0.00,0,0,0,3.88,2.80,85.6,0,00,1,$
#,050,326,302,29.00,940.25,10.00,Frequency_MHz,RSSI_dBm,-0.02,0.02,0.95,1.83,0.49,-7.81,44.59,-40.16,-43.25,1,0.00,0.00,0,0,0,3.88,2.80,85.6,0,00,1,$
#,050,326,302,29.00,940.25,10.00,Frequency_MHz,RSSI_dBm,-0.02,0.02,0.95,1.83,0.49,-7.81,44.59,-40.16,-43.25,1,0.00,0.00,0,0,0,3.92,1.88,85.1,0,00,1,$
#,050,326,302,29.00,940.25,10.00,Frequency_MHz,RSSI_dBm,-0.02,0.02,0.98,1.83,-3.17,-19.29,44.68,-39.72,-42.75,1,0.00,0.00,0,0,0,3.92,1.91,85.6,0,00,1,$
#,050,327,302,29.00,940.25,10.00,Frequency_MHz,RSSI_dBm,-0.02,0.02,0.98,1.83,-3.17,-19.29,44.68,-39.72,-42.75,1,0.00,0.00,0,0,0,3.92,1.91,86.2,0,00,1,$
#,050,327,302,29.00,940.25,10.00,Frequency_MHz,RSSI_dBm,-0.02,0.02,0.98,1.83,-3.17,-19.29,44.68,-39.72,-42.75,1,0.00,0.00,0,0,0,3.93,2.07,84.5,0,00,1,$
#,050,327,302,29.00,940.25,10.00,Frequency_MHz,RSSI_dBm,-0.01,0.02,0.97,0.92,-3.48,-6.90,44.48,-39.42,-40.72,1,0.00,0.00,0,0,0,3.93,1.84,84.0,0,00,1,$
#,050,327,302,29.00,940.25,10.00,Frequency_MHz,RSSI_dBm,-0.01,0.02,0.97,0.92,-3.48,-6.90,44.48,-39.42,-40.72,1,0.00,0.00,0,0,0,3.93,1.84,85.1,0,00,1,$
#,050,327,303,29.00,940.25,10.00,Frequency_MHz,RSSI_dBm,-0.02,0.01,0.91,-0.49,-2.26,-17.88,46.18,-37.85,-44.98,1,0.00,0.00,0,0,0,3.93,2.06,85.6,0,00,1,$
#,050,327,303,29.00,940.25,10.00,Frequency_MHz,RSSI_dBm,-0.02,0.01,0.91,-0.49,-2.26,-17.88,46.18,-37.85,-44.98,1,0.00,0.00,0,0,0,3.93,2.06,83.4,0,00,1,$
#,050,327,303,29.00,940.25,10.00,Frequency_MHz,RSSI_dBm,-0.02,0.02,0.99,1.89,1.34,-7.57,46.78,-38.83,-46.55,1,0.00,0.00,0,0,0,3.92,2.20,85.6,0,00,1,$
#,050,327,303,29.00,940.25,10.00,Frequency_MHz,RSSI_dBm,-0.02,0.02,0.99,1.89,1.34,-7.57,46.78,-38.83,-46.55,1,0.00,0.00,0,0,0,3.88,2.82,85.1,0,00,1,$
#,050,328,303,29.00,940.25,10.00,Frequency_MHz,RSSI_dBm,-0.02,0.02,0.99,1.89,1.34,-7.57,46.78,-38.83,-46.55,1,0.00,0.00,0,0,0,3.88,2.82,85.6,0,00,1,$
#,050,328,303,29.00,940.25,10.00,Frequency_MHz,RSSI_dBm,-0.02,0.02,0.98,1.53,0.67,-5.80,44.82,-40.16,-212.85,1,0.00,0.00,0,0,0,3.92,1.89,84.5,0,00,1,$
#,050,328,303,29.00,940.25,10.00,Frequency_MHz,RSSI_dBm,-0.02,0.02,0.98,1.53,0.67,-5.80,44.82,-40.16,-212.85,1,0.00,0.00,0,0,0,3.93,1.79,85.1,0,00,1,$
#,050,328,303,29.00,940.25,10.00,Frequency_MHz,RSSI_dBm,-0.03,0.03,0.94,1.53,0.49,-4.46,44.74,-39.26,-42.44,1,0.00,0.00,0,0,0,3.93,1.79,84.0,0,00,1,$
#,050,328,304,29.00,940.25,10.00,Frequency_MHz,RSSI_dBm,-0.03,0.03,0.94,1.53,0.49,-4.46,44.74,-39.26,-42.44,1,0.00,0.00,0,0,0,3.89,2.26,84.5,0,00,1,$
#,050,328,304,29.00,940.25,10.00,Frequency_MHz,RSSI_dBm,-0.03,0.03,0.94,1.53,0.49,-4.46,44.74,-39.26,-42.44,1,0.00,0.00,0,0,0,3.89,2.26,85.6,0,00,1,$
#,050,328,304,29.00,940.25,10.00,Frequency_MHz,RSSI_dBm,-0.02,0.02,0.98,2.44,-1.16,5.92,45.86,-39.53,-46.74,1,0.00,0.00,0,0,0,3.92,2.08,85.6,0,00,1,$
#,050,328,304,29.00,940.25,10.00,Frequency_MHz,RSSI_dBm,-0.02,0.02,0.98,2.44,-1.16,5.92,45.86,-39.53,-46.74,1,0.00,0.00,0,0,0,3.93,1.82,83.4,0,00,1,$
#,050,329,304,29.00,940.25,10.00,Frequency_MHz,RSSI_dBm,-0.02,0.02,0.98,1.77,0.55,-6.47,45.96,-39.45,-43.08,1,0.00,0.00,0,0,0,3.93,1.82,85.6,0,00,1,$
#,050,329,304,29.00,940.25,10.00,Frequency_MHz,RSSI_dBm,-0.02,0.02,0.98,1.77,0.55,-6.47,45.96,-39.45,-43.08,1,0.00,0.00,0,0,0,3.92,1.89,85.1,0,00,1,$
#,050,329,304,29.00,940.25,10.00,Frequency_MHz,RSSI_dBm,-0.02,0.02,0.98,1.77,0.43,-3.97,44.70,-39.93,-43.40,1,0.00,0.00,0,0,0,3.88,2.68,86.7,0,00,1,$
#,050,329,304,29.00,940.25,10.00,Frequency_MHz,RSSI_dBm,-0.02,0.02,0.98,1.77,0.43,-3.97,44.70,-39.93,-43.40,1,0.00,0.00,0,0,0,3.88,2.68,85.6,0,00,1,$
#,050,329,305,29.00,940.25,10.00,Frequency_MHz,RSSI_dBm,-0.02,0.02,0.98,1.77,0.43,-3.97,44.70,-39.93,-43.40,1,0.00,0.00,0,0,0,3.89,2.79,86.2,0,00,1,$
#,050,329,305,29.00,940.25,10.00,Frequency_MHz,RSSI_dBm,-0.02,0.02,0.98,2.32,0.67,-3.60,47.30,-39.72,-47.09,1,0.00,0.00,0,0,0,3.89,2.79,85.6,0,00,1,$
#,050,329,305,29.00,940.25,10.00,Frequency_MHz,RSSI_dBm,-0.02,0.02,0.98,2.32,0.67,-3.60,47.30,-39.72,-47.09,1,0.00,0.00,0,0,0,3.88,2.74,86.2,0,00,1,$
#,050,329,305,29.00,940.25,10.00,Frequency_MHz,RSSI_dBm,-0.03,0.02,0.98,2.81,-4.21,-16.78,43.52,-39.86,-42.49,1,0.00,0.00,0,0,0,3.88,2.74,84.5,0,00,1,$
#,050,330,305,29.00,940.25,10.00,Frequency_MHz,RSSI_dBm,-0.03,0.02,0.98,2.81,-4.21,-16.78,43.52,-39.86,-42.49,1,0.00,0.00,0,0,0,3.92,1.93,86.2,0,00,1,$
#,050,330,305,29.00,940.25,10.00,Frequency_MHz,RSSI_dBm,-0.03,0.02,0.98,2.81,-4.21,-16.78,43.52,-39.86,-42.49,1,0.00,0.00,0,0,0,3.89,2.85,85.6,0,00,1,$
#,050,330,305,29.00,940.25,10.00,Frequency_MHz,RSSI_dBm,-0.02,0.02,0.98,-0.43,0.73,-8.12,46.07,-39.66,-46.36,1,0.00,0.00,0,0,0,3.89,2.85,86.7,0,00,1,$
#,050,330,306,29.00,940.25,10.00,Frequency_MHz,RSSI_dBm,-0.02,0.02,0.98,-0.43,0.73,-8.12,46.07,-39.66,-46.36,1,0.00,0.00,0,0,0,3.88,2.66,85.6,0,00,1,$
#,050,330,306,29.00,940.25,10.00,Frequency_MHz,RSSI_dBm,-0.02,0.01,0.97,-0.92,-1.71,-1.40,44.36,-39.77,-42.24,1,0.00,0.00,0,0,0,3.90,2.73,84.5,0,00,1,$
#,050,330,306,29.00,940.25,10.00,Frequency_MHz,RSSI_dBm,-0.02,0.01,0.97,-0.92,-1.71,-1.40,44.36,-39.77,-42.24,1,0.00,0.00,0,0,0,3.90,2.73,85.6,0,00,1,$
#,050,330,306,29.00,940.25,10.00,Frequency_MHz,RSSI_dBm,-0.02,0.03,0.97,0.49,-3.11,-72.08,44.20,-39.84,-43.57,1,0.00,0.00,0,0,0,3.92,1.88,85.1,0,00,1,$
#,050,330,306,29.00,940.25,10.00,Frequency_MHz,RSSI_dBm,-0.02,0.03,0.97,0.49,-3.11,-72.08,44.20,-39.84,-43.57,1,0.00,0.00,0,0,0,3.88,2.20,86.2,0,00,1,$
#,050,331,306,29.00,940.25,10.00,Frequency_MHz,RSSI_dBm,-0.01,0.02,0.98,3.23,-2.69,-10.38,47.01,-38.89,-46.24,1,0.00,0.00,0,0,0,3.88,2.20,85.6,0,00,1,$
#,050,331,306,29.00,940.25,10.00,Frequency_MHz,RSSI_dBm,-0.01,0.02,0.98,3.23,-2.69,-10.38,47.01,-38.89,-46.24,1,0.00,0.00,0,0,0,3.92,1.98,84.0,0,00,1,$
#,050,331,306,29.00,940.25,10.00,Frequency_MHz,RSSI_dBm,-0.01,0.02,0.98,3.23,-2.69,-10.38,47.01,-38.89,-46.24,1,0.00,0.00,0,0,0,3.93,1.87,86.2,0,00,1,$
#,050,331,306,29.00,940.25,10.00,Frequency_MHz,RSSI_dBm,-0.02,0.01,0.93,-0.92,-0.61,3.54,44.70,-39.88,-40.38,1,0.00,0.00,0,0,0,3.93,1.87,84.5,0,00,1,$
#,050,331,307,29.00,940.25,10.00,Frequency_MHz,RSSI_dBm,-0.02,0.01,0.93,-0.92,-0.61,3.54,44.70,-39.88,-40.38,1,0.00,0.00,0,0,0,3.92,2.10,85.1,0,00,1,$
#,050,331,307,29.00,940.25,10.00,Frequency_MHz,RSSI_dBm,-0.02,0.02,0.98,1.65,0.67,-6.84,45.43,-39.09,-46.26,1,0.00,0.00,0,0,0,3.92,2.10,85.6,0,00,1,$
#,050,331,307,29.00,940.25,10.00,Frequency_MHz,RSSI_dBm,-0.02,0.02,0.98,1.65,0.67,-6.84,45.43,-39.09,-46.26,1,0.00,0.00,0,0,0,3.92,2.00,85.1,0,00,1,$
#,050,331,307,29.00,940.25,10.00,Frequency_MHz,RSSI_dBm,-0.03,0.02,0.98,2.08,0.31,-6.04,44.82,-40.03,-43.66,1,0.00,0.00,0,0,0,3.93,1.97,84.5,0,00,1,$
#,050,332,307,29.00,940.25,10.00,Frequency_MHz,RSSI_dBm,-0.03,0.02,0.98,2.08,0.31,-6.04,44.82,-40.03,-43.66,1,0.00,0.00,0,0,0,3.93,1.97,85.1,0,00,1,$
#,050,332,307,29.00,940.25,10.00,Frequency_MHz,RSSI_dBm,-0.03,0.02,0.98,2.08,0.31,-6.04,44.82,-40.03,-43.66,1,0.00,0.00,0,0,0,3.92,2.00,87.3,0,00,1,$
#,050,332,307,29.00,940.25,10.00,Frequency_MHz,RSSI_dBm,-0.01,0.02,0.98,-8.61,2.99,9.09,46.30,-38.44,-47.22,1,0.00,0.00,0,0,0,3.93,1.93,85.6,0,00,1,$
#,050,332,307,29.00,940.25,10.00,Frequency_MHz,RSSI_dBm,-0.01,0.02,0.98,-8.61,2.99,9.09,46.30,-38.44,-47.22,1,0.00,0.00,0,0,0,3.93,1.93,85.6,0,00,1,$
#,050,332,308,29.00,940.25,10.00,Frequency_MHz,RSSI_dBm,-0.03,0.03,0.95,-1.28,-1.04,-47.24,45.21,-39.49,-44.23,1,0.00,0.00,0,0,0,3.89,2.24,86.7,0,00,1,$
#,050,332,308,29.00,940.25,10.00,Frequency_MHz,RSSI_dBm,-0.03,0.03,0.95,-1.28,-1.04,-47.24,45.21,-39.49,-44.23,1,0.00,0.00,0,0,0,3.89,2.24,85.1,0,00,1,$
#,050,332,308,29.00,940.25,10.00,Frequency_MHz,RSSI_dBm,-0.03,0.03,0.95,-1.28,-1.04,-47.24,45.21,-39.49,-44.23,1,0.00,0.00,0,0,0,3.88,2.11,85.1,0,00,1,$
#,050,332,308,29.00,940.25,10.00,Frequency_MHz,RSSI_dBm,-0.02,0.02,0.99,1.77,0.92,-1.16,44.79,-39.69,-43.47,1,0.00,0.00,0,0,0,3.92,2.05,85.1,0,00,1,$
#,050,333,308,29.00,940.25,10.00,Frequency_MHz,RSSI_dBm,-0.02,0.02,0.99,1.77,0.92,-1.16,44.79,-39.69,-43.47,1,0.00,0.00,0,0,0,3.92,2.05,85.1,0,00,1,$
#,050,333,308,29.00,940.25,10.00,Frequency_MHz,RSSI_dBm,-0.02,0.02,0.98,2.01,0.49,-8.18,45.95,-38.38,-44.82,1,0.00,0.00,0,0,0,3.92,2.00,84.5,0,00,1,$
#,050,333,308,29.00,940.25,10.00,Frequency_MHz,RSSI_dBm,-0.02,0.02,0.98,2.01,0.49,-8.18,45.95,-38.38,-44.82,1,0.00,0.00,0,0,0,3.92,2.00,85.1,0,00,1,$
#,050,333,308,29.00,940.25,10.00,Frequency_MHz,RSSI_dBm,-0.02,0.02,0.98,2.01,0.49,-8.18,45.95,-38.38,-44.82,1,0.00,0.00,0,0,0,3.88,1.93,84.0,0,00,1,$
#,050,333,309,29.00,940.25,10.00,Frequency_MHz,RSSI_dBm,-0.02,0.02,0.98,2.01,0.49,-8.18,45.95,-38.38,-44.82,1,0.00,0.00,0,0,0,3.93,1.80,83.4,0,00,1,$
#,050,333,309,29.00,940.25,10.00,Frequency_MHz,RSSI_dBm,-0.02,0.02,0.98,2.01,0.49,-8.18,45.95,-38.38,-44.82,1,0.00,0.00,0,0,0,3.93,1.80,83.4,0,00,1,$
#,050,333,309,29.00,940.25,10.00,Frequency_MHz,RSSI_dBm,-0.02,0.02,0.98,2.01,0.49,-8.18,45.95,-38.38,-44.82,1,0.00,0.00,0,0,0,3.94,1.61,83.4,0,00,1,$
#,050,333,309,29.00,940.25,10.00,Frequency_MHz,RSSI_dBm,-0.02,0.02,0.98,2.01,0.49,-8.18,45.95,-38.38,-44.82,1,0.00,0.00,0,0,0,3.94,1.61,82.3,0,00,1,$
#,050,333,309,29.00,940.25,10.00,Frequency_MHz,RSSI_dBm,-0.02,0.02,0.98,2.01,0.49,-8.18,45.95,-38.38,-44.82,1,0.00,0.00,0,0,0,3.94,1.62,85.1,0,00,1,$
#,050,334,309,29.00,940.25,10.00,Frequency_MHz,RSSI_dBm,-0.02,0.02,0.98,2.01,0.49,-8.18,45.95,-38.38,-44.82,1,0.00,0.00,0,0,0,3.94,1.62,83.4,0,00,1,$
#,050,334,309,29.00,940.25,10.00,Frequency_MHz,RSSI_dBm,-0.02,0.02,0.98,2.01,0.49,-8.18,45.95,-38.38,-44.82,1,0.00,0.00,0,0,0,3.94,1.70,82.9,0,00,1,$
#,050,334,309,29.00,940.25,10.00,Frequency_MHz,RSSI_dBm,-0.02,0.02,0.98,2.01,0.49,-8.18,45.95,-38.38,-44.82,1,0.00,0.00,0,0,0,3.94,1.70,84.5,0,00,1,$
#,050,334,309,29.00,940.25,10.00,Frequency_MHz,RSSI_dBm,-0.02,0.02,0.98,2.01,0.49,-8.18,45.95,-38.38,-44.82,1,0.00,0.00,0,0,0,3.89,2.73,85.1,0,00,1,$
#,050,334,309,29.00,940.25,10.00,Frequency_MHz,RSSI_dBm,-0.02,0.02,0.98,2.01,0.49,-8.18,45.95,-38.38,-44.82,1,0.00,0.00,0,0,0,3.89,2.73,84.5,0,00,1,$
#,050,334,310,29.00,940.25,10.00,Frequency_MHz,RSSI_dBm,-0.02,0.02,0.98,2.01,0.49,-8.18,45.95,-38.38,-44.82,1,0.00,0.00,0,0,0,3.89,2.11,83.4,0,00,1,$
#,050,334,310,29.00,940.25,10.00,Frequency_MHz,RSSI_dBm,-0.02,0.02,0.98,2.01,0.49,-8.18,45.95,-38.38,-44.82,1,0.00,0.00,0,0,0,3.88,2.98,85.1,0,00,1,$
#,050,334,310,29.00,940.25,10.00,Frequency_MHz,RSSI_dBm,-0.03,0.03,0.93,0.43,-3.05,8.61,44.43,-39.56,-42.30,1,0.00,0.00,0,0,0,3.88,2.98,85.6,0,00,1,$
#,050,335,310,29.00,940.25,10.00,Frequency_MHz,RSSI_dBm,-0.03,0.03,1.02,-2.14,-8.61,105.35,43.76,-40.00,-44.19,1,0.00,0.00,0,0,0,3.92,2.52,84.0,0,00,1,$
#,050,335,310,29.00,940.25,10.00,Frequency_MHz,RSSI_dBm,-0.03,0.03,1.02,-2.14,-8.61,105.35,43.76,-40.00,-44.19,1,0.00,0.00,0,0,0,3.91,2.89,85.1,0,00,1,$
#,050,335,310,29.00,940.25,10.00,Frequency_MHz,RSSI_dBm,-0.02,0.02,0.98,2.08,0.37,-5.43,43.96,-40.27,-41.30,1,0.00,0.00,0,0,0,3.91,2.89,85.1,0,00,1,$
#,050,335,310,29.00,940.25,10.00,Frequency_MHz,RSSI_dBm,-0.02,0.02,0.98,2.08,0.37,-5.43,43.96,-40.27,-41.30,1,0.00,0.00,0,0,0,3.92,1.96,85.1,0,00,1,$
#,050,335,310,29.00,940.25,10.00,Frequency_MHz,RSSI_dBm,-0.02,0.02,0.98,2.38,0.73,-4.64,44.57,-40.00,-42.25,1,0.00,0.00,0,0,0,3.92,1.96,82.9,0,00,1,$
#,050,335,311,29.00,940.25,10.00,Frequency_MHz,RSSI_dBm,-0.02,0.02,0.98,2.38,0.73,-4.64,44.57,-40.00,-42.25,1,0.00,0.00,0,0,0,3.91,1.78,85.6,0,00,1,$
#,050,335,311,29.00,940.25,10.00,Frequency_MHz,RSSI_dBm,-0.02,0.02,0.98,2.38,0.73,-4.64,44.57,-40.00,-42.25,1,0.00,0.00,0,0,0,3.93,1.93,85.1,0,00,1,$
#,050,335,311,29.00,940.25,10.00,Frequency_MHz,RSSI_dBm,-0.01,0.02,0.93,5.80,-1.04,31.86,45.19,-39.03,-44.63,1,0.00,0.00,0,0,0,3.93,1.93,86.7,0,00,1,$
#,050,336,311,29.00,940.25,10.00,Frequency_MHz,RSSI_dBm,-0.01,0.02,0.93,5.80,-1.04,31.86,45.19,-39.03,-44.63,1,0.00,0.00,0,0,0,3.92,2.00,84.0,0,00,1,$
#,050,336,311,29.00,940.25,10.00,Frequency_MHz,RSSI_dBm,-0.02,0.01,0.99,-7.14,0.73,-6.53,44.89,-39.43,-45.25,1,0.00,0.00,0,0,0,3.92,2.00,86.2,0,00,1,$
#,050,336,311,29.00,940.25,10.00,Frequency_MHz,RSSI_dBm,-0.02,0.01,0.99,-7.14,0.73,-6.53,44.89,-39.43,-45.25,1,0.00,0.00,0,0,0,3.92,2.78,85.6,0,00,1,$
#,050,336,311,29.00,940.25,10.00,Frequency_MHz,RSSI_dBm,-0.02,0.01,0.99,-7.14,0.73,-6.53,44.89,-39.43,-45.25,1,0.00,0.00,0,0,0,3.92,1.98,84.0,0,00,1,$
#,050,336,311,29.00,940.25,10.00,Frequency_MHz,RSSI_dBm,-0.01,0.03,0.94,-0.43,-7.14,-33.45,44.45,-39.69,-42.80,1,0.00,0.00,0,0,0,3.92,1.98,84.5,0,00,1,$
#,050,336,311,29.00,940.25,10.00,Frequency_MHz,RSSI_dBm,-0.01,0.03,0.94,-0.43,-7.14,-33.45,44.45,-39.69,-42.80,1,0.00,0.00,0,0,0,3.90,2.59,86.2,0,00,1,$
#,050,336,312,29.00,940.25,10.00,Frequency_MHz,RSSI_dBm,-0.02,0.02,0.98,2.20,0.49,-4.33,44.43,-39.32,-41.30,1,0.00,0.00,0,0,0,3.90,2.59,85.6,0,00,1,$
#,050,336,312,29.00,940.25,10.00,Frequency_MHz,RSSI_dBm,-0.02,0.02,0.98,2.20,0.49,-4.33,44.43,-39.32,-41.30,1,0.00,0.00,0,0,0,3.92,2.56,85.6,0,00,1,$
#,050,337,312,29.00,940.25,10.00,Frequency_MHz,RSSI_dBm,-0.03,0.03,0.97,-11.11,7.63,-37.66,44.47,-39.27,-42.49,1,0.00,0.00,0,0,0,3.92,1.93,84.0,0,00,1,$
#,050,337,312,29.00,940.25,10.00,Frequency_MHz,RSSI_dBm,-0.03,0.03,0.97,-11.11,7.63,-37.66,44.47,-39.27,-42.49,1,0.00,0.00,0,0,0,3.92,1.93,84.0,0,00,1,$
#,050,337,312,29.00,940.25,10.00,Frequency_MHz,RSSI_dBm,-0.03,0.03,0.97,-11.11,7.63,-37.66,44.47,-39.27,-42.49,1,0.00,0.00,0,0,0,3.92,2.80,86.7,0,00,1,$
#,050,337,312,29.00,940.25,10.00,Frequency_MHz,RSSI_dBm,-0.02,0.02,0.98,2.08,0.85,-0.49,46.58,-39.93,-45.43,1,0.00,0.00,0,0,0,3.88,2.07,86.2,0,00,1,$
#,050,337,312,29.00,940.25,10.00,Frequency_MHz,RSSI_dBm,-0.02,0.02,0.98,2.08,0.85,-0.49,46.58,-39.93,-45.43,1,0.00,0.00,0,0,0,3.88,2.07,84.0,0,00,1,$
#,050,337,312,29.00,940.25,10.00,Frequency_MHz,RSSI_dBm,-0.02,0.02,0.99,1.40,0.61,-4.88,45.10,-39.75,-42.71,1,0.00,0.00,0,0,0,3.92,1.88,85.1,0,00,1,$
#,050,337,312,29.00,940.25,10.00,Frequency_MHz,RSSI_dBm,-0.02,0.02,0.99,1.40,0.61,-4.88,45.10,-39.75,-42.71,1,0.00,0.00,0,0,0,3.92,1.88,85.1,0,00,1,$
#,050,337,313,29.00,940.25,10.00,Frequency_MHz,RSSI_dBm,-0.02,0.02,0.99,1.40,0.61,-4.88,45.10,-39.75,-42.71,1,0.00,0.00,0,0,0,3.92,2.87,84.0,0,00,1,$
#,050,338,313,29.00,940.25,10.00,Frequency_MHz,RSSI_dBm,-0.02,0.01,0.98,11.35,-4.39,82.52,44.62,-39.49,-44.53,1,0.00,0.00,0,0,0,3.88,2.85,86.2,0,00,1,$
#,050,338,313,29.00,940.25,10.00,Frequency_MHz,RSSI_dBm,-0.02,0.01,0.98,11.35,-4.39,82.52,44.62,-39.49,-44.53,1,0.00,0.00,0,0,0,3.88,2.85,85.1,0,00,1,$
#,050,338,313,29.00,940.25,10.00,Frequency_MHz,RSSI_dBm,-0.02,0.02,0.93,2.93,-4.27,-88.93,45.84,-39.12,-44.75,1,0.00,0.00,0,0,0,3.88,2.79,84.5,0,00,1,$
#,050,338,313,29.00,940.25,10.00,Frequency_MHz,RSSI_dBm,-0.02,0.02,0.93,2.93,-4.27,-88.93,45.84,-39.12,-44.75,1,0.00,0.00,0,0,0,3.88,2.79,85.6,0,00,1,$
#,050,338,313,29.00,940.25,10.00,Frequency_MHz,RSSI_dBm,-0.02,0.02,0.98,1.71,0.55,-5.80,44.34,-39.58,-43.38,1,0.00,0.00,0,0,0,3.88,1.92,84.0,0,00,1,$
#,050,338,313,29.00,940.25,10.00,Frequency_MHz,RSSI_dBm,-0.02,0.02,0.98,1.71,0.55,-5.80,44.34,-39.58,-43.38,1,0.00,0.00,0,0,0,3.88,2.77,86.7,0,00,1,$
#,050,338,313,29.00,940.25,10.00,Frequency_MHz,RSSI_dBm,-0.02,0.02,0.98,1.71,0.55,-5.80,44.34,-39.58,-43.38,1,0.00,0.00,0,0,0,3.88,2.77,83.4,0,00,1,$
#,050,338,313,29.00,940.25,10.00,Frequency_MHz,RSSI_dBm,-0.03,0.02,0.98,1.65,0.67,-5.80,44.76,-39.58,-41.98,1,0.00,0.00,0,0,0,3.89,2.52,85.6,0,00,1,$
#,050,339,314,29.00,940.25,10.00,Frequency_MHz,RSSI_dBm,-0.03,0.02,0.98,1.65,0.67,-5.80,44.76,-39.58,-41.98,1,0.00,0.00,0,0,0,3.92,1.87,85.1,0,00,1,$
#,050,339,314,29.00,940.25,10.00,Frequency_MHz,RSSI_dBm,-0.01,0.01,0.93,-0.12,-0.31,-13.98,44.81,-40.03,-42.52,1,0.00,0.00,0,0,0,3.92,1.87,86.2,0,00,1,$
#,050,339,314,29.00,940.25,10.00,Frequency_MHz,RSSI_dBm,-0.01,0.01,0.93,-0.12,-0.31,-13.98,44.81,-40.03,-42.52,1,0.00,0.00,0,0,0,3.94,1.73,84.0,0,00,1,$
#,050,339,314,29.00,940.25,10.00,Frequency_MHz,RSSI_dBm,-0.01,0.01,0.93,-0.12,-0.31,-13.98,44.81,-40.03,-42.52,1,0.00,0.00,0,0,0,3.94,1.73,85.6,0,00,1,$
#,050,339,314,29.00,940.25,10.00,Frequency_MHz,RSSI_dBm,-0.02,0.02,0.98,1.40,0.67,-3.60,45.73,40.86,-293.79,1,0.00,0.00,0,0,0,3.92,2.28,83.4,0,00,1,$
#,050,339,314,29.00,940.25,10.00,Frequency_MHz,RSSI_dBm,-0.02,0.02,0.98,1.40,0.67,-3.60,45.73,40.86,-293.79,1,0.00,0.00,0,0,0,3.92,2.28,86.2,0,00,1,$
#,050,339,314,29.00,940.25,10.00,Frequency_MHz,RSSI_dBm,-0.02,0.02,0.93,1.77,0.49,-4.64,43.71,-40.06,-42.40,1,0.00,0.00,0,0,0,3.89,3.13,85.1,0,00,1,$
#,050,339,314,29.00,940.25,10.00,Frequency_MHz,RSSI_dBm,-0.02,0.02,0.93,1.77,0.49,-4.64,43.71,-40.06,-42.40,1,0.00,0.00,0,0,0,3.92,1.95,85.6,0,00,1,$
#,050,340,315,29.00,940.25,10.00,Frequency_MHz,RSSI_dBm,-0.01,0.02,1.02,-0.49,0.37,36.99,43.99,-39.67,-41.42,1,0.00,0.00,0,0,0,3.92,1.95,84.0,0,00,1,$
#,050,340,315,29.00,940.25,10.00,Frequency_MHz,RSSI_dBm,-0.01,0.02,1.02,-0.49,0.37,36.99,43.99,-39.67,-41.42,1,0.00,0.00,0,0,0,3.92,2.13,86.2,0,00,1,$
#,050,340,315,29.00,940.25,10.00,Frequency_MHz,RSSI_dBm,-0.01,0.02,1.02,-0.49,0.37,36.99,43.99,-39.67,-41.42,1,0.00,0.00,0,0,0,3.92,1.79,84.0,0,00,1,$
#,050,340,315,29.00,940.25,10.00,Frequency_MHz,RSSI_dBm,-0.03,0.02,1.01,-4.33,-3.23,2.81,44.56,-40.11,-45.08,1,0.00,0.00,0,0,0,3.92,1.79,85.6,0,00,1,$
#,050,340,315,29.00,940.25,10.00,Frequency_MHz,RSSI_dBm,-0.03,0.02,1.01,-4.33,-3.23,2.81,44.56,-40.11,-45.08,1,0.00,0.00,0,0,0,3.92,1.89,84.5,0,00,1,$
#,050,340,315,29.00,940.25,10.00,Frequency_MHz,RSSI_dBm,-0.02,0.01,0.93,5.25,-1.04,41.93,44.65,-39.28,-45.32,1,0.00,0.00,0,0,0,3.92,2.00,85.1,0,00,1,$
#,050,340,315,29.00,940.25,10.00,Frequency_MHz,RSSI_dBm,-0.02,0.01,0.93,5.25,-1.04,41.93,44.65,-39.28,-45.32,1,0.00,0.00,0,0,0,3.92,2.00,84.5,0,00,1,$
#,050,340,315,29.00,940.25,10.00,Frequency_MHz,RSSI_dBm,-0.02,0.01,0.93,-1.46,-0.43,2.99,45.20,-38.68,-44.23,1,0.00,0.00,0,0,0,3.89,2.72,86.2,0,00,1,$
#,050,341,316,29.00,940.25,10.00,Frequency_MHz,RSSI_dBm,-0.02,0.01,0.93,-1.46,-0.43,2.99,45.20,-38.68,-44.23,1,0.00,0.00,0,0,0,3.89,2.72,84.0,0,00,1,$
#,050,341,316,29.00,940.25,10.00,Frequency_MHz,RSSI_dBm,-0.02,0.01,0.93,-1.46,-0.43,2.99,45.20,-38.68,-44.23,1,0.00,0.00,0,0,0,3.92,1.67,86.2,0,00,1,$
#,050,341,316,29.00,940.25,10.00,Frequency_MHz,RSSI_dBm,-0.02,0.02,0.98,2.26,0.24,-5.25,46.17,-39.20,-45.51,1,0.00,0.00,0,0,0,3.93,1.95,85.6,0,00,1,$
#,050,341,316,29.00,940.25,10.00,Frequency_MHz,RSSI_dBm,-0.02,0.02,0.98,2.26,0.24,-5.25,46.17,-39.20,-45.51,1,0.00,0.00,0,0,0,3.93,1.95,84.5,0,00,1,$
#,050,341,316,29.00,940.25,10.00,Frequency_MHz,RSSI_dBm,-0.02,0.02,0.98,1.22,0.43,-5.31,45.87,-39.38,-44.45,1,0.00,0.00,0,0,0,3.88,2.81,85.1,0,00,1,$
#,050,341,316,29.00,940.25,10.00,Frequency_MHz,RSSI_dBm,-0.02,0.02,0.98,1.22,0.43,-5.31,45.87,-39.38,-44.45,1,0.00,0.00,0,0,0,3.88,2.81,85.6,0,00,1,$
#,050,341,316,29.00,940.25,10.00,Frequency_MHz,RSSI_dBm,-0.02,0.02,0.98,1.22,0.43,-5.31,45.87,-39.38,-44.45,1,0.00,0.00,0,0,0,3.92,2.02,85.6,0,00,1,$
#,050,341,316,29.00,940.25,10.00,Frequency_MHz,RSSI_dBm,0.01,0.02,1.01,-10.01,3.54,22.71,44.92,-39.44,-41.78,1,0.00,0.00,0,0,0,3.89,2.49,86.2,0,00,1,$
#,050,342,316,29.00,940.25,10.00,Frequency_MHz,RSSI_dBm,0.01,0.02,1.01,-10.01,3.54,22.71,44.92,-39.44,-41.78,1,0.00,0.00,0,0,0,3.89,2.49,85.6,0,00,1,$
#,050,342,317,29.00,940.25,10.00,Frequency_MHz,RSSI_dBm,-0.02,0.02,0.98,2.38,-0.12,-7.45,45.95,-39.12,-43.80,1,0.00,0.00,0,0,0,3.91,2.62,86.2,0,00,1,$
#,050,342,317,29.00,940.25,10.00,Frequency_MHz,RSSI_dBm,-0.02,0.02,0.98,2.38,-0.12,-7.45,45.95,-39.12,-43.80,1,0.00,0.00,0,0,0,3.91,2.62,85.1,0,00,1,$
#,050,342,317,29.00,940.25,10.00,Frequency_MHz,RSSI_dBm,-0.02,0.02,0.98,2.38,-0.12,-7.45,45.95,-39.12,-43.80,1,0.00,0.00,0,0,0,3.88,2.82,84.5,0,00,1,$
#,050,342,317,29.00,940.25,10.00,Frequency_MHz,RSSI_dBm,-0.02,0.02,0.99,2.26,0.43,-6.53,45.31,-39.95,-42.52,1,0.00,0.00,0,0,0,3.93,1.89,85.1,0,00,1,$
#,050,342,317,29.00,940.25,10.00,Frequency_MHz,RSSI_dBm,-0.02,0.02,0.99,2.26,0.43,-6.53,45.31,-39.95,-42.52,1,0.00,0.00,0,0,0,3.93,1.89,85.6,0,00,1,$
#,050,342,317,29.00,940.25,10.00,Frequency_MHz,RSSI_dBm,-0.01,0.01,0.93,4.39,-1.28,42.48,44.19,-41.00,-43.24,1,0.00,0.00,0,0,0,3.92,2.00,85.1,0,00,1,$
#,050,342,317,29.00,940.25,10.00,Frequency_MHz,RSSI_dBm,-0.01,0.01,0.93,4.39,-1.28,42.48,44.19,-41.00,-43.24,1,0.00,0.00,0,0,0,3.88,2.43,87.3,0,00,1,$
#,050,343,317,29.00,940.25,10.00,Frequency_MHz,RSSI_dBm,-0.02,0.02,0.99,-4.76,0.06,-37.78,45.10,-38.85,-44.46,1,0.00,0.00,0,0,0,3.88,2.43,86.7,0,00,1,$
#,050,343,317,29.00,940.25,10.00,Frequency_MHz,RSSI_dBm,-0.02,0.02,0.99,-4.76,0.06,-37.78,45.10,-38.85,-44.46,1,0.00,0.00,0,0,0,3.93,1.81,86.2,0,00,1,$
#,050,343,318,29.00,940.25,10.00,Frequency_MHz,RSSI_dBm,-0.02,0.02,0.99,-4.76,0.06,-37.78,45.10,-38.85,-44.46,1,0.00,0.00,0,0,0,3.93,1.81,85.6,0,00,1,$
#,050,343,318,29.00,940.25,10.00,Frequency_MHz,RSSI_dBm,-0.02,0.02,0.98,1.65,0.79,-1.95,44.34,61.61,-382.45,1,0.00,0.00,0,0,0,3.92,1.86,85.1,0,00,1,$
#,050,343,318,29.00,940.25,10.00,Frequency_MHz,RSSI_dBm,-0.02,0.02,0.98,1.65,0.79,-1.95,44.34,61.61,-382.45,1,0.00,0.00,0,0,0,3.91,2.09,85.1,0,00,1,$
#,050,343,318,29.00,940.25,10.00,Frequency_MHz,RSSI_dBm,-0.02,0.02,0.98,1.59,0.37,-5.62,43.54,-39.31,-43.12,1,0.00,0.00,0,0,0,3.91,2.09,86.2,0,00,1,$
#,050,343,318,29.00,940.25,10.00,Frequency_MHz,RSSI_dBm,-0.02,0.02,0.98,1.59,0.37,-5.62,43.54,-39.31,-43.12,1,0.00,0.00,0,0,0,3.90,1.98,85.1,0,00,1,$
#,050,343,318,29.00,940.25,10.00,Frequency_MHz,RSSI_dBm,-0.02,0.02,0.98,4.39,-1.65,-3.23,45.41,-38.95,-46.73,1,0.00,0.00,0,0,0,3.88,2.87,85.1,0,00,1,$
#,050,344,318,29.00,940.25,10.00,Frequency_MHz,RSSI_dBm,-0.02,0.02,0.98,4.39,-1.65,-3.23,45.41,-38.95,-46.73,1,0.00,0.00,0,0,0,3.88,2.87,85.1,0,00,1,$
#,050,344,318,29.00,940.25,10.00,Frequency_MHz,RSSI_dBm,-0.02,0.02,0.98,4.39,-1.65,-3.23,45.41,-38.95,-46.73,1,0.00,0.00,0,0,0,3.93,2.80,82.9,0,00,1,$
#,050,344,318,29.00,940.25,10.00,Frequency_MHz,RSSI_dBm,-0.01,0.02,1.01,-2.99,-3.54,-50.05,43.73,-39.83,-42.59,1,0.00,0.00,0,0,0,3.93,2.80,85.6,0,00,1,$
#,050,344,319,29.00,940.25,10.00,Frequency_MHz,RSSI_dBm,-0.01,0.02,1.01,-2.99,-3.54,-50.05,43.73,-39.83,-42.59,1,0.00,0.00,0,0,0,3.90,1.88,84.0,0,00,1,$
#,050,344,319,29.00,940.25,10.00,Frequency_MHz,RSSI_dBm,-0.02,0.01,0.93,-7.63,0.55,-55.91,44.62,-39.88,-43.55,1,0.00,0.00,0,0,0,3.89,2.68,85.6,0,00,1,$
#,050,344,319,29.00,940.25,10.00,Frequency_MHz,RSSI_dBm,-0.02,0.01,0.93,-7.63,0.55,-55.91,44.62,-39.88,-43.55,1,0.00,0.00,0,0,0,3.89,2.68,85.6,0,00,1,$
#,050,344,319,29.00,940.25,10.00,Frequency_MHz,RSSI_dBm,-0.02,0.01,0.93,-7.63,0.55,-55.91,44.62,-39.88,-43.55,1,0.00,0.00,0,0,0,3.92,1.98,84.0,0,00,1,$
#,050,344,319,29.00,940.25,10.00,Frequency_MHz,RSSI_dBm,-0.02,0.02,0.99,2.44,0.67,-5.31,43.74,-39.87,-41.69,1,0.00,0.00,0,0,0,3.92,1.98,85.6,0,00,1,$
#,050,345,319,29.00,940.25,10.00,Frequency_MHz,RSSI_dBm,-0.02,0.02,0.99,2.44,0.67,-5.31,43.74,-39.87,-41.69,1,0.00,0.00,0,0,0,3.92,1.93,85.1,0,00,1,$
#,050,345,319,29.00,940.25,10.00,Frequency_MHz,RSSI_dBm,-0.02,0.02,0.98,1.04,0.73,-3.48,44.64,-39.54,-42.24,1,0.00,0.00,0,0,0,3.93,1.73,85.1,0,00,1,$
#,050,345,319,29.00,940.25,10.00,Frequency_MHz,RSSI_dBm,-0.02,0.02,0.98,1.04,0.73,-3.48,44.64,-39.54,-42.24,1,0.00,0.00,0,0,0,3.93,1.73,86.2,0,00,1,$
#,050,345,320,29.00,940.25,10.00,Frequency_MHz,RSSI_dBm,-0.02,0.03,0.98,1.95,0.49,-6.23,44.58,-39.72,-40.71,1,0.00,0.00,0,0,0,3.93,1.75,84.5,0,00,1,$
#,050,345,320,29.00,940.25,10.00,Frequency_MHz,RSSI_dBm,-0.02,0.03,0.98,1.95,0.49,-6.23,44.58,-39.72,-40.71,1,0.00,0.00,0,0,0,3.92,1.94,85.1,0,00,1,$
#,050,345,320,29.00,940.25,10.00,Frequency_MHz,RSSI_dBm,-0.02,0.03,0.98,1.95,0.49,-6.23,44.58,-39.72,-40.71,1,0.00,0.00,0,0,0,3.92,1.94,84.5,0,00,1,$
#,050,345,320,29.00,940.25,10.00,Frequency_MHz,RSSI_dBm,-0.00,0.03,1.03,2.87,1.04,80.44,44.51,-39.40,-44.42,1,0.00,0.00,0,0,0,3.91,1.89,85.1,0,00,1,$
#,050,345,320,29.00,940.25,10.00,Frequency_MHz,RSSI_dBm,-0.00,0.03,1.03,2.87,1.04,80.44,44.51,-39.40,-44.42,1,0.00,0.00,0,0,0,3.91,1.89,84.5,0,00,1,$
#,050,346,320,29.00,940.25,10.00,Frequency_MHz,RSSI_dBm,-0.01,0.03,1.01,4.52,-4.58,-18.25,44.41,-40.44,-42.87,1,0.00,0.00,0,0,0,3.90,2.78,86.2,0,00,1,$
#,050,346,320,29.00,940.25,10.00,Frequency_MHz,RSSI_dBm,-0.01,0.03,1.01,4.52,-4.58,-18.25,44.41,-40.44,-42.87,1,0.00,0.00,0,0,0,3.88,2.62,86.2,0,00,1,$
#,050,346,320,29.00,940.25,10.00,Frequency_MHz,RSSI_dBm,-0.01,0.03,1.01,4.52,-4.58,-18.25,44.41,-40.44,-42.87,1,0.00,0.00,0,0,0,3.88,2.62,84.5,0,00,1,$
#,050,346,320,29.00,940.25,10.00,Frequency_MHz,RSSI_dBm,-0.02,0.01,0.94,-5.00,-0.18,-40.71,44.49,-39.40,-42.02,1,0.00,0.00,0,0,0,3.89,2.67,86.2,0,00,1,$
#,050,346,321,29.00,940.25,10.00,Frequency_MHz,RSSI_dBm,-0.02,0.01,0.94,-5.00,-0.18,-40.71,44.49,-39.40,-42.02,1,0.00,0.00,0,0,0,3.88,2.71,85.1,0,00,1,$
#,050,346,321,29.00,940.25,10.00,Frequency_MHz,RSSI_dBm,-0.00,-0.05,1.07,-0.18,-2.32,-39.73,45.84,-39.77,-44.73,1,0.00,0.00,0,0,0,3.88,2.71,85.6,0,00,1,$
#,050,346,321,29.00,940.25,10.00,Frequency_MHz,RSSI_dBm,-0.00,-0.05,1.07,-0.18,-2.32,-39.73,45.84,-39.77,-44.73,1,0.00,0.00,0,0,0,3.92,2.06,84.0,0,00,1,$
#,050,346,321,29.00,940.25,10.00,Frequency_MHz,RSSI_dBm,-0.02,0.02,0.99,0.49,0.24,-9.16,45.57,-39.39,-44.86,1,0.00,0.00,0,0,0,3.92,2.06,85.1,0,00,1,$
#,050,347,321,29.00,940.25,10.00,Frequency_MHz,RSSI_dBm,-0.02,0.02,0.99,0.49,0.24,-9.16,45.57,-39.39,-44.86,1,0.00,0.00,0,0,0,3.88,2.43,84.0,0,00,1,$
#,050,347,321,29.00,940.25,10.00,Frequency_MHz,RSSI_dBm,-0.02,0.02,0.99,2.14,0.49,0.37,44.78,-40.26,-43.26,1,0.00,0.00,0,0,0,3.90,1.77,85.6,0,00,1,$
#,050,347,321,29.00,940.25,10.00,Frequency_MHz,RSSI_dBm,-0.02,0.02,0.99,2.14,0.49,0.37,44.78,-40.26,-43.26,1,0.00,0.00,0,0,0,3.90,1.77,85.1,0,00,1,$
#,050,347,322,29.00,940.25,10.00,Frequency_MHz,RSSI_dBm,-0.02,0.02,0.99,2.14,0.49,0.37,44.78,-40.26,-43.26,1,0.00,0.00,0,0,0,3.89,1.80,85.6,0,00,1,$
#,050,347,322,29.00,940.25,10.00,Frequency_MHz,RSSI_dBm,-0.02,0.02,0.98,2.56,-0.24,-1.59,44.63,-39.88,-42.94,1,0.00,0.00,0,0,0,3.92,1.93,85.6,0,00,1,$
#,050,347,322,29.00,940.25,10.00,Frequency_MHz,RSSI_dBm,-0.02,0.02,0.98,2.56,-0.24,-1.59,44.63,-39.88,-42.94,1,0.00,0.00,0,0,0,3.92,1.93,83.4,0,00,1,$
#,050,347,322,29.00,940.25,10.00,Frequency_MHz,RSSI_dBm,-0.01,0.03,0.94,-0.85,-3.91,17.21,45.26,-39.49,-44.68,1,0.00,0.00,0,0,0,3.90,2.69,84.5,0,00,1,$
#,050,348,322,29.00,940.25,10.00,Frequency_MHz,RSSI_dBm,-0.01,0.03,0.94,-0.85,-3.91,17.21,45.26,-39.49,-44.68,1,0.00,0.00,0,0,0,3.92,2.79,86.2,0,00,1,$
#,050,348,322,29.00,940.25,10.00,Frequency_MHz,RSSI_dBm,-0.02,0.03,0.94,-1.71,-5.07,-26.00,44.54,-40.45,-41.88,1,0.00,0.00,0,0,0,3.92,2.79,85.1,0,00,1,$
#,050,348,322,29.00,940.25,10.00,Frequency_MHz,RSSI_dBm,-0.02,0.03,0.94,-1.71,-5.07,-26.00,44.54,-40.45,-41.88,1,0.00,0.00,0,0,0,3.93,1.86,84.5,0,00,1,$
#,050,348,322,29.00,940.25,10.00,Frequency_MHz,RSSI_dBm,-0.02,0.03,0.94,-1.71,-5.07,-26.00,44.54,-40.45,-41.88,1,0.00,0.00,0,0,0,3.93,1.86,85.1,0,00,1,$
#,050,348,322,29.00,940.25,10.00,Frequency_MHz,RSSI_dBm,-0.02,0.02,0.98,1.65,0.43,-4.39,44.68,-38.98,-42.22,1,0.00,0.00,0,0,0,3.92,2.29,85.1,0,00,1,$
#,050,348,323,29.00,940.25,10.00,Frequency_MHz,RSSI_dBm,-0.02,0.02,0.98,1.65,0.43,-4.39,44.68,-38.98,-42.22,1,0.00,0.00,0,0,0,3.92,1.94,85.1,0,00,1,$
#,050,348,323,29.00,940.25,10.00,Frequency_MHz,RSSI_dBm,-0.02,0.02,0.98,1.83,0.43,-5.37,43.88,-39.94,-40.72,1,0.00,0.00,0,0,0,3.92,1.94,85.6,0,00,1,$
#,050,348,323,29.00,940.25,10.00,Frequency_MHz,RSSI_dBm,-0.02,0.02,0.98,1.83,0.43,-5.37,43.88,-39.94,-40.72,1,0.00,0.00,0,0,0,3.92,2.80,86.2,0,00,1,$
#,050,349,323,29.00,940.25,10.00,Frequency_MHz,RSSI_dBm,-0.02,0.02,0.98,1.95,0.24,-5.55,45.40,267.71,-381.76,1,0.00,0.00,0,0,0,3.92,2.12,84.5,0,00,1,$
#,050,349,323,29.00,940.25,10.00,Frequency_MHz,RSSI_dBm,-0.02,0.02,0.98,1.95,0.24,-5.55,45.40,267.71,-381.76,1,0.00,0.00,0,0,0,3.92,2.12,84.0,0,00,1,$
#,050,349,323,29.00,940.25,10.00,Frequency_MHz,RSSI_dBm,-0.02,0.02,0.98,1.95,0.24,-5.55,45.40,267.71,-381.76,1,0.00,0.00,0,0,0,3.89,2.80,85.1,0,00,1,$
#,050,0,0,29.00,940.25,10.00,Frequency_MHz,RSSI_dBm,0.02,-0.07,1.00,0.85,0.67,2.14,51.23,-37.85,-44.10,1,0.00,0.00,0,0,0,3.86,2.51,67.5,0,00,1,$
#,050,3,1,29.00,940.25,10.00,Frequency_MHz,RSSI_dBm,0.02,-0.07,0.98,0.73,0.43,2.08,51.06,-37.59,-185.14,1,0.00,0.00,0,0,0,3.86,2.50,70.8,0,00,1,$
#,050,6,2,29.00,940.25,10.00,Frequency_MHz,RSSI_dBm,0.02,-0.07,0.98,1.16,0.43,3.48,52.17,-37.12,-44.27,1,0.00,0.00,0,0,0,3.86,2.38,74.7,0,00,1,$
#,050,9,3,29.00,940.25,10.00,Frequency_MHz,RSSI_dBm,0.01,-0.07,0.93,-13.37,-0.37,-75.07,52.09,-37.15,-45.43,1,0.00,0.00,0,0,0,3.86,2.32,75.2,0,00,1,$
#,050,12,4,29.00,940.25,10.00,Frequency_MHz,RSSI_dBm,0.02,-0.07,0.98,0.85,0.24,1.95,51.61,-37.29,-44.17,1,0.00,0.00,0,0,0,3.86,2.60,78.5,0,00,1,$
#,050,15,5,29.00,940.25,10.00,Frequency_MHz,RSSI_dBm,0.02,-0.07,0.98,0.79,0.37,2.20,51.68,-37.18,-44.95,1,0.00,0.00,0,0,0,3.85,2.58,79.0,0,00,1,$
#,050,18,6,29.00,940.25,10.00,Frequency_MHz,RSSI_dBm,0.03,-0.08,0.98,-3.66,-4.82,2.32,50.96,-36.80,-44.57,1,0.00,0.00,0,0,0,3.85,2.53,81.2,0,00,1,$
#,050,21,7,29.00,940.25,10.00,Frequency_MHz,RSSI_dBm,0.02,-0.07,0.98,1.71,-0.12,-0.55,51.88,-35.79,-44.49,1,0.00,0.00,0,0,0,3.83,2.96,82.9,0,00,1,$
#,050,24,8,29.00,940.25,10.00,Frequency_MHz,RSSI_dBm,0.02,-0.07,0.98,0.67,0.49,1.83,50.79,-36.16,-45.37,1,0.00,0.00,0,0,0,3.83,2.91,84.5,0,00,1,$
#,050,28,9,29.00,940.25,10.00,Frequency_MHz,RSSI_dBm,0.02,-0.06,0.98,0.67,0.43,2.26,51.86,-35.50,-45.37,1,0.00,0.00,0,0,0,3.88,2.73,84.5,0,00,1,$
#,050,0,0,29.00,940.25,10.00,Frequency_MHz,RSSI_dBm,0.01,-0.06,0.98,1.65,0.55,1.71,48.80,-36.82,-44.18,1,0.00,0.00,0,0,0,3.82,2.84,79.6,0,00,1,$
#,050,3,1,29.00,940.25,10.00,Frequency_MHz,RSSI_dBm,0.01,-0.06,0.98,0.55,0.12,-2.08,48.27,-36.39,-43.79,1,0.00,0.00,0,0,0,3.82,2.82,82.9,0,00,1,$
#,050,6,2,29.00,940.25,10.00,Frequency_MHz,RSSI_dBm,0.01,-0.06,0.99,0.85,0.37,1.77,48.73,-37.66,-43.95,1,0.00,0.00,0,0,0,3.82,2.82,83.4,0,00,1,$
#,050,9,3,29.00,940.25,10.00,Frequency_MHz,RSSI_dBm,0.03,-0.06,0.94,-13.49,3.11,-21.06,48.07,-37.73,-41.78,1,0.00,0.00,0,0,0,3.82,2.91,84.0,0,00,1,$
#,050,12,4,29.00,940.25,10.00,Frequency_MHz,RSSI_dBm,0.02,-0.07,0.94,4.15,-0.85,15.69,48.95,-36.91,-45.40,1,0.00,0.00,0,0,0,3.81,2.93,84.0,0,00,1,$
#,050,15,5,29.00,940.25,10.00,Frequency_MHz,RSSI_dBm,0.01,-0.06,0.98,1.10,0.43,1.10,48.84,-36.52,-44.46,1,0.00,0.00,0,0,0,3.87,1.86,82.9,0,00,1,$
#,050,18,6,29.00,940.25,10.00,Frequency_MHz,RSSI_dBm,0.02,-0.06,0.96,-4.46,-1.53,-12.02,48.71,-37.24,-44.04,1,0.00,0.00,0,0,0,3.85,1.86,85.1,0,00,1,$
#,050,21,7,29.00,940.25,10.00,Frequency_MHz,RSSI_dBm,0.01,-0.06,0.98,-0.79,0.79,-14.34,48.43,-37.68,-44.40,1,0.00,0.00,0,0,0,3.85,1.92,85.1,0,00,1,$
#,050,25,8,29.00,940.25,10.00,Frequency_MHz,RSSI_dBm,0.01,-0.06,0.98,0.85,0.37,1.77,47.39,-38.40,-41.98,1,0.00,0.00,0,0,0,3.82,2.87,85.1,0,00,1,$
#,050,0,0,29.00,940.25,10.00,Frequency_MHz,RSSI_dBm,0.01,-0.06,0.98,1.28,0.49,-0.43,49.51,-37.46,-125.50,1,0.00,0.00,0,0,0,3.82,2.83,82.3,0,00,1,$
#,050,3,1,29.00,940.25,10.00,Frequency_MHz,RSSI_dBm,0.01,-0.06,0.98,0.85,0.37,-1.10,47.79,-37.11,-40.45,1,0.00,0.00,0,0,0,3.82,2.81,84.5,0,00,1,$
#,050,0,0,29.00,940.25,10.00,Frequency_MHz,RSSI_dBm,0.02,-0.06,0.98,2.99,-0.61,1.10,48.66,-36.85,-43.27,1,0.00,0.00,0,0,0,3.82,2.77,75.7,0,00,1,$
#,050,3,1,29.00,940.25,10.00,Frequency_MHz,RSSI_dBm,0.02,-0.07,0.94,8.24,-1.28,44.92,47.44,-36.35,-42.94,1,0.00,0.00,0,0,0,3.81,2.96,79.6,0,00,1,$
#,050,6,2,29.00,940.25,10.00,Frequency_MHz,RSSI_dBm,0.01,-0.06,0.98,0.92,0.49,1.83,48.46,-36.40,-43.96,1,0.00,0.00,0,0,0,3.82,2.84,82.9,0,00,1,$
#,050,0,0,29.00,940.25,10.00,Frequency_MHz,RSSI_dBm,0.02,-0.06,0.98,0.73,0.31,1.40,48.34,-37.29,-44.21,1,0.00,0.00,0,0,0,3.82,2.68,68.6,0,00,1,$
#,050,3,1,29.00,940.25,10.00,Frequency_MHz,RSSI_dBm,0.02,-0.06,0.98,0.79,0.49,2.01,47.69,-37.61,-299.17,1,0.00,0.00,0,0,0,3.82,2.71,75.2,0,00,1,$
#,050,0,0,29.00,940.25,10.00,Frequency_MHz,RSSI_dBm,0.03,-0.07,0.99,3.91,1.40,39.67,49.24,-37.26,-44.75,1,0.00,0.00,0,0,0,3.83,2.37,65.9,0,00,1,$
#,050,3,1,29.00,940.25,10.00,Frequency_MHz,RSSI_dBm,0.03,-0.07,0.99,0.67,0.37,2.08,48.96,-37.52,-45.89,1,0.00,0.00,0,0,0,3.81,2.74,70.3,0,00,1,$
#,050,6,2,29.00,940.25,10.00,Frequency_MHz,RSSI_dBm,0.02,-0.07,0.98,1.71,0.55,3.91,48.93,-37.74,-42.68,1,0.00,0.00,0,0,0,3.81,2.80,73.6,0,00,1,$
#,050,0,0,29.00,940.25,10.00,Frequency_MHz,RSSI_dBm,0.02,-0.06,0.99,0.73,0.55,0.79,49.11,-37.10,-41.37,1,0.00,0.00,0,0,0,3.80,2.80,68.1,0,00,1,$
#,050,3,1,29.00,940.25,10.00,Frequency_MHz,RSSI_dBm,0.02,-0.07,0.94,2.69,-1.04,19.17,49.29,-36.78,-43.10,1,0.00,0.00,0,0,0,3.78,2.89,72.5,0,00,1,$
#,050,6,2,29.00,940.25,10.00,Frequency_MHz,RSSI_dBm,0.02,-0.07,0.98,2.69,0.37,10.74,48.94,-36.87,-42.76,1,0.00,0.00,0,0,0,3.78,2.90,77.4,0,00,1,$
#,050,0,0,29.00,940.25,10.00,Frequency_MHz,RSSI_dBm,0.01,-0.06,0.98,1.28,0.49,1.71,48.18,-37.23,-41.36,1,0.00,0.00,0,0,0,3.79,2.58,69.2,0,00,1,$
#,050,3,1,29.00,940.25,10.00,Frequency_MHz,RSSI_dBm,0.01,-0.06,0.94,-0.31,-1.22,7.08,47.77,-37.72,-41.76,1,0.00,0.00,0,0,0,3.79,2.86,72.5,0,00,1,$
#,050,6,2,29.00,940.25,10.00,Frequency_MHz,RSSI_dBm,0.01,-0.06,0.98,0.85,0.43,0.37,48.24,-37.54,-41.35,1,0.00,0.00,0,0,0,3.79,2.90,74.7,0,00,1,$
#,050,0,0,29.00,940.25,10.00,Frequency_MHz,RSSI_dBm,0.01,-0.06,0.98,-0.61,0.00,0.73,48.29,-41.41,-41.93,1,0.00,0.00,0,0,0,3.80,2.49,64.8,0,00,1,$
#,050,0,0,29.00,940.25,10.00,Frequency_MHz,RSSI_dBm,0.01,-0.06,0.98,-0.61,0.00,0.73,48.29,-41.41,-41.93,1,0.00,0.00,0,0,0,3.80,2.49,66.4,0,00,1,$
#,050,0,0,29.00,940.25,10.00,Frequency_MHz,RSSI_dBm,0.02,-0.06,0.96,-13.00,1.59,-55.30,48.68,-40.98,-43.54,1,0.00,0.00,0,0,0,3.79,2.66,65.3,0,00,1,$
#,050,0,0,29.00,940.25,10.00,Frequency_MHz,RSSI_dBm,0.02,-0.06,0.96,-13.00,1.59,-55.30,48.68,-40.98,-43.54,1,0.00,0.00,0,0,0,3.79,2.66,66.4,0,00,1,$
#,050,0,0,29.00,940.25,10.00,Frequency_MHz,RSSI_dBm,0.02,-0.06,0.93,-9.52,0.92,-74.89,48.13,-42.18,-44.10,1,0.00,0.00,0,0,0,3.80,2.45,66.4,0,00,1,$
#,050,0,0,29.00,940.25,10.00,Frequency_MHz,RSSI_dBm,0.02,-0.06,0.93,-9.52,0.92,-74.89,48.13,-42.18,-44.10,1,0.00,0.00,0,0,0,3.79,2.91,65.3,0,00,1,$
#,050,0,0,29.00,940.25,10.00,Frequency_MHz,RSSI_dBm,0.02,-0.06,0.93,-9.52,0.92,-74.89,48.13,-42.18,-44.10,1,0.00,0.00,0,0,0,3.79,2.91,67.0,0,00,1,$
#,050,0,0,29.00,940.25,10.00,Frequency_MHz,RSSI_dBm,0.01,-0.06,0.98,0.67,0.37,2.20,47.92,-41.91,-42.44,1,0.00,0.00,0,0,0,3.78,2.72,67.0,0,00,1,$
#,050,0,0,29.00,940.25,10.00,Frequency_MHz,RSSI_dBm,0.01,-0.06,0.98,0.67,0.37,2.20,47.92,-41.91,-42.44,1,0.00,0.00,0,0,0,3.78,2.72,68.1,0,00,1,$
#,050,1,0,29.00,940.25,10.00,Frequency_MHz,RSSI_dBm,0.01,-0.06,0.98,2.75,0.43,9.03,47.16,-40.59,-42.77,1,0.00,0.00,0,0,0,3.78,2.74,67.5,0,00,1,$
#,050,1,1,29.00,940.25,10.00,Frequency_MHz,RSSI_dBm,0.01,-0.06,0.98,2.75,0.43,9.03,47.16,-40.59,-42.77,1,0.00,0.00,0,0,0,3.79,2.48,67.0,0,00,1,$
#,050,1,1,29.00,940.25,10.00,Frequency_MHz,RSSI_dBm,0.01,-0.06,0.98,2.75,0.43,9.03,47.16,-40.59,-42.77,1,0.00,0.00,0,0,0,3.79,2.48,66.4,0,00,1,$
#,050,1,1,29.00,940.25,10.00,Frequency_MHz,RSSI_dBm,0.01,-0.06,0.98,1.34,0.55,4.15,48.06,-41.17,-43.18,1,0.00,0.00,0,0,0,3.79,2.85,65.9,0,00,1,$
#,050,1,1,29.00,940.25,10.00,Frequency_MHz,RSSI_dBm,0.01,-0.06,0.98,1.34,0.55,4.15,48.06,-41.17,-43.18,1,0.00,0.00,0,0,0,3.79,2.85,67.5,0,00,1,$
#,050,1,1,29.00,940.25,10.00,Frequency_MHz,RSSI_dBm,0.01,-0.06,0.99,1.40,0.55,4.46,47.73,-42.09,-44.51,1,0.00,0.00,0,0,0,3.79,2.83,67.0,0,00,1,$
#,050,1,1,29.00,940.25,10.00,Frequency_MHz,RSSI_dBm,0.01,-0.06,0.99,1.40,0.55,4.46,47.73,-42.09,-44.51,1,0.00,0.00,0,0,0,3.79,2.68,68.6,0,00,1,$
#,050,1,1,29.00,940.25,10.00,Frequency_MHz,RSSI_dBm,0.01,-0.06,0.99,1.40,0.55,4.46,47.73,-42.09,-44.51,1,0.00,0.00,0,0,0,3.79,2.68,67.5,0,00,1,$
#,050,2,1,29.00,940.25,10.00,Frequency_MHz,RSSI_dBm,0.01,-0.06,0.98,0.92,0.31,3.42,48.61,-40.70,-42.38,1,0.00,0.00,0,0,0,3.79,2.65,67.5,0,00,1,$
#,050,2,1,29.00,940.25,10.00,Frequency_MHz,RSSI_dBm,0.01,-0.06,0.98,0.92,0.31,3.42,48.61,-40.70,-42.38,1,0.00,0.00,0,0,0,3.79,2.65,69.2,0,00,1,$
#,050,2,2,29.00,940.25,10.00,Frequency_MHz,RSSI_dBm,0.01,-0.06,0.94,-8.97,-1.16,-21.79,47.71,-41.21,-40.71,1,0.00,0.00,0,0,0,3.79,2.78,68.6,0,00,1,$
#,050,2,2,29.00,940.25,10.00,Frequency_MHz,RSSI_dBm,0.01,-0.06,0.94,-8.97,-1.16,-21.79,47.71,-41.21,-40.71,1,0.00,0.00,0,0,0,3.79,2.78,69.2,0,00,1,$
#,050,2,2,29.00,940.25,10.00,Frequency_MHz,RSSI_dBm,0.01,-0.06,0.94,-8.97,-1.16,-21.79,47.71,-41.21,-40.71,1,0.00,0.00,0,0,0,3.78,2.81,68.6,0,00,1,$
#,050,2,2,29.00,940.25,10.00,Frequency_MHz,RSSI_dBm,0.01,-0.05,0.98,2.20,-0.79,-0.31,48.41,-41.56,-41.32,1,0.00,0.00,0,0,0,3.78,2.74,69.2,0,00,1,$
#,050,2,2,29.00,940.25,10.00,Frequency_MHz,RSSI_dBm,0.01,-0.05,0.98,2.20,-0.79,-0.31,48.41,-41.56,-41.32,1,0.00,0.00,0,0,0,3.78,2.74,69.2,0,00,1,$
#,050,2,2,29.00,940.25,10.00,Frequency_MHz,RSSI_dBm,0.02,-0.06,0.93,-13.49,-1.10,-58.84,48.24,-41.27,-43.63,1,0.00,0.00,0,0,0,3.78,2.76,68.1,0,00,1,$
#,050,2,2,29.00,940.25,10.00,Frequency_MHz,RSSI_dBm,0.02,-0.06,0.93,-13.49,-1.10,-58.84,48.24,-41.27,-43.63,1,0.00,0.00,0,0,0,3.78,2.76,69.7,0,00,1,$
#,050,3,2,29.00,940.25,10.00,Frequency_MHz,RSSI_dBm,0.02,-0.06,0.93,-13.49,-1.10,-58.84,48.24,-41.27,-43.63,1,0.00,0.00,0,0,0,3.78,2.74,69.7,0,00,1,$
#,050,3,2,29.00,940.25,10.00,Frequency_MHz,RSSI_dBm,0.01,-0.06,0.99,0.61,0.55,2.32,48.49,-40.94,-44.01,1,0.00,0.00,0,0,0,3.78,2.74,70.3,0,00,1,$
#,050,3,3,29.00,940.25,10.00,Frequency_MHz,RSSI_dBm,0.01,-0.06,0.99,0.61,0.55,2.32,48.49,-40.94,-44.01,1,0.00,0.00,0,0,0,3.80,2.74,69.2,0,00,1,$
#,050,3,3,29.00,940.25,10.00,Frequency_MHz,RSSI_dBm,0.01,-0.06,0.99,0.61,0.55,2.32,48.49,-40.94,-44.01,1,0.00,0.00,0,0,0,3.79,2.59,68.1,0,00,1,$
#,050,3,3,29.00,940.25,10.00,Frequency_MHz,RSSI_dBm,0.01,-0.06,0.99,8.85,13.98,8.61,46.57,-41.92,-41.66,1,0.00,0.00,0,0,0,3.79,2.59,70.3,0,00,1,$
#,050,3,3,29.00,940.25,10.00,Frequency_MHz,RSSI_dBm,0.01,-0.06,0.99,8.85,13.98,8.61,46.57,-41.92,-41.66,1,0.00,0.00,0,0,0,3.78,2.86,68.1,0,00,1,$
#,050,3,3,29.00,940.25,10.00,Frequency_MHz,RSSI_dBm,0.01,-0.06,0.98,-0.67,0.98,-15.99,48.32,-41.59,-39.94,1,0.00,0.00,0,0,0,3.78,2.86,70.3,0,00,1,$
#,050,3,3,29.00,940.25,10.00,Frequency_MHz,RSSI_dBm,0.01,-0.06,0.98,-0.67,0.98,-15.99,48.32,-41.59,-39.94,1,0.00,0.00,0,0,0,3.78,2.82,70.3,0,00,1,$
#,050,4,3,29.00,940.25,10.00,Frequency_MHz,RSSI_dBm,0.01,-0.06,0.98,-0.67,0.98,-15.99,48.32,-41.59,-39.94,1,0.00,0.00,0,0,0,3.78,2.82,70.3,0,00,1,$
#,050,4,3,29.00,940.25,10.00,Frequency_MHz,RSSI_dBm,0.01,-0.06,0.98,0.67,0.37,2.38,48.19,-41.22,-44.90,1,0.00,0.00,0,0,0,3.78,2.81,69.2,0,00,1,$
#,050,4,4,29.00,940.25,10.00,Frequency_MHz,RSSI_dBm,0.01,-0.06,0.98,0.67,0.37,2.38,48.19,-41.22,-44.90,1,0.00,0.00,0,0,0,3.78,2.64,69.2,0,00,1,$
#,050,0,0,29.00,940.25,10.00,Frequency_MHz,RSSI_dBm,0.02,-0.06,0.93,-6.10,-1.65,-31.43,47.64,-40.10,-41.15,1,0.00,0.00,0,0,0,3.78,2.64,68.1,0,00,1,$
#,050,0,0,29.00,940.25,10.00,Frequency_MHz,RSSI_dBm,0.02,-0.06,0.93,-6.10,-1.65,-31.43,47.64,-40.10,-41.15,1,0.00,0.00,0,0,0,3.78,2.64,66.4,0,00,1,$
#,050,0,0,29.00,940.25,10.00,Frequency_MHz,RSSI_dBm,0.02,-0.06,0.93,-6.10,-1.65,-31.43,47.64,-40.10,-41.15,1,0.00,0.00,0,0,0,3.78,2.70,67.0,0,00,1,$
#,050,0,0,29.00,940.25,10.00,Frequency_MHz,RSSI_dBm,0.02,-0.06,0.94,11.78,-1.59,66.53,48.01,-41.38,-42.49,1,0.00,0.00,0,0,0,3.77,2.97,68.1,0,00,1,$
#,050,0,0,29.00,940.25,10.00,Frequency_MHz,RSSI_dBm,0.02,-0.06,0.94,11.78,-1.59,66.53,48.01,-41.38,-42.49,1,0.00,0.00,0,0,0,3.77,2.97,68.6,0,00,1,$
#,050,0,0,29.00,940.25,10.00,Frequency_MHz,RSSI_dBm,0.01,-0.06,0.99,0.73,0.43,1.46,48.74,-41.93,-41.08,1,0.00,0.00,0,0,0,3.78,2.69,68.6,0,00,1,$
#,050,0,0,29.00,940.25,10.00,Frequency_MHz,RSSI_dBm,0.01,-0.06,0.99,0.73,0.43,1.46,48.74,-41.93,-41.08,1,0.00,0.00,0,0,0,3.78,2.69,68.1,0,00,1,$
#,050,0,0,29.00,940.25,10.00,Frequency_MHz,RSSI_dBm,0.01,-0.06,0.99,0.73,0.43,1.46,48.74,-41.93,-41.08,1,0.00,0.00,0,0,0,3.78,3.01,68.1,0,00,1,$
#,050,0,0,29.00,940.25,10.00,Frequency_MHz,RSSI_dBm,0.01,-0.06,0.98,2.32,0.55,7.08,48.75,-40.87,-43.88,1,0.00,0.00,0,0,0,3.78,3.01,68.1,0,00,1,$
#,050,1,0,29.00,940.25,10.00,Frequency_MHz,RSSI_dBm,0.01,-0.06,0.98,2.32,0.55,7.08,48.75,-40.87,-43.88,1,0.00,0.00,0,0,0,3.77,2.80,68.6,0,00,1,$
#,050,1,1,29.00,940.25,10.00,Frequency_MHz,RSSI_dBm,0.01,-0.06,0.98,1.71,0.55,3.54,48.21,-41.11,-43.36,1,0.00,0.00,0,0,0,3.78,2.80,68.1,0,00,1,$
#,050,1,1,29.00,940.25,10.00,Frequency_MHz,RSSI_dBm,0.01,-0.06,0.98,1.71,0.55,3.54,48.21,-41.11,-43.36,1,0.00,0.00,0,0,0,3.78,2.80,69.2,0,00,1,$
#,050,1,1,29.00,940.25,10.00,Frequency_MHz,RSSI_dBm,0.01,-0.06,0.98,1.71,0.55,3.54,48.21,-41.11,-43.36,1,0.00,0.00,0,0,0,3.77,2.78,69.7,0,00,1,$
#,050,1,1,29.00,940.25,10.00,Frequency_MHz,RSSI_dBm,0.01,-0.06,0.98,0.79,0.37,1.28,48.60,-41.78,-43.15,1,0.00,0.00,0,0,0,3.78,2.63,68.6,0,00,1,$
#,050,1,1,29.00,940.25,10.00,Frequency_MHz,RSSI_dBm,0.01,-0.06,0.98,0.79,0.37,1.28,48.60,-41.78,-43.15,1,0.00,0.00,0,0,0,3.78,2.63,69.2,0,00,1,$
#,050,1,1,29.00,940.25,10.00,Frequency_MHz,RSSI_dBm,0.03,-0.06,0.98,0.73,-2.75,10.13,48.00,-41.52,-40.92,1,0.00,0.00,0,0,0,3.78,2.70,70.3,0,00,1,$
#,050,1,1,29.00,940.25,10.00,Frequency_MHz,RSSI_dBm,0.03,-0.06,0.98,0.73,-2.75,10.13,48.00,-41.52,-40.92,1,0.00,0.00,0,0,0,3.78,2.70,70.3,0,00,1,$
#,050,2,1,29.00,940.25,10.00,Frequency_MHz,RSSI_dBm,0.03,-0.06,0.98,0.73,-2.75,10.13,48.00,-41.52,-40.92,1,0.00,0.00,0,0,0,3.77,2.73,69.2,0,00,1,$
#,050,2,1,29.00,940.25,10.00,Frequency_MHz,RSSI_dBm,0.01,-0.06,0.98,1.65,-0.49,1.77,49.06,-40.99,-43.48,1,0.00,0.00,0,0,0,3.78,2.66,69.2,0,00,1,$
#,050,2,2,29.00,940.25,10.00,Frequency_MHz,RSSI_dBm,0.01,-0.06,0.98,1.65,-0.49,1.77,49.06,-40.99,-43.48,1,0.00,0.00,0,0,0,3.78,2.66,70.8,0,00,1,$
#,050,2,2,29.00,940.25,10.00,Frequency_MHz,RSSI_dBm,0.02,-0.05,1.00,-7.08,-0.12,-19.17,48.45,-41.91,-42.58,1,0.00,0.00,0,0,0,3.77,2.94,70.3,0,00,1,$
#,050,2,2,29.00,940.25,10.00,Frequency_MHz,RSSI_dBm,0.02,-0.05,1.00,-7.08,-0.12,-19.17,48.45,-41.91,-42.58,1,0.00,0.00,0,0,0,3.77,2.94,68.6,0,00,1,$
#,050,2,2,29.00,940.25,10.00,Frequency_MHz,RSSI_dBm,0.02,-0.06,0.94,10.01,-1.53,57.92,49.13,-41.50,-44.23,1,0.00,0.00,0,0,0,3.77,2.80,69.7,0,00,1,$
#,050,2,2,29.00,940.25,10.00,Frequency_MHz,RSSI_dBm,0.02,-0.06,0.94,10.01,-1.53,57.92,49.13,-41.50,-44.23,1,0.00,0.00,0,0,0,3.78,2.99,69.7,0,00,1,$
#,050,2,2,29.00,940.25,10.00,Frequency_MHz,RSSI_dBm,0.02,-0.06,0.94,10.01,-1.53,57.92,49.13,-41.50,-44.23,1,0.00,0.00,0,0,0,3.78,2.99,70.8,0,00,1,$
#,050,3,2,29.00,940.25,10.00,Frequency_MHz,RSSI_dBm,0.01,-0.06,0.98,3.36,0.37,12.33,48.75,-40.95,-43.98,1,0.00,0.00,0,0,0,3.79,2.68,69.7,0,00,1,$
#,050,3,2,29.00,940.25,10.00,Frequency_MHz,RSSI_dBm,0.01,-0.06,0.98,3.36,0.37,12.33,48.75,-40.95,-43.98,1,0.00,0.00,0,0,0,3.79,2.68,69.7,0,00,1,$
#,050,3,3,29.00,940.25,10.00,Frequency_MHz,RSSI_dBm,0.01,-0.06,0.99,0.85,0.55,-4.03,49.10,-41.48,-41.91,1,0.00,0.00,0,0,0,3.77,2.78,70.8,0,00,1,$
#,050,3,3,29.00,940.25,10.00,Frequency_MHz,RSSI_dBm,0.01,-0.06,0.99,0.85,0.55,-4.03,49.10,-41.48,-41.91,1,0.00,0.00,0,0,0,3.77,2.69,71.9,0,00,1,$
#,050,3,3,29.00,940.25,10.00,Frequency_MHz,RSSI_dBm,0.01,-0.06,0.99,0.85,0.55,-4.03,49.10,-41.48,-41.91,1,0.00,0.00,0,0,0,3.77,2.69,70.3,0,00,1,$
#,050,3,3,29.00,940.25,10.00,Frequency_MHz,RSSI_dBm,0.01,-0.06,0.98,0.79,0.24,1.22,48.85,-41.26,-43.84,1,0.00,0.00,0,0,0,3.79,2.73,70.8,0,00,1,$
#,050,3,3,29.00,940.25,10.00,Frequency_MHz,RSSI_dBm,0.01,-0.06,0.98,0.79,0.24,1.22,48.85,-41.26,-43.84,1,0.00,0.00,0,0,0,3.79,2.73,70.8,0,00,1,$
#,050,3,3,29.00,940.25,10.00,Frequency_MHz,RSSI_dBm,0.01,-0.06,0.98,1.10,0.37,2.01,48.38,-41.59,-43.80,1,0.00,0.00,0,0,0,3.77,3.01,71.9,0,00,1,$
#,050,4,3,29.00,940.25,10.00,Frequency_MHz,RSSI_dBm,0.01,-0.06,0.98,1.10,0.37,2.01,48.38,-41.59,-43.80,1,0.00,0.00,0,0,0,3.78,2.80,71.9,0,00,1,$
#,050,4,3,29.00,940.25,10.00,Frequency_MHz,RSSI_dBm,0.01,-0.06,0.98,1.10,0.37,2.01,48.38,-41.59,-43.80,1,0.00,0.00,0,0,0,3.78,2.80,71.4,0,00,1,$
#,050,4,3,29.00,940.25,10.00,Frequency_MHz,RSSI_dBm,0.02,-0.05,0.97,1.10,0.55,-44.56,48.61,-40.94,-43.14,1,0.00,0.00,0,0,0,3.77,2.85,70.8,0,00,1,$
#,050,4,4,29.00,940.25,10.00,Frequency_MHz,RSSI_dBm,0.02,-0.05,0.97,1.10,0.55,-44.56,48.61,-40.94,-43.14,1,0.00,0.00,0,0,0,3.77,2.85,70.8,0,00,1,$
#,050,4,4,29.00,940.25,10.00,Frequency_MHz,RSSI_dBm,0.03,-0.06,0.94,3.54,1.16,42.66,49.01,-41.56,-44.21,1,0.00,0.00,0,0,0,3.78,2.60,70.8,0,00,1,$
#,050,4,4,29.00,940.25,10.00,Frequency_MHz,RSSI_dBm,0.03,-0.06,0.94,3.54,1.16,42.66,49.01,-41.56,-44.21,1,0.00,0.00,0,0,0,3.77,2.89,71.9,0,00,1,$
#,050,4,4,29.00,940.25,10.00,Frequency_MHz,RSSI_dBm,0.03,-0.06,0.94,3.54,1.16,42.66,49.01,-41.56,-44.21,1,0.00,0.00,0,0,0,3.77,2.89,71.4,0,00,1,$
#,050,4,4,29.00,940.25,10.00,Frequency_MHz,RSSI_dBm,0.01,-0.06,0.99,1.40,0.31,-1.22,49.26,-41.87,-44.13,1,0.00,0.00,0,0,0,3.77,2.74,71.9,0,00,1,$
#,050,5,4,29.00,940.25,10.00,Frequency_MHz,RSSI_dBm,0.01,-0.06,0.99,1.40,0.31,-1.22,49.26,-41.87,-44.13,1,0.00,0.00,0,0,0,3.77,2.74,72.5,0,00,1,$
#,050,5,4,29.00,940.25,10.00,Frequency_MHz,RSSI_dBm,0.01,-0.06,0.98,0.98,0.55,0.24,48.19,-41.81,-43.15,1,0.00,0.00,0,0,0,3.77,2.99,73.0,0,00,1,$
#,050,5,4,29.00,940.25,10.00,Frequency_MHz,RSSI_dBm,0.01,-0.06,0.98,0.98,0.55,0.24,48.19,-41.81,-43.15,1,0.00,0.00,0,0,0,3.78,2.85,70.8,0,00,1,$
#,050,5,4,29.00,940.25,10.00,Frequency_MHz,RSSI_dBm,0.01,-0.06,0.98,0.98,0.55,0.24,48.19,-41.81,-43.15,1,0.00,0.00,0,0,0,3.78,2.85,72.5,0,00,1,$
#,050,5,5,29.00,940.25,10.00,Frequency_MHz,RSSI_dBm,0.01,-0.06,0.98,2.26,0.49,6.53,48.90,-41.00,-45.01,1,0.00,0.00,0,0,0,3.78,2.84,73.0,0,00,1,$
#,050,5,5,29.00,940.25,10.00,Frequency_MHz,RSSI_dBm,0.01,-0.06,0.98,2.26,0.49,6.53,48.90,-41.00,-45.01,1,0.00,0.00,0,0,0,3.78,2.84,72.5,0,00,1,$
#,050,5,5,29.00,940.25,10.00,Frequency_MHz,RSSI_dBm,0.01,-0.06,0.99,-1.40,0.79,-17.82,48.77,-41.61,-43.47,1,0.00,0.00,0,0,0,3.76,2.97,73.6,0,00,1,$
#,050,5,5,29.00,940.25,10.00,Frequency_MHz,RSSI_dBm,0.01,-0.06,0.99,-1.40,0.79,-17.82,48.77,-41.61,-43.47,1,0.00,0.00,0,0,0,3.77,3.04,73.6,0,00,1,$
#,050,6,5,29.00,940.25,10.00,Frequency_MHz,RSSI_dBm,0.01,-0.05,0.99,0.67,0.37,1.46,48.45,-41.75,-44.07,1,0.00,0.00,0,0,0,3.77,3.04,71.9,0,00,1,$
#,050,6,5,29.00,940.25,10.00,Frequency_MHz,RSSI_dBm,0.01,-0.05,0.99,0.67,0.37,1.46,48.45,-41.75,-44.07,1,0.00,0.00,0,0,0,3.77,2.99,72.5,0,00,1,$
#,050,6,5,29.00,940.25,10.00,Frequency_MHz,RSSI_dBm,0.01,-0.05,0.99,0.67,0.37,1.46,48.45,-41.75,-44.07,1,0.00,0.00,0,0,0,3.77,2.59,71.9,0,00,1,$
#,050,6,5,29.00,940.25,10.00,Frequency_MHz,RSSI_dBm,0.01,-0.06,0.98,1.34,0.43,1.28,47.74,-41.50,-42.60,1,0.00,0.00,0,0,0,3.77,2.59,72.5,0,00,1,$
#,050,6,5,29.00,940.25,10.00,Frequency_MHz,RSSI_dBm,0.01,-0.06,0.98,1.34,0.43,1.28,47.74,-41.50,-42.60,1,0.00,0.00,0,0,0,3.77,2.65,73.6,0,00,1,$
#,050,6,6,29.00,940.25,10.00,Frequency_MHz,RSSI_dBm,0.01,-0.06,0.95,0.67,0.43,1.65,49.35,-41.05,-43.25,1,0.00,0.00,0,0,0,3.77,2.65,74.7,0,00,1,$
#,050,6,6,29.00,940.25,10.00,Frequency_MHz,RSSI_dBm,0.01,-0.06,0.95,0.67,0.43,1.65,49.35,-41.05,-43.25,1,0.00,0.00,0,0,0,3.77,2.96,74.7,0,00,1,$
#,050,6,6,29.00,940.25,10.00,Frequency_MHz,RSSI_dBm,0.01,-0.06,0.95,0.67,0.43,1.65,49.35,-41.05,-43.25,1,0.00,0.00,0,0,0,3.77,2.96,72.5,0,00,1,$
#,050,6,6,29.00,940.25,10.00,Frequency_MHz,RSSI_dBm,0.03,-0.06,1.00,1.22,1.95,31.31,48.12,-41.67,-41.78,1,0.00,0.00,0,0,0,3.76,3.03,73.6,0,00,1,$
#,050,7,6,29.00,940.25,10.00,Frequency_MHz,RSSI_dBm,0.03,-0.06,1.00,1.22,1.95,31.31,48.12,-41.67,-41.78,1,0.00,0.00,0,0,0,3.78,2.88,73.6,0,00,1,$
#,050,7,6,29.00,940.25,10.00,Frequency_MHz,RSSI_dBm,0.02,-0.07,0.98,-10.62,-0.49,-69.58,49.45,-41.20,-42.72,1,0.00,0.00,0,0,0,3.78,2.88,74.1,0,00,1,$
#,050,7,6,29.00,940.25,10.00,Frequency_MHz,RSSI_dBm,0.02,-0.07,0.98,-10.62,-0.49,-69.58,49.45,-41.20,-42.72,1,0.00,0.00,0,0,0,3.77,3.05,74.1,0,00,1,$
#,050,7,6,29.00,940.25,10.00,Frequency_MHz,RSSI_dBm,0.02,-0.07,0.98,-10.62,-0.49,-69.58,49.45,-41.20,-42.72,1,0.00,0.00,0,0,0,3.77,3.05,73.6,0,00,1,$
#,050,7,6,29.00,940.25,10.00,Frequency_MHz,RSSI_dBm,0.01,-0.06,0.93,-10.86,0.18,-77.03,48.84,-41.04,-43.91,1,0.00,0.00,0,0,0,3.77,2.90,73.0,0,00,1,$
#,050,7,7,29.00,940.25,10.00,Frequency_MHz,RSSI_dBm,0.01,-0.06,0.93,-10.86,0.18,-77.03,48.84,-41.04,-43.91,1,0.00,0.00,0,0,0,3.78,2.97,74.7,0,00,1,$
#,050,7,7,29.00,940.25,10.00,Frequency_MHz,RSSI_dBm,0.01,-0.05,0.99,0.79,0.37,1.77,49.21,-41.25,-44.67,1,0.00,0.00,0,0,0,3.78,2.97,73.6,0,00,1,$
#,050,7,7,29.00,940.25,10.00,Frequency_MHz,RSSI_dBm,0.01,-0.05,0.99,0.79,0.37,1.77,49.21,-41.25,-44.67,1,0.00,0.00,0,0,0,3.76,3.08,74.1,0,00,1,$
#,050,8,7,29.00,940.25,10.00,Frequency_MHz,RSSI_dBm,0.01,-0.05,0.99,0.79,0.37,1.77,49.21,-41.25,-44.67,1,0.00,0.00,0,0,0,3.76,3.08,73.6,0,00,1,$
#,050,8,7,29.00,940.25,10.00,Frequency_MHz,RSSI_dBm,0.01,-0.06,0.98,0.67,0.43,1.65,48.69,-41.54,-42.38,1,0.00,0.00,0,0,0,3.77,2.68,75.2,0,00,1,$
#,050,8,7,29.00,940.25,10.00,Frequency_MHz,RSSI_dBm,0.01,-0.06,0.98,0.67,0.43,1.65,48.69,-41.54,-42.38,1,0.00,0.00,0,0,0,3.78,3.00,74.7,0,00,1,$
#,050,8,7,29.00,940.25,10.00,Frequency_MHz,RSSI_dBm,0.01,-0.06,0.98,0.98,0.43,0.92,48.79,-41.47,-43.96,1,0.00,0.00,0,0,0,3.78,3.00,74.1,0,00,1,$
#,050,8,7,29.00,940.25,10.00,Frequency_MHz,RSSI_dBm,0.01,-0.06,0.98,0.98,0.43,0.92,48.79,-41.47,-43.96,1,0.00,0.00,0,0,0,3.77,2.59,74.7,0,00,1,$
#,050,8,7,29.00,940.25,10.00,Frequency_MHz,RSSI_dBm,0.01,-0.06,0.98,0.98,0.43,0.92,48.79,-41.47,-43.96,1,0.00,0.00,0,0,0,3.77,2.59,73.0,0,00,1,$
#,050,8,8,29.00,940.25,10.00,Frequency_MHz,RSSI_dBm,0.01,-0.06,0.98,1.28,0.37,2.08,48.43,-42.04,-41.17,1,0.00,0.00,0,0,0,3.77,2.62,75.2,0,00,1,$
#,050,8,8,29.00,940.25,10.00,Frequency_MHz,RSSI_dBm,0.01,-0.06,0.98,1.28,0.37,2.08,48.43,-42.04,-41.17,1,0.00,0.00,0,0,0,3.77,2.62,75.2,0,00,1,$
#,050,9,8,29.00,940.25,10.00,Frequency_MHz,RSSI_dBm,0.03,-0.05,0.96,-10.68,-0.92,-25.27,49.43,-41.15,-42.24,1,0.00,0.00,0,0,0,3.78,2.98,75.2,0,00,1,$
#,050,9,8,29.00,940.25,10.00,Frequency_MHz,RSSI_dBm,0.03,-0.05,0.96,-10.68,-0.92,-25.27,49.43,-41.15,-42.24,1,0.00,0.00,0,0,0,3.78,2.76,73.6,0,00,1,$
#,050,9,8,29.00,940.25,10.00,Frequency_MHz,RSSI_dBm,0.03,-0.05,0.96,-10.68,-0.92,-25.27,49.43,-41.15,-42.24,1,0.00,0.00,0,0,0,3.78,2.76,74.7,0,00,1,$
#,050,9,8,29.00,940.25,10.00,Frequency_MHz,RSSI_dBm,0.01,-0.06,0.99,2.38,-0.85,1.16,48.43,-41.30,-44.04,1,0.00,0.00,0,0,0,3.76,2.99,74.7,0,00,1,$
#,050,9,8,29.00,940.25,10.00,Frequency_MHz,RSSI_dBm,0.01,-0.06,0.99,2.38,-0.85,1.16,48.43,-41.30,-44.04,1,0.00,0.00,0,0,0,3.76,2.99,75.2,0,00,1,$
#,050,9,8,29.00,940.25,10.00,Frequency_MHz,RSSI_dBm,0.02,-0.07,0.94,-0.18,-2.87,24.23,48.18,-40.54,-43.24,1,0.00,0.00,0,0,0,3.77,2.74,75.7,0,00,1,$
#,050,9,8,29.00,940.25,10.00,Frequency_MHz,RSSI_dBm,0.02,-0.07,0.94,-0.18,-2.87,24.23,48.18,-40.54,-43.24,1,0.00,0.00,0,0,0,3.78,2.72,76.3,0,00,1,$
#,050,9,9,29.00,940.25,10.00,Frequency_MHz,RSSI_dBm,0.02,-0.07,0.94,-0.18,-2.87,24.23,48.18,-40.54,-43.24,1,0.00,0.00,0,0,0,3.78,2.72,76.3,0,00,1,$
#,050,9,9,29.00,940.25,10.00,Frequency_MHz,RSSI_dBm,0.02,-0.06,0.94,7.87,-1.34,52.06,48.38,-41.19,-42.46,1,0.00,0.00,0,0,0,3.77,2.56,75.2,0,00,1,$
#,050,10,9,29.00,940.25,10.00,Frequency_MHz,RSSI_dBm,0.02,-0.06,0.94,7.87,-1.34,52.06,48.38,-41.19,-42.46,1,0.00,0.00,0,0,0,3.77,2.56,75.7,0,00,1,$
#,050,10,9,29.00,940.25,10.00,Frequency_MHz,RSSI_dBm,0.01,-0.06,1.01,-0.31,0.67,-13.67,48.29,-41.54,-43.74,1,0.00,0.00,0,0,0,3.77,2.96,76.3,0,00,1,$
#,050,10,9,29.00,940.25,10.00,Frequency_MHz,RSSI_dBm,0.01,-0.06,1.01,-0.31,0.67,-13.67,48.29,-41.54,-43.74,1,0.00,0.00,0,0,0,3.77,2.96,75.7,0,00,1,$
#,050,10,9,29.00,940.25,10.00,Frequency_MHz,RSSI_dBm,0.01,-0.06,1.01,-0.31,0.67,-13.67,48.29,-41.54,-43.74,1,0.00,0.00,0,0,0,3.76,2.87,76.3,0,00,1,$
#,050,10,9,29.00,940.25,10.00,Frequency_MHz,RSSI_dBm,0.01,-0.06,0.97,0.98,0.24,1.40,48.34,-41.85,-43.75,1,0.00,0.00,0,0,0,3.77,2.99,75.7,0,00,1,$
#,050,10,9,29.00,940.25,10.00,Frequency_MHz,RSSI_dBm,0.01,-0.06,0.97,0.98,0.24,1.40,48.34,-41.85,-43.75,1,0.00,0.00,0,0,0,3.77,2.99,75.2,0,00,1,$
#,050,10,9,29.00,940.25,10.00,Frequency_MHz,RSSI_dBm,0.01,-0.06,0.98,1.53,0.49,3.48,49.00,-41.00,-43.60,1,0.00,0.00,0,0,0,3.78,2.79,75.7,0,00,1,$
#,050,10,10,29.00,940.25,10.00,Frequency_MHz,RSSI_dBm,0.01,-0.06,0.98,1.53,0.49,3.48,49.00,-41.00,-43.60,1,0.00,0.00,0,0,0,3.78,2.79,74.7,0,00,1,$
#,050,11,10,29.00,940.25,10.00,Frequency_MHz,RSSI_dBm,0.01,-0.06,0.98,1.53,0.49,3.48,49.00,-41.00,-43.60,1,0.00,0.00,0,0,0,3.77,2.91,76.3,0,00,1,$
#,050,11,10,29.00,940.25,10.00,Frequency_MHz,RSSI_dBm,0.01,-0.06,0.98,1.16,0.37,2.62,48.12,-41.98,-43.96,1,0.00,0.00,0,0,0,3.77,2.87,75.7,0,00,1,$
#,050,11,10,29.00,940.25,10.00,Frequency_MHz,RSSI_dBm,0.01,-0.06,0.98,1.16,0.37,2.62,48.12,-41.98,-43.96,1,0.00,0.00,0,0,0,3.77,2.87,74.7,0,00,1,$
#,050,11,10,29.00,940.25,10.00,Frequency_MHz,RSSI_dBm,0.01,-0.06,0.98,0.67,-15.44,2.44,48.00,-42.05,-43.13,1,0.00,0.00,0,0,0,3.78,2.99,74.7,0,00,1,$
#,050,11,10,29.00,940.25,10.00,Frequency_MHz,RSSI_dBm,0.01,-0.06,0.98,0.67,-15.44,2.44,48.00,-42.05,-43.13,1,0.00,0.00,0,0,0,3.76,2.75,75.7,0,00,1,$
#,050,11,10,29.00,940.25,10.00,Frequency_MHz,RSSI_dBm,0.01,-0.06,0.98,0.67,-15.44,2.44,48.00,-42.05,-43.13,1,0.00,0.00,0,0,0,3.76,2.75,75.2,0,00,1,$
#,050,11,10,29.00,940.25,10.00,Frequency_MHz,RSSI_dBm,-0.01,-0.04,0.91,2.99,-1.10,0.61,48.78,-41.27,-43.07,1,0.00,0.00,0,0,0,3.77,2.68,74.7,0,00,1,$
#,050,11,10,29.00,940.25,10.00,Frequency_MHz,RSSI_dBm,-0.01,-0.04,0.91,2.99,-1.10,0.61,48.78,-41.27,-43.07,1,0.00,0.00,0,0,0,3.77,2.68,76.3,0,00,1,$
#,050,12,11,29.00,940.25,10.00,Frequency_MHz,RSSI_dBm,0.01,-0.06,0.99,1.04,0.12,-2.56,48.96,-41.43,-44.51,1,0.00,0.00,0,0,0,3.77,2.90,77.4,0,00,1,$
#,050,12,11,29.00,940.25,10.00,Frequency_MHz,RSSI_dBm,0.01,-0.06,0.99,1.04,0.12,-2.56,48.96,-41.43,-44.51,1,0.00,0.00,0,0,0,3.76,2.89,75.7,0,00,1,$
#,050,12,11,29.00,940.25,10.00,Frequency_MHz,RSSI_dBm,0.01,-0.06,0.94,-9.83,0.06,-72.94,48.32,-41.67,-44.75,1,0.00,0.00,0,0,0,3.76,2.89,75.2,0,00,1,$
#,050,12,11,29.00,940.25,10.00,Frequency_MHz,RSSI_dBm,0.01,-0.06,0.94,-9.83,0.06,-72.94,48.32,-41.67,-44.75,1,0.00,0.00,0,0,0,3.76,3.04,75.7,0,00,1,$
#,050,12,11,29.00,940.25,10.00,Frequency_MHz,RSSI_dBm,0.01,-0.06,0.94,-9.83,0.06,-72.94,48.32,-41.67,-44.75,1,0.00,0.00,0,0,0,3.77,2.91,76.3,0,00,1,$
#,050,12,11,29.00,940.25,10.00,Frequency_MHz,RSSI_dBm,0.01,-0.06,0.98,0.85,0.31,1.04,49.05,-40.94,-44.15,1,0.00,0.00,0,0,0,3.77,2.91,76.3,0,00,1,$
#,050,12,11,29.00,940.25,10.00,Frequency_MHz,RSSI_dBm,0.01,-0.06,0.98,0.85,0.31,1.04,49.05,-40.94,-44.15,1,0.00,0.00,0,0,0,3.77,3.02,75.7,0,00,1,$
#,050,12,11,29.00,940.25,10.00,Frequency_MHz,RSSI_dBm,0.01,-0.06,0.99,0.73,0.43,1.04,48.61,-41.21,-44.71,1,0.00,0.00,0,0,0,3.77,3.02,77.4,0,00,1,$
#,050,13,12,29.00,940.25,10.00,Frequency_MHz,RSSI_dBm,0.01,-0.06,0.99,0.73,0.43,1.04,48.61,-41.21,-44.71,1,0.00,0.00,0,0,0,3.77,2.88,75.7,0,00,1,$
#,050,13,12,29.00,940.25,10.00,Frequency_MHz,RSSI_dBm,0.01,-0.06,0.98,1.77,0.61,2.32,49.35,-42.08,-42.35,1,0.00,0.00,0,0,0,3.77,2.80,75.7,0,00,1,$
#,050,13,12,29.00,940.25,10.00,Frequency_MHz,RSSI_dBm,0.01,-0.06,0.98,1.77,0.61,2.32,49.35,-42.08,-42.35,1,0.00,0.00,0,0,0,3.77,2.80,76.3,0,00,1,$
#,050,13,12,29.00,940.25,10.00,Frequency_MHz,RSSI_dBm,0.01,-0.06,0.98,1.77,0.61,2.32,49.35,-42.08,-42.35,1,0.00,0.00,0,0,0,3.78,3.06,77.4,0,00,1,$
#,050,13,12,29.00,940.25,10.00,Frequency_MHz,RSSI_dBm,0.01,-0.06,0.98,0.92,0.37,0.73,49.01,-42.02,-43.65,1,0.00,0.00,0,0,0,3.78,3.06,76.8,0,00,1,$
#,050,13,12,29.00,940.25,10.00,Frequency_MHz,RSSI_dBm,0.01,-0.06,0.98,0.92,0.37,0.73,49.01,-42.02,-43.65,1,0.00,0.00,0,0,0,3.77,2.95,77.4,0,00,1,$
#,050,13,12,29.00,940.25,10.00,Frequency_MHz,RSSI_dBm,0.02,-0.06,0.97,-5.74,0.06,-22.16,48.73,-41.19,-41.56,1,0.00,0.00,0,0,0,3.77,2.67,77.4,0,00,1,$
#,050,14,12,29.00,940.25,10.00,Frequency_MHz,RSSI_dBm,0.02,-0.06,0.97,-5.74,0.06,-22.16,48.73,-41.19,-41.56,1,0.00,0.00,0,0,0,3.78,2.80,77.4,0,00,1,$
#,050,14,13,29.00,940.25,10.00,Frequency_MHz,RSSI_dBm,0.01,-0.06,0.99,0.43,-0.06,-1.46,48.82,-42.02,-42.21,1,0.00,0.00,0,0,0,3.78,2.80,77.4,0,00,1,$
#,050,14,13,29.00,940.25,10.00,Frequency_MHz,RSSI_dBm,0.01,-0.06,0.99,0.43,-0.06,-1.46,48.82,-42.02,-42.21,1,0.00,0.00,0,0,0,3.76,2.80,77.4,0,00,1,$
#,050,14,13,29.00,940.25,10.00,Frequency_MHz,RSSI_dBm,0.01,-0.06,0.99,0.43,-0.06,-1.46,48.82,-42.02,-42.21,1,0.00,0.00,0,0,0,3.76,2.80,77.9,0,00,1,$
#,050,14,13,29.00,940.25,10.00,Frequency_MHz,RSSI_dBm,0.02,-0.06,0.94,3.17,-2.69,8.24,48.62,-41.88,-44.98,1,0.00,0.00,0,0,0,3.76,2.90,77.9,0,00,1,$
#,050,14,13,29.00,940.25,10.00,Frequency_MHz,RSSI_dBm,0.02,-0.06,0.94,3.17,-2.69,8.24,48.62,-41.88,-44.98,1,0.00,0.00,0,0,0,3.77,2.92,77.9,0,00,1,$
#,050,14,13,29.00,940.25,10.00,Frequency_MHz,RSSI_dBm,0.01,-0.06,0.93,-4.33,0.06,-41.63,48.93,-41.46,-43.52,1,0.00,0.00,0,0,0,3.77,2.92,76.8,0,00,1,$
#,050,14,13,29.00,940.25,10.00,Frequency_MHz,RSSI_dBm,0.01,-0.06,0.93,-4.33,0.06,-41.63,48.93,-41.46,-43.52,1,0.00,0.00,0,0,0,3.78,3.09,77.4,0,00,1,$
#,050,14,13,29.00,940.25,10.00,Frequency_MHz,RSSI_dBm,0.01,-0.06,0.93,-4.33,0.06,-41.63,48.93,-41.46,-43.52,1,0.00,0.00,0,0,0,3.78,3.09,77.4,0,00,1,$
#,050,15,13,29.00,940.25,10.00,Frequency_MHz,RSSI_dBm,0.01,-0.06,0.98,0.98,0.43,0.49,48.80,-41.76,-44.12,1,0.00,0.00,0,0,0,3.79,2.73,76.3,0,00,1,$
#,050,15,14,29.00,940.25,10.00,Frequency_MHz,RSSI_dBm,0.01,-0.06,0.98,0.98,0.43,0.49,48.80,-41.76,-44.12,1,0.00,0.00,0,0,0,3.79,2.73,78.5,0,00,1,$
#,050,15,14,29.00,940.25,10.00,Frequency_MHz,RSSI_dBm,0.01,-0.05,0.98,1.65,0.61,3.85,49.40,-40.75,-43.77,1,0.00,0.00,0,0,0,3.76,3.04,77.4,0,00,1,$
#,050,15,14,29.00,940.25,10.00,Frequency_MHz,RSSI_dBm,0.01,-0.05,0.98,1.65,0.61,3.85,49.40,-40.75,-43.77,1,0.00,0.00,0,0,0,3.76,3.04,75.7,0,00,1,$
#,050,15,14,29.00,940.25,10.00,Frequency_MHz,RSSI_dBm,0.01,-0.06,0.99,1.95,0.67,3.42,49.12,-42.22,-237.04,1,0.00,0.00,0,0,0,3.76,2.86,77.4,0,00,1,$
#,050,15,14,29.00,940.25,10.00,Frequency_MHz,RSSI_dBm,0.01,-0.06,0.99,1.95,0.67,3.42,49.12,-42.22,-237.04,1,0.00,0.00,0,0,0,3.76,2.86,78.5,0,00,1,$
#,050,15,14,29.00,940.25,10.00,Frequency_MHz,RSSI_dBm,0.01,-0.05,0.99,0.79,0.49,1.34,48.57,-41.70,-44.06,1,0.00,0.00,0,0,0,3.76,3.07,76.3,0,00,1,$
#,050,16,14,29.00,940.25,10.00,Frequency_MHz,RSSI_dBm,0.01,-0.05,0.99,0.79,0.49,1.34,48.57,-41.70,-44.06,1,0.00,0.00,0,0,0,3.78,2.58,77.9,0,00,1,$
#,050,16,14,29.00,940.25,10.00,Frequency_MHz,RSSI_dBm,0.01,-0.05,0.99,0.79,0.49,1.34,48.57,-41.70,-44.06,1,0.00,0.00,0,0,0,3.78,2.58,76.3,0,00,1,$
#,050,16,14,29.00,940.25,10.00,Frequency_MHz,RSSI_dBm,0.01,-0.05,0.98,1.22,-0.24,1.40,48.57,-41.36,-43.55,1,0.00,0.00,0,0,0,3.77,2.73,78.5,0,00,1,$
#,050,16,15,29.00,940.25,10.00,Frequency_MHz,RSSI_dBm,0.01,-0.05,0.98,1.22,-0.24,1.40,48.57,-41.36,-43.55,1,0.00,0.00,0,0,0,3.77,2.73,77.9,0,00,1,$
#,050,16,15,29.00,940.25,10.00,Frequency_MHz,RSSI_dBm,0.04,-0.05,0.96,-1.65,0.43,43.46,47.97,-41.80,-43.88,1,0.00,0.00,0,0,0,3.78,2.83,76.8,0,00,1,$
#,050,16,15,29.00,940.25,10.00,Frequency_MHz,RSSI_dBm,0.04,-0.05,0.96,-1.65,0.43,43.46,47.97,-41.80,-43.88,1,0.00,0.00,0,0,0,3.78,2.77,77.9,0,00,1,$
#,050,16,15,29.00,940.25,10.00,Frequency_MHz,RSSI_dBm,0.04,-0.05,0.96,-1.65,0.43,43.46,47.97,-41.80,-43.88,1,0.00,0.00,0,0,0,3.78,2.77,77.4,0,00,1,$
#,050,16,15,29.00,940.25,10.00,Frequency_MHz,RSSI_dBm,0.02,-0.06,0.94,7.81,-1.28,39.92,48.34,-41.94,-43.27,1,0.00,0.00,0,0,0,3.76,3.10,77.9,0,00,1,$
#,050,17,15,29.00,940.25,10.00,Frequency_MHz,RSSI_dBm,0.02,-0.06,0.94,7.81,-1.28,39.92,48.34,-41.94,-43.27,1,0.00,0.00,0,0,0,3.76,3.10,77.4,0,00,1,$
#,050,17,15,29.00,940.25,10.00,Frequency_MHz,RSSI_dBm,0.02,-0.07,0.94,-4.88,-0.55,-38.88,49.37,-41.25,-44.41,1,0.00,0.00,0,0,0,3.76,2.76,76.8,0,00,1,$
#,050,17,15,29.00,940.25,10.00,Frequency_MHz,RSSI_dBm,0.02,-0.07,0.94,-4.88,-0.55,-38.88,49.37,-41.25,-44.41,1,0.00,0.00,0,0,0,3.77,2.72,76.8,0,00,1,$
#,050,17,15,29.00,940.25,10.00,Frequency_MHz,RSSI_dBm,0.02,-0.07,0.94,-4.88,-0.55,-38.88,49.37,-41.25,-44.41,1,0.00,0.00,0,0,0,3.77,2.72,76.8,0,00,1,$
#,050,17,16,29.00,940.25,10.00,Frequency_MHz,RSSI_dBm,0.01,-0.06,0.98,-0.73,0.67,-15.56,49.65,-40.76,-42.64,1,0.00,0.00,0,0,0,3.77,2.99,78.5,0,00,1,$
#,050,17,16,29.00,940.25,10.00,Frequency_MHz,RSSI_dBm,0.01,-0.06,0.98,-0.73,0.67,-15.56,49.65,-40.76,-42.64,1,0.00,0.00,0,0,0,3.78,3.11,77.9,0,00,1,$
#,050,17,16,29.00,940.25,10.00,Frequency_MHz,RSSI_dBm,0.01,-0.06,0.99,0.92,0.49,1.22,48.86,-41.33,-43.30,1,0.00,0.00,0,0,0,3.78,3.11,78.5,0,00,1,$
#,050,17,16,29.00,940.25,10.00,Frequency_MHz,RSSI_dBm,0.01,-0.06,0.99,0.92,0.49,1.22,48.86,-41.33,-43.30,1,0.00,0.00,0,0,0,3.76,3.02,76.8,0,00,1,$
#,050,18,16,29.00,940.25,10.00,Frequency_MHz,RSSI_dBm,0.01,-0.06,0.98,1.40,0.55,1.28,48.71,-42.22,-118.31,1,0.00,0.00,0,0,0,3.76,3.02,76.8,0,00,1,$
#,050,18,16,29.00,940.25,10.00,Frequency_MHz,RSSI_dBm,0.01,-0.06,0.98,1.40,0.55,1.28,48.71,-42.22,-118.31,1,0.00,0.00,0,0,0,3.77,2.79,78.5,0,00,1,$
#,050,18,16,29.00,940.25,10.00,Frequency_MHz,RSSI_dBm,0.01,-0.06,0.98,1.40,0.55,1.28,48.71,-42.22,-118.31,1,0.00,0.00,0,0,0,3.77,2.86,77.4,0,00,1,$
#,050,18,16,29.00,940.25,10.00,Frequency_MHz,RSSI_dBm,0.01,-0.06,0.99,1.28,0.43,1.77,49.13,-41.19,-42.60,1,0.00,0.00,0,0,0,3.77,2.86,76.3,0,00,1,$
#,050,18,17,29.00,940.25,10.00,Frequency_MHz,RSSI_dBm,0.01,-0.06,0.99,1.28,0.43,1.77,49.13,-41.19,-42.60,1,0.00,0.00,0,0,0,3.76,2.84,77.9,0,00,1,$
#,050,18,17,29.00,940.25,10.00,Frequency_MHz,RSSI_dBm,0.01,-0.06,1.01,5.49,0.37,45.78,49.35,-41.66,-43.69,1,0.00,0.00,0,0,0,3.76,2.84,78.5,0,00,1,$
#,050,18,17,29.00,940.25,10.00,Frequency_MHz,RSSI_dBm,0.01,-0.06,1.01,5.49,0.37,45.78,49.35,-41.66,-43.69,1,0.00,0.00,0,0,0,3.77,2.78,77.9,0,00,1,$
#,050,18,17,29.00,940.25,10.00,Frequency_MHz,RSSI_dBm,0.01,-0.06,1.01,5.49,0.37,45.78,49.35,-41.66,-43.69,1,0.00,0.00,0,0,0,3.77,2.78,78.5,0,00,1,$
#,050,18,17,29.00,940.25,10.00,Frequency_MHz,RSSI_dBm,0.01,-0.06,0.98,1.22,-0.06,-0.98,50.11,-40.70,-45.18,1,0.00,0.00,0,0,0,3.76,3.01,78.5,0,00,1,$
#,050,19,17,29.00,940.25,10.00,Frequency_MHz,RSSI_dBm,0.01,-0.06,0.98,1.22,-0.06,-0.98,50.11,-40.70,-45.18,1,0.00,0.00,0,0,0,3.77,2.72,77.4,0,00,1,$
#,050,19,17,29.00,940.25,10.00,Frequency_MHz,RSSI_dBm,0.01,-0.06,0.93,-0.61,-0.37,-7.93,48.93,-42.11,-42.14,1,0.00,0.00,0,0,0,3.77,2.72,79.0,0,00,1,$
#,050,19,17,29.00,940.25,10.00,Frequency_MHz,RSSI_dBm,0.01,-0.06,0.93,-0.61,-0.37,-7.93,48.93,-42.11,-42.14,1,0.00,0.00,0,0,0,3.78,2.76,78.5,0,00,1,$
#,050,19,17,29.00,940.25,10.00,Frequency_MHz,RSSI_dBm,0.01,-0.06,0.93,-0.61,-0.37,-7.93,48.93,-42.11,-42.14,1,0.00,0.00,0,0,0,3.78,2.76,77.4,0,00,1,$
#,050,19,18,29.00,940.25,10.00,Frequency_MHz,RSSI_dBm,0.01,-0.06,0.98,-0.61,-0.85,-0.37,49.21,-41.31,-41.63,1,0.00,0.00,0,0,0,3.77,2.69,76.8,0,00,1,$
#,050,19,18,29.00,940.25,10.00,Frequency_MHz,RSSI_dBm,0.01,-0.06,0.98,-0.61,-0.85,-0.37,49.21,-41.31,-41.63,1,0.00,0.00,0,0,0,3.76,2.76,79.0,0,00,1,$
#,050,19,18,29.00,940.25,10.00,Frequency_MHz,RSSI_dBm,0.01,-0.06,0.98,0.79,0.43,0.61,49.84,-40.88,-43.79,1,0.00,0.00,0,0,0,3.76,2.76,79.0,0,00,1,$
#,050,19,18,29.00,940.25,10.00,Frequency_MHz,RSSI_dBm,0.01,-0.06,0.98,0.79,0.43,0.61,49.84,-40.88,-43.79,1,0.00,0.00,0,0,0,3.76,2.80,77.9,0,00,1,$
#,050,20,18,29.00,940.25,10.00,Frequency_MHz,RSSI_dBm,0.01,-0.06,0.98,1.89,0.55,2.56,48.65,-41.53,-44.23,1,0.00,0.00,0,0,0,3.76,2.92,79.0,0,00,1,$
#,050,20,18,29.00,940.25,10.00,Frequency_MHz,RSSI_dBm,0.01,-0.06,0.98,1.89,0.55,2.56,48.65,-41.53,-44.23,1,0.00,0.00,0,0,0,3.76,2.92,78.5,0,00,1,$
#,050,20,18,29.00,940.25,10.00,Frequency_MHz,RSSI_dBm,0.01,-0.06,0.98,1.89,0.55,2.56,48.65,-41.53,-44.23,1,0.00,0.00,0,0,0,3.76,2.94,79.0,0,00,1,$
#,050,20,18,29.00,940.25,10.00,Frequency_MHz,RSSI_dBm,0.01,-0.06,0.98,1.04,0.37,2.50,49.21,-41.30,-46.14,1,0.00,0.00,0,0,0,3.78,2.72,77.4,0,00,1,$
#,050,20,19,29.00,940.25,10.00,Frequency_MHz,RSSI_dBm,0.01,-0.06,0.98,1.04,0.37,2.50,49.21,-41.30,-46.14,1,0.00,0.00,0,0,0,3.78,2.72,79.6,0,00,1,$
#,050,20,19,29.00,940.25,10.00,Frequency_MHz,RSSI_dBm,0.01,-0.06,0.99,0.79,0.37,1.22,50.20,-40.99,-43.36,1,0.00,0.00,0,0,0,3.76,3.06,77.9,0,00,1,$
#,050,20,19,29.00,940.25,10.00,Frequency_MHz,RSSI_dBm,0.01,-0.06,0.99,0.79,0.37,1.22,50.20,-40.99,-43.36,1,0.00,0.00,0,0,0,3.76,3.09,80.1,0,00,1,$
#,050,21,19,29.00,940.25,10.00,Frequency_MHz,RSSI_dBm,0.01,-0.06,0.98,-1.04,-0.49,-0.98,49.04,-41.33,-44.91,1,0.00,0.00,0,0,0,3.76,3.09,79.0,0,00,1,$
#,050,21,19,29.00,940.25,10.00,Frequency_MHz,RSSI_dBm,0.01,-0.06,0.98,-1.04,-0.49,-0.98,49.04,-41.33,-44.91,1,0.00,0.00,0,0,0,3.76,2.84,78.5,0,00,1,$
#,050,21,19,29.00,940.25,10.00,Frequency_MHz,RSSI_dBm,0.02,-0.06,0.96,1.83,1.22,54.69,48.63,-41.74,-43.49,1,0.00,0.00,0,0,0,3.77,3.11,78.5,0,00,1,$
#,050,21,19,29.00,940.25,10.00,Frequency_MHz,RSSI_dBm,0.02,-0.06,0.96,1.83,1.22,54.69,48.63,-41.74,-43.49,1,0.00,0.00,0,0,0,3.77,3.11,78.5,0,00,1,$
#,050,21,19,29.00,940.25,10.00,Frequency_MHz,RSSI_dBm,0.02,-0.06,0.96,1.83,1.22,54.69,48.63,-41.74,-43.49,1,0.00,0.00,0,0,0,3.76,3.01,77.9,0,00,1,$
#,050,21,19,29.00,940.25,10.00,Frequency_MHz,RSSI_dBm,0.01,-0.06,0.98,0.67,0.37,1.40,49.21,-40.88,-42.61,1,0.00,0.00,0,0,0,3.76,3.01,79.0,0,00,1,$
#,050,21,20,29.00,940.25,10.00,Frequency_MHz,RSSI_dBm,0.01,-0.06,0.98,0.67,0.37,1.40,49.21,-40.88,-42.61,1,0.00,0.00,0,0,0,3.77,2.83,79.6,0,00,1,$
#,050,21,20,29.00,940.25,10.00,Frequency_MHz,RSSI_dBm,0.01,-0.06,0.98,-0.55,0.67,-12.88,48.27,-41.85,-43.04,1,0.00,0.00,0,0,0,3.77,2.82,80.1,0,00,1,$
#,050,22,20,29.00,940.25,10.00,Frequency_MHz,RSSI_dBm,0.01,-0.06,0.98,-0.55,0.67,-12.88,48.27,-41.85,-43.04,1,0.00,0.00,0,0,0,3.77,2.82,79.6,0,00,1,$
#,050,22,20,29.00,940.25,10.00,Frequency_MHz,RSSI_dBm,0.01,-0.06,0.98,-0.55,0.67,-12.88,48.27,-41.85,-43.04,1,0.00,0.00,0,0,0,3.76,2.67,80.1,0,00,1,$
#,050,22,20,29.00,940.25,10.00,Frequency_MHz,RSSI_dBm,0.01,-0.06,0.98,2.32,0.43,4.15,49.33,-41.65,-43.66,1,0.00,0.00,0,0,0,3.76,2.67,78.5,0,00,1,$
#,050,22,20,29.00,940.25,10.00,Frequency_MHz,RSSI_dBm,0.01,-0.06,0.98,2.32,0.43,4.15,49.33,-41.65,-43.66,1,0.00,0.00,0,0,0,3.77,2.80,79.6,0,00,1,$
#,050,22,20,29.00,940.25,10.00,Frequency_MHz,RSSI_dBm,0.01,-0.06,0.98,1.71,0.31,3.60,49.38,-40.77,-45.10,1,0.00,0.00,0,0,0,3.77,2.85,79.6,0,00,1,$
#,050,22,20,29.00,940.25,10.00,Frequency_MHz,RSSI_dBm,0.01,-0.06,0.98,1.71,0.31,3.60,49.38,-40.77,-45.10,1,0.00,0.00,0,0,0,3.77,2.85,79.0,0,00,1,$
#,050,22,20,29.00,940.25,10.00,Frequency_MHz,RSSI_dBm,0.01,-0.06,0.98,1.71,0.31,3.60,49.38,-40.77,-45.10,1,0.00,0.00,0,0,0,3.76,2.89,79.0,0,00,1,$
#,050,22,21,29.00,940.25,10.00,Frequency_MHz,RSSI_dBm,0.01,-0.05,0.98,1.22,0.37,2.50,48.38,-40.73,-43.70,1,0.00,0.00,0,0,0,3.76,2.89,77.9,0,00,1,$
#,050,23,21,29.00,940.25,10.00,Frequency_MHz,RSSI_dBm,0.01,-0.05,0.98,1.22,0.37,2.50,48.38,-40.73,-43.70,1,0.00,0.00,0,0,0,3.76,2.92,78.5,0,00,1,$
#,050,23,21,29.00,940.25,10.00,Frequency_MHz,RSSI_dBm,0.03,-0.06,1.02,1.10,0.55,5.07,48.61,-41.06,-42.86,1,0.00,0.00,0,0,0,3.76,2.92,80.1,0,00,1,$
#,050,23,21,29.00,940.25,10.00,Frequency_MHz,RSSI_dBm,0.03,-0.06,1.02,1.10,0.55,5.07,48.61,-41.06,-42.86,1,0.00,0.00,0,0,0,3.76,3.15,79.0,0,00,1,$
#,050,23,21,29.00,940.25,10.00,Frequency_MHz,RSSI_dBm,0.03,-0.06,1.02,1.10,0.55,5.07,48.61,-41.06,-42.86,1,0.00,0.00,0,0,0,3.76,2.87,78.5,0,00,1,$
#,050,23,21,29.00,940.25,10.00,Frequency_MHz,RSSI_dBm,0.01,-0.05,0.98,1.59,-0.49,1.77,48.18,-41.89,-43.49,1,0.00,0.00,0,0,0,3.76,2.87,79.6,0,00,1,$
#,050,23,21,29.00,940.25,10.00,Frequency_MHz,RSSI_dBm,0.01,-0.05,0.98,1.59,-0.49,1.77,48.18,-41.89,-43.49,1,0.00,0.00,0,0,0,3.76,2.97,80.1,0,00,1,$
#,050,23,21,29.00,940.25,10.00,Frequency_MHz,RSSI_dBm,0.02,-0.06,0.94,3.60,-2.14,54.02,48.80,-40.19,-43.16,1,0.00,0.00,0,0,0,3.76,2.97,80.1,0,00,1,$
#,050,23,21,29.00,940.25,10.00,Frequency_MHz,RSSI_dBm,0.02,-0.06,0.94,3.60,-2.14,54.02,48.80,-40.19,-43.16,1,0.00,0.00,0,0,0,3.76,2.93,79.6,0,00,1,$
#,050,24,22,29.00,940.25,10.00,Frequency_MHz,RSSI_dBm,0.02,-0.06,0.94,3.60,-2.14,54.02,48.80,-40.19,-43.16,1,0.00,0.00,0,0,0,3.76,2.66,80.1,0,00,1,$
#,050,24,22,29.00,940.25,10.00,Frequency_MHz,RSSI_dBm,0.01,-0.06,0.94,-1.04,-0.37,-18.13,49.06,-40.95,-41.71,1,0.00,0.00,0,0,0,3.76,2.66,79.6,0,00,1,$
#,050,24,22,29.00,940.25,10.00,Frequency_MHz,RSSI_dBm,0.01,-0.06,0.94,-1.04,-0.37,-18.13,49.06,-40.95,-41.71,1,0.00,0.00,0,0,0,3.77,2.92,80.7,0,00,1,$
#,050,24,22,29.00,940.25,10.00,Frequency_MHz,RSSI_dBm,0.01,-0.06,0.99,0.85,0.31,0.18,48.56,-40.89,-43.93,1,0.00,0.00,0,0,0,3.77,2.92,79.0,0,00,1,$
#,050,24,22,29.00,940.25,10.00,Frequency_MHz,RSSI_dBm,0.01,-0.06,0.99,0.85,0.31,0.18,48.56,-40.89,-43.93,1,0.00,0.00,0,0,0,3.77,2.75,79.6,0,00,1,$
#,050,24,22,29.00,940.25,10.00,Frequency_MHz,RSSI_dBm,0.01,-0.06,0.99,0.85,0.31,0.18,48.56,-40.89,-43.93,1,0.00,0.00,0,0,0,3.77,2.85,80.1,0,00,1,$
#,050,24,22,29.00,940.25,10.00,Frequency_MHz,RSSI_dBm,0.00,-0.06,0.99,2.08,0.67,1.22,48.40,-41.47,-42.53,1,0.00,0.00,0,0,0,3.77,2.85,80.7,0,00,1,$
#,050,24,22,29.00,940.25,10.00,Frequency_MHz,RSSI_dBm,0.00,-0.06,0.99,2.08,0.67,1.22,48.40,-41.47,-42.53,1,0.00,0.00,0,0,0,3.76,2.76,81.2,0,00,1,$
#,050,24,22,29.00,940.25,10.00,Frequency_MHz,RSSI_dBm,0.01,-0.06,0.99,0.92,0.49,0.85,49.27,-40.75,-44.74,1,0.00,0.00,0,0,0,3.76,2.76,81.2,0,00,1,$
#,050,25,23,29.00,940.25,10.00,Frequency_MHz,RSSI_dBm,0.01,-0.06,0.99,0.92,0.49,0.85,49.27,-40.75,-44.74,1,0.00,0.00,0,0,0,3.76,2.90,79.0,0,00,1,$
#,050,25,23,29.00,940.25,10.00,Frequency_MHz,RSSI_dBm,0.01,-0.06,0.99,0.92,0.49,0.85,49.27,-40.75,-44.74,1,0.00,0.00,0,0,0,3.76,3.04,79.0,0,00,1,$
#,050,25,23,29.00,940.25,10.00,Frequency_MHz,RSSI_dBm,0.01,-0.06,0.99,1.28,0.61,0.24,48.44,-40.65,-44.69,1,0.00,0.00,0,0,0,3.76,3.04,80.7,0,00,1,$
#,050,25,23,29.00,940.25,10.00,Frequency_MHz,RSSI_dBm,0.01,-0.06,0.99,1.28,0.61,0.24,48.44,-40.65,-44.69,1,0.00,0.00,0,0,0,3.76,2.91,81.2,0,00,1,$
#,050,25,23,29.00,940.25,10.00,Frequency_MHz,RSSI_dBm,0.02,-0.06,0.95,-6.71,0.85,-11.35,48.07,-42.00,-43.74,1,0.00,0.00,0,0,0,3.76,2.91,80.7,0,00,1,$
#,050,25,23,29.00,940.25,10.00,Frequency_MHz,RSSI_dBm,0.02,-0.06,0.95,-6.71,0.85,-11.35,48.07,-42.00,-43.74,1,0.00,0.00,0,0,0,3.76,2.77,80.7,0,00,1,$
#,050,25,23,29.00,940.25,10.00,Frequency_MHz,RSSI_dBm,0.02,-0.06,0.95,-6.71,0.85,-11.35,48.07,-42.00,-43.74,1,0.00,0.00,0,0,0,3.77,2.93,81.8,0,00,1,$
#,050,25,23,29.00,940.25,10.00,Frequency_MHz,RSSI_dBm,0.01,-0.06,0.98,0.61,-0.06,-2.01,49.16,-41.38,-43.79,1,0.00,0.00,0,0,0,3.77,2.93,81.8,0,00,1,$
#,050,26,23,29.00,940.25,10.00,Frequency_MHz,RSSI_dBm,0.01,-0.06,0.98,0.61,-0.06,-2.01,49.16,-41.38,-43.79,1,0.00,0.00,0,0,0,3.76,2.69,81.2,0,00,1,$
#,050,26,24,29.00,940.25,10.00,Frequency_MHz,RSSI_dBm,0.01,-0.06,0.94,-10.44,-0.49,-86.18,48.36,-41.85,-42.47,1,0.00,0.00,0,0,0,3.76,2.69,80.1,0,00,1,$
#,050,26,24,29.00,940.25,10.00,Frequency_MHz,RSSI_dBm,0.01,-0.06,0.94,-10.44,-0.49,-86.18,48.36,-41.85,-42.47,1,0.00,0.00,0,0,0,3.76,3.03,80.1,0,00,1,$
#,050,26,24,29.00,940.25,10.00,Frequency_MHz,RSSI_dBm,0.01,-0.06,0.98,1.10,0.37,0.98,49.01,-41.56,-44.43,1,0.00,0.00,0,0,0,3.76,2.98,81.2,0,00,1,$
#,050,26,24,29.00,940.25,10.00,Frequency_MHz,RSSI_dBm,0.01,-0.06,0.98,1.10,0.37,0.98,49.01,-41.56,-44.43,1,0.00,0.00,0,0,0,3.76,2.98,79.6,0,00,1,$
#,050,26,24,29.00,940.25,10.00,Frequency_MHz,RSSI_dBm,0.01,-0.06,0.98,1.10,0.37,0.98,49.01,-41.56,-44.43,1,0.00,0.00,0,0,0,3.76,2.92,80.7,0,00,1,$
#,050,26,24,29.00,940.25,10.00,Frequency_MHz,RSSI_dBm,0.01,-0.06,0.98,1.10,0.43,0.00,48.52,-41.22,-43.51,1,0.00,0.00,0,0,0,3.76,2.92,81.8,0,00,1,$
#,050,26,24,29.00,940.25,10.00,Frequency_MHz,RSSI_dBm,0.01,-0.06,0.98,1.10,0.43,0.00,48.52,-41.22,-43.51,1,0.00,0.00,0,0,0,3.76,3.16,81.2,0,00,1,$
#,050,27,24,29.00,940.25,10.00,Frequency_MHz,RSSI_dBm,0.01,-0.06,0.98,1.71,0.61,3.36,48.49,-41.27,-42.94,1,0.00,0.00,0,0,0,3.76,2.92,80.7,0,00,1,$
#,050,27,24,29.00,940.25,10.00,Frequency_MHz,RSSI_dBm,0.01,-0.06,0.98,1.71,0.61,3.36,48.49,-41.27,-42.94,1,0.00,0.00,0,0,0,3.76,2.92,81.2,0,00,1,$
#,050,27,25,29.00,940.25,10.00,Frequency_MHz,RSSI_dBm,0.01,-0.06,0.98,1.71,0.61,3.36,48.49,-41.27,-42.94,1,0.00,0.00,0,0,0,3.77,2.84,80.7,0,00,1,$
#,050,27,25,29.00,940.25,10.00,Frequency_MHz,RSSI_dBm,0.01,-0.06,0.98,0.92,0.31,1.22,48.77,-42.03,-165.25,1,0.00,0.00,0,0,0,3.77,2.84,81.8,0,00,1,$
#,050,27,25,29.00,940.25,10.00,Frequency_MHz,RSSI_dBm,0.01,-0.06,0.98,0.92,0.31,1.22,48.77,-42.03,-165.25,1,0.00,0.00,0,0,0,3.76,3.01,82.3,0,00,1,$
#,050,27,25,29.00,940.25,10.00,Frequency_MHz,RSSI_dBm,0.01,-0.06,0.98,1.28,0.37,1.16,49.07,-41.48,-44.42,1,0.00,0.00,0,0,0,3.76,3.09,80.1,0,00,1,$
#,050,27,25,29.00,940.25,10.00,Frequency_MHz,RSSI_dBm,0.01,-0.06,0.98,1.28,0.37,1.16,49.07,-41.48,-44.42,1,0.00,0.00,0,0,0,3.76,3.09,80.1,0,00,1,$
#,050,27,25,29.00,940.25,10.00,Frequency_MHz,RSSI_dBm,0.01,-0.06,0.98,1.28,0.37,1.16,49.07,-41.48,-44.42,1,0.00,0.00,0,0,0,3.75,3.15,80.7,0,00,1,$
#,050,27,25,29.00,940.25,10.00,Frequency_MHz,RSSI_dBm,0.01,-0.06,0.98,1.28,0.37,1.16,49.07,-41.48,-44.42,1,0.00,0.00,0,0,0,3.75,3.15,79.0,0,00,1,$
#,050,28,25,29.00,940.25,10.00,Frequency_MHz,RSSI_dBm,0.01,-0.06,0.98,1.28,0.37,1.16,49.07,-41.48,-44.42,1,0.00,0.00,0,0,0,3.83,1.60,79.0,0,00,1,$
#,050,28,25,29.00,940.25,10.00,Frequency_MHz,RSSI_dBm,0.01,-0.06,0.98,1.28,0.37,1.16,49.07,-41.48,-44.42,1,0.00,0.00,0,0,0,3.83,1.60,76.8,0,00,1,$
#,050,28,25,29.00,940.25,10.00,Frequency_MHz,RSSI_dBm,0.01,-0.06,0.98,1.28,0.37,1.16,49.07,-41.48,-44.42,1,0.00,0.00,0,0,0,3.83,1.50,77.9,0,00,1,$
#,050,28,26,29.00,940.25,10.00,Frequency_MHz,RSSI_dBm,0.01,-0.06,0.98,1.28,0.37,1.16,49.07,-41.48,-44.42,1,0.00,0.00,0,0,0,3.83,1.50,76.8,0,00,1,$
#,050,28,26,29.00,940.25,10.00,Frequency_MHz,RSSI_dBm,0.01,-0.06,0.98,1.28,0.37,1.16,49.07,-41.48,-44.42,1,0.00,0.00,0,0,0,3.82,1.60,77.4,0,00,1,$
#,050,28,26,29.00,940.25,10.00,Frequency_MHz,RSSI_dBm,0.01,-0.06,0.98,1.28,0.37,1.16,49.07,-41.48,-44.42,1,0.00,0.00,0,0,0,3.82,1.60,76.3,0,00,1,$
#,050,28,26,29.00,940.25,10.00,Frequency_MHz,RSSI_dBm,0.01,-0.06,0.98,1.28,0.37,1.16,49.07,-41.48,-44.42,1,0.00,0.00,0,0,0,3.82,1.61,76.8,0,00,1,$
#,050,28,26,29.00,940.25,10.00,Frequency_MHz,RSSI_dBm,0.01,-0.06,0.98,1.28,0.37,1.16,49.07,-41.48,-44.42,1,0.00,0.00,0,0,0,3.82,1.61,75.2,0,00,1,$
#,050,28,26,29.00,940.25,10.00,Frequency_MHz,RSSI_dBm,0.01,-0.06,0.98,1.28,0.37,1.16,49.07,-41.48,-44.42,1,0.00,0.00,0,0,0,3.82,1.65,75.2,0,00,1,$
#,050,29,26,29.00,940.25,10.00,Frequency_MHz,RSSI_dBm,0.01,-0.06,0.98,1.28,0.37,1.16,49.07,-41.48,-44.42,1,0.00,0.00,0,0,0,3.82,1.65,76.3,0,00,1,$
#,050,29,26,29.00,940.25,10.00,Frequency_MHz,RSSI_dBm,0.01,-0.06,0.98,1.28,0.37,1.16,49.07,-41.48,-44.42,1,0.00,0.00,0,0,0,3.82,1.60,75.2,0,00,1,$
#,050,29,26,29.00,940.25,10.00,Frequency_MHz,RSSI_dBm,0.01,-0.06,0.98,1.28,0.37,1.16,49.07,-41.48,-44.42,1,0.00,0.00,0,0,0,3.82,1.60,75.7,0,00,1,$
#,050,29,27,29.00,940.25,10.00,Frequency_MHz,RSSI_dBm,0.01,-0.06,0.98,1.28,0.37,1.16,49.07,-41.48,-44.42,1,0.00,0.00,0,0,0,3.79,2.11,76.3,0,00,1,$
#,050,29,27,29.00,940.25,10.00,Frequency_MHz,RSSI_dBm,0.01,-0.06,0.98,1.28,0.37,1.16,49.07,-41.48,-44.42,1,0.00,0.00,0,0,0,3.79,2.11,75.7,0,00,1,$
#,050,29,27,29.00,940.25,10.00,Frequency_MHz,RSSI_dBm,0.01,-0.06,0.98,1.28,0.37,1.16,49.07,-41.48,-44.42,1,0.00,0.00,0,0,0,3.82,1.56,75.2,0,00,1,$
#,050,29,27,29.00,940.25,10.00,Frequency_MHz,RSSI_dBm,0.01,-0.06,0.98,1.28,0.37,1.16,49.07,-41.48,-44.42,1,0.00,0.00,0,0,0,3.83,1.55,74.7,0,00,1,$
#,050,29,27,29.00,940.25,10.00,Frequency_MHz,RSSI_dBm,0.01,-0.06,0.98,1.28,0.37,1.16,49.07,-41.48,-44.42,1,0.00,0.00,0,0,0,3.83,1.55,73.6,0,00,1,$
#,050,29,27,29.00,940.25,10.00,Frequency_MHz,RSSI_dBm,0.01,-0.06,0.98,1.28,0.37,1.16,49.07,-41.48,-44.42,1,0.00,0.00,0,0,0,3.83,1.54,75.2,0,00,1,$
#,050,29,27,29.00,940.25,10.00,Frequency_MHz,RSSI_dBm,0.01,-0.06,0.98,1.28,0.37,1.16,49.07,-41.48,-44.42,1,0.00,0.00,0,0,0,3.83,1.54,74.7,0,00,1,$
#,050,30,27,29.00,940.25,10.00,Frequency_MHz,RSSI_dBm,0.01,-0.06,0.98,1.28,0.37,1.16,49.07,-41.48,-44.42,1,0.00,0.00,0,0,0,3.83,1.62,73.6,0,00,1,$
#,050,30,27,29.00,940.25,10.00,Frequency_MHz,RSSI_dBm,0.01,-0.06,0.98,1.28,0.37,1.16,49.07,-41.48,-44.42,1,0.00,0.00,0,0,0,3.83,1.62,73.0,0,00,1,$
#,050,30,27,29.00,940.25,10.00,Frequency_MHz,RSSI_dBm,0.01,-0.06,0.98,1.28,0.37,1.16,49.07,-41.48,-44.42,1,0.00,0.00,0,0,0,3.84,1.43,74.7,0,00,1,$
#,050,30,28,29.00,940.25,10.00,Frequency_MHz,RSSI_dBm,0.01,-0.06,0.98,1.28,0.37,1.16,49.07,-41.48,-44.42,1,0.00,0.00,0,0,0,3.84,1.43,74.7,0,00,1,$
#,050,30,28,29.00,940.25,10.00,Frequency_MHz,RSSI_dBm,0.01,-0.06,0.98,1.28,0.37,1.16,49.07,-41.48,-44.42,1,0.00,0.00,0,0,0,3.82,1.57,72.5,0,00,1,$
#,050,30,28,29.00,940.25,10.00,Frequency_MHz,RSSI_dBm,0.01,-0.06,0.98,1.28,0.37,1.16,49.07,-41.48,-44.42,1,0.00,0.00,0,0,0,3.82,1.57,73.0,0,00,1,$
#,050,30,28,29.00,940.25,10.00,Frequency_MHz,RSSI_dBm,0.01,-0.06,0.98,1.28,0.37,1.16,49.07,-41.48,-44.42,1,0.00,0.00,0,0,0,3.83,1.54,73.0,0,00,1,$
#,050,30,28,29.00,940.25,10.00,Frequency_MHz,RSSI_dBm,0.01,-0.06,0.98,1.28,0.37,1.16,49.07,-41.48,-44.42,1,0.00,0.00,0,0,0,3.83,1.54,71.9,0,00,1,$
#,050,30,28,29.00,940.25,10.00,Frequency_MHz,RSSI_dBm,0.01,-0.06,0.98,1.28,0.37,1.16,49.07,-41.48,-44.42,1,0.00,0.00,0,0,0,3.83,1.54,71.9,0,00,1,$
#,050,31,28,29.00,940.25,10.00,Frequency_MHz,RSSI_dBm,0.01,-0.06,0.98,1.28,0.37,1.16,49.07,-41.48,-44.42,1,0.00,0.00,0,0,0,3.83,1.54,71.9,0,00,1,$
#,050,31,28,29.00,940.25,10.00,Frequency_MHz,RSSI_dBm,0.01,-0.06,0.98,1.28,0.37,1.16,49.07,-41.48,-44.42,1,0.00,0.00,0,0,0,3.82,1.66,72.5,0,00,1,$
#,050,31,28,29.00,940.25,10.00,Frequency_MHz,RSSI_dBm,0.01,-0.06,0.98,1.28,0.37,1.16,49.07,-41.48,-44.42,1,0.00,0.00,0,0,0,3.82,1.66,72.5,0,00,1,$
#,050,31,28,29.00,940.25,10.00,Frequency_MHz,RSSI_dBm,0.01,-0.06,0.98,1.28,0.37,1.16,49.07,-41.48,-44.42,1,0.00,0.00,0,0,0,3.84,1.43,70.8,0,00,1,$
#,050,31,29,29.00,940.25,10.00,Frequency_MHz,RSSI_dBm,0.01,-0.06,0.98,1.28,0.37,1.16,49.07,-41.48,-44.42,1,0.00,0.00,0,0,0,3.84,1.43,71.9,0,00,1,$
#,050,31,29,29.00,940.25,10.00,Frequency_MHz,RSSI_dBm,0.01,-0.06,0.98,1.28,0.37,1.16,49.07,-41.48,-44.42,1,0.00,0.00,0,0,0,3.83,1.61,71.4,0,00,1,$
#,050,31,29,29.00,940.25,10.00,Frequency_MHz,RSSI_dBm,0.01,-0.06,0.98,1.28,0.37,1.16,49.07,-41.48,-44.42,1,0.00,0.00,0,0,0,3.83,1.61,72.5,0,00,1,$
#,050,31,29,29.00,940.25,10.00,Frequency_MHz,RSSI_dBm,0.01,-0.06,0.98,1.28,0.37,1.16,49.07,-41.48,-44.42,1,0.00,0.00,0,0,0,3.83,1.61,71.9,0,00,1,$
#,050,31,29,29.00,940.25,10.00,Frequency_MHz,RSSI_dBm,0.01,-0.06,0.98,1.28,0.37,1.16,49.07,-41.48,-44.42,1,0.00,0.00,0,0,0,3.83,1.61,70.8,0,00,1,$
#,050,31,29,29.00,940.25,10.00,Frequency_MHz,RSSI_dBm,0.01,-0.06,0.98,1.28,0.37,1.16,49.07,-41.48,-44.42,1,0.00,0.00,0,0,0,3.83,1.61,71.9,0,00,1,$
#,050,32,29,29.00,940.25,10.00,Frequency_MHz,RSSI_dBm,0.01,-0.06,0.99,2.32,0.55,2.44,46.30,-42.96,-39.92,1,0.00,0.00,0,0,0,3.83,1.61,71.4,0,00,1,$
#,050,32,29,29.00,940.25,10.00,Frequency_MHz,RSSI_dBm,0.01,-0.05,0.98,0.98,0.49,0.79,49.57,-41.64,-44.01,1,0.00,0.00,0,0,0,3.78,2.66,73.6,0,00,1,$
#,050,32,29,29.00,940.25,10.00,Frequency_MHz,RSSI_dBm,0.01,-0.05,0.98,0.98,0.49,0.79,49.57,-41.64,-44.01,1,0.00,0.00,0,0,0,3.78,2.51,74.7,0,00,1,$
#,050,32,29,29.00,940.25,10.00,Frequency_MHz,RSSI_dBm,0.01,-0.05,0.99,0.12,-0.55,0.67,48.67,-41.32,-42.86,1,0.00,0.00,0,0,0,3.78,2.51,74.1,0,00,1,$
#,050,32,30,29.00,940.25,10.00,Frequency_MHz,RSSI_dBm,0.01,-0.05,0.99,0.12,-0.55,0.67,48.67,-41.32,-42.86,1,0.00,0.00,0,0,0,3.76,3.04,75.2,0,00,1,$
#,050,32,30,29.00,940.25,10.00,Frequency_MHz,RSSI_dBm,0.01,-0.05,0.99,0.12,-0.55,0.67,48.67,-41.32,-42.86,1,0.00,0.00,0,0,0,3.76,3.04,75.2,0,00,1,$
#,050,32,30,29.00,940.25,10.00,Frequency_MHz,RSSI_dBm,0.01,-0.05,1.00,-10.68,-1.71,-39.73,49.08,-41.55,-44.71,1,0.00,0.00,0,0,0,3.76,3.09,74.7,0,00,1,$
#,050,32,30,29.00,940.25,10.00,Frequency_MHz,RSSI_dBm,0.01,-0.05,1.00,-10.68,-1.71,-39.73,49.08,-41.55,-44.71,1,0.00,0.00,0,0,0,3.76,3.09,75.7,0,00,1,$
#,050,33,30,29.00,940.25,10.00,Frequency_MHz,RSSI_dBm,0.01,-0.05,1.00,-10.68,-1.71,-39.73,49.08,-41.55,-44.71,1,0.00,0.00,0,0,0,3.76,3.01,75.7,0,00,1,$
#,050,33,30,29.00,940.25,10.00,Frequency_MHz,RSSI_dBm,0.01,-0.05,1.00,-10.68,-1.71,-39.73,49.08,-41.55,-44.71,1,0.00,0.00,0,0,0,3.76,2.93,75.2,0,00,1,$
#,050,33,30,29.00,940.25,10.00,Frequency_MHz,RSSI_dBm,0.01,-0.05,1.00,-10.68,-1.71,-39.73,49.08,-41.55,-44.71,1,0.00,0.00,0,0,0,3.76,2.93,73.0,0,00,1,$
#,050,33,30,29.00,940.25,10.00,Frequency_MHz,RSSI_dBm,0.01,-0.05,1.00,-10.68,-1.71,-39.73,49.08,-41.55,-44.71,1,0.00,0.00,0,0,0,3.84,1.47,73.6,0,00,1,$
#,050,33,30,29.00,940.25,10.00,Frequency_MHz,RSSI_dBm,0.01,-0.05,1.00,-10.68,-1.71,-39.73,49.08,-41.55,-44.71,1,0.00,0.00,0,0,0,3.84,1.47,73.6,0,00,1,$
#,050,33,31,29.00,940.25,10.00,Frequency_MHz,RSSI_dBm,0.01,-0.05,1.00,-10.68,-1.71,-39.73,49.08,-41.55,-44.71,1,0.00,0.00,0,0,0,3.83,1.54,71.9,0,00,1,$
#,050,33,31,29.00,940.25,10.00,Frequency_MHz,RSSI_dBm,0.01,-0.05,1.00,-10.68,-1.71,-39.73,49.08,-41.55,-44.71,1,0.00,0.00,0,0,0,3.83,1.54,72.5,0,00,1,$
#,050,33,31,29.00,940.25,10.00,Frequency_MHz,RSSI_dBm,0.01,-0.05,1.00,-10.68,-1.71,-39.73,49.08,-41.55,-44.71,1,0.00,0.00,0,0,0,3.83,1.56,71.4,0,00,1,$
#,050,33,31,29.00,940.25,10.00,Frequency_MHz,RSSI_dBm,0.01,-0.05,1.00,-10.68,-1.71,-39.73,49.08,-41.55,-44.71,1,0.00,0.00,0,0,0,3.83,1.56,71.9,0,00,1,$
#,050,33,31,29.00,940.25,10.00,Frequency_MHz,RSSI_dBm,0.01,-0.05,1.00,-10.68,-1.71,-39.73,49.08,-41.55,-44.71,1,0.00,0.00,0,0,0,3.83,1.56,71.9,0,00,1,$
#,050,34,31,29.00,940.25,10.00,Frequency_MHz,RSSI_dBm,0.01,-0.05,1.00,-10.68,-1.71,-39.73,49.08,-41.55,-44.71,1,0.00,0.00,0,0,0,3.83,1.56,71.9,0,00,1,$
#,050,34,31,29.00,940.25,10.00,Frequency_MHz,RSSI_dBm,0.01,-0.05,1.00,-10.68,-1.71,-39.73,49.08,-41.55,-44.71,1,0.00,0.00,0,0,0,3.83,1.61,70.8,0,00,1,$
#,050,34,31,29.00,940.25,10.00,Frequency_MHz,RSSI_dBm,0.01,-0.05,1.00,-10.68,-1.71,-39.73,49.08,-41.55,-44.71,1,0.00,0.00,0,0,0,3.83,1.61,71.4,0,00,1,$
#,050,34,31,29.00,940.25,10.00,Frequency_MHz,RSSI_dBm,0.01,-0.05,1.00,-10.68,-1.71,-39.73,49.08,-41.55,-44.71,1,0.00,0.00,0,0,0,3.84,1.50,70.3,0,00,1,$
#,050,34,32,29.00,940.25,10.00,Frequency_MHz,RSSI_dBm,0.01,-0.05,1.00,-10.68,-1.71,-39.73,49.08,-41.55,-44.71,1,0.00,0.00,0,0,0,3.84,1.50,71.9,0,00,1,$
#,050,34,32,29.00,940.25,10.00,Frequency_MHz,RSSI_dBm,0.01,-0.05,1.00,-10.68,-1.71,-39.73,49.08,-41.55,-44.71,1,0.00,0.00,0,0,0,3.82,1.64,71.9,0,00,1,$
#,050,34,32,29.00,940.25,10.00,Frequency_MHz,RSSI_dBm,0.01,-0.05,1.00,-10.68,-1.71,-39.73,49.08,-41.55,-44.71,1,0.00,0.00,0,0,0,3.82,1.64,71.4,0,00,1,$
#,050,34,32,29.00,940.25,10.00,Frequency_MHz,RSSI_dBm,0.01,-0.05,1.00,-10.68,-1.71,-39.73,49.08,-41.55,-44.71,1,0.00,0.00,0,0,0,3.83,1.54,70.3,0,00,1,$
#,050,34,32,29.00,940.25,10.00,Frequency_MHz,RSSI_dBm,0.01,-0.05,1.00,-10.68,-1.71,-39.73,49.08,-41.55,-44.71,1,0.00,0.00,0,0,0,3.83,1.54,70.3,0,00,1,$
#,050,35,32,29.00,940.25,10.00,Frequency_MHz,RSSI_dBm,0.01,-0.05,1.00,-10.68,-1.71,-39.73,49.08,-41.55,-44.71,1,0.00,0.00,0,0,0,3.83,1.60,70.8,0,00,1,$
#,050,35,32,29.00,940.25,10.00,Frequency_MHz,RSSI_dBm,0.01,-0.05,1.00,-10.68,-1.71,-39.73,49.08,-41.55,-44.71,1,0.00,0.00,0,0,0,3.83,1.60,70.8,0,00,1,$
#,050,35,32,29.00,940.25,10.00,Frequency_MHz,RSSI_dBm,0.01,-0.05,1.00,-10.68,-1.71,-39.73,49.08,-41.55,-44.71,1,0.00,0.00,0,0,0,3.83,1.61,69.2,0,00,1,$
#,050,35,32,29.00,940.25,10.00,Frequency_MHz,RSSI_dBm,0.01,-0.05,1.00,-10.68,-1.71,-39.73,49.08,-41.55,-44.71,1,0.00,0.00,0,0,0,3.83,1.61,69.2,0,00,1,$
#,050,35,32,29.00,940.25,10.00,Frequency_MHz,RSSI_dBm,0.01,-0.05,1.00,-10.68,-1.71,-39.73,49.08,-41.55,-44.71,1,0.00,0.00,0,0,0,3.84,1.41,70.3,0,00,1,$
#,050,35,33,29.00,940.25,10.00,Frequency_MHz,RSSI_dBm,0.01,-0.05,1.00,-10.68,-1.71,-39.73,49.08,-41.55,-44.71,1,0.00,0.00,0,0,0,3.84,1.70,70.3,0,00,1,$
#,050,35,33,29.00,940.25,10.00,Frequency_MHz,RSSI_dBm,0.01,-0.05,1.00,-10.68,-1.71,-39.73,49.08,-41.55,-44.71,1,0.00,0.00,0,0,0,3.84,1.70,69.7,0,00,1,$
#,050,35,33,29.00,940.25,10.00,Frequency_MHz,RSSI_dBm,0.01,-0.05,1.00,-10.68,-1.71,-39.73,49.08,-41.55,-44.71,1,0.00,0.00,0,0,0,3.83,1.51,70.8,0,00,1,$
#,050,35,33,29.00,940.25,10.00,Frequency_MHz,RSSI_dBm,0.01,-0.05,1.00,-10.68,-1.71,-39.73,49.08,-41.55,-44.71,1,0.00,0.00,0,0,0,3.83,1.51,68.6,0,00,1,$
#,050,35,33,29.00,940.25,10.00,Frequency_MHz,RSSI_dBm,0.01,-0.05,1.00,-10.68,-1.71,-39.73,49.08,-41.55,-44.71,1,0.00,0.00,0,0,0,3.83,1.51,70.3,0,00,1,$
#,050,36,33,29.00,940.25,10.00,Frequency_MHz,RSSI_dBm,0.01,-0.05,1.00,-10.68,-1.71,-39.73,49.08,-41.55,-44.71,1,0.00,0.00,0,0,0,3.83,1.51,70.3,0,00,1,$
#,050,36,33,29.00,940.25,10.00,Frequency_MHz,RSSI_dBm,0.01,-0.05,1.00,-10.68,-1.71,-39.73,49.08,-41.55,-44.71,1,0.00,0.00,0,0,0,3.83,1.51,68.1,0,00,1,$
#,050,36,33,29.00,940.25,10.00,Frequency_MHz,RSSI_dBm,0.01,-0.05,1.00,-10.68,-1.71,-39.73,49.08,-41.55,-44.71,1,0.00,0.00,0,0,0,3.83,1.51,69.7,0,00,1,$
#,050,36,33,29.00,940.25,10.00,Frequency_MHz,RSSI_dBm,0.01,-0.05,1.00,-10.68,-1.71,-39.73,49.08,-41.55,-44.71,1,0.00,0.00,0,0,0,3.84,1.42,69.7,0,00,1,$
#,050,36,33,29.00,940.25,10.00,Frequency_MHz,RSSI_dBm,0.01,-0.05,1.00,-10.68,-1.71,-39.73,49.08,-41.55,-44.71,1,0.00,0.00,0,0,0,3.84,1.42,68.1,0,00,1,$
#,050,36,34,29.00,940.25,10.00,Frequency_MHz,RSSI_dBm,0.01,-0.05,1.00,-10.68,-1.71,-39.73,49.08,-41.55,-44.71,1,0.00,0.00,0,0,0,3.83,1.41,68.6,0,00,1,$
#,050,36,34,29.00,940.25,10.00,Frequency_MHz,RSSI_dBm,0.01,-0.05,1.00,-10.68,-1.71,-39.73,49.08,-41.55,-44.71,1,0.00,0.00,0,0,0,3.83,1.41,69.2,0,00,1,$
#,050,36,34,29.00,940.25,10.00,Frequency_MHz,RSSI_dBm,0.01,-0.05,1.00,-10.68,-1.71,-39.73,49.08,-41.55,-44.71,1,0.00,0.00,0,0,0,3.83,1.54,67.5,0,00,1,$
#,050,37,34,29.00,940.25,10.00,Frequency_MHz,RSSI_dBm,0.01,-0.05,1.00,-10.68,-1.71,-39.73,49.08,-41.55,-44.71,1,0.00,0.00,0,0,0,3.83,1.53,68.1,0,00,1,$
#,050,37,34,29.00,940.25,10.00,Frequency_MHz,RSSI_dBm,0.01,-0.05,1.00,-10.68,-1.71,-39.73,49.08,-41.55,-44.71,1,0.00,0.00,0,0,0,3.83,1.49,69.2,0,00,1,$
#,050,37,34,29.00,940.25,10.00,Frequency_MHz,RSSI_dBm,0.01,-0.05,1.00,-10.68,-1.71,-39.73,49.08,-41.55,-44.71,1,0.00,0.00,0,0,0,3.83,1.49,67.0,0,00,1,$
#,050,37,34,29.00,940.25,10.00,Frequency_MHz,RSSI_dBm,0.01,-0.05,1.00,-10.68,-1.71,-39.73,49.08,-41.55,-44.71,1,0.00,0.00,0,0,0,3.85,1.21,68.1,0,00,1,$
#,050,37,34,29.00,940.25,10.00,Frequency_MHz,RSSI_dBm,0.01,-0.05,1.00,-10.68,-1.71,-39.73,49.08,-41.55,-44.71,1,0.00,0.00,0,0,0,3.85,1.21,67.0,0,00,1,$
#,050,37,35,29.00,940.25,10.00,Frequency_MHz,RSSI_dBm,0.01,-0.05,1.00,-10.68,-1.71,-39.73,49.08,-41.55,-44.71,1,0.00,0.00,0,0,0,3.84,1.54,67.5,0,00,1,$
#,050,37,35,29.00,940.25,10.00,Frequency_MHz,RSSI_dBm,0.02,-0.05,0.96,-11.11,3.42,-29.24,46.85,-43.02,-38.64,1,0.00,0.00,0,0,0,3.84,1.54,69.2,0,00,1,$
#,050,37,35,29.00,940.25,10.00,Frequency_MHz,RSSI_dBm,0.02,-0.06,0.94,8.24,-1.28,42.30,49.46,-42.00,-43.40,1,0.00,0.00,0,0,0,3.79,2.43,69.7,0,00,1,$
#,050,37,35,29.00,940.25,10.00,Frequency_MHz,RSSI_dBm,0.02,-0.06,0.94,8.24,-1.28,42.30,49.46,-42.00,-43.40,1,0.00,0.00,0,0,0,3.76,3.04,70.3,0,00,1,$
#,050,38,35,29.00,940.25,10.00,Frequency_MHz,RSSI_dBm,0.02,-0.06,0.94,8.24,-1.28,42.30,49.46,-42.00,-43.40,1,0.00,0.00,0,0,0,3.76,3.04,70.3,0,00,1,$
#,050,38,35,29.00,940.25,10.00,Frequency_MHz,RSSI_dBm,0.01,-0.06,0.98,2.50,0.31,7.87,48.39,-41.92,-42.30,1,0.00,0.00,0,0,0,3.82,1.64,70.3,0,00,1,$
#,050,38,35,29.00,940.25,10.00,Frequency_MHz,RSSI_dBm,0.01,-0.06,0.98,2.50,0.31,7.87,48.39,-41.92,-42.30,1,0.00,0.00,0,0,0,3.77,2.75,71.9,0,00,1,$
#,050,38,35,29.00,940.25,10.00,Frequency_MHz,RSSI_dBm,0.01,-0.06,0.99,0.85,0.49,1.22,49.13,-42.26,-41.03,1,0.00,0.00,0,0,0,3.77,2.75,72.5,0,00,1,$
#,050,38,36,29.00,940.25,10.00,Frequency_MHz,RSSI_dBm,0.01,-0.06,0.99,0.85,0.49,1.22,49.13,-42.26,-41.03,1,0.00,0.00,0,0,0,3.78,2.74,73.0,0,00,1,$
#,050,38,36,29.00,940.25,10.00,Frequency_MHz,RSSI_dBm,0.01,-0.06,0.98,2.44,0.49,2.93,49.55,-41.26,-42.44,1,0.00,0.00,0,0,0,3.78,2.98,73.6,0,00,1,$
#,050,38,36,29.00,940.25,10.00,Frequency_MHz,RSSI_dBm,0.01,-0.06,0.98,2.44,0.49,2.93,49.55,-41.26,-42.44,1,0.00,0.00,0,0,0,3.78,2.98,72.5,0,00,1,$
#,050,39,36,29.00,940.25,10.00,Frequency_MHz,RSSI_dBm,0.01,-0.06,0.98,2.44,0.49,2.93,49.55,-41.26,-42.44,1,0.00,0.00,0,0,0,3.76,2.82,74.1,0,00,1,$
#,050,39,36,29.00,940.25,10.00,Frequency_MHz,RSSI_dBm,0.01,-0.06,0.98,1.53,0.67,1.77,49.61,-41.81,-42.09,1,0.00,0.00,0,0,0,3.76,2.82,73.0,0,00,1,$
#,050,39,36,29.00,940.25,10.00,Frequency_MHz,RSSI_dBm,0.01,-0.06,0.98,1.53,0.67,1.77,49.61,-41.81,-42.09,1,0.00,0.00,0,0,0,3.77,2.92,73.6,0,00,1,$
#,050,39,36,29.00,940.25,10.00,Frequency_MHz,RSSI_dBm,0.01,-0.05,0.98,0.98,-0.37,2.08,48.84,-42.08,-42.41,1,0.00,0.00,0,0,0,3.77,2.69,73.0,0,00,1,$
#,050,39,36,29.00,940.25,10.00,Frequency_MHz,RSSI_dBm,0.01,-0.05,0.98,0.98,-0.37,2.08,48.84,-42.08,-42.41,1,0.00,0.00,0,0,0,3.77,2.69,73.6,0,00,1,$
#,050,39,36,29.00,940.25,10.00,Frequency_MHz,RSSI_dBm,0.01,-0.05,0.98,0.98,-0.37,2.08,48.84,-42.08,-42.41,1,0.00,0.00,0,0,0,3.78,2.75,75.2,0,00,1,$
#,050,39,37,29.00,940.25,10.00,Frequency_MHz,RSSI_dBm,0.02,-0.05,0.95,-8.42,0.73,-19.23,48.47,-41.67,-41.99,1,0.00,0.00,0,0,0,3.78,2.75,75.2,0,00,1,$
#,050,39,37,29.00,940.25,10.00,Frequency_MHz,RSSI_dBm,0.02,-0.05,0.95,-8.42,0.73,-19.23,48.47,-41.67,-41.99,1,0.00,0.00,0,0,0,3.76,2.96,74.7,0,00,1,$
#,050,39,37,29.00,940.25,10.00,Frequency_MHz,RSSI_dBm,0.01,-0.06,0.99,1.22,0.31,-1.95,48.58,-41.89,-41.32,1,0.00,0.00,0,0,0,3.76,2.96,75.7,0,00,1,$
#,050,40,37,29.00,940.25,10.00,Frequency_MHz,RSSI_dBm,0.01,-0.06,0.99,1.22,0.31,-1.95,48.58,-41.89,-41.32,1,0.00,0.00,0,0,0,3.76,2.92,74.1,0,00,1,$
#,050,40,37,29.00,940.25,10.00,Frequency_MHz,RSSI_dBm,0.01,-0.06,0.99,1.22,0.31,-1.95,48.58,-41.89,-41.32,1,0.00,0.00,0,0,0,3.77,2.77,76.3,0,00,1,$
#,050,40,37,29.00,940.25,10.00,Frequency_MHz,RSSI_dBm,0.02,-0.06,0.94,7.87,-0.98,40.22,48.36,-42.09,-43.14,1,0.00,0.00,0,0,0,3.77,2.77,76.3,0,00,1,$
#,050,40,37,29.00,940.25,10.00,Frequency_MHz,RSSI_dBm,0.02,-0.06,0.94,7.87,-0.98,40.22,48.36,-42.09,-43.14,1,0.00,0.00,0,0,0,3.76,2.88,76.3,0,00,1,$
#,050,40,37,29.00,940.25,10.00,Frequency_MHz,RSSI_dBm,0.01,-0.06,0.99,0.92,0.43,0.92,49.46,-40.56,-42.61,1,0.00,0.00,0,0,0,3.76,2.88,76.3,0,00,1,$
#,050,40,37,29.00,940.25,10.00,Frequency_MHz,RSSI_dBm,0.01,-0.06,0.99,0.92,0.43,0.92,49.46,-40.56,-42.61,1,0.00,0.00,0,0,0,3.77,2.63,75.2,0,00,1,$
#,050,40,38,29.00,940.25,10.00,Frequency_MHz,RSSI_dBm,0.01,-0.06,0.98,1.65,0.55,3.66,50.15,-41.27,-42.41,1,0.00,0.00,0,0,0,3.76,2.94,76.8,0,00,1,$
#,050,40,38,29.00,940.25,10.00,Frequency_MHz,RSSI_dBm,0.01,-0.06,0.98,1.65,0.55,3.66,50.15,-41.27,-42.41,1,0.00,0.00,0,0,0,3.76,2.94,75.7,0,00,1,$
#,050,41,38,29.00,940.25,10.00,Frequency_MHz,RSSI_dBm,0.01,-0.06,0.98,1.65,0.55,3.66,50.15,-41.27,-42.41,1,0.00,0.00,0,0,0,3.76,2.98,76.8,0,00,1,$
#,050,41,38,29.00,940.25,10.00,Frequency_MHz,RSSI_dBm,0.01,-0.06,0.99,2.08,0.67,2.81,49.68,-42.27,-207.03,1,0.00,0.00,0,0,0,3.76,2.98,77.4,0,00,1,$
#,050,41,38,29.00,940.25,10.00,Frequency_MHz,RSSI_dBm,0.01,-0.06,0.99,2.08,0.67,2.81,49.68,-42.27,-207.03,1,0.00,0.00,0,0,0,3.76,2.96,76.8,0,00,1,$
#,050,41,38,29.00,940.25,10.00,Frequency_MHz,RSSI_dBm,0.01,-0.06,0.99,1.40,0.67,1.53,49.44,-42.35,-42.79,1,0.00,0.00,0,0,0,3.76,2.83,76.8,0,00,1,$
#,050,41,38,29.00,940.25,10.00,Frequency_MHz,RSSI_dBm,0.01,-0.06,0.99,1.40,0.67,1.53,49.44,-42.35,-42.79,1,0.00,0.00,0,0,0,3.76,2.83,76.8,0,00,1,$
#,050,41,38,29.00,940.25,10.00,Frequency_MHz,RSSI_dBm,0.01,-0.06,0.99,1.40,0.67,1.53,49.44,-42.35,-42.79,1,0.00,0.00,0,0,0,3.77,2.65,75.7,0,00,1,$
#,050,41,38,29.00,940.25,10.00,Frequency_MHz,RSSI_dBm,0.00,-0.05,0.98,-1.95,0.43,37.35,48.40,-41.66,-42.22,1,0.00,0.00,0,0,0,3.77,2.65,76.3,0,00,1,$
#,050,41,39,29.00,940.25,10.00,Frequency_MHz,RSSI_dBm,0.00,-0.05,0.98,-1.95,0.43,37.35,48.40,-41.66,-42.22,1,0.00,0.00,0,0,0,3.77,2.73,77.4,0,00,1,$
#,050,42,39,29.00,940.25,10.00,Frequency_MHz,RSSI_dBm,0.02,-0.05,0.94,-8.36,2.87,-38.09,49.37,-41.92,-44.47,1,0.00,0.00,0,0,0,3.76,2.88,77.9,0,00,1,$
#,050,42,39,29.00,940.25,10.00,Frequency_MHz,RSSI_dBm,0.02,-0.05,0.94,-8.36,2.87,-38.09,49.37,-41.92,-44.47,1,0.00,0.00,0,0,0,3.76,2.88,76.3,0,00,1,$
#,050,42,39,29.00,940.25,10.00,Frequency_MHz,RSSI_dBm,0.02,-0.05,0.94,-8.36,2.87,-38.09,49.37,-41.92,-44.47,1,0.00,0.00,0,0,0,3.76,2.97,77.9,0,00,1,$
#,050,42,39,29.00,940.25,10.00,Frequency_MHz,RSSI_dBm,0.02,-0.06,0.95,0.67,15.50,1.16,49.45,-41.99,-44.17,1,0.00,0.00,0,0,0,3.76,2.97,78.5,0,00,1,$
#,050,42,39,29.00,940.25,10.00,Frequency_MHz,RSSI_dBm,0.02,-0.06,0.95,0.67,15.50,1.16,49.45,-41.99,-44.17,1,0.00,0.00,0,0,0,3.76,2.90,77.4,0,00,1,$
#,050,42,39,29.00,940.25,10.00,Frequency_MHz,RSSI_dBm,0.01,-0.06,0.99,0.79,0.37,1.53,48.49,-41.82,-43.27,1,0.00,0.00,0,0,0,3.76,2.60,77.4,0,00,1,$
#,050,42,39,29.00,940.25,10.00,Frequency_MHz,RSSI_dBm,0.01,-0.06,0.99,0.79,0.37,1.53,48.49,-41.82,-43.27,1,0.00,0.00,0,0,0,3.76,2.60,79.0,0,00,1,$
#,050,42,39,29.00,940.25,10.00,Frequency_MHz,RSSI_dBm,0.01,-0.06,0.99,0.79,0.37,1.53,48.49,-41.82,-43.27,1,0.00,0.00,0,0,0,3.77,2.85,77.9,0,00,1,$
#,050,43,40,29.00,940.25,10.00,Frequency_MHz,RSSI_dBm,0.01,-0.06,0.99,0.79,0.37,1.53,48.49,-41.82,-43.27,1,0.00,0.00,0,0,0,3.77,2.85,77.9,0,00,1,$
#,050,43,40,29.00,940.25,10.00,Frequency_MHz,RSSI_dBm,0.01,-0.06,0.99,0.73,0.49,1.10,49.19,-41.22,-45.25,1,0.00,0.00,0,0,0,3.76,3.04,79.0,0,00,1,$
#,050,43,40,29.00,940.25,10.00,Frequency_MHz,RSSI_dBm,0.01,-0.06,1.01,2.32,0.92,2.38,47.42,-41.33,-42.60,1,0.00,0.00,0,0,0,3.75,3.01,79.0,0,00,1,$
#,050,43,40,29.00,940.25,10.00,Frequency_MHz,RSSI_dBm,0.01,-0.06,1.01,2.32,0.92,2.38,47.42,-41.33,-42.60,1,0.00,0.00,0,0,0,3.75,3.01,77.9,0,00,1,$
#,050,43,40,29.00,940.25,10.00,Frequency_MHz,RSSI_dBm,0.01,-0.06,1.01,2.32,0.92,2.38,47.42,-41.33,-42.60,1,0.00,0.00,0,0,0,3.76,3.03,77.9,0,00,1,$
#,050,43,40,29.00,940.25,10.00,Frequency_MHz,RSSI_dBm,0.01,-0.06,0.99,1.16,0.37,0.31,48.23,-41.48,-44.63,1,0.00,0.00,0,0,0,3.76,3.03,78.5,0,00,1,$
#,050,43,40,29.00,940.25,10.00,Frequency_MHz,RSSI_dBm,0.01,-0.06,0.99,1.16,0.37,0.31,48.23,-41.48,-44.63,1,0.00,0.00,0,0,0,3.76,2.83,77.4,0,00,1,$
#,050,43,40,29.00,940.25,10.00,Frequency_MHz,RSSI_dBm,0.01,-0.05,0.99,1.53,0.49,0.98,48.58,-40.61,-43.86,1,0.00,0.00,0,0,0,3.77,2.76,77.9,0,00,1,$
#,050,44,40,29.00,940.25,10.00,Frequency_MHz,RSSI_dBm,0.01,-0.05,0.99,1.53,0.49,0.98,48.58,-40.61,-43.86,1,0.00,0.00,0,0,0,3.77,2.76,79.6,0,00,1,$
#,050,44,41,29.00,940.25,10.00,Frequency_MHz,RSSI_dBm,0.01,-0.05,0.99,1.53,0.49,0.98,48.58,-40.61,-43.86,1,0.00,0.00,0,0,0,3.77,2.85,78.5,0,00,1,$
#,050,44,41,29.00,940.25,10.00,Frequency_MHz,RSSI_dBm,0.01,-0.06,0.98,1.77,-0.92,2.14,48.52,-41.53,-42.25,1,0.00,0.00,0,0,0,3.77,2.85,79.6,0,00,1,$
#,050,44,41,29.00,940.25,10.00,Frequency_MHz,RSSI_dBm,0.01,-0.06,0.98,1.77,-0.92,2.14,48.52,-41.53,-42.25,1,0.00,0.00,0,0,0,3.76,2.87,79.0,0,00,1,$
#,050,44,41,29.00,940.25,10.00,Frequency_MHz,RSSI_dBm,0.01,-0.05,0.93,-4.52,-2.32,5.07,49.32,-41.97,-43.31,1,0.00,0.00,0,0,0,3.76,3.12,78.5,0,00,1,$
#,050,44,41,29.00,940.25,10.00,Frequency_MHz,RSSI_dBm,0.01,-0.05,0.93,-4.52,-2.32,5.07,49.32,-41.97,-43.31,1,0.00,0.00,0,0,0,3.76,3.12,78.5,0,00,1,$
#,050,44,41,29.00,940.25,10.00,Frequency_MHz,RSSI_dBm,0.01,-0.05,0.93,-4.52,-2.32,5.07,49.32,-41.97,-43.31,1,0.00,0.00,0,0,0,3.77,2.93,80.1,0,00,1,$
#,050,44,41,29.00,940.25,10.00,Frequency_MHz,RSSI_dBm,0.02,-0.07,0.94,-7.02,-0.18,-55.36,48.79,-41.43,-42.66,1,0.00,0.00,0,0,0,3.77,2.93,79.6,0,00,1,$
#,050,44,41,29.00,940.25,10.00,Frequency_MHz,RSSI_dBm,0.02,-0.07,0.94,-7.02,-0.18,-55.36,48.79,-41.43,-42.66,1,0.00,0.00,0,0,0,3.76,2.94,79.0,0,00,1,$
#,050,45,41,29.00,940.25,10.00,Frequency_MHz,RSSI_dBm,0.01,-0.06,1.00,0.79,0.49,0.24,48.58,-41.15,-43.88,1,0.00,0.00,0,0,0,3.77,2.87,79.0,0,00,1,$
#,050,45,42,29.00,940.25,10.00,Frequency_MHz,RSSI_dBm,0.01,-0.06,1.00,0.79,0.49,0.24,48.58,-41.15,-43.88,1,0.00,0.00,0,0,0,3.77,2.87,80.7,0,00,1,$
#,050,45,42,29.00,940.25,10.00,Frequency_MHz,RSSI_dBm,0.01,-0.06,1.00,0.79,0.49,0.24,48.58,-41.15,-43.88,1,0.00,0.00,0,0,0,3.75,2.96,78.5,0,00,1,$
#,050,45,42,29.00,940.25,10.00,Frequency_MHz,RSSI_dBm,0.01,-0.05,0.99,0.43,0.61,2.56,48.84,-41.66,-43.27,1,0.00,0.00,0,0,0,3.75,2.96,79.0,0,00,1,$
#,050,45,42,29.00,940.25,10.00,Frequency_MHz,RSSI_dBm,0.01,-0.05,0.99,0.43,0.61,2.56,48.84,-41.66,-43.27,1,0.00,0.00,0,0,0,3.77,2.86,77.9,0,00,1,$
#,050,45,42,29.00,940.25,10.00,Frequency_MHz,RSSI_dBm,0.01,-0.06,0.99,0.79,0.18,-0.18,47.56,-41.24,-44.01,1,0.00,0.00,0,0,0,3.76,3.00,79.0,0,00,1,$
#,050,45,42,29.00,940.25,10.00,Frequency_MHz,RSSI_dBm,0.01,-0.06,0.99,0.79,0.18,-0.18,47.56,-41.24,-44.01,1,0.00,0.00,0,0,0,3.76,3.00,81.2,0,00,1,$
#,050,45,42,29.00,940.25,10.00,Frequency_MHz,RSSI_dBm,0.01,-0.06,0.99,0.79,0.18,-0.18,47.56,-41.24,-44.01,1,0.00,0.00,0,0,0,3.77,3.14,81.2,0,00,1,$
#,050,46,42,29.00,940.25,10.00,Frequency_MHz,RSSI_dBm,0.01,-0.06,0.98,1.40,0.43,1.77,48.35,-40.49,-43.09,1,0.00,0.00,0,0,0,3.77,3.14,80.1,0,00,1,$
#,050,46,42,29.00,940.25,10.00,Frequency_MHz,RSSI_dBm,0.01,-0.06,0.98,1.40,0.43,1.77,48.35,-40.49,-43.09,1,0.00,0.00,0,0,0,3.77,2.72,80.1,0,00,1,$
#,050,46,43,29.00,940.25,10.00,Frequency_MHz,RSSI_dBm,0.02,-0.05,0.95,-9.16,2.08,-42.05,48.89,-40.39,-43.92,1,0.00,0.00,0,0,0,3.77,2.72,80.1,0,00,1,$
#,050,46,43,29.00,940.25,10.00,Frequency_MHz,RSSI_dBm,0.02,-0.05,0.95,-9.16,2.08,-42.05,48.89,-40.39,-43.92,1,0.00,0.00,0,0,0,3.76,2.95,80.7,0,00,1,$
#,050,46,43,29.00,940.25,10.00,Frequency_MHz,RSSI_dBm,0.02,-0.05,0.95,-9.16,2.08,-42.05,48.89,-40.39,-43.92,1,0.00,0.00,0,0,0,3.76,2.82,81.2,0,00,1,$
#,050,46,43,29.00,940.25,10.00,Frequency_MHz,RSSI_dBm,0.03,-0.05,0.96,3.42,-1.53,26.49,48.18,-41.74,-43.05,1,0.00,0.00,0,0,0,3.76,2.82,80.1,0,00,1,$
#,050,46,43,29.00,940.25,10.00,Frequency_MHz,RSSI_dBm,0.03,-0.05,0.96,3.42,-1.53,26.49,48.18,-41.74,-43.05,1,0.00,0.00,0,0,0,3.76,2.91,80.1,0,00,1,$
#,050,46,43,29.00,940.25,10.00,Frequency_MHz,RSSI_dBm,0.01,-0.06,0.99,1.53,0.24,-1.46,49.39,-41.50,-43.18,1,0.00,0.00,0,0,0,3.76,2.91,81.8,0,00,1,$
#,050,0,0,29.00,940.25,10.00,Frequency_MHz,RSSI_dBm,0.01,-0.06,0.98,0.73,0.18,1.83,47.96,-40.26,-42.54,1,0.00,0.00,0,0,0,3.77,2.60,64.8,0,00,1,$
#,050,0,0,29.00,940.25,10.00,Frequency_MHz,RSSI_dBm,0.01,-0.06,0.98,0.73,0.18,1.83,47.96,-40.26,-42.54,1,0.00,0.00,0,0,0,3.77,2.60,65.9,0,00,1,$
#,050,0,0,29.00,940.25,10.00,Frequency_MHz,RSSI_dBm,0.01,-0.06,0.98,1.65,0.61,3.36,48.39,-41.78,-42.82,1,0.00,0.00,0,0,0,3.78,2.69,64.8,0,00,1,$
#,050,0,0,29.00,940.25,10.00,Frequency_MHz,RSSI_dBm,0.01,-0.06,0.98,1.65,0.61,3.36,48.39,-41.78,-42.82,1,0.00,0.00,0,0,0,3.77,2.82,65.9,0,00,1,$
#,050,0,0,29.00,940.25,10.00,Frequency_MHz,RSSI_dBm,0.01,-0.06,0.99,0.79,0.43,0.79,48.52,-41.72,-42.35,1,0.00,0.00,0,0,0,3.77,2.82,65.9,0,00,1,$
#,050,0,0,29.00,940.25,10.00,Frequency_MHz,RSSI_dBm,0.01,-0.06,0.99,0.79,0.43,0.79,48.52,-41.72,-42.35,1,0.00,0.00,0,0,0,3.77,2.69,65.3,0,00,1,$
#,050,0,0,29.00,940.25,10.00,Frequency_MHz,RSSI_dBm,0.01,-0.06,0.99,0.79,0.43,0.79,48.52,-41.72,-42.35,1,0.00,0.00,0,0,0,3.77,2.69,67.5,0,00,1,$
#,050,0,0,29.00,940.25,10.00,Frequency_MHz,RSSI_dBm,0.01,-0.06,0.98,0.73,-0.67,2.20,48.83,-41.71,-43.48,1,0.00,0.00,0,0,0,3.78,2.58,66.4,0,00,1,$
#,050,0,0,29.00,940.25,10.00,Frequency_MHz,RSSI_dBm,0.01,-0.06,0.98,0.73,-0.67,2.20,48.83,-41.71,-43.48,1,0.00,0.00,0,0,0,3.78,2.58,65.9,0,00,1,$
#,050,1,0,29.00,940.25,10.00,Frequency_MHz,RSSI_dBm,0.01,-0.06,0.98,0.73,-0.67,2.20,48.83,-41.71,-43.48,1,0.00,0.00,0,0,0,3.77,2.77,67.5,0,00,1,$
#,050,1,1,29.00,940.25,10.00,Frequency_MHz,RSSI_dBm,0.02,-0.06,1.00,9.70,-3.30,71.72,47.94,-41.80,-42.30,1,0.00,0.00,0,0,0,3.77,2.63,65.9,0,00,1,$
#,050,1,1,29.00,940.25,10.00,Frequency_MHz,RSSI_dBm,0.02,-0.06,1.00,9.70,-3.30,71.72,47.94,-41.80,-42.30,1,0.00,0.00,0,0,0,3.77,2.63,66.4,0,00,1,$
#,050,1,1,29.00,940.25,10.00,Frequency_MHz,RSSI_dBm,0.01,-0.06,0.98,1.46,0.12,-0.49,49.73,-42.16,-43.43,1,0.00,0.00,0,0,0,3.77,2.91,65.3,0,00,1,$
#,050,1,1,29.00,940.25,10.00,Frequency_MHz,RSSI_dBm,0.01,-0.06,0.98,1.46,0.12,-0.49,49.73,-42.16,-43.43,1,0.00,0.00,0,0,0,3.77,2.91,67.5,0,00,1,$
#,050,1,1,29.00,940.25,10.00,Frequency_MHz,RSSI_dBm,0.01,-0.06,0.98,1.46,0.12,-0.49,49.73,-42.16,-43.43,1,0.00,0.00,0,0,0,3.77,2.69,67.0,0,00,1,$
#,050,1,1,29.00,940.25,10.00,Frequency_MHz,RSSI_dBm,0.01,-0.06,0.93,-6.84,0.49,-61.83,49.10,-42.77,-43.82,1,0.00,0.00,0,0,0,3.76,2.75,66.4,0,00,1,$
#,050,1,1,29.00,940.25,10.00,Frequency_MHz,RSSI_dBm,0.01,-0.06,0.93,-6.84,0.49,-61.83,49.10,-42.77,-43.82,1,0.00,0.00,0,0,0,3.76,2.75,68.1,0,00,1,$
#,050,2,1,29.00,940.25,10.00,Frequency_MHz,RSSI_dBm,0.01,-0.06,0.98,-1.40,0.79,-19.10,48.43,-41.75,-42.87,1,0.00,0.00,0,0,0,3.77,2.49,68.1,0,00,1,$
#,050,2,1,29.00,940.25,10.00,Frequency_MHz,RSSI_dBm,0.01,-0.06,0.98,-1.40,0.79,-19.10,48.43,-41.75,-42.87,1,0.00,0.00,0,0,0,3.77,2.49,68.6,0,00,1,$
#,050,2,2,29.00,940.25,10.00,Frequency_MHz,RSSI_dBm,0.01,-0.06,0.98,-1.40,0.79,-19.10,48.43,-41.75,-42.87,1,0.00,0.00,0,0,0,3.77,2.73,67.0,0,00,1,$
#,050,2,2,29.00,940.25,10.00,Frequency_MHz,RSSI_dBm,0.01,-0.06,0.98,0.67,0.37,1.83,48.16,-41.58,-42.15,1,0.00,0.00,0,0,0,3.77,2.73,69.2,0,00,1,$
#,050,2,2,29.00,940.25,10.00,Frequency_MHz,RSSI_dBm,0.01,-0.06,0.98,0.67,0.37,1.83,48.16,-41.58,-42.15,1,0.00,0.00,0,0,0,3.77,2.86,67.0,0,00,1,$
#,050,2,2,29.00,940.25,10.00,Frequency_MHz,RSSI_dBm,0.01,-0.06,0.98,1.71,0.55,3.48,48.46,-41.63,-45.01,1,0.00,0.00,0,0,0,3.78,2.52,69.2,0,00,1,$
#,050,2,2,29.00,940.25,10.00,Frequency_MHz,RSSI_dBm,0.01,-0.06,0.98,1.71,0.55,3.48,48.46,-41.63,-45.01,1,0.00,0.00,0,0,0,3.78,2.52,67.5,0,00,1,$
#,050,2,2,29.00,940.25,10.00,Frequency_MHz,RSSI_dBm,0.01,-0.06,0.98,1.71,0.55,3.48,48.46,-41.63,-45.01,1,0.00,0.00,0,0,0,3.76,2.80,69.2,0,00,1,$
#,050,2,2,29.00,940.25,10.00,Frequency_MHz,RSSI_dBm,0.01,-0.06,0.98,0.73,0.49,1.71,49.00,-41.80,-42.53,1,0.00,0.00,0,0,0,3.76,2.80,67.5,0,00,1,$
#,050,3,2,29.00,940.25,10.00,Frequency_MHz,RSSI_dBm,0.01,-0.06,0.98,0.73,0.49,1.71,49.00,-41.80,-42.53,1,0.00,0.00,0,0,0,3.78,2.49,68.6,0,00,1,$
#,050,3,3,29.00,940.25,10.00,Frequency_MHz,RSSI_dBm,0.03,-0.06,0.97,-14.59,1.53,-8.00,48.85,-41.81,-43.65,1,0.00,0.00,0,0,0,3.77,2.76,69.2,0,00,1,$
#,050,3,3,29.00,940.25,10.00,Frequency_MHz,RSSI_dBm,0.03,-0.06,0.97,-14.59,1.53,-8.00,48.85,-41.81,-43.65,1,0.00,0.00,0,0,0,3.77,2.76,69.7,0,00,1,$
#,050,3,3,29.00,940.25,10.00,Frequency_MHz,RSSI_dBm,0.03,-0.06,0.97,-14.59,1.53,-8.00,48.85,-41.81,-43.65,1,0.00,0.00,0,0,0,3.78,2.78,68.1,0,00,1,$
#,050,3,3,29.00,940.25,10.00,Frequency_MHz,RSSI_dBm,0.01,-0.06,0.98,2.75,-0.67,1.59,49.10,-41.13,-43.74,1,0.00,0.00,0,0,0,3.78,2.78,68.1,0,00,1,$
#,050,3,3,29.00,940.25,10.00,Frequency_MHz,RSSI_dBm,0.01,-0.06,0.98,2.75,-0.67,1.59,49.10,-41.13,-43.74,1,0.00,0.00,0,0,0,3.78,2.60,68.6,0,00,1,$
#,050,3,3,29.00,940.25,10.00,Frequency_MHz,RSSI_dBm,0.01,-0.06,0.98,1.40,0.24,-1.77,48.00,-41.78,-43.60,1,0.00,0.00,0,0,0,3.77,2.61,68.6,0,00,1,$
#,050,3,3,29.00,940.25,10.00,Frequency_MHz,RSSI_dBm,0.01,-0.06,0.98,1.40,0.24,-1.77,48.00,-41.78,-43.60,1,0.00,0.00,0,0,0,3.77,2.61,69.2,0,00,1,$
#,050,4,3,29.00,940.25,10.00,Frequency_MHz,RSSI_dBm,0.02,-0.06,0.94,4.94,-1.34,40.77,48.61,-41.54,-41.38,1,0.00,0.00,0,0,0,3.78,2.59,69.2,0,00,1,$
#,050,4,3,29.00,940.25,10.00,Frequency_MHz,RSSI_dBm,0.02,-0.06,0.94,4.94,-1.34,40.77,48.61,-41.54,-41.38,1,0.00,0.00,0,0,0,3.78,2.65,69.2,0,00,1,$
#,050,4,4,29.00,940.25,10.00,Frequency_MHz,RSSI_dBm,0.02,-0.06,0.94,4.94,-1.34,40.77,48.61,-41.54,-41.38,1,0.00,0.00,0,0,0,3.78,2.65,69.2,0,00,1,$
#,050,4,4,29.00,940.25,10.00,Frequency_MHz,RSSI_dBm,0.01,-0.06,0.98,3.05,0.49,8.61,49.66,-41.32,-44.75,1,0.00,0.00,0,0,0,3.77,2.80,69.2,0,00,1,$
#,050,4,4,29.00,940.25,10.00,Frequency_MHz,RSSI_dBm,0.01,-0.06,0.98,3.05,0.49,8.61,49.66,-41.32,-44.75,1,0.00,0.00,0,0,0,3.77,2.80,69.2,0,00,1,$
#,050,4,4,29.00,940.25,10.00,Frequency_MHz,RSSI_dBm,0.01,-0.06,0.98,0.98,0.61,-5.19,48.54,-41.87,-43.74,1,0.00,0.00,0,0,0,3.78,2.52,70.8,0,00,1,$
#,050,4,4,29.00,940.25,10.00,Frequency_MHz,RSSI_dBm,0.01,-0.06,0.98,0.98,0.61,-5.19,48.54,-41.87,-43.74,1,0.00,0.00,0,0,0,3.76,2.87,69.2,0,00,1,$
#,050,4,4,29.00,940.25,10.00,Frequency_MHz,RSSI_dBm,0.01,-0.06,0.98,0.98,0.61,-5.19,48.54,-41.87,-43.74,1,0.00,0.00,0,0,0,3.76,2.87,70.8,0,00,1,$
#,050,5,4,29.00,940.25,10.00,Frequency_MHz,RSSI_dBm,0.01,-0.06,0.98,0.79,0.55,1.40,49.07,-41.60,-42.88,1,0.00,0.00,0,0,0,3.78,2.65,70.8,0,00,1,$
#,050,5,4,29.00,940.25,10.00,Frequency_MHz,RSSI_dBm,0.01,-0.06,0.98,0.79,0.55,1.40,49.07,-41.60,-42.88,1,0.00,0.00,0,0,0,3.78,2.65,69.2,0,00,1,$
#,050,5,5,29.00,940.25,10.00,Frequency_MHz,RSSI_dBm,0.01,-0.06,0.98,0.73,0.61,1.40,48.32,-41.97,-43.32,1,0.00,0.00,0,0,0,3.78,2.77,70.3,0,00,1,$
#,050,5,5,29.00,940.25,10.00,Frequency_MHz,RSSI_dBm,0.01,-0.06,0.98,0.73,0.61,1.40,48.32,-41.97,-43.32,1,0.00,0.00,0,0,0,3.78,2.77,69.7,0,00,1,$
#,050,5,5,29.00,940.25,10.00,Frequency_MHz,RSSI_dBm,0.01,-0.06,0.98,0.73,0.61,1.40,48.32,-41.97,-43.32,1,0.00,0.00,0,0,0,3.76,2.73,69.7,0,00,1,$
#,050,5,5,29.00,940.25,10.00,Frequency_MHz,RSSI_dBm,0.01,-0.06,0.98,0.79,0.55,1.71,49.83,-42.10,-43.91,1,0.00,0.00,0,0,0,3.77,2.80,68.6,0,00,1,$
#,050,5,5,29.00,940.25,10.00,Frequency_MHz,RSSI_dBm,0.01,-0.06,0.98,0.79,0.55,1.71,49.83,-42.10,-43.91,1,0.00,0.00,0,0,0,3.77,2.80,70.3,0,00,1,$
#,050,5,5,29.00,940.25,10.00,Frequency_MHz,RSSI_dBm,0.01,-0.06,0.98,1.95,-0.31,2.50,48.58,-42.31,-43.96,1,0.00,0.00,0,0,0,3.76,2.73,69.7,0,00,1,$
#,050,6,5,29.00,940.25,10.00,Frequency_MHz,RSSI_dBm,0.01,-0.06,0.98,1.95,-0.31,2.50,48.58,-42.31,-43.96,1,0.00,0.00,0,0,0,3.76,2.73,70.8,0,00,1,$
#,050,6,5,29.00,940.25,10.00,Frequency_MHz,RSSI_dBm,0.01,-0.06,0.98,1.95,-0.31,2.50,48.58,-42.31,-43.96,1,0.00,0.00,0,0,0,3.78,2.76,70.3,0,00,1,$
#,050,6,5,29.00,940.25,10.00,Frequency_MHz,RSSI_dBm,0.01,-0.06,0.98,-0.49,0.18,-3.42,48.62,-41.88,-42.03,1,0.00,0.00,0,0,0,3.78,2.76,70.8,0,00,1,$
#,050,6,6,29.00,940.25,10.00,Frequency_MHz,RSSI_dBm,0.01,-0.06,0.98,-0.49,0.18,-3.42,48.62,-41.88,-42.03,1,0.00,0.00,0,0,0,3.78,2.79,70.3,0,00,1,$
#,050,6,6,29.00,940.25,10.00,Frequency_MHz,RSSI_dBm,0.01,-0.06,0.93,-8.97,-0.37,-63.90,48.50,-41.91,-43.74,1,0.00,0.00,0,0,0,3.76,2.89,70.8,0,00,1,$
#,050,6,6,29.00,940.25,10.00,Frequency_MHz,RSSI_dBm,0.01,-0.06,0.93,-8.97,-0.37,-63.90,48.50,-41.91,-43.74,1,0.00,0.00,0,0,0,3.76,2.89,70.8,0,00,1,$
#,050,6,6,29.00,940.25,10.00,Frequency_MHz,RSSI_dBm,0.01,-0.06,0.93,-8.97,-0.37,-63.90,48.50,-41.91,-43.74,1,0.00,0.00,0,0,0,3.76,2.94,70.8,0,00,1,$
#,050,6,6,29.00,940.25,10.00,Frequency_MHz,RSSI_dBm,0.01,-0.06,0.99,-6.77,0.18,-3.11,48.71,-42.03,-43.69,1,0.00,0.00,0,0,0,3.76,2.94,71.4,0,00,1,$
#,050,6,6,29.00,940.25,10.00,Frequency_MHz,RSSI_dBm,0.01,-0.06,0.99,-6.77,0.18,-3.11,48.71,-42.03,-43.69,1,0.00,0.00,0,0,0,3.77,2.94,71.4,0,00,1,$
#,050,7,6,29.00,940.25,10.00,Frequency_MHz,RSSI_dBm,0.01,-0.06,0.98,3.48,0.37,13.37,48.86,-42.29,-42.43,1,0.00,0.00,0,0,0,3.77,2.81,72.5,0,00,1,$
#,050,7,6,29.00,940.25,10.00,Frequency_MHz,RSSI_dBm,0.01,-0.06,0.98,3.48,0.37,13.37,48.86,-42.29,-42.43,1,0.00,0.00,0,0,0,3.77,2.81,71.4,0,00,1,$
#,050,7,6,29.00,940.25,10.00,Frequency_MHz,RSSI_dBm,0.01,-0.06,0.98,3.48,0.37,13.37,48.86,-42.29,-42.43,1,0.00,0.00,0,0,0,3.77,2.82,72.5,0,00,1,$
#,050,7,7,29.00,940.25,10.00,Frequency_MHz,RSSI_dBm,0.01,-0.05,0.99,1.59,0.61,3.91,48.68,-41.05,-44.64,1,0.00,0.00,0,0,0,3.77,2.82,70.8,0,00,1,$
#,050,7,7,29.00,940.25,10.00,Frequency_MHz,RSSI_dBm,0.01,-0.05,0.99,1.59,0.61,3.91,48.68,-41.05,-44.64,1,0.00,0.00,0,0,0,3.76,2.68,72.5,0,00,1,$
#,050,7,7,29.00,940.25,10.00,Frequency_MHz,RSSI_dBm,0.01,-0.06,0.98,0.67,0.43,1.77,49.05,-42.31,-44.27,1,0.00,0.00,0,0,0,3.77,2.75,71.4,0,00,1,$
#,050,7,7,29.00,940.25,10.00,Frequency_MHz,RSSI_dBm,0.01,-0.06,0.98,0.67,0.43,1.77,49.05,-42.31,-44.27,1,0.00,0.00,0,0,0,3.77,2.75,71.4,0,00,1,$
#,050,7,7,29.00,940.25,10.00,Frequency_MHz,RSSI_dBm,0.01,-0.06,0.98,0.67,0.43,1.77,49.05,-42.31,-44.27,1,0.00,0.00,0,0,0,3.76,2.88,72.5,0,00,1,$
#,050,8,7,29.00,940.25,10.00,Frequency_MHz,RSSI_dBm,0.01,-0.06,0.98,1.04,0.55,2.44,49.15,-41.55,-43.69,1,0.00,0.00,0,0,0,3.76,2.82,73.0,0,00,1,$
#,050,8,7,29.00,940.25,10.00,Frequency_MHz,RSSI_dBm,0.01,-0.06,0.98,1.04,0.55,2.44,49.15,-41.55,-43.69,1,0.00,0.00,0,0,0,3.76,2.82,72.5,0,00,1,$
#,050,8,7,29.00,940.25,10.00,Frequency_MHz,RSSI_dBm,0.01,-0.05,0.91,-5.25,-1.89,-0.37,50.09,-40.99,-41.89,1,0.00,0.00,0,0,0,3.76,2.73,71.9,0,00,1,$
#,050,8,7,29.00,940.25,10.00,Frequency_MHz,RSSI_dBm,0.01,-0.05,0.91,-5.25,-1.89,-0.37,50.09,-40.99,-41.89,1,0.00,0.00,0,0,0,3.76,2.73,72.5,0,00,1,$
#,050,8,8,29.00,940.25,10.00,Frequency_MHz,RSSI_dBm,0.01,-0.05,0.91,-5.25,-1.89,-0.37,50.09,-40.99,-41.89,1,0.00,0.00,0,0,0,3.76,2.78,71.4,0,00,1,$
#,050,8,8,29.00,940.25,10.00,Frequency_MHz,RSSI_dBm,0.03,-0.06,0.96,0.73,-0.55,20.08,49.48,-41.76,-41.76,1,0.00,0.00,0,0,0,3.75,2.81,73.6,0,00,1,$
#,050,8,8,29.00,940.25,10.00,Frequency_MHz,RSSI_dBm,0.03,-0.06,0.96,0.73,-0.55,20.08,49.48,-41.76,-41.76,1,0.00,0.00,0,0,0,3.75,2.81,73.0,0,00,1,$
#,050,8,8,29.00,940.25,10.00,Frequency_MHz,RSSI_dBm,0.01,-0.06,0.93,-1.83,-0.24,-22.95,49.18,-42.27,-44.62,1,0.00,0.00,0,0,0,3.76,2.81,71.9,0,00,1,$
#,050,9,8,29.00,940.25,10.00,Frequency_MHz,RSSI_dBm,0.01,-0.06,0.93,-1.83,-0.24,-22.95,49.18,-42.27,-44.62,1,0.00,0.00,0,0,0,3.76,2.81,71.4,0,00,1,$
#,050,9,8,29.00,940.25,10.00,Frequency_MHz,RSSI_dBm,0.01,-0.06,0.93,-1.83,-0.24,-22.95,49.18,-42.27,-44.62,1,0.00,0.00,0,0,0,3.77,2.78,71.4,0,00,1,$
#,050,9,8,29.00,940.25,10.00,Frequency_MHz,RSSI_dBm,0.01,-0.06,0.99,0.79,0.31,1.83,48.95,-42.77,-42.02,1,0.00,0.00,0,0,0,3.76,2.91,71.4,0,00,1,$
#,050,9,8,29.00,940.25,10.00,Frequency_MHz,RSSI_dBm,0.01,-0.06,0.99,0.79,0.31,1.83,48.95,-42.77,-42.02,1,0.00,0.00,0,0,0,3.76,2.91,73.6,0,00,1,$
#,050,9,8,29.00,940.25,10.00,Frequency_MHz,RSSI_dBm,0.01,-0.06,0.98,-0.24,0.61,-10.19,48.65,-41.54,-41.72,1,0.00,0.00,0,0,0,3.78,2.79,73.0,0,00,1,$
#,050,9,9,29.00,940.25,10.00,Frequency_MHz,RSSI_dBm,0.01,-0.06,0.98,-0.24,0.61,-10.19,48.65,-41.54,-41.72,1,0.00,0.00,0,0,0,3.78,2.79,73.6,0,00,1,$
#,050,9,9,29.00,940.25,10.00,Frequency_MHz,RSSI_dBm,0.01,-0.05,0.99,1.89,0.67,3.17,48.88,-42.50,-43.09,1,0.00,0.00,0,0,0,3.77,2.72,72.5,0,00,1,$
#,050,9,9,29.00,940.25,10.00,Frequency_MHz,RSSI_dBm,0.01,-0.05,0.99,1.89,0.67,3.17,48.88,-42.50,-43.09,1,0.00,0.00,0,0,0,3.76,2.76,71.9,0,00,1,$
#,050,10,9,29.00,940.25,10.00,Frequency_MHz,RSSI_dBm,0.01,-0.05,0.99,1.89,0.67,3.17,48.88,-42.50,-43.09,1,0.00,0.00,0,0,0,3.76,2.76,74.1,0,00,1,$
#,050,10,9,29.00,940.25,10.00,Frequency_MHz,RSSI_dBm,0.01,-0.06,0.98,0.79,0.49,1.22,49.00,-42.93,-44.47,1,0.00,0.00,0,0,0,3.77,2.85,74.1,0,00,1,$
#,050,10,9,29.00,940.25,10.00,Frequency_MHz,RSSI_dBm,0.01,-0.06,0.98,0.79,0.49,1.22,49.00,-42.93,-44.47,1,0.00,0.00,0,0,0,3.77,2.85,73.0,0,00,1,$
#,050,10,9,29.00,940.25,10.00,Frequency_MHz,RSSI_dBm,0.01,-0.06,0.98,0.79,0.49,1.22,49.00,-42.93,-44.47,1,0.00,0.00,0,0,0,3.76,2.96,73.0,0,00,1,$
#,050,10,9,29.00,940.25,10.00,Frequency_MHz,RSSI_dBm,0.01,-0.05,0.99,0.49,0.31,1.22,48.62,-42.04,-42.20,1,0.00,0.00,0,0,0,3.76,2.96,72.5,0,00,1,$
#,050,10,9,29.00,940.25,10.00,Frequency_MHz,RSSI_dBm,0.01,-0.05,0.99,0.49,0.31,1.22,48.62,-42.04,-42.20,1,0.00,0.00,0,0,0,3.77,2.71,73.0,0,00,1,$
#,050,10,10,29.00,940.25,10.00,Frequency_MHz,RSSI_dBm,0.02,-0.06,0.95,2.01,-1.04,27.77,49.48,-42.14,-44.68,1,0.00,0.00,0,0,0,3.76,2.88,74.1,0,00,1,$
#,050,10,10,29.00,940.25,10.00,Frequency_MHz,RSSI_dBm,0.02,-0.06,0.95,2.01,-1.04,27.77,49.48,-42.14,-44.68,1,0.00,0.00,0,0,0,3.76,2.88,72.5,0,00,1,$
#,050,10,10,29.00,940.25,10.00,Frequency_MHz,RSSI_dBm,0.02,-0.06,0.95,2.01,-1.04,27.77,49.48,-42.14,-44.68,1,0.00,0.00,0,0,0,3.76,2.82,70.8,0,00,1,$
#,050,11,10,29.00,940.25,10.00,Frequency_MHz,RSSI_dBm,0.01,-0.06,0.99,-0.18,0.06,-2.93,48.44,-42.02,-43.63,1,0.00,0.00,0,0,0,3.76,2.82,73.6,0,00,1,$
#,050,11,10,29.00,940.25,10.00,Frequency_MHz,RSSI_dBm,0.01,-0.06,0.99,-0.18,0.06,-2.93,48.44,-42.02,-43.63,1,0.00,0.00,0,0,0,3.76,2.77,73.6,0,00,1,$
#,050,11,10,29.00,940.25,10.00,Frequency_MHz,RSSI_dBm,0.01,-0.06,0.93,-10.68,0.73,-86.30,49.30,-41.97,-43.35,1,0.00,0.00,0,0,0,3.76,2.84,73.0,0,00,1,$
#,050,11,10,29.00,940.25,10.00,Frequency_MHz,RSSI_dBm,0.01,-0.06,0.93,-10.68,0.73,-86.30,49.30,-41.97,-43.35,1,0.00,0.00,0,0,0,3.76,2.84,72.5,0,00,1,$
#,050,11,10,29.00,940.25,10.00,Frequency_MHz,RSSI_dBm,0.01,-0.06,0.97,-2.75,-0.06,-29.11,48.94,-41.52,-43.07,1,0.00,0.00,0,0,0,3.77,2.77,71.9,0,00,1,$
#,050,11,10,29.00,940.25,10.00,Frequency_MHz,RSSI_dBm,0.01,-0.06,0.97,-2.75,-0.06,-29.11,48.94,-41.52,-43.07,1,0.00,0.00,0,0,0,3.76,2.74,73.0,0,00,1,$
#,050,11,11,29.00,940.25,10.00,Frequency_MHz,RSSI_dBm,0.01,-0.06,0.97,-2.75,-0.06,-29.11,48.94,-41.52,-43.07,1,0.00,0.00,0,0,0,3.76,2.74,72.5,0,00,1,$
#,050,11,11,29.00,940.25,10.00,Frequency_MHz,RSSI_dBm,0.01,-0.06,0.98,2.38,0.37,6.53,49.32,-42.15,-42.59,1,0.00,0.00,0,0,0,3.75,2.84,73.6,0,00,1,$
#,050,12,11,29.00,940.25,10.00,Frequency_MHz,RSSI_dBm,0.01,-0.06,0.98,2.38,0.37,6.53,49.32,-42.15,-42.59,1,0.00,0.00,0,0,0,3.75,2.84,74.1,0,00,1,$
#,050,12,11,29.00,940.25,10.00,Frequency_MHz,RSSI_dBm,0.01,-0.06,0.98,0.85,0.43,1.22,48.60,-42.25,-44.67,1,0.00,0.00,0,0,0,3.77,2.76,72.5,0,00,1,$
#,050,12,11,29.00,940.25,10.00,Frequency_MHz,RSSI_dBm,0.01,-0.06,0.98,0.85,0.43,1.22,48.60,-42.25,-44.67,1,0.00,0.00,0,0,0,3.77,2.85,74.7,0,00,1,$
#,050,12,11,29.00,940.25,10.00,Frequency_MHz,RSSI_dBm,0.01,-0.06,0.98,0.85,0.43,1.22,48.60,-42.25,-44.67,1,0.00,0.00,0,0,0,3.77,2.85,73.0,0,00,1,$
#,050,12,11,29.00,940.25,10.00,Frequency_MHz,RSSI_dBm,0.01,-0.06,0.98,1.04,0.49,2.99,47.69,-43.27,-117.50,1,0.00,0.00,0,0,0,3.77,2.72,75.2,0,00,1,$
#,050,12,11,29.00,940.25,10.00,Frequency_MHz,RSSI_dBm,0.01,-0.06,0.98,1.04,0.49,2.99,47.69,-43.27,-117.50,1,0.00,0.00,0,0,0,3.77,2.72,75.2,0,00,1,$
#,050,12,12,29.00,940.25,10.00,Frequency_MHz,RSSI_dBm,0.01,-0.06,0.98,1.28,0.43,3.05,49.44,-41.20,-45.02,1,0.00,0.00,0,0,0,3.77,2.79,73.6,0,00,1,$
#,050,12,12,29.00,940.25,10.00,Frequency_MHz,RSSI_dBm,0.01,-0.06,0.98,1.28,0.43,3.05,49.44,-41.20,-45.02,1,0.00,0.00,0,0,0,3.76,3.02,73.6,0,00,1,$
#,050,13,12,29.00,940.25,10.00,Frequency_MHz,RSSI_dBm,0.01,-0.06,0.98,1.28,0.43,3.05,49.44,-41.20,-45.02,1,0.00,0.00,0,0,0,3.76,3.02,74.7,0,00,1,$
#,050,13,12,29.00,940.25,10.00,Frequency_MHz,RSSI_dBm,0.02,-0.05,0.91,-5.37,-0.79,-1.34,49.00,-42.37,-43.74,1,0.00,0.00,0,0,0,3.76,2.95,73.6,0,00,1,$
#,050,13,12,29.00,940.25,10.00,Frequency_MHz,RSSI_dBm,0.02,-0.05,0.91,-5.37,-0.79,-1.34,49.00,-42.37,-43.74,1,0.00,0.00,0,0,0,3.75,2.98,75.2,0,00,1,$
#,050,13,12,29.00,940.25,10.00,Frequency_MHz,RSSI_dBm,0.02,-0.05,0.93,-15.38,2.93,-58.47,49.30,-41.91,-43.23,1,0.00,0.00,0,0,0,3.75,2.98,75.2,0,00,1,$
#,050,13,12,29.00,940.25,10.00,Frequency_MHz,RSSI_dBm,0.02,-0.05,0.93,-15.38,2.93,-58.47,49.30,-41.91,-43.23,1,0.00,0.00,0,0,0,3.77,2.71,74.1,0,00,1,$
#,050,13,12,29.00,940.25,10.00,Frequency_MHz,RSSI_dBm,0.01,-0.06,0.99,0.79,0.12,-1.04,49.98,-41.96,-44.06,1,0.00,0.00,0,0,0,3.77,2.71,74.1,0,00,1,$
#,050,13,13,29.00,940.25,10.00,Frequency_MHz,RSSI_dBm,0.01,-0.06,0.99,0.79,0.12,-1.04,49.98,-41.96,-44.06,1,0.00,0.00,0,0,0,3.77,2.64,74.7,0,00,1,$
#,050,13,13,29.00,940.25,10.00,Frequency_MHz,RSSI_dBm,0.01,-0.06,0.99,0.79,0.12,-1.04,49.98,-41.96,-44.06,1,0.00,0.00,0,0,0,3.75,2.64,73.6,0,00,1,$
#,050,14,13,29.00,940.25,10.00,Frequency_MHz,RSSI_dBm,0.01,-0.06,0.93,-12.08,0.61,-85.69,49.29,-41.86,-43.18,1,0.00,0.00,0,0,0,3.75,2.77,73.6,0,00,1,$
#,050,14,13,29.00,940.25,10.00,Frequency_MHz,RSSI_dBm,0.01,-0.06,0.93,-12.08,0.61,-85.69,49.29,-41.86,-43.18,1,0.00,0.00,0,0,0,3.76,2.94,75.2,0,00,1,$
#,050,14,13,29.00,940.25,10.00,Frequency_MHz,RSSI_dBm,0.01,-0.06,0.98,-0.49,0.85,-15.69,49.82,-41.65,-45.03,1,0.00,0.00,0,0,0,3.76,2.94,74.1,0,00,1,$
#,050,14,13,29.00,940.25,10.00,Frequency_MHz,RSSI_dBm,0.01,-0.06,0.98,-0.49,0.85,-15.69,49.82,-41.65,-45.03,1,0.00,0.00,0,0,0,3.76,2.87,73.6,0,00,1,$
#,050,14,13,29.00,940.25,10.00,Frequency_MHz,RSSI_dBm,0.01,-0.06,0.98,-0.49,0.85,-15.69,49.82,-41.65,-45.03,1,0.00,0.00,0,0,0,3.76,2.72,74.7,0,00,1,$
#,050,14,13,29.00,940.25,10.00,Frequency_MHz,RSSI_dBm,0.01,-0.06,0.98,0.61,0.49,1.77,49.51,-41.19,-44.40,1,0.00,0.00,0,0,0,3.76,2.72,74.7,0,00,1,$
#,050,14,13,29.00,940.25,10.00,Frequency_MHz,RSSI_dBm,0.01,-0.06,0.98,0.61,0.49,1.77,49.51,-41.19,-44.40,1,0.00,0.00,0,0,0,3.76,2.87,74.1,0,00,1,$
#,050,14,14,29.00,940.25,10.00,Frequency_MHz,RSSI_dBm,0.01,-0.06,0.98,0.73,0.31,1.83,48.61,-42.37,-44.52,1,0.00,0.00,0,0,0,3.76,2.87,75.2,0,00,1,$
#,050,15,14,29.00,940.25,10.00,Frequency_MHz,RSSI_dBm,0.01,-0.06,0.98,0.73,0.31,1.83,48.61,-42.37,-44.52,1,0.00,0.00,0,0,0,3.76,2.96,75.7,0,00,1,$
#,050,15,14,29.00,940.25,10.00,Frequency_MHz,RSSI_dBm,0.01,-0.06,0.99,0.85,0.43,0.85,49.71,-41.87,-43.80,1,0.00,0.00,0,0,0,3.75,3.02,75.2,0,00,1,$
#,050,15,14,29.00,940.25,10.00,Frequency_MHz,RSSI_dBm,0.01,-0.06,0.99,0.85,0.43,0.85,49.71,-41.87,-43.80,1,0.00,0.00,0,0,0,3.75,3.02,76.3,0,00,1,$
#,050,15,14,29.00,940.25,10.00,Frequency_MHz,RSSI_dBm,0.01,-0.06,0.99,0.85,0.43,0.85,49.71,-41.87,-43.80,1,0.00,0.00,0,0,0,3.76,2.97,74.7,0,00,1,$
#,050,15,14,29.00,940.25,10.00,Frequency_MHz,RSSI_dBm,0.03,-0.04,0.97,-9.28,2.44,-6.53,48.40,-41.41,-44.03,1,0.00,0.00,0,0,0,3.76,2.97,75.7,0,00,1,$
#,050,15,14,29.00,940.25,10.00,Frequency_MHz,RSSI_dBm,0.03,-0.04,0.97,-9.28,2.44,-6.53,48.40,-41.41,-44.03,1,0.00,0.00,0,0,0,3.76,2.73,74.1,0,00,1,$
#,050,15,14,29.00,940.25,10.00,Frequency_MHz,RSSI_dBm,0.04,-0.06,0.96,0.98,-4.88,0.98,49.65,-41.44,-42.54,1,0.00,0.00,0,0,0,3.76,2.68,75.2,0,00,1,$
#,050,15,15,29.00,940.25,10.00,Frequency_MHz,RSSI_dBm,0.04,-0.06,0.96,0.98,-4.88,0.98,49.65,-41.44,-42.54,1,0.00,0.00,0,0,0,3.76,2.68,75.2,0,00,1,$
#,050,16,15,29.00,940.25,10.00,Frequency_MHz,RSSI_dBm,0.04,-0.06,0.96,0.98,-4.88,0.98,49.65,-41.44,-42.54,1,0.00,0.00,0,0,0,3.75,2.94,75.2,0,00,1,$
#,050,16,15,29.00,940.25,10.00,Frequency_MHz,RSSI_dBm,0.01,-0.06,0.98,0.98,0.43,1.65,48.39,-42.53,-42.76,1,0.00,0.00,0,0,0,3.75,2.94,73.6,0,00,1,$
#,050,16,15,29.00,940.25,10.00,Frequency_MHz,RSSI_dBm,0.01,-0.06,0.98,0.98,0.43,1.65,48.39,-42.53,-42.76,1,0.00,0.00,0,0,0,3.76,2.93,75.7,0,00,1,$
#,050,16,15,29.00,940.25,10.00,Frequency_MHz,RSSI_dBm,0.01,-0.06,0.98,0.73,0.24,1.71,49.66,-41.99,-45.24,1,0.00,0.00,0,0,0,3.76,2.70,74.7,0,00,1,$
#,050,16,15,29.00,940.25,10.00,Frequency_MHz,RSSI_dBm,0.01,-0.06,0.98,0.73,0.24,1.71,49.66,-41.99,-45.24,1,0.00,0.00,0,0,0,3.76,2.70,74.7,0,00,1,$
#,050,16,15,29.00,940.25,10.00,Frequency_MHz,RSSI_dBm,0.01,-0.06,0.98,3.60,0.49,14.22,49.62,-41.75,-43.36,1,0.00,0.00,0,0,0,3.76,2.90,75.2,0,00,1,$
#,050,16,15,29.00,940.25,10.00,Frequency_MHz,RSSI_dBm,0.01,-0.06,0.98,3.60,0.49,14.22,49.62,-41.75,-43.36,1,0.00,0.00,0,0,0,3.76,2.90,75.2,0,00,1,$
#,050,16,15,29.00,940.25,10.00,Frequency_MHz,RSSI_dBm,0.01,-0.06,0.98,3.60,0.49,14.22,49.62,-41.75,-43.36,1,0.00,0.00,0,0,0,3.78,2.68,74.7,0,00,1,$
#,050,17,16,29.00,940.25,10.00,Frequency_MHz,RSSI_dBm,0.01,-0.06,0.98,2.26,0.73,2.87,48.95,-42.08,-42.48,1,0.00,0.00,0,0,0,3.76,2.82,74.7,0,00,1,$
#,050,17,16,29.00,940.25,10.00,Frequency_MHz,RSSI_dBm,0.01,-0.06,0.98,2.26,0.73,2.87,48.95,-42.08,-42.48,1,0.00,0.00,0,0,0,3.76,2.82,74.7,0,00,1,$
#,050,17,16,29.00,940.25,10.00,Frequency_MHz,RSSI_dBm,0.01,-0.06,0.98,1.04,0.49,0.43,49.26,-42.47,-44.67,1,0.00,0.00,0,0,0,3.75,2.92,74.7,0,00,1,$
#,050,17,16,29.00,940.25,10.00,Frequency_MHz,RSSI_dBm,0.01,-0.06,0.98,1.04,0.49,0.43,49.26,-42.47,-44.67,1,0.00,0.00,0,0,0,3.76,2.84,74.7,0,00,1,$
#,050,17,16,29.00,940.25,10.00,Frequency_MHz,RSSI_dBm,0.01,-0.06,0.98,1.04,0.49,0.43,49.26,-42.47,-44.67,1,0.00,0.00,0,0,0,3.76,2.84,74.7,0,00,1,$
#,050,17,16,29.00,940.25,10.00,Frequency_MHz,RSSI_dBm,0.01,-0.06,0.99,0.85,0.43,1.40,48.97,-41.14,-44.42,1,0.00,0.00,0,0,0,3.75,2.84,74.1,0,00,1,$
#,050,17,16,29.00,940.25,10.00,Frequency_MHz,RSSI_dBm,0.01,-0.06,0.99,0.85,0.43,1.40,48.97,-41.14,-44.42,1,0.00,0.00,0,0,0,3.75,2.84,74.7,0,00,1,$
#,050,17,16,29.00,940.25,10.00,Frequency_MHz,RSSI_dBm,0.01,-0.05,0.98,-1.59,-0.31,-3.91,49.18,-41.49,-41.83,1,0.00,0.00,0,0,0,3.76,2.69,75.7,0,00,1,$
#,050,18,16,29.00,940.25,10.00,Frequency_MHz,RSSI_dBm,0.01,-0.05,0.98,-1.59,-0.31,-3.91,49.18,-41.49,-41.83,1,0.00,0.00,0,0,0,3.76,2.69,77.4,0,00,1,$
#,050,18,17,29.00,940.25,10.00,Frequency_MHz,RSSI_dBm,0.01,-0.05,0.98,-1.59,-0.31,-3.91,49.18,-41.49,-41.83,1,0.00,0.00,0,0,0,3.77,2.78,75.7,0,00,1,$
#,050,18,17,29.00,940.25,10.00,Frequency_MHz,RSSI_dBm,0.03,-0.06,0.96,2.08,-1.89,25.27,49.29,-41.52,-44.84,1,0.00,0.00,0,0,0,3.76,2.97,76.3,0,00,1,$
#,050,18,17,29.00,940.25,10.00,Frequency_MHz,RSSI_dBm,0.03,-0.06,0.96,2.08,-1.89,25.27,49.29,-41.52,-44.84,1,0.00,0.00,0,0,0,3.76,2.97,74.7,0,00,1,$
#,050,18,17,29.00,940.25,10.00,Frequency_MHz,RSSI_dBm,0.01,-0.06,0.98,1.16,0.24,-0.85,48.96,-41.55,-44.42,1,0.00,0.00,0,0,0,3.77,3.04,76.3,0,00,1,$
#,050,18,17,29.00,940.25,10.00,Frequency_MHz,RSSI_dBm,0.01,-0.06,0.98,1.16,0.24,-0.85,48.96,-41.55,-44.42,1,0.00,0.00,0,0,0,3.77,3.04,75.7,0,00,1,$
#,050,18,17,29.00,940.25,10.00,Frequency_MHz,RSSI_dBm,0.01,-0.06,0.98,1.16,0.24,-0.85,48.96,-41.55,-44.42,1,0.00,0.00,0,0,0,3.76,2.97,75.7,0,00,1,$
#,050,18,17,29.00,940.25,10.00,Frequency_MHz,RSSI_dBm,0.02,-0.06,0.94,1.95,-0.79,17.27,49.21,-42.35,-43.76,1,0.00,0.00,0,0,0,3.76,2.92,76.3,0,00,1,$
#,050,18,17,29.00,940.25,10.00,Frequency_MHz,RSSI_dBm,0.02,-0.06,0.94,1.95,-0.79,17.27,49.21,-42.35,-43.76,1,0.00,0.00,0,0,0,3.76,2.92,76.8,0,00,1,$
#,050,19,17,29.00,940.25,10.00,Frequency_MHz,RSSI_dBm,0.01,-0.06,0.98,0.79,0.55,0.43,49.32,-41.72,-41.72,1,0.00,0.00,0,0,0,3.77,2.48,75.7,0,00,1,$
#,050,19,18,29.00,940.25,10.00,Frequency_MHz,RSSI_dBm,0.01,-0.06,0.98,0.79,0.55,0.43,49.32,-41.72,-41.72,1,0.00,0.00,0,0,0,3.77,2.48,77.4,0,00,1,$
#,050,19,18,29.00,940.25,10.00,Frequency_MHz,RSSI_dBm,0.01,-0.06,0.98,0.79,0.55,0.43,49.32,-41.72,-41.72,1,0.00,0.00,0,0,0,3.76,2.86,76.8,0,00,1,$
#,050,19,18,29.00,940.25,10.00,Frequency_MHz,RSSI_dBm,0.01,-0.06,0.99,1.71,0.67,3.60,48.69,-42.16,-42.31,1,0.00,0.00,0,0,0,3.76,2.86,75.7,0,00,1,$
#,050,19,18,29.00,940.25,10.00,Frequency_MHz,RSSI_dBm,0.01,-0.06,0.99,1.71,0.67,3.60,48.69,-42.16,-42.31,1,0.00,0.00,0,0,0,3.75,2.97,75.7,0,00,1,$
#,050,19,18,29.00,940.25,10.00,Frequency_MHz,RSSI_dBm,0.01,-0.06,0.99,2.01,0.49,2.99,49.82,-42.32,-267.81,1,0.00,0.00,0,0,0,3.76,2.95,75.7,0,00,1,$
#,050,19,18,29.00,940.25,10.00,Frequency_MHz,RSSI_dBm,0.01,-0.06,0.99,2.01,0.49,2.99,49.82,-42.32,-267.81,1,0.00,0.00,0,0,0,3.76,2.95,77.4,0,00,1,$
#,050,19,18,29.00,940.25,10.00,Frequency_MHz,RSSI_dBm,0.01,-0.06,0.99,2.01,0.49,2.99,49.82,-42.32,-267.81,1,0.00,0.00,0,0,0,3.76,3.04,75.7,0,00,1,$
#,050,20,18,29.00,940.25,10.00,Frequency_MHz,RSSI_dBm,0.01,-0.06,0.98,0.98,0.43,0.85,49.01,-41.16,-42.86,1,0.00,0.00,0,0,0,3.77,2.68,77.4,0,00,1,$
#,050,20,18,29.00,940.25,10.00,Frequency_MHz,RSSI_dBm,0.01,-0.06,0.98,0.98,0.43,0.85,49.01,-41.16,-42.86,1,0.00,0.00,0,0,0,3.77,2.68,75.7,0,00,1,$
#,050,20,19,29.00,940.25,10.00,Frequency_MHz,RSSI_dBm,0.01,-0.05,0.92,-7.14,0.73,-16.36,49.99,-41.87,-43.26,1,0.00,0.00,0,0,0,3.76,2.82,75.7,0,00,1,$
#,050,20,19,29.00,940.25,10.00,Frequency_MHz,RSSI_dBm,0.01,-0.05,0.92,-7.14,0.73,-16.36,49.99,-41.87,-43.26,1,0.00,0.00,0,0,0,3.76,2.82,75.7,0,00,1,$
#,050,20,19,29.00,940.25,10.00,Frequency_MHz,RSSI_dBm,0.01,-0.05,0.92,-7.14,0.73,-16.36,49.99,-41.87,-43.26,1,0.00,0.00,0,0,0,3.75,2.93,75.7,0,00,1,$
#,050,20,19,29.00,940.25,10.00,Frequency_MHz,RSSI_dBm,0.01,-0.06,0.98,0.73,0.18,-2.93,49.94,-42.42,-40.82,1,0.00,0.00,0,0,0,3.76,2.88,75.7,0,00,1,$
#,050,20,19,29.00,940.25,10.00,Frequency_MHz,RSSI_dBm,0.01,-0.06,0.98,0.73,0.18,-2.93,49.94,-42.42,-40.82,1,0.00,0.00,0,0,0,3.76,2.88,76.3,0,00,1,$
#,050,20,19,29.00,940.25,10.00,Frequency_MHz,RSSI_dBm,0.02,-0.06,0.94,3.60,-0.79,-0.06,49.79,-41.33,-45.04,1,0.00,0.00,0,0,0,3.76,3.03,75.7,0,00,1,$
#,050,21,19,29.00,940.25,10.00,Frequency_MHz,RSSI_dBm,0.02,-0.06,0.94,3.60,-0.79,-0.06,49.79,-41.33,-45.04,1,0.00,0.00,0,0,0,3.76,3.03,77.4,0,00,1,$
#,050,21,19,29.00,940.25,10.00,Frequency_MHz,RSSI_dBm,0.02,-0.06,0.94,3.60,-0.79,-0.06,49.79,-41.33,-45.04,1,0.00,0.00,0,0,0,3.77,2.71,76.3,0,00,1,$
#,050,21,19,29.00,940.25,10.00,Frequency_MHz,RSSI_dBm,0.01,-0.06,0.98,0.79,0.37,1.46,49.23,-41.75,-43.07,1,0.00,0.00,0,0,0,3.77,2.81,76.3,0,00,1,$
#,050,21,20,29.00,940.25,10.00,Frequency_MHz,RSSI_dBm,0.01,-0.06,0.98,0.79,0.37,1.46,49.23,-41.75,-43.07,1,0.00,0.00,0,0,0,3.77,2.81,77.9,0,00,1,$
#,050,21,20,29.00,940.25,10.00,Frequency_MHz,RSSI_dBm,0.01,-0.06,0.99,0.79,0.43,1.53,49.87,-42.00,-43.12,1,0.00,0.00,0,0,0,3.76,3.06,76.8,0,00,1,$
#,050,21,20,29.00,940.25,10.00,Frequency_MHz,RSSI_dBm,0.01,-0.06,0.99,0.79,0.43,1.53,49.87,-42.00,-43.12,1,0.00,0.00,0,0,0,3.76,3.06,77.4,0,00,1,$
#,050,21,20,29.00,940.25,10.00,Frequency_MHz,RSSI_dBm,0.01,-0.06,0.98,1.83,0.67,3.48,49.46,-41.77,-42.05,1,0.00,0.00,0,0,0,3.76,2.95,77.4,0,00,1,$
#,050,21,20,29.00,940.25,10.00,Frequency_MHz,RSSI_dBm,0.01,-0.06,0.98,1.83,0.67,3.48,49.46,-41.77,-42.05,1,0.00,0.00,0,0,0,3.77,2.90,77.4,0,00,1,$
#,050,22,20,29.00,940.25,10.00,Frequency_MHz,RSSI_dBm,0.01,-0.06,0.98,1.83,0.67,3.48,49.46,-41.77,-42.05,1,0.00,0.00,0,0,0,3.77,2.90,75.7,0,00,1,$
#,050,22,20,29.00,940.25,10.00,Frequency_MHz,RSSI_dBm,0.01,-0.06,0.98,1.77,0.67,3.78,48.72,-42.60,-43.76,1,0.00,0.00,0,0,0,3.76,2.67,76.3,0,00,1,$
#,050,22,20,29.00,940.25,10.00,Frequency_MHz,RSSI_dBm,0.01,-0.06,0.98,1.77,0.67,3.78,48.72,-42.60,-43.76,1,0.00,0.00,0,0,0,3.76,2.67,75.7,0,00,1,$
#,050,22,21,29.00,940.25,10.00,Frequency_MHz,RSSI_dBm,0.01,-0.06,0.98,0.73,0.31,1.71,49.89,-41.66,-42.09,1,0.00,0.00,0,0,0,3.76,2.75,77.4,0,00,1,$
#,050,22,21,29.00,940.25,10.00,Frequency_MHz,RSSI_dBm,0.01,-0.06,0.98,0.73,0.31,1.71,49.89,-41.66,-42.09,1,0.00,0.00,0,0,0,3.75,2.98,77.4,0,00,1,$
#,050,22,21,29.00,940.25,10.00,Frequency_MHz,RSSI_dBm,0.01,-0.06,0.98,0.73,0.31,1.71,49.89,-41.66,-42.09,1,0.00,0.00,0,0,0,3.75,2.98,76.8,0,00,1,$
#,050,22,21,29.00,940.25,10.00,Frequency_MHz,RSSI_dBm,0.02,-0.05,0.94,-3.05,1.77,1.46,49.18,-42.03,-43.20,1,0.00,0.00,0,0,0,3.75,2.95,76.3,0,00,1,$
#,050,22,21,29.00,940.25,10.00,Frequency_MHz,RSSI_dBm,0.02,-0.05,0.94,-3.05,1.77,1.46,49.18,-42.03,-43.20,1,0.00,0.00,0,0,0,3.75,2.95,77.4,0,00,1,$
#,050,23,21,29.00,940.25,10.00,Frequency_MHz,RSSI_dBm,0.01,-0.06,0.99,-5.62,-0.31,-36.50,49.15,-41.99,-42.11,1,0.00,0.00,0,0,0,3.75,2.88,76.3,0,00,1,$
#,050,23,21,29.00,940.25,10.00,Frequency_MHz,RSSI_dBm,0.01,-0.06,0.99,-5.62,-0.31,-36.50,49.15,-41.99,-42.11,1,0.00,0.00,0,0,0,3.77,2.72,75.7,0,00,1,$
#,050,23,21,29.00,940.25,10.00,Frequency_MHz,RSSI_dBm,0.01,-0.06,0.99,-5.62,-0.31,-36.50,49.15,-41.99,-42.11,1,0.00,0.00,0,0,0,3.77,2.72,76.3,0,00,1,$
#,050,23,21,29.00,940.25,10.00,Frequency_MHz,RSSI_dBm,0.02,-0.06,0.94,2.75,-1.59,64.76,49.60,-41.70,-42.53,1,0.00,0.00,0,0,0,3.76,2.49,75.7,0,00,1,$
#,050,23,22,29.00,940.25,10.00,Frequency_MHz,RSSI_dBm,0.02,-0.06,0.94,2.75,-1.59,64.76,49.60,-41.70,-42.53,1,0.00,0.00,0,0,0,3.76,2.49,76.8,0,00,1,$
#,050,23,22,29.00,940.25,10.00,Frequency_MHz,RSSI_dBm,0.01,-0.06,0.98,0.67,0.31,1.89,49.13,-42.14,-41.69,1,0.00,0.00,0,0,0,3.76,2.82,77.4,0,00,1,$
#,050,23,22,29.00,940.25,10.00,Frequency_MHz,RSSI_dBm,0.01,-0.06,0.98,0.67,0.31,1.89,49.13,-42.14,-41.69,1,0.00,0.00,0,0,0,3.76,2.82,74.7,0,00,1,$
#,050,23,22,29.00,940.25,10.00,Frequency_MHz,RSSI_dBm,0.01,-0.06,0.98,0.67,0.31,1.89,49.13,-42.14,-41.69,1,0.00,0.00,0,0,0,3.75,2.88,77.4,0,00,1,$
#,050,23,22,29.00,940.25,10.00,Frequency_MHz,RSSI_dBm,0.01,-0.05,0.98,0.79,0.55,0.79,49.24,-42.25,-43.90,1,0.00,0.00,0,0,0,3.75,2.97,77.9,0,00,1,$
#,050,24,22,29.00,940.25,10.00,Frequency_MHz,RSSI_dBm,0.01,-0.05,0.98,0.79,0.55,0.79,49.24,-42.25,-43.90,1,0.00,0.00,0,0,0,3.75,2.97,76.3,0,00,1,$
#,050,24,22,29.00,940.25,10.00,Frequency_MHz,RSSI_dBm,0.01,-0.06,0.98,2.50,0.79,2.56,48.65,-41.96,-44.34,1,0.00,0.00,0,0,0,3.75,2.82,76.8,0,00,1,$
#,050,24,22,29.00,940.25,10.00,Frequency_MHz,RSSI_dBm,0.01,-0.06,0.98,2.50,0.79,2.56,48.65,-41.96,-44.34,1,0.00,0.00,0,0,0,3.76,2.88,77.4,0,00,1,$
#,050,24,22,29.00,940.25,10.00,Frequency_MHz,RSSI_dBm,0.01,-0.06,0.98,2.50,0.79,2.56,48.65,-41.96,-44.34,1,0.00,0.00,0,0,0,3.76,2.88,76.8,0,00,1,$
#,050,24,23,29.00,940.25,10.00,Frequency_MHz,RSSI_dBm,0.01,-0.06,0.98,0.67,0.37,0.98,48.95,-41.20,-46.92,1,0.00,0.00,0,0,0,3.77,2.91,76.3,0,00,1,$
#,050,24,23,29.00,940.25,10.00,Frequency_MHz,RSSI_dBm,0.01,-0.06,0.98,0.67,0.37,0.98,48.95,-41.20,-46.92,1,0.00,0.00,0,0,0,3.77,2.91,76.3,0,00,1,$
#,050,24,23,29.00,940.25,10.00,Frequency_MHz,RSSI_dBm,0.01,-0.06,0.99,0.67,0.31,1.65,48.91,-42.14,-42.76,1,0.00,0.00,0,0,0,3.75,2.89,77.4,0,00,1,$
#,050,24,23,29.00,940.25,10.00,Frequency_MHz,RSSI_dBm,0.01,-0.06,0.99,0.67,0.31,1.65,48.91,-42.14,-42.76,1,0.00,0.00,0,0,0,3.75,3.10,75.2,0,00,1,$
#,050,25,23,29.00,940.25,10.00,Frequency_MHz,RSSI_dBm,0.01,-0.06,0.99,0.67,0.31,1.65,48.91,-42.14,-42.76,1,0.00,0.00,0,0,0,3.75,3.10,76.3,0,00,1,$
#,050,25,23,29.00,940.25,10.00,Frequency_MHz,RSSI_dBm,0.01,-0.06,0.98,-0.12,-0.31,0.79,49.58,-41.49,-43.80,1,0.00,0.00,0,0,0,3.75,2.73,77.4,0,00,1,$
#,050,25,23,29.00,940.25,10.00,Frequency_MHz,RSSI_dBm,0.01,-0.06,0.98,-0.12,-0.31,0.79,49.58,-41.49,-43.80,1,0.00,0.00,0,0,0,3.75,2.73,78.5,0,00,1,$
#,050,25,23,29.00,940.25,10.00,Frequency_MHz,RSSI_dBm,0.01,-0.05,0.93,-5.86,-2.20,5.00,49.05,-40.83,-43.99,1,0.00,0.00,0,0,0,3.75,2.86,76.3,0,00,1,$
#,050,25,23,29.00,940.25,10.00,Frequency_MHz,RSSI_dBm,0.01,-0.05,0.93,-5.86,-2.20,5.00,49.05,-40.83,-43.99,1,0.00,0.00,0,0,0,3.75,2.86,77.4,0,00,1,$
#,050,25,24,29.00,940.25,10.00,Frequency_MHz,RSSI_dBm,0.01,-0.05,0.93,-5.86,-2.20,5.00,49.05,-40.83,-43.99,1,0.00,0.00,0,0,0,3.77,2.72,76.8,0,00,1,$
#,050,25,24,29.00,940.25,10.00,Frequency_MHz,RSSI_dBm,0.01,-0.06,0.93,-9.16,0.37,-70.74,48.82,-41.32,-44.12,1,0.00,0.00,0,0,0,3.75,2.99,77.9,0,00,1,$
#,050,25,24,29.00,940.25,10.00,Frequency_MHz,RSSI_dBm,0.01,-0.06,0.93,-9.16,0.37,-70.74,48.82,-41.32,-44.12,1,0.00,0.00,0,0,0,3.75,2.99,78.5,0,00,1,$
#,050,26,24,29.00,940.25,10.00,Frequency_MHz,RSSI_dBm,0.00,-0.05,0.97,0.85,0.31,0.79,49.29,-41.86,-44.70,1,0.00,0.00,0,0,0,3.75,3.01,77.9,0,00,1,$
#,050,26,24,29.00,940.25,10.00,Frequency_MHz,RSSI_dBm,0.00,-0.05,0.97,0.85,0.31,0.79,49.29,-41.86,-44.70,1,0.00,0.00,0,0,0,3.75,3.01,77.4,0,00,1,$
#,050,26,24,29.00,940.25,10.00,Frequency_MHz,RSSI_dBm,0.01,-0.06,0.98,1.65,0.55,0.55,48.69,-41.70,-43.82,1,0.00,0.00,0,0,0,3.76,2.87,76.8,0,00,1,$
#,050,26,24,29.00,940.25,10.00,Frequency_MHz,RSSI_dBm,0.01,-0.06,0.98,1.65,0.55,0.55,48.69,-41.70,-43.82,1,0.00,0.00,0,0,0,3.76,2.73,77.9,0,00,1,$
#,050,26,24,29.00,940.25,10.00,Frequency_MHz,RSSI_dBm,0.01,-0.06,0.98,1.65,0.55,0.55,48.69,-41.70,-43.82,1,0.00,0.00,0,0,0,3.76,2.73,77.9,0,00,1,$
#,050,26,24,29.00,940.25,10.00,Frequency_MHz,RSSI_dBm,0.01,-0.06,0.98,1.59,0.55,4.09,48.74,-41.32,-42.13,1,0.00,0.00,0,0,0,3.76,2.62,77.4,0,00,1,$
#,050,26,25,29.00,940.25,10.00,Frequency_MHz,RSSI_dBm,0.01,-0.06,0.98,1.59,0.55,4.09,48.74,-41.32,-42.13,1,0.00,0.00,0,0,0,3.76,2.98,76.3,0,00,1,$
#,050,26,25,29.00,940.25,10.00,Frequency_MHz,RSSI_dBm,0.01,-0.06,0.98,0.92,0.37,1.04,49.13,-42.72,-279.72,1,0.00,0.00,0,0,0,3.76,2.98,77.9,0,00,1,$
#,050,27,25,29.00,940.25,10.00,Frequency_MHz,RSSI_dBm,0.01,-0.06,0.98,0.92,0.37,1.04,49.13,-42.72,-279.72,1,0.00,0.00,0,0,0,3.74,2.97,78.5,0,00,1,$
#,050,27,25,29.00,940.25,10.00,Frequency_MHz,RSSI_dBm,0.01,-0.06,0.98,0.92,0.37,1.04,49.13,-42.72,-279.72,1,0.00,0.00,0,0,0,3.74,2.97,77.4,0,00,1,$
#,050,27,25,29.00,940.25,10.00,Frequency_MHz,RSSI_dBm,0.01,-0.06,0.98,1.22,0.43,2.44,49.08,-42.09,-44.31,1,0.00,0.00,0,0,0,3.75,2.92,76.3,0,00,1,$
#,050,27,25,29.00,940.25,10.00,Frequency_MHz,RSSI_dBm,0.01,-0.06,0.98,1.22,0.43,2.44,49.08,-42.09,-44.31,1,0.00,0.00,0,0,0,3.75,2.92,77.4,0,00,1,$
#,050,27,25,29.00,940.25,10.00,Frequency_MHz,RSSI_dBm,0.01,-0.05,0.93,-5.68,3.05,2.93,48.72,-41.86,-43.19,1,0.00,0.00,0,0,0,3.76,2.83,77.9,0,00,1,$
#,050,27,25,29.00,940.25,10.00,Frequency_MHz,RSSI_dBm,0.01,-0.05,0.93,-5.68,3.05,2.93,48.72,-41.86,-43.19,1,0.00,0.00,0,0,0,3.76,2.67,77.4,0,00,1,$
#,050,27,25,29.00,940.25,10.00,Frequency_MHz,RSSI_dBm,0.01,-0.05,0.93,-5.68,3.05,2.93,48.72,-41.86,-43.19,1,0.00,0.00,0,0,0,3.76,2.67,78.5,0,00,1,$
#,050,27,26,29.00,940.25,10.00,Frequency_MHz,RSSI_dBm,0.02,-0.06,0.94,5.86,3.78,42.30,48.49,-41.41,-41.20,1,0.00,0.00,0,0,0,3.76,2.78,77.4,0,00,1,$
#,050,28,26,29.00,940.25,10.00,Frequency_MHz,RSSI_dBm,0.02,-0.06,0.94,5.86,3.78,42.30,48.49,-41.41,-41.20,1,0.00,0.00,0,0,0,3.75,2.97,77.9,0,00,1,$
#,050,28,26,29.00,940.25,10.00,Frequency_MHz,RSSI_dBm,0.02,-0.06,0.94,13.00,-1.34,50.78,49.91,-41.37,-42.10,1,0.00,0.00,0,0,0,3.75,2.97,76.8,0,00,1,$
#,050,28,26,29.00,940.25,10.00,Frequency_MHz,RSSI_dBm,0.02,-0.06,0.94,13.00,-1.34,50.78,49.91,-41.37,-42.10,1,0.00,0.00,0,0,0,3.76,2.93,78.5,0,00,1,$
#,050,28,26,29.00,940.25,10.00,Frequency_MHz,RSSI_dBm,0.02,-0.06,0.94,13.00,-1.34,50.78,49.91,-41.37,-42.10,1,0.00,0.00,0,0,0,3.76,2.93,77.9,0,00,1,$
#,050,28,26,29.00,940.25,10.00,Frequency_MHz,RSSI_dBm,0.01,-0.06,0.98,0.85,0.37,0.92,49.96,-41.99,-45.14,1,0.00,0.00,0,0,0,3.76,2.89,76.8,0,00,1,$
#,050,28,26,29.00,940.25,10.00,Frequency_MHz,RSSI_dBm,0.01,-0.06,0.98,0.85,0.37,0.92,49.96,-41.99,-45.14,1,0.00,0.00,0,0,0,3.76,2.89,78.5,0,00,1,$
#,050,28,26,29.00,940.25,10.00,Frequency_MHz,RSSI_dBm,0.01,-0.06,0.98,0.00,0.98,-10.38,49.62,-41.13,-42.58,1,0.00,0.00,0,0,0,3.75,2.83,78.5,0,00,1,$
#,050,28,26,29.00,940.25,10.00,Frequency_MHz,RSSI_dBm,0.01,-0.06,0.98,0.00,0.98,-10.38,49.62,-41.13,-42.58,1,0.00,0.00,0,0,0,3.76,2.68,77.4,0,00,1,$
#,050,28,27,29.00,940.25,10.00,Frequency_MHz,RSSI_dBm,0.01,-0.06,0.98,0.00,0.98,-10.38,49.62,-41.13,-42.58,1,0.00,0.00,0,0,0,3.76,2.68,79.0,0,00,1,$
#,050,29,27,29.00,940.25,10.00,Frequency_MHz,RSSI_dBm,0.01,-0.06,0.99,0.73,0.55,0.55,48.90,-41.59,-44.27,1,0.00,0.00,0,0,0,3.76,3.12,76.8,0,00,1,$
#,050,29,27,29.00,940.25,10.00,Frequency_MHz,RSSI_dBm,0.01,-0.06,0.99,0.73,0.55,0.55,48.90,-41.59,-44.27,1,0.00,0.00,0,0,0,3.76,3.12,78.5,0,00,1,$
#,050,29,27,29.00,940.25,10.00,Frequency_MHz,RSSI_dBm,0.01,-0.06,0.98,0.67,0.43,1.71,49.50,-42.92,-45.59,1,0.00,0.00,0,0,0,3.76,3.08,78.5,0,00,1,$
#,050,29,27,29.00,940.25,10.00,Frequency_MHz,RSSI_dBm,0.01,-0.06,0.98,0.67,0.43,1.71,49.50,-42.92,-45.59,1,0.00,0.00,0,0,0,3.75,3.02,76.8,0,00,1,$
#,050,29,27,29.00,940.25,10.00,Frequency_MHz,RSSI_dBm,0.01,-0.06,0.98,0.67,0.43,1.71,49.50,-42.92,-45.59,1,0.00,0.00,0,0,0,3.75,3.02,77.4,0,00,1,$
#,050,29,27,29.00,940.25,10.00,Frequency_MHz,RSSI_dBm,0.01,-0.06,0.98,1.22,0.49,1.89,49.06,-42.30,-44.42,1,0.00,0.00,0,0,0,3.78,2.99,78.5,0,00,1,$
#,050,29,27,29.00,940.25,10.00,Frequency_MHz,RSSI_dBm,0.01,-0.06,0.98,1.22,0.49,1.89,49.06,-42.30,-44.42,1,0.00,0.00,0,0,0,3.78,2.99,77.4,0,00,1,$
#,050,29,27,29.00,940.25,10.00,Frequency_MHz,RSSI_dBm,0.03,-0.06,0.94,-1.71,0.67,-1.83,48.93,-42.02,-41.85,1,0.00,0.00,0,0,0,3.76,2.57,76.8,0,00,1,$
#,050,30,28,29.00,940.25,10.00,Frequency_MHz,RSSI_dBm,0.03,-0.06,0.94,-1.71,0.67,-1.83,48.93,-42.02,-41.85,1,0.00,0.00,0,0,0,3.76,2.57,77.9,0,00,1,$
#,050,30,28,29.00,940.25,10.00,Frequency_MHz,RSSI_dBm,0.03,-0.06,0.94,-1.71,0.67,-1.83,48.93,-42.02,-41.85,1,0.00,0.00,0,0,0,3.76,2.83,76.3,0,00,1,$
#,050,30,28,29.00,940.25,10.00,Frequency_MHz,RSSI_dBm,0.01,-0.06,0.99,1.28,0.12,-0.61,49.21,-42.26,-44.14,1,0.00,0.00,0,0,0,3.75,2.91,76.8,0,00,1,$
#,050,30,28,29.00,940.25,10.00,Frequency_MHz,RSSI_dBm,0.01,-0.06,0.99,1.28,0.12,-0.61,49.21,-42.26,-44.14,1,0.00,0.00,0,0,0,3.75,2.91,79.0,0,00,1,$
#,050,30,28,29.00,940.25,10.00,Frequency_MHz,RSSI_dBm,0.01,-0.06,0.98,1.34,0.31,-0.73,48.85,-41.39,-42.72,1,0.00,0.00,0,0,0,3.75,2.94,78.5,0,00,1,$
#,050,30,28,29.00,940.25,10.00,Frequency_MHz,RSSI_dBm,0.01,-0.06,0.98,1.34,0.31,-0.73,48.85,-41.39,-42.72,1,0.00,0.00,0,0,0,3.75,2.94,79.0,0,00,1,$
#,050,30,28,29.00,940.25,10.00,Frequency_MHz,RSSI_dBm,0.01,-0.06,0.98,1.34,0.31,-0.73,48.85,-41.39,-42.72,1,0.00,0.00,0,0,0,3.75,3.08,79.0,0,00,1,$
#,050,30,28,29.00,940.25,10.00,Frequency_MHz,RSSI_dBm,0.02,-0.06,0.99,-2.20,-0.49,-20.81,49.40,-41.77,-43.71,1,0.00,0.00,0,0,0,3.76,2.87,79.6,0,00,1,$
#,050,31,28,29.00,940.25,10.00,Frequency_MHz,RSSI_dBm,0.02,-0.06,0.99,-2.20,-0.49,-20.81,49.40,-41.77,-43.71,1,0.00,0.00,0,0,0,3.76,2.87,79.6,0,00,1,$
#,050,31,29,29.00,940.25,10.00,Frequency_MHz,RSSI_dBm,0.01,-0.05,0.98,0.73,0.37,1.59,48.84,-41.26,-43.97,1,0.00,0.00,0,0,0,3.76,2.79,77.4,0,00,1,$
#,050,31,29,29.00,940.25,10.00,Frequency_MHz,RSSI_dBm,0.01,-0.05,0.98,0.73,0.37,1.59,48.84,-41.26,-43.97,1,0.00,0.00,0,0,0,3.76,2.79,79.0,0,00,1,$
#,050,31,29,29.00,940.25,10.00,Frequency_MHz,RSSI_dBm,0.01,-0.05,0.98,0.73,0.37,1.59,48.84,-41.26,-43.97,1,0.00,0.00,0,0,0,3.75,3.05,79.0,0,00,1,$
#,050,31,29,29.00,940.25,10.00,Frequency_MHz,RSSI_dBm,0.01,-0.06,0.99,1.10,0.31,-0.18,50.20,-42.22,-43.33,1,0.00,0.00,0,0,0,3.75,2.88,78.5,0,00,1,$
#,050,31,29,29.00,940.25,10.00,Frequency_MHz,RSSI_dBm,0.01,-0.06,0.99,1.10,0.31,-0.18,50.20,-42.22,-43.33,1,0.00,0.00,0,0,0,3.75,2.88,77.9,0,00,1,$
#,050,31,29,29.00,940.25,10.00,Frequency_MHz,RSSI_dBm,0.01,-0.06,0.98,1.34,0.55,1.59,48.17,-42.74,-44.63,1,0.00,0.00,0,0,0,3.76,2.51,77.9,0,00,1,$
#,050,31,29,29.00,940.25,10.00,Frequency_MHz,RSSI_dBm,0.01,-0.06,0.98,1.34,0.55,1.59,48.17,-42.74,-44.63,1,0.00,0.00,0,0,0,3.76,2.51,77.9,0,00,1,$
#,050,31,29,29.00,940.25,10.00,Frequency_MHz,RSSI_dBm,0.01,-0.06,0.98,1.34,0.55,1.59,48.17,-42.74,-44.63,1,0.00,0.00,0,0,0,3.76,2.81,77.9,0,00,1,$
#,050,32,29,29.00,940.25,10.00,Frequency_MHz,RSSI_dBm,0.01,-0.06,0.98,1.34,0.55,1.59,48.17,-42.74,-44.63,1,0.00,0.00,0,0,0,3.76,2.81,78.5,0,00,1,$
#,050,32,30,29.00,940.25,10.00,Frequency_MHz,RSSI_dBm,0.01,-0.06,0.98,1.34,0.55,1.59,48.17,-42.74,-44.63,1,0.00,0.00,0,0,0,3.81,1.59,76.8,0,00,1,$
#,050,32,30,29.00,940.25,10.00,Frequency_MHz,RSSI_dBm,0.01,-0.06,0.98,1.34,0.55,1.59,48.17,-42.74,-44.63,1,0.00,0.00,0,0,0,3.81,1.59,76.3,0,00,1,$
#,050,32,30,29.00,940.25,10.00,Frequency_MHz,RSSI_dBm,0.01,-0.06,0.98,1.34,0.55,1.59,48.17,-42.74,-44.63,1,0.00,0.00,0,0,0,3.81,1.59,75.7,0,00,1,$
#,050,32,30,29.00,940.25,10.00,Frequency_MHz,RSSI_dBm,0.01,-0.06,0.98,1.34,0.55,1.59,48.17,-42.74,-44.63,1,0.00,0.00,0,0,0,3.81,1.59,74.7,0,00,1,$
#,050,32,30,29.00,940.25,10.00,Frequency_MHz,RSSI_dBm,0.01,-0.06,0.98,1.34,0.55,1.59,48.17,-42.74,-44.63,1,0.00,0.00,0,0,0,3.82,1.61,74.7,0,00,1,$
#,050,32,30,29.00,940.25,10.00,Frequency_MHz,RSSI_dBm,0.01,-0.06,0.98,1.34,0.55,1.59,48.17,-42.74,-44.63,1,0.00,0.00,0,0,0,3.82,1.61,74.7,0,00,1,$
#,050,32,30,29.00,940.25,10.00,Frequency_MHz,RSSI_dBm,0.01,-0.06,0.98,1.34,0.55,1.59,48.17,-42.74,-44.63,1,0.00,0.00,0,0,0,3.82,1.60,73.0,0,00,1,$
#,050,32,30,29.00,940.25,10.00,Frequency_MHz,RSSI_dBm,0.01,-0.06,0.98,0.24,0.12,-1.95,47.50,-42.83,-40.78,1,0.00,0.00,0,0,0,3.82,1.60,75.7,0,00,1,$
#,050,33,30,29.00,940.25,10.00,Frequency_MHz,RSSI_dBm,0.02,-0.07,0.94,-3.11,-0.67,-26.06,49.32,-41.66,-43.85,1,0.00,0.00,0,0,0,3.76,2.85,77.4,0,00,1,$
#,050,33,30,29.00,940.25,10.00,Frequency_MHz,RSSI_dBm,0.02,-0.07,0.94,-3.11,-0.67,-26.06,49.32,-41.66,-43.85,1,0.00,0.00,0,0,0,3.75,2.79,75.7,0,00,1,$
#,050,33,31,29.00,940.25,10.00,Frequency_MHz,RSSI_dBm,0.01,-0.06,0.98,6.16,-1.16,35.28,48.84,-41.94,-42.98,1,0.00,0.00,0,0,0,3.75,2.79,76.3,0,00,1,$
#,050,33,31,29.00,940.25,10.00,Frequency_MHz,RSSI_dBm,0.01,-0.06,0.98,6.16,-1.16,35.28,48.84,-41.94,-42.98,1,0.00,0.00,0,0,0,3.76,2.95,78.5,0,00,1,$
#,050,33,31,29.00,940.25,10.00,Frequency_MHz,RSSI_dBm,0.01,-0.06,0.98,6.16,-1.16,35.28,48.84,-41.94,-42.98,1,0.00,0.00,0,0,0,3.76,2.95,76.3,0,00,1,$
#,050,33,31,29.00,940.25,10.00,Frequency_MHz,RSSI_dBm,0.01,-0.06,0.98,1.16,0.49,-0.31,49.23,-41.06,-45.23,1,0.00,0.00,0,0,0,3.75,3.03,76.8,0,00,1,$
#,050,33,31,29.00,940.25,10.00,Frequency_MHz,RSSI_dBm,0.01,-0.06,0.98,1.16,0.49,-0.31,49.23,-41.06,-45.23,1,0.00,0.00,0,0,0,3.75,3.13,77.4,0,00,1,$
#,050,33,31,29.00,940.25,10.00,Frequency_MHz,RSSI_dBm,0.01,-0.06,0.98,1.71,0.55,3.54,49.33,-42.08,-44.09,1,0.00,0.00,0,0,0,3.75,3.13,76.8,0,00,1,$
#,050,33,31,29.00,940.25,10.00,Frequency_MHz,RSSI_dBm,0.01,-0.06,0.98,1.71,0.55,3.54,49.33,-42.08,-44.09,1,0.00,0.00,0,0,0,3.76,2.68,77.4,0,00,1,$
#,050,34,31,29.00,940.25,10.00,Frequency_MHz,RSSI_dBm,0.01,-0.06,0.98,1.71,0.55,3.54,49.33,-42.08,-44.09,1,0.00,0.00,0,0,0,3.76,2.68,79.0,0,00,1,$
#,050,34,31,29.00,940.25,10.00,Frequency_MHz,RSSI_dBm,0.01,-0.06,0.98,0.79,0.43,2.87,48.68,-42.09,-45.09,1,0.00,0.00,0,0,0,3.76,2.78,78.5,0,00,1,$
#,050,34,32,29.00,940.25,10.00,Frequency_MHz,RSSI_dBm,0.01,-0.06,0.98,0.79,0.43,2.87,48.68,-42.09,-45.09,1,0.00,0.00,0,0,0,3.76,2.94,77.4,0,00,1,$
#,050,34,32,29.00,940.25,10.00,Frequency_MHz,RSSI_dBm,0.01,-0.06,0.99,0.67,0.49,1.34,49.13,-41.99,-45.32,1,0.00,0.00,0,0,0,3.76,2.94,78.5,0,00,1,$
#,050,34,32,29.00,940.25,10.00,Frequency_MHz,RSSI_dBm,0.01,-0.06,0.99,0.67,0.49,1.34,49.13,-41.99,-45.32,1,0.00,0.00,0,0,0,3.75,3.04,77.4,0,00,1,$
#,050,34,32,29.00,940.25,10.00,Frequency_MHz,RSSI_dBm,0.01,-0.06,0.99,0.67,0.49,1.34,49.13,-41.99,-45.32,1,0.00,0.00,0,0,0,3.75,3.04,77.4,0,00,1,$
#,050,34,32,29.00,940.25,10.00,Frequency_MHz,RSSI_dBm,0.01,-0.06,0.98,0.55,-0.55,4.88,49.98,-41.78,-44.04,1,0.00,0.00,0,0,0,3.75,2.91,78.5,0,00,1,$
#,050,34,32,29.00,940.25,10.00,Frequency_MHz,RSSI_dBm,0.01,-0.06,0.98,0.55,-0.55,4.88,49.98,-41.78,-44.04,1,0.00,0.00,0,0,0,3.75,2.91,77.4,0,00,1,$
#,050,35,32,29.00,940.25,10.00,Frequency_MHz,RSSI_dBm,0.02,-0.06,0.96,3.91,0.73,65.43,49.89,-41.26,-44.17,1,0.00,0.00,0,0,0,3.75,3.02,77.4,0,00,1,$
#,050,35,32,29.00,940.25,10.00,Frequency_MHz,RSSI_dBm,0.02,-0.06,0.96,3.91,0.73,65.43,49.89,-41.26,-44.17,1,0.00,0.00,0,0,0,3.75,2.90,79.6,0,00,1,$
#,050,35,32,29.00,940.25,10.00,Frequency_MHz,RSSI_dBm,0.01,-0.06,0.98,0.73,0.31,1.65,48.82,-40.76,-44.57,1,0.00,0.00,0,0,0,3.75,2.90,78.5,0,00,1,$
#,050,35,33,29.00,940.25,10.00,Frequency_MHz,RSSI_dBm,0.01,-0.06,0.98,0.73,0.31,1.65,48.82,-40.76,-44.57,1,0.00,0.00,0,0,0,3.75,2.80,77.9,0,00,1,$
#,050,35,33,29.00,940.25,10.00,Frequency_MHz,RSSI_dBm,0.01,-0.06,0.98,0.73,0.31,1.65,48.82,-40.76,-44.57,1,0.00,0.00,0,0,0,3.75,2.95,77.9,0,00,1,$
#,050,35,33,29.00,940.25,10.00,Frequency_MHz,RSSI_dBm,0.01,-0.06,0.98,-0.12,0.61,-12.76,49.49,-41.80,-43.95,1,0.00,0.00,0,0,0,3.75,2.95,79.0,0,00,1,$
#,050,35,33,29.00,940.25,10.00,Frequency_MHz,RSSI_dBm,0.01,-0.06,0.98,-0.12,0.61,-12.76,49.49,-41.80,-43.95,1,0.00,0.00,0,0,0,3.75,3.15,77.9,0,00,1,$
#,050,35,33,29.00,940.25,10.00,Frequency_MHz,RSSI_dBm,0.01,-0.06,0.96,-1.65,0.79,-19.23,50.04,-41.74,-44.86,1,0.00,0.00,0,0,0,3.75,3.15,79.0,0,00,1,$
#,050,36,33,29.00,940.25,10.00,Frequency_MHz,RSSI_dBm,0.01,-0.06,0.96,-1.65,0.79,-19.23,50.04,-41.74,-44.86,1,0.00,0.00,0,0,0,3.75,3.04,76.3,0,00,1,$
#,050,36,33,29.00,940.25,10.00,Frequency_MHz,RSSI_dBm,0.01,-0.06,0.96,-1.65,0.79,-19.23,50.04,-41.74,-44.86,1,0.00,0.00,0,0,0,3.76,2.69,79.0,0,00,1,$
#,050,36,33,29.00,940.25,10.00,Frequency_MHz,RSSI_dBm,0.01,-0.06,0.98,0.67,0.37,1.71,49.28,-42.43,-43.88,1,0.00,0.00,0,0,0,3.76,2.69,77.9,0,00,1,$
#,050,36,33,29.00,940.25,10.00,Frequency_MHz,RSSI_dBm,0.01,-0.06,0.98,0.67,0.37,1.71,49.28,-42.43,-43.88,1,0.00,0.00,0,0,0,3.76,2.98,79.0,0,00,1,$
#,050,36,34,29.00,940.25,10.00,Frequency_MHz,RSSI_dBm,0.01,-0.06,0.98,1.16,0.24,2.14,49.58,-41.63,-44.80,1,0.00,0.00,0,0,0,3.75,2.87,78.5,0,00,1,$
#,050,36,34,29.00,940.25,10.00,Frequency_MHz,RSSI_dBm,0.01,-0.06,0.98,1.16,0.24,2.14,49.58,-41.63,-44.80,1,0.00,0.00,0,0,0,3.75,2.87,77.9,0,00,1,$
#,050,36,34,29.00,940.25,10.00,Frequency_MHz,RSSI_dBm,0.03,-0.06,0.90,1.16,0.55,-59.81,48.34,-41.59,-44.47,1,0.00,0.00,0,0,0,3.75,3.14,77.4,0,00,1,$
#,050,36,34,29.00,940.25,10.00,Frequency_MHz,RSSI_dBm,0.03,-0.06,0.90,1.16,0.55,-59.81,48.34,-41.59,-44.47,1,0.00,0.00,0,0,0,3.75,3.14,77.9,0,00,1,$
#,050,37,34,29.00,940.25,10.00,Frequency_MHz,RSSI_dBm,0.03,-0.06,0.90,1.16,0.55,-59.81,48.34,-41.59,-44.47,1,0.00,0.00,0,0,0,3.74,3.21,77.4,0,00,1,$
#,050,37,34,29.00,940.25,10.00,Frequency_MHz,RSSI_dBm,0.03,-0.06,0.90,1.16,0.55,-59.81,48.34,-41.59,-44.47,1,0.00,0.00,0,0,0,3.74,3.21,74.7,0,00,1,$
#,050,37,34,29.00,940.25,10.00,Frequency_MHz,RSSI_dBm,0.03,-0.06,0.90,1.16,0.55,-59.81,48.34,-41.59,-44.47,1,0.00,0.00,0,0,0,3.82,1.59,75.2,0,00,1,$
#,050,37,34,29.00,940.25,10.00,Frequency_MHz,RSSI_dBm,0.03,-0.06,0.90,1.16,0.55,-59.81,48.34,-41.59,-44.47,1,0.00,0.00,0,0,0,3.82,1.47,75.2,0,00,1,$
#,050,37,34,29.00,940.25,10.00,Frequency_MHz,RSSI_dBm,0.03,-0.06,0.90,1.16,0.55,-59.81,48.34,-41.59,-44.47,1,0.00,0.00,0,0,0,3.82,1.47,75.2,0,00,1,$
#,050,37,34,29.00,940.25,10.00,Frequency_MHz,RSSI_dBm,0.03,-0.06,0.90,1.16,0.55,-59.81,48.34,-41.59,-44.47,1,0.00,0.00,0,0,0,3.82,1.65,73.6,0,00,1,$
#,050,37,35,29.00,940.25,10.00,Frequency_MHz,RSSI_dBm,0.03,-0.06,0.90,1.16,0.55,-59.81,48.34,-41.59,-44.47,1,0.00,0.00,0,0,0,3.82,1.65,74.7,0,00,1,$
#,050,37,35,29.00,940.25,10.00,Frequency_MHz,RSSI_dBm,0.03,-0.06,0.90,1.16,0.55,-59.81,48.34,-41.59,-44.47,1,0.00,0.00,0,0,0,3.82,1.57,74.1,0,00,1,$
#,050,37,35,29.00,940.25,10.00,Frequency_MHz,RSSI_dBm,0.03,-0.06,0.90,1.16,0.55,-59.81,48.34,-41.59,-44.47,1,0.00,0.00,0,0,0,3.82,1.57,73.0,0,00,1,$
#,050,38,35,29.00,940.25,10.00,Frequency_MHz,RSSI_dBm,0.03,-0.06,0.90,1.16,0.55,-59.81,48.34,-41.59,-44.47,1,0.00,0.00,0,0,0,3.82,1.57,73.0,0,00,1,$
#,050,38,35,29.00,940.25,10.00,Frequency_MHz,RSSI_dBm,0.03,-0.06,0.90,1.16,0.55,-59.81,48.34,-41.59,-44.47,1,0.00,0.00,0,0,0,3.80,1.75,72.5,0,00,1,$
#,050,38,35,29.00,940.25,10.00,Frequency_MHz,RSSI_dBm,0.03,-0.06,0.90,1.16,0.55,-59.81,48.34,-41.59,-44.47,1,0.00,0.00,0,0,0,3.80,1.75,71.9,0,00,1,$
#,050,38,35,29.00,940.25,10.00,Frequency_MHz,RSSI_dBm,0.03,-0.06,0.90,1.16,0.55,-59.81,48.34,-41.59,-44.47,1,0.00,0.00,0,0,0,3.80,1.69,73.0,0,00,1,$
#,050,38,35,29.00,940.25,10.00,Frequency_MHz,RSSI_dBm,0.03,-0.06,0.90,1.16,0.55,-59.81,48.34,-41.59,-44.47,1,0.00,0.00,0,0,0,3.80,1.69,71.9,0,00,1,$
#,050,38,36,29.00,940.25,10.00,Frequency_MHz,RSSI_dBm,0.03,-0.06,0.90,1.16,0.55,-59.81,48.34,-41.59,-44.47,1,0.00,0.00,0,0,0,3.82,1.54,73.0,0,00,1,$
#,050,38,36,29.00,940.25,10.00,Frequency_MHz,RSSI_dBm,0.03,-0.06,0.90,1.16,0.55,-59.81,48.34,-41.59,-44.47,1,0.00,0.00,0,0,0,3.82,1.54,71.9,0,00,1,$
#,050,38,36,29.00,940.25,10.00,Frequency_MHz,RSSI_dBm,0.03,-0.06,0.90,1.16,0.55,-59.81,48.34,-41.59,-44.47,1,0.00,0.00,0,0,0,3.81,1.57,71.9,0,00,1,$
#,050,38,36,29.00,940.25,10.00,Frequency_MHz,RSSI_dBm,0.03,-0.06,0.90,1.16,0.55,-59.81,48.34,-41.59,-44.47,1,0.00,0.00,0,0,0,3.81,1.57,71.9,0,00,1,$
#,050,39,36,29.00,940.25,10.00,Frequency_MHz,RSSI_dBm,0.03,-0.06,0.90,1.16,0.55,-59.81,48.34,-41.59,-44.47,1,0.00,0.00,0,0,0,3.82,1.57,70.8,0,00,1,$
#,050,39,36,29.00,940.25,10.00,Frequency_MHz,RSSI_dBm,0.03,-0.06,0.90,1.16,0.55,-59.81,48.34,-41.59,-44.47,1,0.00,0.00,0,0,0,3.82,1.57,70.3,0,00,1,$
#,050,39,36,29.00,940.25,10.00,Frequency_MHz,RSSI_dBm,0.02,-0.06,0.99,0.67,-2.38,53.16,48.78,-42.09,-43.20,1,0.00,0.00,0,0,0,3.82,2.23,73.6,0,00,1,$
#,050,39,36,29.00,940.25,10.00,Frequency_MHz,RSSI_dBm,0.02,-0.06,0.99,0.67,-2.38,53.16,48.78,-42.09,-43.20,1,0.00,0.00,0,0,0,3.82,2.23,74.1,0,00,1,$
#,050,39,36,29.00,940.25,10.00,Frequency_MHz,RSSI_dBm,0.02,-0.06,0.99,0.67,-2.38,53.16,48.78,-42.09,-43.20,1,0.00,0.00,0,0,0,3.76,2.95,74.1,0,00,1,$
#,050,39,36,29.00,940.25,10.00,Frequency_MHz,RSSI_dBm,0.01,-0.06,0.98,1.95,-0.24,3.05,49.10,-42.05,-41.74,1,0.00,0.00,0,0,0,3.76,2.84,73.6,0,00,1,$
#,050,39,37,29.00,940.25,10.00,Frequency_MHz,RSSI_dBm,0.01,-0.06,0.98,1.95,-0.24,3.05,49.10,-42.05,-41.74,1,0.00,0.00,0,0,0,3.76,2.84,74.7,0,00,1,$
#,050,39,37,29.00,940.25,10.00,Frequency_MHz,RSSI_dBm,0.00,-0.06,0.94,-9.16,1.59,-20.75,49.11,-41.65,-42.02,1,0.00,0.00,0,0,0,3.77,2.76,74.1,0,00,1,$
#,050,39,37,29.00,940.25,10.00,Frequency_MHz,RSSI_dBm,0.00,-0.06,0.94,-9.16,1.59,-20.75,49.11,-41.65,-42.02,1,0.00,0.00,0,0,0,3.77,2.76,74.1,0,00,1,$
#,050,40,37,29.00,940.25,10.00,Frequency_MHz,RSSI_dBm,0.00,-0.06,0.94,-9.16,1.59,-20.75,49.11,-41.65,-42.02,1,0.00,0.00,0,0,0,3.75,2.78,75.7,0,00,1,$
#,050,40,37,29.00,940.25,10.00,Frequency_MHz,RSSI_dBm,0.02,-0.06,0.94,-2.32,-0.92,-17.09,48.86,-42.14,-44.19,1,0.00,0.00,0,0,0,3.75,2.96,75.7,0,00,1,$
#,050,40,37,29.00,940.25,10.00,Frequency_MHz,RSSI_dBm,0.02,-0.06,0.94,-2.32,-0.92,-17.09,48.86,-42.14,-44.19,1,0.00,0.00,0,0,0,3.75,2.96,74.7,0,00,1,$
#,050,40,37,29.00,940.25,10.00,Frequency_MHz,RSSI_dBm,0.01,-0.06,0.98,0.92,0.37,0.73,48.63,-42.09,-44.34,1,0.00,0.00,0,0,0,3.76,3.08,75.2,0,00,1,$
#,050,40,37,29.00,940.25,10.00,Frequency_MHz,RSSI_dBm,0.01,-0.06,0.98,0.92,0.37,0.73,48.63,-42.09,-44.34,1,0.00,0.00,0,0,0,3.76,3.08,74.1,0,00,1,$
#,050,40,37,29.00,940.25,10.00,Frequency_MHz,RSSI_dBm,0.01,-0.06,0.99,0.06,0.98,-11.60,49.23,-41.76,-42.15,1,0.00,0.00,0,0,0,3.76,2.80,76.3,0,00,1,$
#,050,40,38,29.00,940.25,10.00,Frequency_MHz,RSSI_dBm,0.01,-0.06,0.99,0.06,0.98,-11.60,49.23,-41.76,-42.15,1,0.00,0.00,0,0,0,3.76,2.97,76.8,0,00,1,$
#,050,40,38,29.00,940.25,10.00,Frequency_MHz,RSSI_dBm,0.01,-0.06,0.99,0.06,0.98,-11.60,49.23,-41.76,-42.15,1,0.00,0.00,0,0,0,3.76,2.97,76.3,0,00,1,$
#,050,41,38,29.00,940.25,10.00,Frequency_MHz,RSSI_dBm,0.01,-0.06,0.99,2.20,0.79,2.81,48.16,-42.48,-42.82,1,0.00,0.00,0,0,0,3.76,2.92,75.7,0,00,1,$
#,050,41,38,29.00,940.25,10.00,Frequency_MHz,RSSI_dBm,0.01,-0.06,0.99,2.20,0.79,2.81,48.16,-42.48,-42.82,1,0.00,0.00,0,0,0,3.76,2.70,76.3,0,00,1,$
#,050,41,38,29.00,940.25,10.00,Frequency_MHz,RSSI_dBm,0.01,-0.06,0.99,0.61,0.31,1.53,50.00,-42.00,-44.58,1,0.00,0.00,0,0,0,3.76,2.70,75.7,0,00,1,$
#,050,41,38,29.00,940.25,10.00,Frequency_MHz,RSSI_dBm,0.01,-0.06,0.99,0.61,0.31,1.53,50.00,-42.00,-44.58,1,0.00,0.00,0,0,0,3.75,2.83,76.8,0,00,1,$
#,050,41,38,29.00,940.25,10.00,Frequency_MHz,RSSI_dBm,0.01,-0.06,0.99,0.61,0.31,1.53,50.00,-42.00,-44.58,1,0.00,0.00,0,0,0,3.75,2.83,76.8,0,00,1,$
#,050,41,38,29.00,940.25,10.00,Frequency_MHz,RSSI_dBm,0.01,-0.06,0.91,0.67,0.24,1.53,49.27,-42.85,-43.05,1,0.00,0.00,0,0,0,3.76,2.81,76.3,0,00,1,$
#,050,41,38,29.00,940.25,10.00,Frequency_MHz,RSSI_dBm,0.01,-0.06,0.91,0.67,0.24,1.53,49.27,-42.85,-43.05,1,0.00,0.00,0,0,0,3.75,2.93,77.4,0,00,1,$
#,050,41,39,29.00,940.25,10.00,Frequency_MHz,RSSI_dBm,0.01,-0.06,0.91,0.67,0.24,1.53,49.27,-42.85,-43.05,1,0.00,0.00,0,0,0,3.75,2.93,76.3,0,00,1,$
#,050,42,39,29.00,940.25,10.00,Frequency_MHz,RSSI_dBm,0.01,-0.05,0.97,-12.51,3.05,-31.86,48.97,-41.63,-43.02,1,0.00,0.00,0,0,0,3.75,2.96,77.4,0,00,1,$
#,050,42,39,29.00,940.25,10.00,Frequency_MHz,RSSI_dBm,0.01,-0.05,0.97,-12.51,3.05,-31.86,48.97,-41.63,-43.02,1,0.00,0.00,0,0,0,3.75,2.96,76.3,0,00,1,$
#,050,42,39,29.00,940.25,10.00,Frequency_MHz,RSSI_dBm,0.01,-0.06,0.93,-3.97,-1.95,-11.90,48.54,-41.69,-42.44,1,0.00,0.00,0,0,0,3.75,2.87,76.8,0,00,1,$
#,050,42,39,29.00,940.25,10.00,Frequency_MHz,RSSI_dBm,0.01,-0.05,0.98,0.73,0.49,1.10,49.60,-41.85,-44.68,1,0.00,0.00,0,0,0,3.74,2.86,76.3,0,00,1,$
#,050,42,39,29.00,940.25,10.00,Frequency_MHz,RSSI_dBm,0.01,-0.05,0.98,0.73,0.49,1.10,49.60,-41.85,-44.68,1,0.00,0.00,0,0,0,3.76,2.48,76.8,0,00,1,$
#,050,42,39,29.00,940.25,10.00,Frequency_MHz,RSSI_dBm,0.01,-0.05,0.98,0.73,0.49,1.10,49.60,-41.85,-44.68,1,0.00,0.00,0,0,0,3.76,2.48,77.9,0,00,1,$
#,050,42,39,29.00,940.25,10.00,Frequency_MHz,RSSI_dBm,0.01,-0.06,0.98,-0.92,0.98,-19.71,49.48,-41.93,-42.55,1,0.00,0.00,0,0,0,3.76,2.90,77.9,0,00,1,$
#,050,43,40,29.00,940.25,10.00,Frequency_MHz,RSSI_dBm,0.01,-0.06,0.98,-0.92,0.98,-19.71,49.48,-41.93,-42.55,1,0.00,0.00,0,0,0,3.75,2.89,78.5,0,00,1,$
#,050,43,40,29.00,940.25,10.00,Frequency_MHz,RSSI_dBm,0.01,-0.06,0.99,0.98,0.49,0.92,49.52,-41.55,-43.71,1,0.00,0.00,0,0,0,3.75,2.89,76.8,0,00,1,$
#,050,43,40,29.00,940.25,10.00,Frequency_MHz,RSSI_dBm,0.01,-0.06,0.99,0.98,0.49,0.92,49.52,-41.55,-43.71,1,0.00,0.00,0,0,0,3.75,2.81,78.5,0,00,1,$
#,050,43,40,29.00,940.25,10.00,Frequency_MHz,RSSI_dBm,0.01,-0.06,0.99,0.98,0.49,0.92,49.52,-41.55,-43.71,1,0.00,0.00,0,0,0,3.75,2.81,77.4,0,00,1,$
#,050,43,40,29.00,940.25,10.00,Frequency_MHz,RSSI_dBm,0.01,-0.06,0.98,0.67,0.43,1.34,49.93,-41.72,-43.74,1,0.00,0.00,0,0,0,3.75,2.83,77.9,0,00,1,$
#,050,43,40,29.00,940.25,10.00,Frequency_MHz,RSSI_dBm,0.01,-0.06,0.98,0.67,0.43,1.34,49.93,-41.72,-43.74,1,0.00,0.00,0,0,0,3.75,2.83,78.5,0,00,1,$
#,050,43,40,29.00,940.25,10.00,Frequency_MHz,RSSI_dBm,0.01,-0.06,0.98,1.10,0.49,2.20,49.73,-42.03,-44.57,1,0.00,0.00,0,0,0,3.76,3.04,76.8,0,00,1,$
#,050,43,40,29.00,940.25,10.00,Frequency_MHz,RSSI_dBm,0.01,-0.06,0.98,1.10,0.49,2.20,49.73,-42.03,-44.57,1,0.00,0.00,0,0,0,3.75,2.96,77.9,0,00,1,$
#,050,44,40,29.00,940.25,10.00,Frequency_MHz,RSSI_dBm,0.01,-0.06,0.98,1.10,0.49,2.20,49.73,-42.03,-44.57,1,0.00,0.00,0,0,0,3.75,2.96,79.6,0,00,1,$
#,050,44,41,29.00,940.25,10.00,Frequency_MHz,RSSI_dBm,0.03,-0.06,0.97,2.56,-2.08,24.54,48.79,-41.82,-43.18,1,0.00,0.00,0,0,0,3.76,2.76,79.0,0,00,1,$
#,050,44,41,29.00,940.25,10.00,Frequency_MHz,RSSI_dBm,0.03,-0.06,0.97,2.56,-2.08,24.54,48.79,-41.82,-43.18,1,0.00,0.00,0,0,0,3.76,2.76,77.9,0,00,1,$
#,050,44,41,29.00,940.25,10.00,Frequency_MHz,RSSI_dBm,0.01,-0.06,0.99,1.53,0.00,-1.89,48.60,-41.41,-43.87,1,0.00,0.00,0,0,0,3.75,2.82,79.0,0,00,1,$
#,050,44,41,29.00,940.25,10.00,Frequency_MHz,RSSI_dBm,0.01,-0.06,0.99,1.53,0.00,-1.89,48.60,-41.41,-43.87,1,0.00,0.00,0,0,0,3.74,3.03,78.5,0,00,1,$
#,050,44,41,29.00,940.25,10.00,Frequency_MHz,RSSI_dBm,0.01,-0.06,0.99,1.53,0.00,-1.89,48.60,-41.41,-43.87,1,0.00,0.00,0,0,0,3.74,3.03,78.5,0,00,1,$
#,050,44,41,29.00,940.25,10.00,Frequency_MHz,RSSI_dBm,0.01,-0.06,0.94,-1.65,1.46,-24.96,49.44,-41.16,-45.03,1,0.00,0.00,0,0,0,3.74,2.69,76.8,0,00,1,$
#,050,44,41,29.00,940.25,10.00,Frequency_MHz,RSSI_dBm,0.01,-0.06,0.94,-1.65,1.46,-24.96,49.44,-41.16,-45.03,1,0.00,0.00,0,0,0,3.74,2.69,78.5,0,00,1,$
#,050,44,41,29.00,940.25,10.00,Frequency_MHz,RSSI_dBm,0.02,-0.06,0.93,-11.35,0.24,-79.41,48.29,-41.21,-42.04,1,0.00,0.00,0,0,0,3.77,2.75,79.0,0,00,1,$
#,050,45,41,29.00,940.25,10.00,Frequency_MHz,RSSI_dBm,0.02,-0.06,0.93,-11.35,0.24,-79.41,48.29,-41.21,-42.04,1,0.00,0.00,0,0,0,3.76,2.75,78.5,0,00,1,$
#,050,45,42,29.00,940.25,10.00,Frequency_MHz,RSSI_dBm,0.02,-0.06,0.93,-11.35,0.24,-79.41,48.29,-41.21,-42.04,1,0.00,0.00,0,0,0,3.76,2.75,76.8,0,00,1,$
#,050,45,42,29.00,940.25,10.00,Frequency_MHz,RSSI_dBm,0.01,-0.06,0.98,0.67,0.49,1.71,49.12,-41.94,-44.45,1,0.00,0.00,0,0,0,3.74,3.16,79.6,0,00,1,$
#,050,45,42,29.00,940.25,10.00,Frequency_MHz,RSSI_dBm,0.01,-0.06,0.98,0.67,0.49,1.71,49.12,-41.94,-44.45,1,0.00,0.00,0,0,0,3.74,3.16,78.5,0,00,1,$
#,050,45,42,29.00,940.25,10.00,Frequency_MHz,RSSI_dBm,0.01,-0.06,0.98,2.08,0.67,2.32,49.57,-41.36,-45.30,1,0.00,0.00,0,0,0,3.74,2.98,79.6,0,00,1,$
#,050,45,42,29.00,940.25,10.00,Frequency_MHz,RSSI_dBm,0.01,-0.06,0.98,2.08,0.67,2.32,49.57,-41.36,-45.30,1,0.00,0.00,0,0,0,3.74,2.98,79.6,0,00,1,$
#,050,45,42,29.00,940.25,10.00,Frequency_MHz,RSSI_dBm,0.01,-0.06,0.98,2.08,0.67,2.32,49.57,-41.36,-45.30,1,0.00,0.00,0,0,0,3.75,3.13,80.1,0,00,1,$
#,050,45,42,29.00,940.25,10.00,Frequency_MHz,RSSI_dBm,0.01,-0.06,0.99,1.71,0.61,3.05,47.61,-42.53,-226.12,1,0.00,0.00,0,0,0,3.75,3.00,78.5,0,00,1,$
#,050,46,42,29.00,940.25,10.00,Frequency_MHz,RSSI_dBm,0.01,-0.06,0.99,1.71,0.61,3.05,47.61,-42.53,-226.12,1,0.00,0.00,0,0,0,3.75,3.00,79.0,0,00,1,$
#,050,46,42,29.00,940.25,10.00,Frequency_MHz,RSSI_dBm,0.01,-0.06,0.98,1.46,0.55,3.78,49.15,-41.10,-42.90,1,0.00,0.00,0,0,0,3.76,2.63,79.6,0,00,1,$
#,050,46,43,29.00,940.25,10.00,Frequency_MHz,RSSI_dBm,0.01,-0.06,0.98,1.46,0.55,3.78,49.15,-41.10,-42.90,1,0.00,0.00,0,0,0,3.76,2.63,79.0,0,00,1,$
#,050,46,43,29.00,940.25,10.00,Frequency_MHz,RSSI_dBm,0.01,-0.06,0.98,1.46,0.55,3.78,49.15,-41.10,-42.90,1,0.00,0.00,0,0,0,3.75,3.00,80.7,0,00,1,$
#,050,46,43,29.00,940.25,10.00,Frequency_MHz,RSSI_dBm,0.01,-0.06,0.98,1.46,-0.18,0.67,49.06,-41.64,-44.86,1,0.00,0.00,0,0,0,3.76,2.80,79.6,0,00,1,$
#,050,46,43,29.00,940.25,10.00,Frequency_MHz,RSSI_dBm,0.01,-0.06,0.98,1.46,-0.18,0.67,49.06,-41.64,-44.86,1,0.00,0.00,0,0,0,3.76,2.80,78.5,0,00,1,$
#,050,46,43,29.00,940.25,10.00,Frequency_MHz,RSSI_dBm,0.01,-0.05,0.95,-3.36,-1.95,17.70,48.83,-41.80,-43.66,1,0.00,0.00,0,0,0,3.74,2.93,79.0,0,00,1,$
#,050,46,43,29.00,940.25,10.00,Frequency_MHz,RSSI_dBm,0.01,-0.05,0.95,-3.36,-1.95,17.70,48.83,-41.80,-43.66,1,0.00,0.00,0,0,0,3.74,2.98,78.5,0,00,1,$
#,050,47,43,29.00,940.25,10.00,Frequency_MHz,RSSI_dBm,0.01,-0.06,0.98,1.16,0.24,-0.31,48.71,-41.65,-44.93,1,0.00,0.00,0,0,0,3.74,2.98,80.1,0,00,1,$
#,050,47,43,29.00,940.25,10.00,Frequency_MHz,RSSI_dBm,0.01,-0.06,0.98,1.16,0.24,-0.31,48.71,-41.65,-44.93,1,0.00,0.00,0,0,0,3.75,2.80,79.6,0,00,1,$
#,050,47,43,29.00,940.25,10.00,Frequency_MHz,RSSI_dBm,0.01,-0.06,0.98,1.16,0.24,-0.31,48.71,-41.65,-44.93,1,0.00,0.00,0,0,0,3.75,2.80,78.5,0,00,1,$
#,050,47,44,29.00,940.25,10.00,Frequency_MHz,RSSI_dBm,0.01,-0.06,0.99,0.79,0.55,1.46,49.13,-41.80,-43.21,1,0.00,0.00,0,0,0,3.76,2.81,80.1,0,00,1,$
#,050,47,44,29.00,940.25,10.00,Frequency_MHz,RSSI_dBm,0.01,-0.06,0.99,0.79,0.55,1.46,49.13,-41.80,-43.21,1,0.00,0.00,0,0,0,3.74,3.09,81.2,0,00,1,$
#,050,47,44,29.00,940.25,10.00,Frequency_MHz,RSSI_dBm,0.01,-0.06,0.98,1.10,0.43,-4.94,49.44,-42.25,-45.19,1,0.00,0.00,0,0,0,3.74,3.09,80.7,0,00,1,$
#,050,47,44,29.00,940.25,10.00,Frequency_MHz,RSSI_dBm,0.01,-0.06,0.98,1.10,0.43,-4.94,49.44,-42.25,-45.19,1,0.00,0.00,0,0,0,3.76,3.11,79.0,0,00,1,$
#,050,47,44,29.00,940.25,10.00,Frequency_MHz,RSSI_dBm,0.01,-0.06,0.98,1.22,0.79,0.00,49.83,-41.97,-45.07,1,0.00,0.00,0,0,0,3.76,2.73,80.7,0,00,1,$
#,050,48,44,29.00,940.25,10.00,Frequency_MHz,RSSI_dBm,0.01,-0.06,0.98,1.22,0.79,0.00,49.83,-41.97,-45.07,1,0.00,0.00,0,0,0,3.76,2.73,80.1,0,00,1,$
#,050,48,44,29.00,940.25,10.00,Frequency_MHz,RSSI_dBm,0.01,-0.06,0.98,1.22,0.79,0.00,49.83,-41.97,-45.07,1,0.00,0.00,0,0,0,3.76,2.77,80.7,0,00,1,$
#,050,48,44,29.00,940.25,10.00,Frequency_MHz,RSSI_dBm,0.01,-0.06,0.99,1.28,0.49,2.01,48.62,-42.87,-163.88,1,0.00,0.00,0,0,0,3.76,2.77,80.7,0,00,1,$
#,050,48,45,29.00,940.25,10.00,Frequency_MHz,RSSI_dBm,0.01,-0.06,0.99,1.28,0.49,2.01,48.62,-42.87,-163.88,1,0.00,0.00,0,0,0,3.76,3.00,81.8,0,00,1,$
#,050,48,45,29.00,940.25,10.00,Frequency_MHz,RSSI_dBm,0.01,-0.06,0.99,1.28,0.49,2.01,48.62,-42.87,-163.88,1,0.00,0.00,0,0,0,3.76,3.00,80.7,0,00,1,$
#,050,48,45,29.00,940.25,10.00,Frequency_MHz,RSSI_dBm,0.01,-0.06,0.98,1.59,0.49,1.16,48.51,-42.48,-41.63,1,0.00,0.00,0,0,0,3.75,3.03,80.1,0,00,1,$
#,050,48,45,29.00,940.25,10.00,Frequency_MHz,RSSI_dBm,0.01,-0.06,0.98,1.59,0.49,1.16,48.51,-42.48,-41.63,1,0.00,0.00,0,0,0,3.76,2.74,79.6,0,00,1,$
#,050,48,45,29.00,940.25,10.00,Frequency_MHz,RSSI_dBm,0.02,-0.07,0.95,-6.29,1.04,-13.06,49.13,-42.02,-44.71,1,0.00,0.00,0,0,0,3.76,2.74,80.7,0,00,1,$
#,050,49,45,29.00,940.25,10.00,Frequency_MHz,RSSI_dBm,0.02,-0.07,0.95,-6.29,1.04,-13.06,49.13,-42.02,-44.71,1,0.00,0.00,0,0,0,3.76,2.83,80.7,0,00,1,$
#,050,49,45,29.00,940.25,10.00,Frequency_MHz,RSSI_dBm,0.02,-0.07,0.95,-6.29,1.04,-13.06,49.13,-42.02,-44.71,1,0.00,0.00,0,0,0,3.76,2.83,80.1,0,00,1,$
#,050,49,45,29.00,940.25,10.00,Frequency_MHz,RSSI_dBm,0.01,-0.06,0.98,0.24,0.00,-2.20,49.10,-41.93,-43.93,1,0.00,0.00,0,0,0,3.76,2.86,80.1,0,00,1,$
#,050,49,45,29.00,940.25,10.00,Frequency_MHz,RSSI_dBm,0.01,-0.06,0.98,0.24,0.00,-2.20,49.10,-41.93,-43.93,1,0.00,0.00,0,0,0,3.75,2.95,80.7,0,00,1,$
#,050,49,46,29.00,940.25,10.00,Frequency_MHz,RSSI_dBm,0.01,-0.06,0.93,3.54,-0.79,12.63,49.76,-41.92,-42.16,1,0.00,0.00,0,0,0,3.75,2.95,80.1,0,00,1,$
#,050,49,46,29.00,940.25,10.00,Frequency_MHz,RSSI_dBm,0.01,-0.06,0.93,3.54,-0.79,12.63,49.76,-41.92,-42.16,1,0.00,0.00,0,0,0,3.76,2.79,79.0,0,00,1,$
#,050,49,46,29.00,940.25,10.00,Frequency_MHz,RSSI_dBm,0.01,-0.06,0.93,3.54,-0.79,12.63,49.76,-41.92,-42.16,1,0.00,0.00,0,0,0,3.76,2.79,80.1,0,00,1,$
#,050,49,46,29.00,940.25,10.00,Frequency_MHz,RSSI_dBm,0.01,-0.06,0.98,1.10,0.55,0.00,49.05,-41.49,-44.04,1,0.00,0.00,0,0,0,3.76,2.97,80.1,0,00,1,$
#,050,49,46,29.00,940.25,10.00,Frequency_MHz,RSSI_dBm,0.01,-0.06,0.98,1.10,0.55,0.00,49.05,-41.49,-44.04,1,0.00,0.00,0,0,0,3.76,2.97,81.8,0,00,1,$
#,050,50,46,29.00,940.25,10.00,Frequency_MHz,RSSI_dBm,0.01,-0.06,0.98,2.14,0.55,4.09,49.85,-42.04,-45.06,1,0.00,0.00,0,0,0,3.76,3.06,80.1,0,00,1,$
#,050,50,46,29.00,940.25,10.00,Frequency_MHz,RSSI_dBm,0.01,-0.06,0.98,2.14,0.55,4.09,49.85,-42.04,-45.06,1,0.00,0.00,0,0,0,3.74,3.03,80.1,0,00,1,$
#,050,50,46,29.00,940.25,10.00,Frequency_MHz,RSSI_dBm,0.01,-0.06,0.98,2.14,0.55,4.09,49.85,-42.04,-45.06,1,0.00,0.00,0,0,0,3.74,3.03,81.8,0,00,1,$
#,050,50,46,29.00,940.25,10.00,Frequency_MHz,RSSI_dBm,0.01,-0.06,0.98,1.71,0.61,3.60,48.80,-41.58,-40.99,1,0.00,0.00,0,0,0,3.77,2.83,81.2,0,00,1,$
#,050,50,47,29.00,940.25,10.00,Frequency_MHz,RSSI_dBm,0.01,-0.06,0.98,1.71,0.61,3.60,48.80,-41.58,-40.99,1,0.00,0.00,0,0,0,3.77,2.83,80.1,0,00,1,$
#,050,50,47,29.00,940.25,10.00,Frequency_MHz,RSSI_dBm,0.02,-0.06,1.00,0.92,0.55,1.04,48.97,-42.83,-44.01,1,0.00,0.00,0,0,0,3.76,2.87,80.1,0,00,1,$
#,050,50,47,29.00,940.25,10.00,Frequency_MHz,RSSI_dBm,0.02,-0.06,1.00,0.92,0.55,1.04,48.97,-42.83,-44.01,1,0.00,0.00,0,0,0,3.75,3.11,81.2,0,00,1,$
#,050,50,47,29.00,940.25,10.00,Frequency_MHz,RSSI_dBm,0.02,-0.06,1.00,0.92,0.55,1.04,48.97,-42.83,-44.01,1,0.00,0.00,0,0,0,3.75,3.11,80.7,0,00,1,$
#,050,51,47,29.00,940.25,10.00,Frequency_MHz,RSSI_dBm,0.01,-0.05,1.03,0.79,0.98,1.65,49.21,-41.94,-45.17,1,0.00,0.00,0,0,0,3.76,2.91,80.7,0,00,1,$
#,050,51,47,29.00,940.25,10.00,Frequency_MHz,RSSI_dBm,0.01,-0.05,1.03,0.79,0.98,1.65,49.21,-41.94,-45.17,1,0.00,0.00,0,0,0,3.74,3.10,80.1,0,00,1,$
#,050,51,47,29.00,940.25,10.00,Frequency_MHz,RSSI_dBm,0.01,-0.06,1.01,1.16,0.06,0.79,49.12,-41.85,-44.89,1,0.00,0.00,0,0,0,3.74,3.10,80.7,0,00,1,$
#,050,51,47,29.00,940.25,10.00,Frequency_MHz,RSSI_dBm,0.01,-0.06,1.01,1.16,0.06,0.79,49.12,-41.85,-44.89,1,0.00,0.00,0,0,0,3.75,2.69,80.7,0,00,1,$
#,050,51,47,29.00,940.25,10.00,Frequency_MHz,RSSI_dBm,0.01,-0.06,1.01,1.16,0.06,0.79,49.12,-41.85,-44.89,1,0.00,0.00,0,0,0,3.75,2.69,80.7,0,00,1,$
#,050,51,48,29.00,940.25,10.00,Frequency_MHz,RSSI_dBm,0.01,-0.06,0.99,1.34,0.12,-1.46,49.45,-41.75,-43.71,1,0.00,0.00,0,0,0,3.76,2.72,81.2,0,00,1,$
#,050,51,48,29.00,940.25,10.00,Frequency_MHz,RSSI_dBm,0.01,-0.06,0.99,1.34,0.12,-1.46,49.45,-41.75,-43.71,1,0.00,0.00,0,0,0,3.76,2.72,82.3,0,00,1,$
#,050,51,48,29.00,940.25,10.00,Frequency_MHz,RSSI_dBm,0.00,-0.06,1.00,0.85,0.55,1.34,48.44,-41.99,-44.53,1,0.00,0.00,0,0,0,3.75,2.92,81.8,0,00,1,$
#,050,52,48,29.00,940.25,10.00,Frequency_MHz,RSSI_dBm,0.00,-0.06,1.00,0.85,0.55,1.34,48.44,-41.99,-44.53,1,0.00,0.00,0,0,0,3.74,3.21,82.3,0,00,1,$
#,050,52,48,29.00,940.25,10.00,Frequency_MHz,RSSI_dBm,0.00,-0.06,1.00,0.85,0.55,1.34,48.44,-41.99,-44.53,1,0.00,0.00,0,0,0,3.74,3.21,81.8,0,00,1,$
#,050,52,48,29.00,940.25,10.00,Frequency_MHz,RSSI_dBm,0.01,-0.06,0.98,-0.92,0.61,-16.36,48.32,-42.43,-42.74,1,0.00,0.00,0,0,0,3.76,3.02,81.2,0,00,1,$
#,050,52,48,29.00,940.25,10.00,Frequency_MHz,RSSI_dBm,0.01,-0.06,0.98,-0.92,0.61,-16.36,48.32,-42.43,-42.74,1,0.00,0.00,0,0,0,3.76,3.02,81.2,0,00,1,$
#,050,52,48,29.00,940.25,10.00,Frequency_MHz,RSSI_dBm,0.01,-0.06,0.99,0.73,0.49,1.40,49.44,-41.99,-43.15,1,0.00,0.00,0,0,0,3.76,2.87,81.8,0,00,1,$
#,050,52,48,29.00,940.25,10.00,Frequency_MHz,RSSI_dBm,0.01,-0.06,0.99,0.73,0.49,1.40,49.44,-41.99,-43.15,1,0.00,0.00,0,0,0,3.76,2.87,81.8,0,00,1,$
#,050,52,49,29.00,940.25,10.00,Frequency_MHz,RSSI_dBm,0.01,-0.06,0.99,0.73,0.49,1.40,49.44,-41.99,-43.15,1,0.00,0.00,0,0,0,3.75,2.81,82.3,0,00,1,$
#,050,52,49,29.00,940.25,10.00,Frequency_MHz,RSSI_dBm,0.01,-0.06,0.99,1.83,0.67,3.05,49.30,-42.00,-43.75,1,0.00,0.00,0,0,0,3.76,2.85,82.3,0,00,1,$
#,050,52,49,29.00,940.25,10.00,Frequency_MHz,RSSI_dBm,0.01,-0.06,0.99,1.83,0.67,3.05,49.30,-42.00,-43.75,1,0.00,0.00,0,0,0,3.76,2.85,80.1,0,00,1,$
#,050,53,49,29.00,940.25,10.00,Frequency_MHz,RSSI_dBm,0.02,-0.07,0.99,0.92,0.79,1.34,49.46,-42.35,-44.84,1,0.00,0.00,0,0,0,3.75,3.01,82.3,0,00,1,$
#,050,53,49,29.00,940.25,10.00,Frequency_MHz,RSSI_dBm,0.02,-0.07,0.99,0.92,0.79,1.34,49.46,-42.35,-44.84,1,0.00,0.00,0,0,0,3.75,3.13,81.8,0,00,1,$
#,050,53,49,29.00,940.25,10.00,Frequency_MHz,RSSI_dBm,0.03,-0.03,0.98,0.79,-0.24,8.30,49.57,-41.82,-44.34,1,0.00,0.00,0,0,0,3.75,3.13,81.8,0,00,1,$
#,050,53,49,29.00,940.25,10.00,Frequency_MHz,RSSI_dBm,0.03,-0.03,0.98,0.79,-0.24,8.30,49.57,-41.82,-44.34,1,0.00,0.00,0,0,0,3.74,3.12,81.2,0,00,1,$
#,050,53,49,29.00,940.25,10.00,Frequency_MHz,RSSI_dBm,0.03,-0.03,0.98,0.79,-0.24,8.30,49.57,-41.82,-44.34,1,0.00,0.00,0,0,0,3.74,3.12,80.7,0,00,1,$
#,050,53,49,29.00,940.25,10.00,Frequency_MHz,RSSI_dBm,-0.00,-0.04,1.01,-14.89,1.77,-46.08,50.09,-41.36,-43.99,1,0.00,0.00,0,0,0,3.75,2.93,82.9,0,00,1,$
#,050,53,50,29.00,940.25,10.00,Frequency_MHz,RSSI_dBm,-0.00,-0.04,1.01,-14.89,1.77,-46.08,50.09,-41.36,-43.99,1,0.00,0.00,0,0,0,3.75,3.00,82.3,0,00,1,$
#,050,53,50,29.00,940.25,10.00,Frequency_MHz,RSSI_dBm,-0.01,-0.00,0.91,-7.69,-0.31,-11.35,50.46,-41.71,-44.24,1,0.00,0.00,0,0,0,3.75,3.00,81.2,0,00,1,$
#,050,54,50,29.00,940.25,10.00,Frequency_MHz,RSSI_dBm,-0.01,-0.00,0.91,-7.69,-0.31,-11.35,50.46,-41.71,-44.24,1,0.00,0.00,0,0,0,3.74,3.09,82.3,0,00,1,$
#,050,54,50,29.00,940.25,10.00,Frequency_MHz,RSSI_dBm,-0.01,-0.00,0.91,-7.69,-0.31,-11.35,50.46,-41.71,-44.24,1,0.00,0.00,0,0,0,3.74,3.09,82.9,0,00,1,$
#,050,54,50,29.00,940.25,10.00,Frequency_MHz,RSSI_dBm,0.01,-0.06,1.00,0.85,0.61,1.40,50.01,-42.59,-44.07,1,0.00,0.00,0,0,0,3.76,2.86,82.3,0,00,1,$
#,050,54,50,29.00,940.25,10.00,Frequency_MHz,RSSI_dBm,0.01,-0.06,1.00,0.85,0.61,1.40,50.01,-42.59,-44.07,1,0.00,0.00,0,0,0,3.76,2.86,81.2,0,00,1,$
#,050,54,50,29.00,940.25,10.00,Frequency_MHz,RSSI_dBm,0.01,-0.06,0.98,3.23,0.43,12.02,50.33,-42.41,-43.24,1,0.00,0.00,0,0,0,3.74,2.97,81.2,0,00,1,$
#,050,54,50,29.00,940.25,10.00,Frequency_MHz,RSSI_dBm,0.01,-0.06,0.98,3.23,0.43,12.02,50.33,-42.41,-43.24,1,0.00,0.00,0,0,0,3.76,2.78,82.9,0,00,1,$
#,050,54,50,29.00,940.25,10.00,Frequency_MHz,RSSI_dBm,0.01,-0.06,0.98,3.23,0.43,12.02,50.33,-42.41,-43.24,1,0.00,0.00,0,0,0,3.76,2.78,82.9,0,00,1,$
#,050,54,51,29.00,940.25,10.00,Frequency_MHz,RSSI_dBm,0.01,-0.06,0.98,1.65,0.61,3.11,49.80,-41.06,-42.58,1,0.00,0.00,0,0,0,3.75,2.80,82.3,0,00,1,$
#,050,55,51,29.00,940.25,10.00,Frequency_MHz,RSSI_dBm,0.01,-0.06,0.98,1.65,0.61,3.11,49.80,-41.06,-42.58,1,0.00,0.00,0,0,0,3.75,2.80,81.2,0,00,1,$
#,050,55,51,29.00,940.25,10.00,Frequency_MHz,RSSI_dBm,0.01,-0.06,0.99,1.10,0.43,-0.24,50.27,-41.71,-46.40,1,0.00,0.00,0,0,0,3.75,2.96,81.8,0,00,1,$
#,050,55,51,29.00,940.25,10.00,Frequency_MHz,RSSI_dBm,0.01,-0.06,0.99,1.10,0.43,-0.24,50.27,-41.71,-46.40,1,0.00,0.00,0,0,0,3.74,2.88,81.8,0,00,1,$
#,050,55,51,29.00,940.25,10.00,Frequency_MHz,RSSI_dBm,0.01,-0.06,0.99,1.10,0.43,-0.24,50.27,-41.71,-46.40,1,0.00,0.00,0,0,0,3.74,2.88,83.4,0,00,1,$
#,050,55,51,29.00,940.25,10.00,Frequency_MHz,RSSI_dBm,0.01,-0.06,0.99,1.71,0.55,1.40,49.04,-41.99,-45.03,1,0.00,0.00,0,0,0,3.76,2.97,82.9,0,00,1,$
#,050,55,51,29.00,940.25,10.00,Frequency_MHz,RSSI_dBm,0.01,-0.06,0.99,1.71,0.55,1.40,49.04,-41.99,-45.03,1,0.00,0.00,0,0,0,3.76,2.97,82.3,0,00,1,$
#,050,55,51,29.00,940.25,10.00,Frequency_MHz,RSSI_dBm,0.01,-0.06,0.99,1.71,0.55,1.40,49.04,-41.99,-45.03,1,0.00,0.00,0,0,0,3.75,2.97,81.8,0,00,1,$
#,050,55,51,29.00,940.25,10.00,Frequency_MHz,RSSI_dBm,0.01,-0.05,0.97,-13.61,-2.56,-68.79,49.61,-41.02,-43.73,1,0.00,0.00,0,0,0,3.75,2.97,81.8,0,00,1,$
#,050,55,52,29.00,940.25,10.00,Frequency_MHz,RSSI_dBm,0.01,-0.05,0.97,-13.61,-2.56,-68.79,49.61,-41.02,-43.73,1,0.00,0.00,0,0,0,3.76,2.82,81.8,0,00,1,$
#,050,56,52,29.00,940.25,10.00,Frequency_MHz,RSSI_dBm,0.01,-0.05,0.99,1.71,0.18,-2.08,50.13,-41.81,-45.79,1,0.00,0.00,0,0,0,3.76,2.85,80.7,0,00,1,$
#,050,56,52,29.00,940.25,10.00,Frequency_MHz,RSSI_dBm,0.01,-0.05,0.99,1.71,0.18,-2.08,50.13,-41.81,-45.79,1,0.00,0.00,0,0,0,3.76,2.85,81.8,0,00,1,$
#,050,56,52,29.00,940.25,10.00,Frequency_MHz,RSSI_dBm,0.01,-0.06,0.94,-7.87,-0.79,64.15,50.21,-41.72,-44.10,1,0.00,0.00,0,0,0,3.75,3.10,82.3,0,00,1,$
#,050,56,52,29.00,940.25,10.00,Frequency_MHz,RSSI_dBm,0.01,-0.06,0.94,-7.87,-0.79,64.15,50.21,-41.72,-44.10,1,0.00,0.00,0,0,0,3.75,3.10,81.2,0,00,1,$
#,050,56,52,29.00,940.25,10.00,Frequency_MHz,RSSI_dBm,0.01,-0.06,0.94,-7.87,-0.79,64.15,50.21,-41.72,-44.10,1,0.00,0.00,0,0,0,3.75,2.93,81.8,0,00,1,$
#,050,56,52,29.00,940.25,10.00,Frequency_MHz,RSSI_dBm,0.01,-0.06,0.98,1.10,0.49,0.18,49.43,-42.70,-42.83,1,0.00,0.00,0,0,0,3.76,2.41,82.9,0,00,1,$
#,050,56,52,29.00,940.25,10.00,Frequency_MHz,RSSI_dBm,0.01,-0.06,0.98,1.10,0.49,0.18,49.43,-42.70,-42.83,1,0.00,0.00,0,0,0,3.76,2.41,82.3,0,00,1,$
#,050,56,52,29.00,940.25,10.00,Frequency_MHz,RSSI_dBm,0.01,-0.06,0.98,1.10,0.49,0.18,49.43,-42.70,-42.83,1,0.00,0.00,0,0,0,3.76,2.53,82.3,0,00,1,$
#,050,57,53,29.00,940.25,10.00,Frequency_MHz,RSSI_dBm,0.01,-0.06,0.98,0.92,0.49,0.37,50.09,-41.41,-43.47,1,0.00,0.00,0,0,0,3.76,2.53,80.1,0,00,1,$
#,050,57,53,29.00,940.25,10.00,Frequency_MHz,RSSI_dBm,0.01,-0.06,0.98,0.92,0.49,0.37,50.09,-41.41,-43.47,1,0.00,0.00,0,0,0,3.77,2.55,82.9,0,00,1,$
#,050,57,53,29.00,940.25,10.00,Frequency_MHz,RSSI_dBm,0.01,-0.06,0.98,1.53,0.55,4.09,49.51,-41.99,-42.86,1,0.00,0.00,0,0,0,3.76,2.53,81.8,0,00,1,$
#,050,57,53,29.00,940.25,10.00,Frequency_MHz,RSSI_dBm,0.01,-0.06,0.98,1.53,0.55,4.09,49.51,-41.99,-42.86,1,0.00,0.00,0,0,0,3.76,2.53,80.1,0,00,1,$
#,050,57,53,29.00,940.25,10.00,Frequency_MHz,RSSI_dBm,0.01,-0.06,0.99,2.14,0.67,3.42,49.63,-42.26,-197.35,1,0.00,0.00,0,0,0,3.76,2.73,81.8,0,00,1,$
#,050,57,53,29.00,940.25,10.00,Frequency_MHz,RSSI_dBm,0.01,-0.06,0.99,2.14,0.67,3.42,49.63,-42.26,-197.35,1,0.00,0.00,0,0,0,3.76,2.73,82.9,0,00,1,$
#,050,57,53,29.00,940.25,10.00,Frequency_MHz,RSSI_dBm,0.01,-0.06,0.99,2.14,0.67,3.42,49.63,-42.26,-197.35,1,0.00,0.00,0,0,0,3.76,2.50,81.2,0,00,1,$
#,050,57,53,29.00,940.25,10.00,Frequency_MHz,RSSI_dBm,0.01,-0.05,0.98,0.67,0.67,2.08,49.72,-41.72,-44.23,1,0.00,0.00,0,0,0,3.77,2.49,81.8,0,00,1,$
#,050,58,53,29.00,940.25,10.00,Frequency_MHz,RSSI_dBm,0.01,-0.05,0.98,0.67,0.67,2.08,49.72,-41.72,-44.23,1,0.00,0.00,0,0,0,3.77,2.49,82.3,0,00,1,$
#,050,58,54,29.00,940.25,10.00,Frequency_MHz,RSSI_dBm,0.01,-0.05,1.00,2.20,-0.24,5.31,49.45,-42.11,-40.60,1,0.00,0.00,0,0,0,3.77,2.28,83.4,0,00,1,$
#,050,58,54,29.00,940.25,10.00,Frequency_MHz,RSSI_dBm,0.01,-0.05,1.00,2.20,-0.24,5.31,49.45,-42.11,-40.60,1,0.00,0.00,0,0,0,3.77,2.28,82.9,0,00,1,$
#,050,58,54,29.00,940.25,10.00,Frequency_MHz,RSSI_dBm,0.01,-0.05,1.00,2.20,-0.24,5.31,49.45,-42.11,-40.60,1,0.00,0.00,0,0,0,3.77,2.60,81.2,0,00,1,$
#,050,58,54,29.00,940.25,10.00,Frequency_MHz,RSSI_dBm,0.02,-0.06,0.99,-4.70,2.93,10.13,49.68,-42.10,-43.01,1,0.00,0.00,0,0,0,3.76,2.71,81.2,0,00,1,$
#,050,58,54,29.00,940.25,10.00,Frequency_MHz,RSSI_dBm,0.02,-0.06,0.99,-4.70,2.93,10.13,49.68,-42.10,-43.01,1,0.00,0.00,0,0,0,3.76,2.71,82.3,0,00,1,$
#,050,58,54,29.00,940.25,10.00,Frequency_MHz,RSSI_dBm,0.02,-0.06,0.93,3.54,-1.53,47.55,50.48,-41.28,-43.44,1,0.00,0.00,0,0,0,3.76,2.55,81.2,0,00,1,$
#,050,58,54,29.00,940.25,10.00,Frequency_MHz,RSSI_dBm,0.02,-0.06,0.93,3.54,-1.53,47.55,50.48,-41.28,-43.44,1,0.00,0.00,0,0,0,3.76,2.55,83.4,0,00,1,$
#,050,59,54,29.00,940.25,10.00,Frequency_MHz,RSSI_dBm,0.02,-0.06,0.93,3.54,-1.53,47.55,50.48,-41.28,-43.44,1,0.00,0.00,0,0,0,3.77,2.47,82.3,0,00,1,$
#,050,59,54,29.00,940.25,10.00,Frequency_MHz,RSSI_dBm,0.01,-0.06,0.94,11.41,-1.53,67.32,50.23,-41.99,-43.01,1,0.00,0.00,0,0,0,3.77,2.58,81.8,0,00,1,$
#,050,59,55,29.00,940.25,10.00,Frequency_MHz,RSSI_dBm,0.01,-0.06,0.94,11.41,-1.53,67.32,50.23,-41.99,-43.01,1,0.00,0.00,0,0,0,3.77,2.58,81.8,0,00,1,$
#,050,59,55,29.00,940.25,10.00,Frequency_MHz,RSSI_dBm,0.01,-0.05,0.97,0.67,0.31,2.20,50.16,-42.03,-42.74,1,0.00,0.00,0,0,0,3.78,2.60,82.9,0,00,1,$
#,050,59,55,29.00,940.25,10.00,Frequency_MHz,RSSI_dBm,0.01,-0.05,0.97,0.67,0.31,2.20,50.16,-42.03,-42.74,1,0.00,0.00,0,0,0,3.80,1.79,81.8,0,00,1,$
#,050,59,55,29.00,940.25,10.00,Frequency_MHz,RSSI_dBm,0.01,-0.06,0.98,1.04,0.31,0.98,49.90,-42.32,-43.41,1,0.00,0.00,0,0,0,3.80,1.79,82.9,0,00,1,$
#,050,59,55,29.00,940.25,10.00,Frequency_MHz,RSSI_dBm,0.01,-0.06,0.98,1.04,0.31,0.98,49.90,-42.32,-43.41,1,0.00,0.00,0,0,0,3.74,2.95,81.8,0,00,1,$
#,050,59,55,29.00,940.25,10.00,Frequency_MHz,RSSI_dBm,0.01,-0.06,0.98,1.04,0.31,0.98,49.90,-42.32,-43.41,1,0.00,0.00,0,0,0,3.74,2.95,82.9,0,00,1,$
#,050,60,55,29.00,940.25,10.00,Frequency_MHz,RSSI_dBm,0.01,-0.06,0.98,1.83,0.67,3.36,49.89,-41.70,-45.26,1,0.00,0.00,0,0,0,3.75,3.02,82.9,0,00,1,$
#,050,60,55,29.00,940.25,10.00,Frequency_MHz,RSSI_dBm,0.01,-0.06,0.98,1.83,0.67,3.36,49.89,-41.70,-45.26,1,0.00,0.00,0,0,0,3.75,2.89,82.3,0,00,1,$
#,050,60,55,29.00,940.25,10.00,Frequency_MHz,RSSI_dBm,0.01,-0.06,0.98,1.53,0.61,1.89,49.08,-41.32,-42.74,1,0.00,0.00,0,0,0,3.75,2.89,83.4,0,00,1,$
#,050,60,56,29.00,940.25,10.00,Frequency_MHz,RSSI_dBm,0.01,-0.06,0.98,1.53,0.61,1.89,49.08,-41.32,-42.74,1,0.00,0.00,0,0,0,3.75,2.70,83.4,0,00,1,$
#,050,60,56,29.00,940.25,10.00,Frequency_MHz,RSSI_dBm,0.02,-0.06,0.98,-21.42,2.50,-71.84,49.95,-41.69,-45.41,1,0.00,0.00,0,0,0,3.74,2.88,82.9,0,00,1,$
#,050,60,56,29.00,940.25,10.00,Frequency_MHz,RSSI_dBm,0.02,-0.06,0.98,-21.42,2.50,-71.84,49.95,-41.69,-45.41,1,0.00,0.00,0,0,0,3.74,2.88,81.8,0,00,1,$
#,050,60,56,29.00,940.25,10.00,Frequency_MHz,RSSI_dBm,0.02,-0.06,0.98,-21.42,2.50,-71.84,49.95,-41.69,-45.41,1,0.00,0.00,0,0,0,3.74,3.16,82.9,0,00,1,$
#,050,60,56,29.00,940.25,10.00,Frequency_MHz,RSSI_dBm,-0.01,-0.05,0.95,-1.40,1.22,36.87,49.54,-41.56,-44.15,1,0.00,0.00,0,0,0,3.74,3.16,81.8,0,00,1,$
#,050,61,56,29.00,940.25,10.00,Frequency_MHz,RSSI_dBm,-0.01,-0.05,0.95,-1.40,1.22,36.87,49.54,-41.56,-44.15,1,0.00,0.00,0,0,0,3.74,3.13,81.8,0,00,1,$
#,050,61,56,29.00,940.25,10.00,Frequency_MHz,RSSI_dBm,0.01,-0.06,0.97,1.16,0.31,-1.71,49.77,-41.49,-42.30,1,0.00,0.00,0,0,0,3.76,2.59,82.9,0,00,1,$
#,050,61,56,29.00,940.25,10.00,Frequency_MHz,RSSI_dBm,0.01,-0.06,0.97,1.16,0.31,-1.71,49.77,-41.49,-42.30,1,0.00,0.00,0,0,0,3.76,2.59,81.8,0,00,1,$
#,050,61,57,29.00,940.25,10.00,Frequency_MHz,RSSI_dBm,0.01,-0.06,0.97,1.16,0.31,-1.71,49.77,-41.49,-42.30,1,0.00,0.00,0,0,0,3.74,2.96,81.8,0,00,1,$
#,050,61,57,29.00,940.25,10.00,Frequency_MHz,RSSI_dBm,0.01,-0.06,0.98,0.67,0.37,1.46,50.37,-40.82,-44.67,1,0.00,0.00,0,0,0,3.74,2.96,81.8,0,00,1,$
#,050,61,57,29.00,940.25,10.00,Frequency_MHz,RSSI_dBm,0.01,-0.06,0.98,0.67,0.37,1.46,50.37,-40.82,-44.67,1,0.00,0.00,0,0,0,3.75,3.00,83.4,0,00,1,$
#,050,61,57,29.00,940.25,10.00,Frequency_MHz,RSSI_dBm,0.01,-0.06,0.97,3.54,0.49,11.84,49.90,-42.87,-44.02,1,0.00,0.00,0,0,0,3.75,3.00,83.4,0,00,1,$
#,050,61,57,29.00,940.25,10.00,Frequency_MHz,RSSI_dBm,0.01,-0.06,0.97,3.54,0.49,11.84,49.90,-42.87,-44.02,1,0.00,0.00,0,0,0,3.75,3.06,81.2,0,00,1,$
#,050,61,57,29.00,940.25,10.00,Frequency_MHz,RSSI_dBm,0.01,-0.06,0.97,3.54,0.49,11.84,49.90,-42.87,-44.02,1,0.00,0.00,0,0,0,3.75,2.32,83.4,0,00,1,$
#,050,62,57,29.00,940.25,10.00,Frequency_MHz,RSSI_dBm,0.01,-0.06,0.97,3.54,0.49,11.84,49.90,-42.87,-44.02,1,0.00,0.00,0,0,0,3.75,2.32,79.6,0,00,1,$
#,050,62,57,29.00,940.25,10.00,Frequency_MHz,RSSI_dBm,0.01,-0.06,0.97,3.54,0.49,11.84,49.90,-42.87,-44.02,1,0.00,0.00,0,0,0,3.82,1.49,79.0,0,00,1,$
#,050,62,57,29.00,940.25,10.00,Frequency_MHz,RSSI_dBm,0.01,-0.06,0.97,3.54,0.49,11.84,49.90,-42.87,-44.02,1,0.00,0.00,0,0,0,3.82,1.49,80.1,0,00,1,$
#,050,62,57,29.00,940.25,10.00,Frequency_MHz,RSSI_dBm,0.01,-0.06,0.97,3.54,0.49,11.84,49.90,-42.87,-44.02,1,0.00,0.00,0,0,0,3.82,1.48,79.0,0,00,1,$
#,050,62,58,29.00,940.25,10.00,Frequency_MHz,RSSI_dBm,0.01,-0.06,0.97,3.54,0.49,11.84,49.90,-42.87,-44.02,1,0.00,0.00,0,0,0,3.82,1.48,79.0,0,00,1,$
#,050,62,58,29.00,940.25,10.00,Frequency_MHz,RSSI_dBm,0.01,-0.06,0.97,3.54,0.49,11.84,49.90,-42.87,-44.02,1,0.00,0.00,0,0,0,3.80,1.74,77.9,0,00,1,$
#,050,62,58,29.00,940.25,10.00,Frequency_MHz,RSSI_dBm,0.01,-0.06,0.97,3.54,0.49,11.84,49.90,-42.87,-44.02,1,0.00,0.00,0,0,0,3.80,1.74,77.9,0,00,1,$
#,050,62,58,29.00,940.25,10.00,Frequency_MHz,RSSI_dBm,0.01,-0.06,0.97,3.54,0.49,11.84,49.90,-42.87,-44.02,1,0.00,0.00,0,0,0,3.81,1.60,78.5,0,00,1,$
#,050,62,58,29.00,940.25,10.00,Frequency_MHz,RSSI_dBm,0.01,-0.06,0.97,3.54,0.49,11.84,49.90,-42.87,-44.02,1,0.00,0.00,0,0,0,3.81,1.60,77.4,0,00,1,$
#,050,63,58,29.00,940.25,10.00,Frequency_MHz,RSSI_dBm,0.01,-0.06,0.97,3.54,0.49,11.84,49.90,-42.87,-44.02,1,0.00,0.00,0,0,0,3.82,1.60,76.8,0,00,1,$
#,050,63,58,29.00,940.25,10.00,Frequency_MHz,RSSI_dBm,0.01,-0.06,0.97,3.54,0.49,11.84,49.90,-42.87,-44.02,1,0.00,0.00,0,0,0,3.82,1.60,76.3,0,00,1,$
#,050,63,58,29.00,940.25,10.00,Frequency_MHz,RSSI_dBm,0.01,-0.06,0.97,3.54,0.49,11.84,49.90,-42.87,-44.02,1,0.00,0.00,0,0,0,3.83,1.28,76.3,0,00,1,$
#,050,63,58,29.00,940.25,10.00,Frequency_MHz,RSSI_dBm,0.01,-0.06,0.97,3.54,0.49,11.84,49.90,-42.87,-44.02,1,0.00,0.00,0,0,0,3.83,1.28,75.7,0,00,1,$
#,050,63,58,29.00,940.25,10.00,Frequency_MHz,RSSI_dBm,0.01,-0.06,0.97,3.54,0.49,11.84,49.90,-42.87,-44.02,1,0.00,0.00,0,0,0,3.81,1.66,75.7,0,00,1,$
#,050,63,59,29.00,940.25,10.00,Frequency_MHz,RSSI_dBm,0.01,-0.06,0.97,3.54,0.49,11.84,49.90,-42.87,-44.02,1,0.00,0.00,0,0,0,3.81,1.66,77.4,0,00,1,$
#,050,63,59,29.00,940.25,10.00,Frequency_MHz,RSSI_dBm,0.01,-0.06,0.97,3.54,0.49,11.84,49.90,-42.87,-44.02,1,0.00,0.00,0,0,0,3.82,1.46,76.8,0,00,1,$
#,050,63,59,29.00,940.25,10.00,Frequency_MHz,RSSI_dBm,0.01,-0.06,0.97,3.54,0.49,11.84,49.90,-42.87,-44.02,1,0.00,0.00,0,0,0,3.82,1.46,75.2,0,00,1,$
#,050,63,59,29.00,940.25,10.00,Frequency_MHz,RSSI_dBm,0.01,-0.06,0.97,3.54,0.49,11.84,49.90,-42.87,-44.02,1,0.00,0.00,0,0,0,3.83,1.28,74.7,0,00,1,$
#,050,63,59,29.00,940.25,10.00,Frequency_MHz,RSSI_dBm,0.01,-0.06,0.97,3.54,0.49,11.84,49.90,-42.87,-44.02,1,0.00,0.00,0,0,0,3.83,1.28,74.1,0,00,1,$
#,050,64,59,29.00,940.25,10.00,Frequency_MHz,RSSI_dBm,0.01,-0.06,0.97,3.54,0.49,11.84,49.90,-42.87,-44.02,1,0.00,0.00,0,0,0,3.83,1.34,75.7,0,00,1,$
#,050,64,59,29.00,940.25,10.00,Frequency_MHz,RSSI_dBm,0.01,-0.06,0.97,3.54,0.49,11.84,49.90,-42.87,-44.02,1,0.00,0.00,0,0,0,3.83,1.34,75.2,0,00,1,$
#,050,64,59,29.00,940.25,10.00,Frequency_MHz,RSSI_dBm,0.01,-0.06,0.97,3.54,0.49,11.84,49.90,-42.87,-44.02,1,0.00,0.00,0,0,0,3.83,1.35,74.1,0,00,1,$
#,050,64,59,29.00,940.25,10.00,Frequency_MHz,RSSI_dBm,0.01,-0.06,0.97,3.54,0.49,11.84,49.90,-42.87,-44.02,1,0.00,0.00,0,0,0,3.83,1.35,73.6,0,00,1,$
#,050,64,59,29.00,940.25,10.00,Frequency_MHz,RSSI_dBm,0.01,-0.06,0.97,3.54,0.49,11.84,49.90,-42.87,-44.02,1,0.00,0.00,0,0,0,3.83,1.17,73.6,0,00,1,$
#,050,64,60,29.00,940.25,10.00,Frequency_MHz,RSSI_dBm,0.01,-0.06,0.97,3.54,0.49,11.84,49.90,-42.87,-44.02,1,0.00,0.00,0,0,0,3.83,1.17,75.7,0,00,1,$
#,050,64,60,29.00,940.25,10.00,Frequency_MHz,RSSI_dBm,0.01,-0.06,0.97,3.54,0.49,11.84,49.90,-42.87,-44.02,1,0.00,0.00,0,0,0,3.81,1.68,73.6,0,00,1,$
#,050,64,60,29.00,940.25,10.00,Frequency_MHz,RSSI_dBm,0.01,-0.06,0.97,3.54,0.49,11.84,49.90,-42.87,-44.02,1,0.00,0.00,0,0,0,3.81,1.68,73.6,0,00,1,$
#,050,64,60,29.00,940.25,10.00,Frequency_MHz,RSSI_dBm,0.01,-0.06,0.97,3.54,0.49,11.84,49.90,-42.87,-44.02,1,0.00,0.00,0,0,0,3.83,1.26,71.9,0,00,1,$
#,050,65,60,29.00,940.25,10.00,Frequency_MHz,RSSI_dBm,0.01,-0.06,0.97,3.54,0.49,11.84,49.90,-42.87,-44.02,1,0.00,0.00,0,0,0,3.83,1.26,73.0,0,00,1,$
#,050,65,60,29.00,940.25,10.00,Frequency_MHz,RSSI_dBm,0.01,-0.06,0.97,3.54,0.49,11.84,49.90,-42.87,-44.02,1,0.00,0.00,0,0,0,3.83,1.33,73.0,0,00,1,$
#,050,65,60,29.00,940.25,10.00,Frequency_MHz,RSSI_dBm,0.01,-0.06,0.97,3.54,0.49,11.84,49.90,-42.87,-44.02,1,0.00,0.00,0,0,0,3.83,1.33,74.1,0,00,1,$
#,050,65,60,29.00,940.25,10.00,Frequency_MHz,RSSI_dBm,0.01,-0.06,0.97,3.54,0.49,11.84,49.90,-42.87,-44.02,1,0.00,0.00,0,0,0,3.83,1.26,73.6,0,00,1,$
#,050,65,60,29.00,940.25,10.00,Frequency_MHz,RSSI_dBm,0.01,-0.06,0.97,3.54,0.49,11.84,49.90,-42.87,-44.02,1,0.00,0.00,0,0,0,3.84,1.15,73.6,0,00,1,$
#,050,72,61,29.00,940.25,10.00,Frequency_MHz,RSSI_dBm,-0.00,-0.06,0.96,-13.00,-0.73,-59.20,48.41,-43.25,-40.01,1,0.00,0.00,0,0,0,3.77,1.48,73.0,0,00,1,$
#,050,72,61,29.00,940.25,10.00,Frequency_MHz,RSSI_dBm,0.01,-0.06,0.99,0.73,0.49,1.95,48.71,-42.70,-39.89,1,0.00,0.00,0,0,0,3.77,2.54,74.1,0,00,1,$
#,050,72,61,29.00,940.25,10.00,Frequency_MHz,RSSI_dBm,0.01,-0.06,0.98,1.65,0.37,3.97,49.69,-41.94,-43.52,1,0.00,0.00,0,0,0,3.78,2.68,73.0,0,00,1,$
#,050,72,61,29.00,940.25,10.00,Frequency_MHz,RSSI_dBm,0.01,-0.06,0.98,1.65,0.37,3.97,49.69,-41.94,-43.52,1,0.00,0.00,0,0,0,3.78,2.68,73.0,0,00,1,$
#,050,72,61,29.00,940.25,10.00,Frequency_MHz,RSSI_dBm,0.01,-0.06,0.98,1.65,0.37,3.97,49.69,-41.94,-43.52,1,0.00,0.00,0,0,0,3.78,2.58,73.6,0,00,1,$
#,050,72,61,29.00,940.25,10.00,Frequency_MHz,RSSI_dBm,0.01,-0.06,0.98,1.46,0.55,3.91,49.65,-41.96,-42.93,1,0.00,0.00,0,0,0,3.78,2.58,73.0,0,00,1,$
#,050,72,61,29.00,940.25,10.00,Frequency_MHz,RSSI_dBm,0.01,-0.06,0.98,1.46,0.55,3.91,49.65,-41.96,-42.93,1,0.00,0.00,0,0,0,3.78,2.60,73.0,0,00,1,$
#,050,72,61,29.00,940.25,10.00,Frequency_MHz,RSSI_dBm,0.01,-0.06,0.98,0.79,0.31,2.26,50.52,-41.10,-45.06,1,0.00,0.00,0,0,0,3.77,2.58,75.7,0,00,1,$
#,050,73,62,29.00,940.25,10.00,Frequency_MHz,RSSI_dBm,0.01,-0.06,0.98,0.79,0.31,2.26,50.52,-41.10,-45.06,1,0.00,0.00,0,0,0,3.77,2.58,74.7,0,00,1,$
#,050,73,62,29.00,940.25,10.00,Frequency_MHz,RSSI_dBm,0.01,-0.06,0.98,0.79,0.31,2.26,50.52,-41.10,-45.06,1,0.00,0.00,0,0,0,3.77,2.51,75.2,0,00,1,$
#,050,73,62,29.00,940.25,10.00,Frequency_MHz,RSSI_dBm,0.03,-0.06,0.97,0.85,3.60,-27.40,49.74,-41.58,-44.20,1,0.00,0.00,0,0,0,3.77,2.51,75.7,0,00,1,$
#,050,73,62,29.00,940.25,10.00,Frequency_MHz,RSSI_dBm,0.03,-0.06,0.97,0.85,3.60,-27.40,49.74,-41.58,-44.20,1,0.00,0.00,0,0,0,3.76,2.58,75.7,0,00,1,$
#,050,73,62,29.00,940.25,10.00,Frequency_MHz,RSSI_dBm,0.01,-0.06,0.99,2.75,-0.55,1.83,49.74,-41.27,-44.37,1,0.00,0.00,0,0,0,3.76,2.80,77.4,0,00,1,$
#,050,73,62,29.00,940.25,10.00,Frequency_MHz,RSSI_dBm,0.01,-0.06,0.99,2.75,-0.55,1.83,49.74,-41.27,-44.37,1,0.00,0.00,0,0,0,3.76,2.80,75.2,0,00,1,$
#,050,73,62,29.00,940.25,10.00,Frequency_MHz,RSSI_dBm,0.01,-0.06,0.99,2.75,-0.55,1.83,49.74,-41.27,-44.37,1,0.00,0.00,0,0,0,3.76,2.65,76.3,0,00,1,$
#,050,73,62,29.00,940.25,10.00,Frequency_MHz,RSSI_dBm,0.01,-0.06,0.93,2.81,-1.40,35.71,50.60,-41.47,-44.31,1,0.00,0.00,0,0,0,3.76,2.65,75.2,0,00,1,$
#,050,74,62,29.00,940.25,10.00,Frequency_MHz,RSSI_dBm,0.01,-0.06,0.93,2.81,-1.40,35.71,50.60,-41.47,-44.31,1,0.00,0.00,0,0,0,3.78,2.45,77.4,0,00,1,$
#,050,74,63,29.00,940.25,10.00,Frequency_MHz,RSSI_dBm,0.02,-0.07,0.94,-3.48,0.00,-38.45,51.06,-42.40,-43.57,1,0.00,0.00,0,0,0,3.77,2.57,76.8,0,00,1,$
#,050,74,63,29.00,940.25,10.00,Frequency_MHz,RSSI_dBm,0.02,-0.07,0.94,-3.48,0.00,-38.45,51.06,-42.40,-43.57,1,0.00,0.00,0,0,0,3.77,2.57,77.4,0,00,1,$
#,050,74,63,29.00,940.25,10.00,Frequency_MHz,RSSI_dBm,0.02,-0.07,0.94,-3.48,0.00,-38.45,51.06,-42.40,-43.57,1,0.00,0.00,0,0,0,3.77,2.70,76.8,0,00,1,$
#,050,74,63,29.00,940.25,10.00,Frequency_MHz,RSSI_dBm,0.01,-0.06,0.99,-1.65,0.73,-20.69,50.59,-42.03,-44.23,1,0.00,0.00,0,0,0,3.77,2.63,76.8,0,00,1,$
#,050,74,63,29.00,940.25,10.00,Frequency_MHz,RSSI_dBm,0.01,-0.06,0.99,0.98,0.55,-3.17,49.84,-41.32,-44.25,1,0.00,0.00,0,0,0,3.77,2.63,77.9,0,00,1,$
#,050,74,63,29.00,940.25,10.00,Frequency_MHz,RSSI_dBm,0.01,-0.06,0.99,0.98,0.55,-3.17,49.84,-41.32,-44.25,1,0.00,0.00,0,0,0,3.78,2.56,76.8,0,00,1,$
#,050,74,63,29.00,940.25,10.00,Frequency_MHz,RSSI_dBm,0.01,-0.06,0.99,0.98,0.55,-3.17,49.84,-41.32,-44.25,1,0.00,0.00,0,0,0,3.77,2.64,75.7,0,00,1,$
#,050,75,63,29.00,940.25,10.00,Frequency_MHz,RSSI_dBm,0.01,-0.06,0.98,0.67,0.43,2.20,49.76,-41.37,-41.74,1,0.00,0.00,0,0,0,3.77,2.64,78.5,0,00,1,$
#,050,75,64,29.00,940.25,10.00,Frequency_MHz,RSSI_dBm,0.01,-0.06,0.98,0.67,0.43,2.20,49.76,-41.37,-41.74,1,0.00,0.00,0,0,0,3.77,2.28,77.9,0,00,1,$
#,050,75,64,29.00,940.25,10.00,Frequency_MHz,RSSI_dBm,0.01,-0.06,0.99,0.98,0.67,3.54,49.99,-41.64,-43.46,1,0.00,0.00,0,0,0,3.77,2.28,78.5,0,00,1,$
#,050,75,64,29.00,940.25,10.00,Frequency_MHz,RSSI_dBm,0.01,-0.06,0.99,0.98,0.67,3.54,49.99,-41.64,-43.46,1,0.00,0.00,0,0,0,3.76,2.50,77.4,0,00,1,$
#,050,75,64,29.00,940.25,10.00,Frequency_MHz,RSSI_dBm,0.01,-0.06,0.99,0.98,0.67,3.54,49.99,-41.64,-43.46,1,0.00,0.00,0,0,0,3.76,2.50,77.4,0,00,1,$
#,050,75,64,29.00,940.25,10.00,Frequency_MHz,RSSI_dBm,0.01,-0.06,0.98,0.18,0.06,1.95,50.82,-42.08,-44.35,1,0.00,0.00,0,0,0,3.76,2.74,76.8,0,00,1,$
#,050,75,64,29.00,940.25,10.00,Frequency_MHz,RSSI_dBm,0.01,-0.06,0.98,0.18,0.06,1.95,50.82,-42.08,-44.35,1,0.00,0.00,0,0,0,3.76,2.80,77.4,0,00,1,$
#,050,75,64,29.00,940.25,10.00,Frequency_MHz,RSSI_dBm,0.01,-0.06,0.98,2.75,-0.43,5.00,50.11,-42.40,-43.97,1,0.00,0.00,0,0,0,3.76,2.80,77.4,0,00,1,$
#,050,76,64,29.00,940.25,10.00,Frequency_MHz,RSSI_dBm,0.01,-0.06,0.98,2.75,-0.43,5.00,50.11,-42.40,-43.97,1,0.00,0.00,0,0,0,3.77,2.67,77.9,0,00,1,$
#,050,76,64,29.00,940.25,10.00,Frequency_MHz,RSSI_dBm,0.01,-0.06,0.98,2.75,-0.43,5.00,50.11,-42.40,-43.97,1,0.00,0.00,0,0,0,3.77,2.67,78.5,0,00,1,$
#,050,76,65,29.00,940.25,10.00,Frequency_MHz,RSSI_dBm,0.01,-0.06,0.98,1.04,0.18,-0.06,51.09,-41.54,-44.45,1,0.00,0.00,0,0,0,3.76,2.37,79.0,0,00,1,$
#,050,76,65,29.00,940.25,10.00,Frequency_MHz,RSSI_dBm,0.01,-0.06,0.98,1.04,0.18,-0.06,51.09,-41.54,-44.45,1,0.00,0.00,0,0,0,3.76,2.73,79.0,0,00,1,$
#,050,76,65,29.00,940.25,10.00,Frequency_MHz,RSSI_dBm,0.01,-0.06,0.98,0.67,0.31,0.49,49.88,-41.48,-46.08,1,0.00,0.00,0,0,0,3.76,2.73,77.4,0,00,1,$
#,050,76,65,29.00,940.25,10.00,Frequency_MHz,RSSI_dBm,0.01,-0.06,0.98,0.67,0.31,0.49,49.88,-41.48,-46.08,1,0.00,0.00,0,0,0,3.77,2.79,77.4,0,00,1,$
#,050,76,65,29.00,940.25,10.00,Frequency_MHz,RSSI_dBm,0.01,-0.06,0.98,0.67,0.31,0.49,49.88,-41.48,-46.08,1,0.00,0.00,0,0,0,3.77,2.79,77.9,0,00,1,$
#,050,76,65,29.00,940.25,10.00,Frequency_MHz,RSSI_dBm,0.01,-0.06,0.98,0.67,0.49,2.01,50.15,-41.93,-45.65,1,0.00,0.00,0,0,0,3.76,2.76,79.0,0,00,1,$
#,050,76,65,29.00,940.25,10.00,Frequency_MHz,RSSI_dBm,0.01,-0.06,0.98,0.67,0.49,2.01,50.15,-41.93,-45.65,1,0.00,0.00,0,0,0,3.78,2.67,77.9,0,00,1,$
#,050,77,65,29.00,940.25,10.00,Frequency_MHz,RSSI_dBm,0.01,-0.06,0.98,0.67,0.49,2.01,50.15,-41.93,-45.65,1,0.00,0.00,0,0,0,3.78,2.67,79.6,0,00,1,$
#,050,77,65,29.00,940.25,10.00,Frequency_MHz,RSSI_dBm,0.01,-0.06,0.98,0.67,0.49,2.01,50.15,-41.93,-45.65,1,0.00,0.00,0,0,0,3.78,1.88,77.9,0,00,1,$
#,050,77,66,29.00,940.25,10.00,Frequency_MHz,RSSI_dBm,0.01,-0.06,0.98,0.67,0.49,2.01,50.15,-41.93,-45.65,1,0.00,0.00,0,0,0,3.78,1.88,76.8,0,00,1,$
#,050,77,66,29.00,940.25,10.00,Frequency_MHz,RSSI_dBm,0.01,-0.06,0.98,0.67,0.49,2.01,50.15,-41.93,-45.65,1,0.00,0.00,0,0,0,3.83,1.28,75.2,0,00,1,$
#,050,77,66,29.00,940.25,10.00,Frequency_MHz,RSSI_dBm,0.01,-0.06,0.98,0.67,0.49,2.01,50.15,-41.93,-45.65,1,0.00,0.00,0,0,0,3.83,1.28,74.7,0,00,1,$
#,050,77,66,29.00,940.25,10.00,Frequency_MHz,RSSI_dBm,0.01,-0.06,0.98,0.67,0.49,2.01,50.15,-41.93,-45.65,1,0.00,0.00,0,0,0,3.83,1.50,74.7,0,00,1,$
#,050,77,66,29.00,940.25,10.00,Frequency_MHz,RSSI_dBm,0.01,-0.06,0.98,0.67,0.49,2.01,50.15,-41.93,-45.65,1,0.00,0.00,0,0,0,3.83,1.50,75.2,0,00,1,$
#,050,77,66,29.00,940.25,10.00,Frequency_MHz,RSSI_dBm,0.01,-0.06,0.98,0.67,0.49,2.01,50.15,-41.93,-45.65,1,0.00,0.00,0,0,0,3.83,1.27,75.2,0,00,1,$
#,050,77,66,29.00,940.25,10.00,Frequency_MHz,RSSI_dBm,0.01,-0.06,0.98,0.67,0.49,2.01,50.15,-41.93,-45.65,1,0.00,0.00,0,0,0,3.83,1.27,74.7,0,00,1,$
#,050,78,66,29.00,940.25,10.00,Frequency_MHz,RSSI_dBm,0.01,-0.06,0.98,0.67,0.49,2.01,50.15,-41.93,-45.65,1,0.00,0.00,0,0,0,3.83,1.28,73.6,0,00,1,$
#,050,78,66,29.00,940.25,10.00,Frequency_MHz,RSSI_dBm,0.01,-0.06,0.98,0.67,0.49,2.01,50.15,-41.93,-45.65,1,0.00,0.00,0,0,0,3.83,1.28,74.7,0,00,1,$
#,050,78,66,29.00,940.25,10.00,Frequency_MHz,RSSI_dBm,0.01,-0.06,0.98,0.67,0.49,2.01,50.15,-41.93,-45.65,1,0.00,0.00,0,0,0,3.84,1.23,74.1,0,00,1,$
#,050,78,67,29.00,940.25,10.00,Frequency_MHz,RSSI_dBm,0.01,-0.06,0.98,0.67,0.49,2.01,50.15,-41.93,-45.65,1,0.00,0.00,0,0,0,3.84,1.23,74.1,0,00,1,$
#,050,78,67,29.00,940.25,10.00,Frequency_MHz,RSSI_dBm,0.01,-0.06,0.98,0.67,0.49,2.01,50.15,-41.93,-45.65,1,0.00,0.00,0,0,0,3.83,1.54,73.6,0,00,1,$
#,050,79,68,29.00,940.25,10.00,Frequency_MHz,RSSI_dBm,0.01,-0.06,0.99,0.79,0.31,2.20,48.58,-42.22,-40.95,1,0.00,0.00,0,0,0,3.77,2.55,73.0,0,00,1,$
#,050,79,68,29.00,940.25,10.00,Frequency_MHz,RSSI_dBm,0.01,-0.06,0.99,0.79,0.31,2.20,48.58,-42.22,-40.95,1,0.00,0.00,0,0,0,3.77,2.55,75.2,0,00,1,$
#,050,79,68,29.00,940.25,10.00,Frequency_MHz,RSSI_dBm,0.01,-0.06,0.99,0.67,0.37,1.89,50.55,-42.19,-44.31,1,0.00,0.00,0,0,0,3.76,2.67,74.1,0,00,1,$
#,050,79,68,29.00,940.25,10.00,Frequency_MHz,RSSI_dBm,0.01,-0.06,0.99,0.67,0.37,1.89,50.55,-42.19,-44.31,1,0.00,0.00,0,0,0,3.76,2.67,75.7,0,00,1,$
#,050,80,68,29.00,940.25,10.00,Frequency_MHz,RSSI_dBm,0.01,-0.06,0.98,1.77,0.79,3.72,50.98,-42.20,-43.48,1,0.00,0.00,0,0,0,3.78,2.52,74.7,0,00,1,$
#,050,80,68,29.00,940.25,10.00,Frequency_MHz,RSSI_dBm,0.01,-0.06,0.98,1.77,0.79,3.72,50.98,-42.20,-43.48,1,0.00,0.00,0,0,0,3.77,2.53,75.2,0,00,1,$
#,050,80,68,29.00,940.25,10.00,Frequency_MHz,RSSI_dBm,0.01,-0.06,0.98,1.77,0.79,3.72,50.98,-42.20,-43.48,1,0.00,0.00,0,0,0,3.77,2.53,76.8,0,00,1,$
#,050,80,68,29.00,940.25,10.00,Frequency_MHz,RSSI_dBm,0.01,-0.05,0.99,0.61,0.24,2.08,49.29,-41.26,-43.51,1,0.00,0.00,0,0,0,3.77,2.49,76.3,0,00,1,$
#,050,80,69,29.00,940.25,10.00,Frequency_MHz,RSSI_dBm,0.01,-0.05,0.99,0.61,0.24,2.08,49.29,-41.26,-43.51,1,0.00,0.00,0,0,0,3.77,2.49,76.8,0,00,1,$
#,050,80,69,29.00,940.25,10.00,Frequency_MHz,RSSI_dBm,0.01,-0.06,0.98,1.04,-0.31,1.95,49.96,-42.13,-43.96,1,0.00,0.00,0,0,0,3.78,2.44,75.2,0,00,1,$
#,050,80,69,29.00,940.25,10.00,Frequency_MHz,RSSI_dBm,0.01,-0.06,0.98,1.04,-0.31,1.95,49.96,-42.13,-43.96,1,0.00,0.00,0,0,0,3.76,2.54,75.2,0,00,1,$
#,050,80,69,29.00,940.25,10.00,Frequency_MHz,RSSI_dBm,0.01,-0.06,0.98,1.04,-0.31,1.95,49.96,-42.13,-43.96,1,0.00,0.00,0,0,0,3.76,2.54,77.4,0,00,1,$
#,050,81,69,29.00,940.25,10.00,Frequency_MHz,RSSI_dBm,0.00,-0.05,0.97,-8.06,-0.49,-23.44,49.24,-42.52,-44.53,1,0.00,0.00,0,0,0,3.76,2.71,77.4,0,00,1,$
#,050,81,69,29.00,940.25,10.00,Frequency_MHz,RSSI_dBm,0.00,-0.05,0.97,-8.06,-0.49,-23.44,49.24,-42.52,-44.53,1,0.00,0.00,0,0,0,3.76,2.71,77.4,0,00,1,$
#,050,81,69,29.00,940.25,10.00,Frequency_MHz,RSSI_dBm,0.02,-0.05,1.00,1.71,0.98,35.83,49.65,-40.86,-44.24,1,0.00,0.00,0,0,0,3.76,2.66,77.9,0,00,1,$
#,050,81,69,29.00,940.25,10.00,Frequency_MHz,RSSI_dBm,0.02,-0.05,1.00,1.71,0.98,35.83,49.65,-40.86,-44.24,1,0.00,0.00,0,0,0,3.77,2.54,76.8,0,00,1,$
#,050,81,69,29.00,940.25,10.00,Frequency_MHz,RSSI_dBm,0.02,-0.05,1.00,1.71,0.98,35.83,49.65,-40.86,-44.24,1,0.00,0.00,0,0,0,3.77,2.54,77.9,0,00,1,$
#,050,81,70,29.00,940.25,10.00,Frequency_MHz,RSSI_dBm,0.01,-0.06,0.98,0.67,0.37,0.37,50.70,-41.44,-44.62,1,0.00,0.00,0,0,0,3.76,2.36,76.8,0,00,1,$
#,050,81,70,29.00,940.25,10.00,Frequency_MHz,RSSI_dBm,0.01,-0.06,0.98,0.67,0.37,0.37,50.70,-41.44,-44.62,1,0.00,0.00,0,0,0,3.76,2.36,76.8,0,00,1,$
#,050,81,70,29.00,940.25,10.00,Frequency_MHz,RSSI_dBm,0.01,-0.06,0.98,0.55,0.55,1.95,49.80,-42.11,-43.42,1,0.00,0.00,0,0,0,3.76,2.53,77.4,0,00,1,$
#,050,82,70,29.00,940.25,10.00,Frequency_MHz,RSSI_dBm,0.01,-0.06,0.98,0.55,0.55,1.95,49.80,-42.11,-43.42,1,0.00,0.00,0,0,0,3.76,2.82,79.0,0,00,1,$
#,050,82,70,29.00,940.25,10.00,Frequency_MHz,RSSI_dBm,0.01,-0.06,0.98,0.92,0.79,-3.78,49.69,-41.71,-43.64,1,0.00,0.00,0,0,0,3.76,2.82,76.8,0,00,1,$
#,050,82,70,29.00,940.25,10.00,Frequency_MHz,RSSI_dBm,0.01,-0.06,0.98,0.92,0.79,-3.78,49.69,-41.71,-43.64,1,0.00,0.00,0,0,0,3.77,2.64,78.5,0,00,1,$
#,050,82,70,29.00,940.25,10.00,Frequency_MHz,RSSI_dBm,0.01,-0.06,0.98,0.92,0.79,-3.78,49.69,-41.71,-43.64,1,0.00,0.00,0,0,0,3.77,2.64,78.5,0,00,1,$
#,050,82,70,29.00,940.25,10.00,Frequency_MHz,RSSI_dBm,0.01,-0.06,0.98,0.85,0.37,2.14,50.20,-40.64,-43.14,1,0.00,0.00,0,0,0,3.77,2.69,78.5,0,00,1,$
#,050,82,70,29.00,940.25,10.00,Frequency_MHz,RSSI_dBm,0.01,-0.06,0.98,0.85,0.37,2.14,50.20,-40.64,-43.14,1,0.00,0.00,0,0,0,3.78,2.64,77.9,0,00,1,$
#,050,82,71,29.00,940.25,10.00,Frequency_MHz,RSSI_dBm,0.01,-0.06,0.98,0.98,0.37,2.75,49.93,-41.80,-44.85,1,0.00,0.00,0,0,0,3.78,2.64,77.9,0,00,1,$
#,050,82,71,29.00,940.25,10.00,Frequency_MHz,RSSI_dBm,0.01,-0.06,0.98,0.98,0.37,2.75,49.93,-41.80,-44.85,1,0.00,0.00,0,0,0,3.78,2.62,77.9,0,00,1,$
#,050,83,71,29.00,940.25,10.00,Frequency_MHz,RSSI_dBm,0.01,-0.06,0.98,0.98,0.37,2.75,49.93,-41.80,-44.85,1,0.00,0.00,0,0,0,3.78,2.62,79.0,0,00,1,$
#,050,83,71,29.00,940.25,10.00,Frequency_MHz,RSSI_dBm,0.01,-0.06,0.98,0.79,0.49,1.65,49.65,-41.64,-41.50,1,0.00,0.00,0,0,0,3.76,2.67,79.0,0,00,1,$
#,050,83,71,29.00,940.25,10.00,Frequency_MHz,RSSI_dBm,0.01,-0.06,0.98,0.79,0.49,1.65,49.65,-41.64,-41.50,1,0.00,0.00,0,0,0,3.77,2.67,77.9,0,00,1,$
#,050,83,71,29.00,940.25,10.00,Frequency_MHz,RSSI_dBm,0.01,-0.06,0.98,3.17,-0.43,2.08,50.79,-41.75,-45.76,1,0.00,0.00,0,0,0,3.77,2.43,78.5,0,00,1,$
#,050,83,71,29.00,940.25,10.00,Frequency_MHz,RSSI_dBm,0.01,-0.06,0.98,3.17,-0.43,2.08,50.79,-41.75,-45.76,1,0.00,0.00,0,0,0,3.76,2.44,78.5,0,00,1,$
#,050,83,71,29.00,940.25,10.00,Frequency_MHz,RSSI_dBm,0.01,-0.06,0.98,3.17,-0.43,2.08,50.79,-41.75,-45.76,1,0.00,0.00,0,0,0,3.76,2.44,78.5,0,00,1,$
#,050,83,71,29.00,940.25,10.00,Frequency_MHz,RSSI_dBm,0.01,-0.06,0.99,0.55,0.00,-0.73,50.44,-41.20,-42.47,1,0.00,0.00,0,0,0,3.76,2.60,77.9,0,00,1,$
#,050,83,72,29.00,940.25,10.00,Frequency_MHz,RSSI_dBm,0.01,-0.06,0.99,0.55,0.00,-0.73,50.44,-41.20,-42.47,1,0.00,0.00,0,0,0,3.76,2.60,77.9,0,00,1,$
#,050,83,72,29.00,940.25,10.00,Frequency_MHz,RSSI_dBm,0.01,-0.06,0.99,0.55,0.00,-0.73,50.44,-41.20,-42.47,1,0.00,0.00,0,0,0,3.77,2.46,79.0,0,00,1,$
#,050,84,72,29.00,940.25,10.00,Frequency_MHz,RSSI_dBm,0.01,-0.06,0.98,0.61,0.43,1.77,49.55,-42.16,-42.11,1,0.00,0.00,0,0,0,3.77,2.62,77.9,0,00,1,$
#,050,84,72,29.00,940.25,10.00,Frequency_MHz,RSSI_dBm,0.01,-0.06,0.98,0.61,0.43,1.77,49.55,-42.16,-42.11,1,0.00,0.00,0,0,0,3.77,2.62,78.5,0,00,1,$
#,050,84,72,29.00,940.25,10.00,Frequency_MHz,RSSI_dBm,0.01,-0.06,0.98,0.61,0.31,2.08,50.35,-42.18,-44.45,1,0.00,0.00,0,0,0,3.76,2.71,79.6,0,00,1,$
#,050,84,72,29.00,940.25,10.00,Frequency_MHz,RSSI_dBm,0.01,-0.06,0.98,0.61,0.31,2.08,50.35,-42.18,-44.45,1,0.00,0.00,0,0,0,3.76,2.75,79.0,0,00,1,$
#,050,84,72,29.00,940.25,10.00,Frequency_MHz,RSSI_dBm,0.01,-0.06,0.98,0.79,0.43,1.89,49.77,-41.64,-42.98,1,0.00,0.00,0,0,0,3.76,2.75,79.0,0,00,1,$
#,050,84,72,29.00,940.25,10.00,Frequency_MHz,RSSI_dBm,0.01,-0.06,0.98,0.79,0.43,1.89,49.77,-41.64,-42.98,1,0.00,0.00,0,0,0,3.77,2.50,79.6,0,00,1,$
#,050,84,72,29.00,940.25,10.00,Frequency_MHz,RSSI_dBm,0.01,-0.06,0.98,0.79,0.43,1.89,49.77,-41.64,-42.98,1,0.00,0.00,0,0,0,3.77,2.50,79.6,0,00,1,$
#,050,0,0,29.00,940.25,10.00,954.0,-60.92,0.01,-0.06,0.98,0.55,0.31,1.89,51.57,-46.51,-39.73,1,0.00,0.00,0,0,0,3.85,0.00,56.5,0,00,1,$
#,050,0,0,29.00,940.25,10.00,949.0,-71.88,0.01,-0.06,0.98,0.55,0.31,1.89,51.57,-46.51,-39.73,1,0.00,0.00,0,0,0,3.85,0.00,56.5,0,00,1,$
#,050,0,0,29.00,940.25,10.00,959.0,-66.87,0.01,-0.06,0.98,0.55,0.31,1.89,51.57,-46.51,-39.73,1,0.00,0.00,0,0,0,3.85,0.00,55.4,0,00,1,$
#,050,0,0,29.00,940.25,10.00,964.0,-62.16,0.02,-0.07,0.93,-9.64,0.06,-67.81,53.16,-46.84,-39.81,1,0.00,0.00,0,0,0,3.85,0.00,56.0,0,00,1,$
#,050,0,0,29.00,940.25,10.00,969.0,-81.59,0.02,-0.07,0.93,-9.64,0.06,-67.81,53.16,-46.84,-39.81,1,0.00,0.00,0,0,0,3.85,0.00,56.5,0,00,1,$
#,050,0,0,29.00,940.25,10.00,979.0,-82.66,0.01,-0.07,0.98,2.26,0.79,4.82,52.04,-46.51,-39.53,1,0.00,0.00,0,0,0,3.85,0.00,57.1,0,00,1,$
#,050,0,0,29.00,940.25,10.00,984.0,-73.0,0.01,-0.07,0.98,2.26,0.79,4.82,52.04,-46.51,-39.53,1,0.00,0.00,0,0,0,3.85,0.00,56.5,0,00,1,$
#,050,0,0,29.00,940.25,10.00,994.0,-71.64,0.01,-0.07,0.98,2.26,0.79,4.82,52.04,-46.51,-39.53,1,0.00,0.00,0,0,0,3.85,0.00,57.6,0,00,1,$
#,050,0,0,29.00,940.25,10.00,989.0,-64.77,0.01,-0.07,0.98,0.73,0.31,1.83,53.00,-47.44,-40.60,1,0.00,0.00,0,0,0,3.85,0.00,57.6,0,00,1,$
#,050,1,0,29.00,940.25,10.00,1004.0,-76.5,0.01,-0.07,0.98,0.73,0.31,1.83,53.00,-47.44,-40.60,1,0.00,0.00,0,0,0,3.85,0.00,57.1,0,00,1,$
#,050,1,0,29.00,940.25,10.00,1014.0,-82.73,0.01,-0.07,0.98,1.34,0.55,3.36,51.56,-46.07,-38.59,1,0.00,0.00,0,0,0,3.85,0.00,57.1,0,00,1,$
#,050,1,1,29.00,940.25,10.00,1009.0,-69.93,0.01,-0.07,0.98,1.34,0.55,3.36,51.56,-46.07,-38.59,1,0.00,0.00,0,0,0,3.85,0.00,57.1,0,00,1,$
#,050,1,1,29.00,940.25,10.00,1019.0,-63.86,0.01,-0.07,0.98,1.34,0.55,3.36,51.56,-46.07,-38.59,1,0.00,0.00,0,0,0,3.85,0.00,57.1,0,00,1,$
#,050,1,1,29.00,940.25,10.00,1024.0,-77.66,0.01,-0.06,0.98,0.79,0.49,3.42,51.71,-46.91,-40.52,1,0.00,0.00,0,0,0,3.85,0.00,58.2,0,00,1,$
#,050,1,1,29.00,940.25,10.00,1034.0,-63.0,0.01,-0.06,0.98,0.79,0.49,3.42,51.71,-46.91,-40.52,1,0.00,0.00,0,0,0,3.85,0.00,59.3,0,00,1,$
#,050,1,1,29.00,940.25,10.00,1029.0,-69.07,0.01,-0.06,0.98,0.79,0.49,3.42,51.71,-46.91,-40.52,1,0.00,0.00,0,0,0,3.85,0.00,58.7,0,00,1,$
#,050,1,1,29.00,940.25,10.00,1044.0,-69.61,0.01,-0.06,0.98,0.85,0.24,3.05,52.45,-47.06,-39.90,1,0.00,0.00,0,0,0,3.85,0.00,58.2,0,00,1,$
#,050,1,1,29.00,940.25,10.00,1054.0,-67.79,0.01,-0.06,0.98,0.85,0.24,3.05,52.45,-47.06,-39.90,1,0.00,0.00,0,0,0,3.85,0.00,59.8,0,00,1,$
#,050,2,1,29.00,940.25,10.00,1049.0,-66.81,0.01,-0.06,0.98,1.77,-0.43,4.76,52.31,-45.70,-39.07,1,0.00,0.00,0,0,0,3.85,0.00,59.3,0,00,1,$
#,050,2,1,29.00,940.25,10.00,1059.0,-62.62,0.01,-0.06,0.98,1.77,-0.43,4.76,52.31,-45.70,-39.07,1,0.00,0.00,0,0,0,3.85,0.00,59.3,0,00,1,$
#,050,2,2,29.00,940.25,10.00,1064.0,-70.84,0.01,-0.06,0.98,1.77,-0.43,4.76,52.31,-45.70,-39.07,1,0.00,0.00,0,0,0,3.85,0.00,59.3,0,00,1,$
#,050,2,2,29.00,940.25,10.00,1074.0,-69.5,0.03,-0.07,0.99,-14.59,0.73,-61.46,52.21,-46.91,-40.01,1,0.00,0.00,0,0,0,3.85,0.00,58.7,0,00,1,$
#,050,2,2,29.00,940.25,10.00,1069.0,-61.86,0.03,-0.07,0.99,-14.59,0.73,-61.46,52.21,-46.91,-40.01,1,0.00,0.00,0,0,0,3.85,0.00,59.8,0,00,1,$
#,050,2,2,29.00,940.25,10.00,1079.0,-63.4,0.03,-0.07,0.99,-14.59,0.73,-61.46,52.21,-46.91,-40.01,1,0.00,0.00,0,0,0,3.85,0.00,60.4,0,00,1,$
#,050,2,2,29.00,940.25,10.00,1084.0,-70.27,0.01,-0.06,0.98,0.92,0.31,0.24,52.21,-47.17,-40.80,1,0.00,0.00,0,0,0,3.85,0.00,60.4,0,00,1,$
#,050,2,2,29.00,940.25,10.00,1089.0,-63.77,0.01,-0.06,0.98,0.92,0.31,0.24,52.21,-47.17,-40.80,1,0.00,0.00,0,0,0,3.85,0.00,60.4,0,00,1,$
#,050,3,2,29.00,940.25,10.00,1099.0,-72.89,0.01,-0.07,0.98,0.49,0.31,1.89,51.79,-45.58,-38.32,1,0.00,0.00,0,0,0,3.85,0.00,59.3,0,00,1,$
#,050,3,2,29.00,940.25,10.00,1104.0,-67.88,0.01,-0.07,0.98,0.49,0.31,1.89,51.79,-45.58,-38.32,1,0.00,0.00,0,0,0,3.85,0.00,60.9,0,00,1,$
#,050,3,2,29.00,940.25,10.00,1114.0,-69.81,0.01,-0.07,0.98,0.49,0.31,1.89,51.79,-45.58,-38.32,1,0.00,0.00,0,0,0,3.85,0.00,59.8,0,00,1,$
#,050,3,3,29.00,940.25,10.00,1109.0,-67.01,0.01,-0.06,0.98,0.67,0.43,1.95,52.45,-45.90,-38.89,1,0.00,0.00,0,0,0,3.85,0.00,59.3,0,00,1,$
#,050,3,3,29.00,940.25,10.00,1119.0,-66.58,0.01,-0.06,0.98,0.67,0.43,1.95,52.45,-45.90,-38.89,1,0.00,0.00,0,0,0,3.85,0.00,60.4,0,00,1,$
#,050,3,3,29.00,940.25,10.00,1124.0,-76.02,0.01,-0.06,0.98,0.67,0.43,1.95,52.45,-45.90,-38.89,1,0.00,0.00,0,0,0,3.85,0.00,60.4,0,00,1,$
#,050,3,3,29.00,940.25,10.00,1134.0,-77.23,0.01,-0.06,0.98,2.01,0.61,4.09,52.40,-47.07,-39.98,1,0.00,0.00,0,0,0,3.85,0.00,60.9,0,00,1,$
#,050,3,3,29.00,940.25,10.00,1139.0,-65.04,0.01,-0.06,0.98,2.01,0.61,4.09,52.40,-47.07,-39.98,1,0.00,0.00,0,0,0,3.85,0.00,60.4,0,00,1,$
#,050,3,3,29.00,940.25,10.00,1144.0,-65.26,0.01,-0.07,0.99,0.67,0.55,2.01,52.31,-47.46,-40.97,1,0.00,0.00,0,0,0,3.85,0.00,59.8,0,00,1,$
#,050,4,3,29.00,940.25,10.00,1154.0,-69.43,0.01,-0.07,0.99,0.67,0.55,2.01,52.31,-47.46,-40.97,1,0.00,0.00,0,0,0,3.85,0.00,62.0,0,00,1,$
#,050,4,3,29.00,940.25,10.00,1149.0,-69.56,0.01,-0.07,0.99,0.67,0.55,2.01,52.31,-47.46,-40.97,1,0.00,0.00,0,0,0,3.85,0.00,61.5,0,00,1,$
#,050,4,3,29.00,940.25,10.00,1159.0,-63.66,0.01,-0.06,0.98,1.34,0.61,3.36,51.46,-45.53,-38.15,1,0.00,0.00,0,0,0,3.85,0.00,60.9,0,00,1,$
#,050,4,4,29.00,940.25,10.00,1164.0,-74.93,0.01,-0.06,0.98,1.34,0.61,3.36,51.46,-45.53,-38.15,1,0.00,0.00,0,0,0,3.85,0.00,60.4,0,00,1,$
#,050,4,4,29.00,940.25,10.00,1174.0,-76.97,0.01,-0.06,0.98,1.34,0.61,3.36,51.46,-45.53,-38.15,1,0.00,0.00,0,0,0,3.85,0.00,61.5,0,00,1,$
#,050,4,4,29.00,940.25,10.00,1179.0,-64.21,0.01,-0.06,0.98,1.04,0.49,3.23,51.78,-46.69,-40.53,1,0.00,0.00,0,0,0,3.85,0.00,62.0,0,00,1,$
#,050,4,4,29.00,940.25,10.00,1184.0,-72.7,0.01,-0.06,0.98,1.04,0.49,3.23,51.78,-46.69,-40.53,1,0.00,0.00,0,0,0,3.85,0.00,62.0,0,00,1,$
#,050,4,4,29.00,940.25,10.00,1194.0,-68.15,0.02,-0.06,0.99,0.55,0.31,1.95,52.19,-47.22,-39.64,1,0.00,0.00,0,0,0,3.85,0.00,62.0,0,00,1,$
#,050,4,4,29.00,940.25,10.00,1189.0,-70.29,0.02,-0.06,0.99,0.55,0.31,1.95,52.19,-47.22,-39.64,1,0.00,0.00,0,0,0,3.85,0.00,62.0,0,00,1,$
#,050,5,4,29.00,940.25,10.00,1199.0,-70.24,0.02,-0.06,0.99,0.55,0.31,1.95,52.19,-47.22,-39.64,1,0.00,0.00,0,0,0,3.85,0.00,60.9,0,00,1,$
#,050,5,4,29.00,940.25,10.00,1204.0,-67.47,0.01,-0.06,0.99,2.93,-0.61,3.11,51.45,-46.41,-38.60,1,0.00,0.00,0,0,0,3.85,0.00,62.6,0,00,1,$
#,050,5,5,29.00,940.25,10.00,1209.0,-60.25,0.01,-0.06,0.99,2.93,-0.61,3.11,51.45,-46.41,-38.60,1,0.00,0.00,0,0,0,3.85,0.00,61.5,0,00,1,$
#,050,5,5,29.00,940.25,10.00,1219.0,-68.6,0.03,-0.07,0.96,5.49,0.43,58.72,51.83,-46.88,-41.10,1,0.00,0.00,0,0,0,3.85,0.00,62.0,0,00,1,$
#,050,5,5,29.00,940.25,10.00,1224.0,-81.91,0.03,-0.07,0.96,5.49,0.43,58.72,51.83,-46.88,-41.10,1,0.00,0.00,0,0,0,3.85,0.00,62.0,0,00,1,$
#,050,5,5,29.00,940.25,10.00,1234.0,-65.02,0.03,-0.07,0.96,5.49,0.43,58.72,51.83,-46.88,-41.10,1,0.00,0.00,0,0,0,3.85,0.00,62.6,0,00,1,$
#,050,5,5,29.00,940.25,10.00,1229.0,-71.0,0.02,-0.07,0.93,5.98,-1.65,-49.13,52.83,-47.38,-39.29,1,0.00,0.00,0,0,0,3.85,0.00,63.1,0,00,1,$
#,050,5,5,29.00,940.25,10.00,1239.0,-65.63,0.02,-0.07,0.93,5.98,-1.65,-49.13,52.83,-47.38,-39.29,1,0.00,0.00,0,0,0,3.85,0.00,63.1,0,00,1,$
#,050,5,5,29.00,940.25,10.00,1244.0,-66.42,0.02,-0.07,0.93,5.98,-1.65,-49.13,52.83,-47.38,-39.29,1,0.00,0.00,0,0,0,3.85,0.00,62.6,0,00,1,$
#,050,6,5,29.00,940.25,10.00,1254.0,-71.3,0.02,-0.07,0.93,-0.67,-0.49,-6.71,51.40,-45.80,-38.70,1,0.00,0.00,0,0,0,3.85,0.00,62.0,0,00,1,$
#,050,6,5,29.00,940.25,10.00,1259.0,-67.42,0.02,-0.07,0.93,-0.67,-0.49,-6.71,51.40,-45.80,-38.70,1,0.00,0.00,0,0,0,3.85,0.00,60.9,0,00,1,$
#,050,6,6,29.00,940.25,10.00,1264.0,-70.63,0.01,-0.07,0.98,0.73,0.31,1.95,52.10,-46.04,-39.70,1,0.00,0.00,0,0,0,3.85,0.00,62.6,0,00,1,$
#,050,6,6,29.00,940.25,10.00,1274.0,-73.55,0.01,-0.07,0.98,0.73,0.31,1.95,52.10,-46.04,-39.70,1,0.00,0.00,0,0,0,3.85,0.00,63.7,0,00,1,$
#,050,6,6,29.00,940.25,10.00,1269.0,-67.37,0.01,-0.07,0.98,0.73,0.31,1.95,52.10,-46.04,-39.70,1,0.00,0.00,0,0,0,3.85,0.00,63.1,0,00,1,$
#,050,6,6,29.00,940.25,10.00,1279.0,-65.16,0.01,-0.07,0.98,1.53,0.55,3.78,52.28,-47.03,-39.55,1,0.00,0.00,0,0,0,3.85,0.00,62.6,0,00,1,$
#,050,6,6,29.00,940.25,10.00,1284.0,-80.15,0.01,-0.07,0.98,1.53,0.55,3.78,52.28,-47.03,-39.55,1,0.00,0.00,0,0,0,3.85,0.00,62.6,0,00,1,$
#,050,6,6,29.00,940.25,10.00,1294.0,-63.48,0.01,-0.07,0.98,1.53,0.55,3.78,52.28,-47.03,-39.55,1,0.00,0.00,0,0,0,3.85,0.00,64.2,0,00,1,$
#,050,7,6,29.00,940.25,10.00,1299.0,-61.33,0.01,-0.06,0.99,0.67,0.37,1.77,51.51,-46.52,-41.16,1,0.00,0.00,0,0,0,3.85,0.00,63.1,0,00,1,$
#,050,7,6,29.00,940.25,10.00,1304.0,-72.17,0.01,-0.06,0.99,0.67,0.37,1.77,51.51,-46.52,-41.16,1,0.00,0.00,0,0,0,3.85,0.00,63.7,0,00,1,$
#,050,7,6,29.00,940.25,10.00,1314.0,-66.37,0.01,-0.06,0.99,0.61,0.31,1.89,51.92,-46.06,-39.21,1,0.00,0.00,0,0,0,3.85,0.00,64.2,0,00,1,$
#,050,7,7,29.00,940.25,10.00,1309.0,-73.43,0.01,-0.06,0.99,0.61,0.31,1.89,51.92,-46.06,-39.21,1,0.00,0.00,0,0,0,3.85,0.00,64.8,0,00,1,$
#,050,7,7,29.00,940.25,10.00,1319.0,-60.72,0.01,-0.06,0.99,0.61,0.31,1.89,51.92,-46.06,-39.21,1,0.00,0.00,0,0,0,3.85,0.00,63.1,0,00,1,$
#,050,7,7,29.00,940.25,10.00,1324.0,-70.97,0.01,-0.06,0.98,0.79,0.37,3.30,51.81,-47.39,-40.11,1,0.00,0.00,0,0,0,3.85,0.00,64.2,0,00,1,$
#,050,7,7,29.00,940.25,10.00,1334.0,-78.99,0.01,-0.06,0.98,0.79,0.37,3.30,51.81,-47.39,-40.11,1,0.00,0.00,0,0,0,3.85,0.00,63.7,0,00,1,$
#,050,7,7,29.00,940.25,10.00,1329.0,-67.77,0.01,-0.06,0.98,0.79,0.37,3.30,51.81,-47.39,-40.11,1,0.00,0.00,0,0,0,3.85,0.00,63.7,0,00,1,$
#,050,7,7,29.00,940.25,10.00,1339.0,-66.8,0.02,-0.07,0.95,-0.06,-2.62,22.46,51.16,-46.53,-40.06,1,0.00,0.00,0,0,0,3.85,0.00,64.2,0,00,1,$
#,050,8,7,29.00,940.25,10.00,1354.0,-81.64,0.02,-0.07,0.95,-0.06,-2.62,22.46,51.16,-46.53,-40.06,1,0.00,0.00,0,0,0,3.85,0.00,65.3,0,00,1,$
#,050,8,7,29.00,940.25,10.00,1349.0,-61.79,0.01,-0.07,0.98,0.49,-0.43,2.14,52.26,-45.78,-38.02,1,0.00,0.00,0,0,0,3.85,0.00,63.7,0,00,1,$
#,050,8,7,29.00,940.25,10.00,1359.0,-63.12,0.01,-0.07,0.98,0.49,-0.43,2.14,52.26,-45.78,-38.02,1,0.00,0.00,0,0,0,3.85,0.00,64.2,0,00,1,$
#,050,8,8,29.00,940.25,10.00,1364.0,-58.92,0.01,-0.07,0.98,0.49,-0.43,2.14,52.26,-45.78,-38.02,1,0.00,0.00,0,0,0,3.85,0.00,64.8,0,00,1,$
#,050,8,8,29.00,940.25,10.00,1374.0,-65.96,0.03,-0.07,0.91,7.20,-0.31,50.72,52.72,-47.49,-39.65,1,0.00,0.00,0,0,0,3.85,0.00,64.8,0,00,1,$
#,050,8,8,29.00,940.25,10.00,1369.0,-72.53,0.03,-0.07,0.91,7.20,-0.31,50.72,52.72,-47.49,-39.65,1,0.00,0.00,0,0,0,3.85,0.00,64.2,0,00,1,$
#,050,8,8,29.00,940.25,10.00,1379.0,-70.19,0.01,-0.06,0.99,0.92,0.43,0.55,51.89,-46.51,-38.06,1,0.00,0.00,0,0,0,3.85,0.00,63.1,0,00,1,$
#,050,8,8,29.00,940.25,10.00,1394.0,-70.67,0.01,-0.06,0.99,0.92,0.43,0.55,51.89,-46.51,-38.06,1,0.00,0.00,0,0,0,3.85,0.00,63.7,0,00,1,$
#,050,8,8,29.00,940.25,10.00,1389.0,-78.11,0.01,-0.06,0.99,0.92,0.43,0.55,51.89,-46.51,-38.06,1,0.00,0.00,0,0,0,3.85,0.00,65.3,0,00,1,$
#,050,9,8,29.00,940.25,10.00,1399.0,-73.63,0.01,-0.07,0.98,0.67,0.55,1.89,51.99,-46.28,-39.07,1,0.00,0.00,0,0,0,3.85,0.00,63.7,0,00,1,$
#,050,9,8,29.00,940.25,10.00,1404.0,-63.56,0.01,-0.07,0.98,0.67,0.55,1.89,51.99,-46.28,-39.07,1,0.00,0.00,0,0,0,3.85,0.00,65.3,0,00,1,$
#,050,9,8,29.00,940.25,10.00,1414.0,-66.78,0.01,-0.07,0.98,0.67,0.55,1.89,51.99,-46.28,-39.07,1,0.00,0.00,0,0,0,3.85,0.00,64.2,0,00,1,$
#,050,9,9,29.00,940.25,10.00,1409.0,-67.15,0.01,-0.07,0.98,1.46,0.61,-0.73,52.48,-46.37,-38.71,1,0.00,0.00,0,0,0,3.85,0.00,64.2,0,00,1,$
#,050,9,9,29.00,940.25,10.00,1419.0,-65.73,0.01,-0.07,0.98,1.46,0.61,-0.73,52.48,-46.37,-38.71,1,0.00,0.00,0,0,0,3.85,0.00,64.2,0,00,1,$
#,050,9,9,29.00,940.25,10.00,1424.0,-87.06,0.01,-0.07,0.98,0.67,0.49,1.89,52.44,-47.71,-41.60,1,0.00,0.00,0,0,0,3.85,0.00,65.9,0,00,1,$
#,050,9,9,29.00,940.25,10.00,1429.0,-58.15,0.01,-0.07,0.98,0.67,0.49,1.89,52.44,-47.71,-41.60,1,0.00,0.00,0,0,0,3.85,0.00,64.2,0,00,1,$
#,050,9,9,29.00,940.25,10.00,1439.0,-63.35,0.01,-0.07,0.98,0.67,0.49,1.89,52.44,-47.71,-41.60,1,0.00,0.00,0,0,0,3.85,0.00,65.9,0,00,1,$
#,050,9,9,29.00,940.25,10.00,1444.0,-63.3,0.01,-0.06,0.98,1.53,0.55,3.42,52.51,-47.23,-40.32,1,0.00,0.00,0,0,0,3.85,0.00,65.9,0,00,1,$
#,050,10,9,29.00,940.25,10.00,1454.0,-62.7,0.01,-0.06,0.98,1.53,0.55,3.42,52.51,-47.23,-40.32,1,0.00,0.00,0,0,0,3.85,0.00,65.3,0,00,1,$
#,050,10,9,29.00,940.25,10.00,1449.0,-75.58,0.01,-0.06,0.98,1.53,0.55,3.42,52.51,-47.23,-40.32,1,0.00,0.00,0,0,0,3.85,0.00,65.9,0,00,1,$
#,050,10,9,29.00,940.25,10.00,1459.0,-60.49,0.01,-0.06,0.98,0.73,0.55,1.77,52.23,-46.48,-41.02,1,0.00,0.00,0,0,0,3.85,0.00,65.3,0,00,1,$
#,050,10,10,29.00,940.25,10.00,1464.0,-64.04,0.01,-0.06,0.98,0.73,0.55,1.77,52.23,-46.48,-41.02,1,0.00,0.00,0,0,0,3.85,0.00,64.2,0,00,1,$
#,050,10,10,29.00,940.25,10.00,1474.0,-66.0,0.01,-0.07,0.98,0.85,0.55,2.01,52.49,-46.80,-40.55,1,0.00,0.00,0,0,0,3.85,0.00,65.9,0,00,1,$
#,050,10,10,29.00,940.25,10.00,1479.0,-66.35,0.01,-0.07,0.98,0.85,0.55,2.01,52.49,-46.80,-40.55,1,0.00,0.00,0,0,0,3.85,0.00,65.9,0,00,1,$
#,050,10,10,29.00,940.25,10.00,1484.0,-60.22,0.01,-0.07,0.98,0.85,0.55,2.01,52.49,-46.80,-40.55,1,0.00,0.00,0,0,0,3.85,0.00,65.9,0,00,1,$
#,050,10,10,29.00,940.25,10.00,1494.0,-60.16,0.03,-0.07,0.97,-7.02,-2.01,-39.92,51.83,-46.55,-39.58,1,0.00,0.00,0,0,0,3.85,0.00,64.2,0,00,1,$
#,050,10,10,29.00,940.25,10.00,1489.0,-59.5,0.03,-0.07,0.97,-7.02,-2.01,-39.92,51.83,-46.55,-39.58,1,0.00,0.00,0,0,0,3.85,0.00,65.3,0,00,1,$
#,050,11,10,29.00,940.25,10.00,1499.0,-69.27,0.01,-0.06,0.98,-0.18,0.24,-2.38,51.75,-46.06,-39.29,1,0.00,0.00,0,0,0,3.85,0.00,65.9,0,00,1,$
#,050,11,10,29.00,940.25,10.00,1504.0,-65.16,0.01,-0.06,0.98,-0.18,0.24,-2.38,51.75,-46.06,-39.29,1,0.00,0.00,0,0,0,3.85,0.00,66.4,0,00,1,$
#,050,11,11,29.00,940.25,10.00,1514.0,-62.38,0.01,-0.06,0.98,-0.18,0.24,-2.38,51.75,-46.06,-39.29,1,0.00,0.00,0,0,0,3.85,0.00,64.2,0,00,1,$
#,050,11,11,29.00,940.25,10.00,1519.0,-63.39,0.02,-0.07,0.96,0.55,-1.65,41.63,52.40,-47.68,-40.55,1,0.00,0.00,0,0,0,3.85,0.00,66.4,0,00,1,$
#,050,11,11,29.00,940.25,10.00,1524.0,-64.9,0.02,-0.07,0.96,0.55,-1.65,41.63,52.40,-47.68,-40.55,1,0.00,0.00,0,0,0,3.85,0.00,66.4,0,00,1,$
#,050,11,11,29.00,940.25,10.00,1534.0,-63.73,0.02,-0.07,0.96,0.55,-1.65,41.63,52.40,-47.68,-40.55,1,0.00,0.00,0,0,0,3.85,0.00,65.3,0,00,1,$
#,050,11,11,29.00,940.25,10.00,1529.0,-69.56,0.02,-0.07,0.94,10.93,-1.65,76.78,52.09,-46.51,-40.70,1,0.00,0.00,0,0,0,3.85,0.00,65.3,0,00,1,$
#,050,11,11,29.00,940.25,10.00,1539.0,-70.31,0.02,-0.07,0.94,10.93,-1.65,76.78,52.09,-46.51,-40.70,1,0.00,0.00,0,0,0,3.85,0.00,65.9,0,00,1,$
#,050,12,11,29.00,940.25,10.00,1544.0,-71.95,0.01,-0.06,0.98,0.67,0.43,2.01,52.26,-46.97,-40.05,1,0.00,0.00,0,0,0,3.85,0.00,66.4,0,00,1,$
#,050,12,11,29.00,940.25,10.00,1554.0,-68.09,0.01,-0.06,0.98,0.67,0.43,2.01,52.26,-46.97,-40.05,1,0.00,0.00,0,0,0,3.85,0.00,65.9,0,00,1,$
#,050,12,11,29.00,940.25,10.00,1549.0,-58.9,0.01,-0.06,0.98,0.67,0.43,2.01,52.26,-46.97,-40.05,1,0.00,0.00,0,0,0,3.85,0.00,65.3,0,00,1,$
#,050,12,11,29.00,940.25,10.00,1559.0,-67.72,0.01,-0.07,0.98,2.62,0.43,7.87,52.37,-45.61,-37.01,1,0.00,0.00,0,0,0,3.85,0.00,65.3,0,00,1,$
#,050,12,12,29.00,940.25,10.00,1574.0,-57.91,0.01,-0.07,0.98,2.62,0.43,7.87,52.37,-45.61,-37.01,1,0.00,0.00,0,0,0,3.85,0.00,67.5,0,00,1,$
#,050,12,12,29.00,940.25,10.00,1569.0,-67.97,0.01,-0.07,0.98,2.62,0.43,7.87,52.37,-45.61,-37.01,1,0.00,0.00,0,0,0,3.85,0.00,67.5,0,00,1,$
#,050,12,12,29.00,940.25,10.00,1579.0,-69.53,0.01,-0.06,0.98,0.55,0.31,2.14,52.81,-47.22,-40.60,1,0.00,0.00,0,0,0,3.85,0.00,67.0,0,00,1,$
#,050,12,12,29.00,940.25,10.00,1584.0,-63.67,0.01,-0.06,0.98,0.55,0.31,2.14,52.81,-47.22,-40.60,1,0.00,0.00,0,0,0,3.85,0.00,65.3,0,00,1,$
#,050,12,12,29.00,940.25,10.00,1594.0,-76.38,0.01,-0.07,0.96,0.73,0.43,1.83,52.48,-47.13,-38.82,1,0.00,0.00,0,0,0,3.85,0.00,65.9,0,00,1,$
#,050,13,12,29.00,940.25,10.00,1589.0,-68.15,0.01,-0.07,0.96,0.73,0.43,1.83,52.48,-47.13,-38.82,1,0.00,0.00,0,0,0,3.85,0.00,66.4,0,00,1,$
#,050,13,12,29.00,940.25,10.00,1599.0,-66.35,0.01,-0.07,0.96,0.73,0.43,1.83,52.48,-47.13,-38.82,1,0.00,0.00,0,0,0,3.85,0.00,65.9,0,00,1,$
#,050,13,12,29.00,940.25,10.00,1604.0,-76.13,0.01,-0.07,0.96,0.73,0.43,1.83,52.48,-47.13,-38.82,1,0.00,0.00,0,0,0,3.85,0.00,67.0,0,00,1,$
#,050,13,13,29.00,940.25,10.00,1614.0,-61.65,0.02,-0.06,0.98,0.67,0.55,2.14,52.28,-46.40,-39.18,1,0.00,0.00,0,0,0,3.85,0.00,66.4,0,00,1,$
#,050,13,13,29.00,940.25,10.00,1609.0,-67.72,0.02,-0.06,0.98,0.67,0.55,2.14,52.28,-46.40,-39.18,1,0.00,0.00,0,0,0,3.85,0.00,66.4,0,00,1,$
#,050,13,13,29.00,940.25,10.00,1624.0,-71.12,0.01,-0.06,0.96,1.10,0.37,3.17,51.64,-46.59,-40.72,1,0.00,0.00,0,0,0,3.85,0.00,67.0,0,00,1,$
#,050,13,13,29.00,940.25,10.00,1634.0,-68.63,0.01,-0.06,0.96,1.10,0.37,3.17,51.64,-46.59,-40.72,1,0.00,0.00,0,0,0,3.85,0.00,67.5,0,00,1,$
#,050,13,13,29.00,940.25,10.00,1629.0,-71.13,0.03,-0.07,0.98,-0.61,0.73,34.85,52.42,-46.89,-39.84,1,0.00,0.00,0,0,0,3.85,0.00,67.5,0,00,1,$
#,050,13,13,29.00,940.25,10.00,1639.0,-60.76,0.03,-0.07,0.98,-0.61,0.73,34.85,52.42,-46.89,-39.84,1,0.00,0.00,0,0,0,3.85,0.00,67.5,0,00,1,$
#,050,14,13,29.00,940.25,10.00,1644.0,-70.66,0.03,-0.07,0.98,-0.61,0.73,34.85,52.42,-46.89,-39.84,1,0.00,0.00,0,0,0,3.85,0.00,68.1,0,00,1,$
#,050,14,13,29.00,940.25,10.00,1649.0,-65.83,0.01,-0.07,0.98,0.67,0.00,-0.98,52.73,-46.04,-38.96,1,0.00,0.00,0,0,0,3.85,0.00,67.5,0,00,1,$
#,050,14,13,29.00,940.25,10.00,1659.0,-68.79,0.01,-0.07,0.98,0.67,0.00,-0.98,52.73,-46.04,-38.96,1,0.00,0.00,0,0,0,3.85,0.00,67.0,0,00,1,$
#,050,14,14,29.00,940.25,10.00,1664.0,-70.51,0.01,-0.06,0.98,0.37,-0.06,-1.34,52.16,-45.47,-39.21,1,0.00,0.00,0,0,0,3.85,0.00,65.9,0,00,1,$
#,050,14,14,29.00,940.25,10.00,1674.0,-70.84,0.01,-0.06,0.98,0.37,-0.06,-1.34,52.16,-45.47,-39.21,1,0.00,0.00,0,0,0,3.85,-0.00,65.9,0,00,1,$
#,050,14,14,29.00,940.25,10.00,1679.0,-65.13,0.02,-0.07,0.94,6.84,-1.46,40.77,51.75,-46.75,-39.88,1,0.00,0.00,0,0,0,3.85,-0.00,67.0,0,00,1,$
#,050,14,14,29.00,940.25,10.00,1684.0,-74.26,0.02,-0.07,0.94,6.84,-1.46,40.77,51.75,-46.75,-39.88,1,0.00,0.00,0,0,0,3.85,0.00,67.5,0,00,1,$
#,050,14,14,29.00,940.25,10.00,1694.0,-61.27,0.02,-0.07,0.94,6.84,-1.46,40.77,51.75,-46.75,-39.88,1,0.00,0.00,0,0,0,3.85,0.00,68.1,0,00,1,$
#,050,15,14,29.00,940.25,10.00,1689.0,-63.29,0.01,-0.07,0.98,1.16,0.67,-2.93,52.99,-46.68,-40.34,1,0.00,0.00,0,0,0,3.85,0.00,68.1,0,00,1,$
#,050,15,14,29.00,940.25,10.00,1704.0,-59.77,0.01,-0.07,0.98,1.16,0.67,-2.93,52.99,-46.68,-40.34,1,0.00,0.00,0,0,0,3.85,0.00,67.0,0,00,1,$
#,050,15,14,29.00,940.25,10.00,1714.0,-72.75,0.01,-0.06,0.98,0.85,0.31,2.20,52.03,-45.62,-38.57,1,0.00,0.00,0,0,0,3.85,0.00,67.5,0,00,1,$
#,050,15,15,29.00,940.25,10.00,1709.0,-59.49,0.01,-0.06,0.98,0.85,0.31,2.20,52.03,-45.62,-38.57,1,0.00,0.00,0,0,0,3.85,0.00,68.1,0,00,1,$
#,050,15,15,29.00,940.25,10.00,1724.0,-69.65,0.01,-0.06,0.98,1.40,0.73,3.54,51.99,-46.56,-39.43,1,0.00,0.00,0,0,0,3.85,0.00,68.6,0,00,1,$
#,050,15,15,29.00,940.25,10.00,1734.0,-69.85,0.01,-0.06,0.98,1.40,0.73,3.54,51.99,-46.56,-39.43,1,0.00,0.00,0,0,0,3.85,0.00,67.5,0,00,1,$
#,050,15,15,29.00,940.25,10.00,1729.0,-68.1,0.01,-0.06,0.98,1.40,0.73,3.54,51.99,-46.56,-39.43,1,0.00,0.00,0,0,0,3.85,0.00,68.6,0,00,1,$
#,050,15,15,29.00,940.25,10.00,1739.0,-69.67,0.03,-0.08,1.05,0.85,0.79,1.89,53.45,-47.44,-40.87,1,0.00,0.00,0,0,0,3.85,0.00,67.0,0,00,1,$
#,050,16,15,29.00,940.25,10.00,1754.0,-61.99,0.03,-0.08,1.05,0.85,0.79,1.89,53.45,-47.44,-40.87,1,0.00,0.00,0,0,0,3.85,0.00,68.6,0,00,1,$
#,050,16,15,29.00,940.25,10.00,1749.0,-84.64,0.02,-0.06,0.99,0.49,0.49,2.08,51.45,-45.98,-39.10,1,0.00,0.00,0,0,0,3.85,0.00,68.6,0,00,1,$
#,050,16,15,29.00,940.25,10.00,1759.0,-63.63,0.02,-0.06,0.99,0.49,0.49,2.08,51.45,-45.98,-39.10,1,0.00,0.00,0,0,0,3.85,0.00,68.6,0,00,1,$
#,050,16,15,29.00,940.25,10.00,1764.0,-84.6,0.02,-0.06,0.99,0.49,0.49,2.08,51.45,-45.98,-39.10,1,0.00,0.00,0,0,0,3.85,0.00,69.2,0,00,1,$
#,050,16,16,29.00,940.25,10.00,1769.0,-81.59,0.01,-0.06,0.98,0.55,-0.31,1.04,51.88,-45.96,-38.17,1,0.00,0.00,0,0,0,3.85,0.00,68.1,0,00,1,$
#,050,16,16,29.00,940.25,10.00,1779.0,-100.08,0.01,-0.06,0.98,0.55,-0.31,1.04,51.88,-45.96,-38.17,1,0.00,0.00,0,0,0,3.85,0.00,67.5,0,00,1,$
#,050,16,16,29.00,940.25,10.00,1784.0,-62.42,0.04,-0.07,0.99,-1.40,0.49,19.53,52.17,-47.79,-40.77,1,0.00,0.00,0,0,0,3.85,0.00,68.6,0,00,1,$
#,050,16,16,29.00,940.25,10.00,1794.0,-68.88,0.04,-0.07,0.99,-1.40,0.49,19.53,52.17,-47.79,-40.77,1,0.00,0.00,0,0,0,3.85,0.00,68.1,0,00,1,$
#,050,17,16,29.00,940.25,10.00,1789.0,-60.19,0.03,-0.07,0.95,-2.01,0.73,25.27,52.34,-47.25,-40.98,1,0.00,0.00,0,0,0,3.85,0.00,68.6,0,00,1,$
#,050,17,16,29.00,940.25,10.00,1799.0,-60.77,0.03,-0.07,0.95,-2.01,0.73,25.27,52.34,-47.25,-40.98,1,0.00,0.00,0,0,0,3.85,0.00,69.7,0,00,1,$
#,050,17,16,29.00,940.25,10.00,1814.0,-65.06,0.03,-0.07,0.95,-2.01,0.73,25.27,52.34,-47.25,-40.98,1,0.00,0.00,0,0,0,3.85,0.00,69.2,0,00,1,$
#,050,17,16,29.00,940.25,10.00,1809.0,-79.11,0.02,-0.07,0.93,-9.22,0.24,-64.15,52.16,-45.52,-37.96,1,0.00,0.00,0,0,0,3.85,0.00,69.2,0,00,1,$
#,050,17,16,29.00,940.25,10.00,1819.0,-76.21,0.02,-0.07,0.93,-9.22,0.24,-64.15,52.16,-45.52,-37.96,1,0.00,0.00,0,0,0,3.85,0.00,69.2,0,00,1,$
#,050,17,17,29.00,940.25,10.00,1824.0,-66.86,0.01,-0.06,0.98,0.73,0.43,1.95,52.00,-46.20,-39.65,1,0.00,0.00,0,0,0,3.85,0.00,68.1,0,00,1,$
#,050,17,17,29.00,940.25,10.00,1834.0,-72.31,0.01,-0.06,0.98,0.73,0.43,1.95,52.00,-46.20,-39.65,1,0.00,0.00,0,0,0,3.85,0.00,69.2,0,00,1,$
#,050,17,17,29.00,940.25,10.00,1839.0,-69.22,0.01,-0.06,0.98,0.73,0.43,1.95,52.00,-46.20,-39.65,1,0.00,0.00,0,0,0,3.85,0.00,70.3,0,00,1,$
#,050,18,17,29.00,940.25,10.00,1844.0,-68.05,0.01,-0.06,0.98,0.73,0.31,1.83,52.67,-46.77,-40.11,1,0.00,0.00,0,0,0,3.85,0.00,68.6,0,00,1,$
#,050,18,17,29.00,940.25,10.00,1854.0,-70.96,0.01,-0.06,0.98,0.73,0.31,1.83,52.67,-46.77,-40.11,1,0.00,0.00,0,0,0,3.85,0.00,68.6,0,00,1,$
#,050,18,17,29.00,940.25,10.00,1849.0,-60.58,0.02,-0.07,0.98,0.61,0.37,1.77,52.51,-47.16,-40.47,1,0.00,0.00,0,0,0,3.85,0.00,68.6,0,00,1,$
#,050,18,17,29.00,940.25,10.00,1859.0,-60.56,0.02,-0.07,0.98,0.61,0.37,1.77,52.51,-47.16,-40.47,1,0.00,0.00,0,0,0,3.85,0.00,68.6,0,00,1,$
#,050,18,17,29.00,940.25,10.00,1864.0,-62.01,0.02,-0.07,0.98,0.61,0.37,1.77,52.51,-47.16,-40.47,1,0.00,0.00,0,0,0,3.85,0.00,69.7,0,00,1,$
#,050,18,17,29.00,940.25,10.00,1874.0,-67.41,0.01,-0.07,0.98,1.04,0.49,3.30,51.89,-46.03,-41.03,1,0.00,0.00,0,0,0,3.85,0.00,68.6,0,00,1,$
#,050,18,18,29.00,940.25,10.00,1879.0,-70.35,0.01,-0.07,0.98,1.04,0.49,3.30,51.89,-46.03,-41.03,1,0.00,0.00,0,0,0,3.85,0.00,68.1,0,00,1,$
#,050,18,18,29.00,940.25,10.00,1884.0,-75.57,0.01,-0.06,0.98,0.61,0.18,2.20,52.92,-47.51,-39.65,1,0.00,0.00,0,0,0,3.85,0.00,68.6,0,00,1,$
#,050,19,18,29.00,940.25,10.00,1894.0,-64.14,0.01,-0.06,0.98,0.61,0.18,2.20,52.92,-47.51,-39.65,1,0.00,0.00,0,0,0,3.85,0.00,68.6,0,00,1,$
#,050,19,18,29.00,940.25,10.00,1889.0,-71.75,0.01,-0.06,0.98,0.61,0.18,2.20,52.92,-47.51,-39.65,1,0.00,0.00,0,0,0,3.85,0.00,68.6,0,00,1,$
#,050,19,18,29.00,940.25,10.00,1899.0,-65.1,0.01,-0.06,0.98,2.56,0.00,2.01,52.34,-46.80,-41.17,1,0.00,0.00,0,0,0,3.85,0.00,68.1,0,00,1,$
#,050,19,18,29.00,940.25,10.00,1914.0,-64.04,0.01,-0.06,0.98,2.56,0.00,2.01,52.34,-46.80,-41.17,1,0.00,0.00,0,0,0,3.85,0.00,69.7,0,00,1,$
#,050,0,0,29.00,940.25,10.00,954.0,-72.39,0.01,-0.06,0.98,0.79,0.43,1.89,51.82,-45.64,-39.51,1,0.00,0.00,0,0,0,3.85,0.00,58.7,0,00,1,$
#,050,0,0,29.00,940.25,10.00,949.0,-65.71,0.01,-0.06,0.98,0.79,0.43,1.89,51.82,-45.64,-39.51,1,0.00,0.00,0,0,0,3.85,0.00,59.3,0,00,1,$
#,050,0,0,29.00,940.25,10.00,959.0,-72.36,0.01,-0.06,0.98,0.55,0.37,1.95,51.78,-46.44,-41.06,1,0.00,0.00,0,0,0,3.85,0.00,59.8,0,00,1,$
#,050,0,0,29.00,940.25,10.00,964.0,-64.93,0.01,-0.06,0.98,0.55,0.37,1.95,51.78,-46.44,-41.06,1,0.00,0.00,0,0,0,3.85,0.00,58.7,0,00,1,$
#,050,0,0,29.00,940.25,10.00,974.0,-63.42,0.01,-0.06,0.98,0.55,0.37,1.95,51.78,-46.44,-41.06,1,0.00,0.00,0,0,0,3.85,0.00,59.3,0,00,1,$
#,050,0,0,29.00,940.25,10.00,969.0,-65.91,0.01,-0.06,0.98,0.85,0.43,3.30,51.99,-46.36,-39.92,1,0.00,0.00,0,0,0,3.85,0.00,59.8,0,00,1,$
#,050,0,0,29.00,940.25,10.00,979.0,-66.66,0.01,-0.07,0.94,-1.34,-0.73,35.22,52.00,-46.90,-38.96,1,0.00,0.00,0,0,0,3.85,0.00,60.4,0,00,1,$
#,050,0,0,29.00,940.25,10.00,984.0,-68.03,0.01,-0.07,0.94,-1.34,-0.73,35.22,52.00,-46.90,-38.96,1,0.00,0.00,0,0,0,3.85,0.00,58.7,0,00,1,$
#,050,0,0,29.00,940.25,10.00,994.0,-72.83,0.01,-0.07,0.94,-1.34,-0.73,35.22,52.00,-46.90,-38.96,1,0.00,0.00,0,0,0,3.85,0.00,59.3,0,00,1,$
#,050,1,0,29.00,940.25,10.00,989.0,-73.61,0.01,-0.07,0.99,-9.77,1.83,-25.70,51.39,-45.67,-40.72,1,0.00,0.00,0,0,0,3.85,0.00,60.9,0,00,1,$
#,050,1,0,29.00,940.25,10.00,999.0,-69.23,0.01,-0.07,0.99,-9.77,1.83,-25.70,51.39,-45.67,-40.72,1,0.00,0.00,0,0,0,3.85,0.00,59.8,0,00,1,$
#,050,1,1,29.00,940.25,10.00,1004.0,-79.32,0.01,-0.07,0.99,-9.77,1.83,-25.70,51.39,-45.67,-40.72,1,0.00,0.00,0,0,0,3.85,0.00,60.4,0,00,1,$
#,050,1,1,29.00,940.25,10.00,1009.0,-67.31,0.01,-0.06,0.98,1.34,0.12,-0.98,51.64,-46.96,-38.60,1,0.00,0.00,0,0,0,3.85,0.00,59.8,0,00,1,$
#,050,1,1,29.00,940.25,10.00,1019.0,-62.73,0.01,-0.06,0.98,1.34,0.12,-0.98,51.64,-46.96,-38.60,1,0.00,0.00,0,0,0,3.85,0.00,59.8,0,00,1,$
#,050,1,1,29.00,940.25,10.00,1024.0,-61.79,0.01,-0.06,0.98,1.34,0.12,-0.98,51.64,-46.96,-38.60,1,0.00,0.00,0,0,0,3.85,0.00,60.4,0,00,1,$
#,050,1,1,29.00,940.25,10.00,1034.0,-62.95,0.01,-0.06,0.98,0.61,0.37,1.77,52.23,-47.52,-39.93,1,0.00,0.00,0,0,0,3.85,0.00,59.8,0,00,1,$
#,050,1,1,29.00,940.25,10.00,1029.0,-63.15,0.01,-0.06,0.98,0.61,0.37,1.77,52.23,-47.52,-39.93,1,0.00,0.00,0,0,0,3.85,0.00,60.9,0,00,1,$
#,050,1,1,29.00,940.25,10.00,1039.0,-67.25,0.01,-0.06,0.98,0.55,0.43,1.95,51.46,-46.29,-39.32,1,0.00,0.00,0,0,0,3.85,0.00,60.4,0,00,1,$
#,050,2,1,29.00,940.25,10.00,1044.0,-65.87,0.01,-0.06,0.98,0.55,0.43,1.95,51.46,-46.29,-39.32,1,0.00,0.00,0,0,0,3.85,0.00,60.4,0,00,1,$
#,050,2,1,29.00,940.25,10.00,1049.0,-71.76,0.01,-0.06,0.98,0.55,0.43,1.95,51.46,-46.29,-39.32,1,0.00,0.00,0,0,0,3.85,0.00,60.4,0,00,1,$
#,050,2,2,29.00,940.25,10.00,1059.0,-67.56,0.01,-0.07,0.98,0.61,0.43,1.83,52.49,-45.94,-38.50,1,0.00,0.00,0,0,0,3.85,0.00,62.0,0,00,1,$
#,050,2,2,29.00,940.25,10.00,1064.0,-72.93,0.01,-0.07,0.98,0.61,0.43,1.83,52.49,-45.94,-38.50,1,0.00,0.00,0,0,0,3.85,0.00,61.5,0,00,1,$
#,050,2,2,29.00,940.25,10.00,1074.0,-67.71,0.01,-0.07,0.98,1.53,0.49,3.48,52.51,-46.92,-39.36,1,0.00,0.00,0,0,0,3.85,0.00,59.8,0,00,1,$
#,050,2,2,29.00,940.25,10.00,1069.0,-64.32,0.01,-0.07,0.98,1.53,0.49,3.48,52.51,-46.92,-39.36,1,0.00,0.00,0,0,0,3.85,0.00,60.4,0,00,1,$
#,050,2,2,29.00,940.25,10.00,1079.0,-60.54,0.01,-0.07,0.98,1.53,0.49,3.48,52.51,-46.92,-39.36,1,0.00,0.00,0,0,0,3.85,0.00,60.9,0,00,1,$
#,050,2,2,29.00,940.25,10.00,1084.0,-73.67,0.02,-0.07,0.99,0.67,0.67,1.53,52.72,-46.57,-41.30,1,0.00,0.00,0,0,0,3.85,0.00,61.5,0,00,1,$
#,050,2,2,29.00,940.25,10.00,1094.0,-67.04,0.02,-0.07,0.99,0.67,0.67,1.53,52.72,-46.57,-41.30,1,0.00,0.00,0,0,0,3.85,0.00,62.0,0,00,1,$
#,050,3,2,29.00,940.25,10.00,1099.0,-67.81,0.02,-0.07,0.99,0.67,0.67,1.53,52.72,-46.57,-41.30,1,0.00,0.00,0,0,0,3.85,0.00,60.4,0,00,1,$
#,050,3,2,29.00,940.25,10.00,1104.0,-71.81,0.01,-0.07,0.92,0.92,-1.59,27.95,52.10,-46.08,-38.53,1,0.00,0.00,0,0,0,3.85,0.00,62.0,0,00,1,$
#,050,3,3,29.00,940.25,10.00,1114.0,-79.82,0.01,-0.07,0.92,0.92,-1.59,27.95,52.10,-46.08,-38.53,1,0.00,0.00,0,0,0,3.85,0.00,62.0,0,00,1,$
#,050,3,3,29.00,940.25,10.00,1109.0,-72.48,0.01,-0.07,0.92,0.92,-1.59,27.95,52.10,-46.08,-38.53,1,0.00,0.00,0,0,0,3.85,0.00,60.9,0,00,1,$
#,050,3,3,29.00,940.25,10.00,1119.0,-62.2,0.01,-0.06,0.98,-0.49,-0.24,-0.12,52.14,-46.79,-39.64,1,0.00,0.00,0,0,0,3.85,0.00,60.4,0,00,1,$
#,050,3,3,29.00,940.25,10.00,1124.0,-68.11,0.01,-0.06,0.98,-0.49,-0.24,-0.12,52.14,-46.79,-39.64,1,0.00,0.00,0,0,0,3.85,0.00,62.6,0,00,1,$
#,050,3,3,29.00,940.25,10.00,1134.0,-60.1,0.01,-0.07,0.90,-11.84,1.34,-47.49,51.62,-46.29,-41.15,1,0.00,0.00,0,0,0,3.85,0.00,63.1,0,00,1,$
#,050,3,3,29.00,940.25,10.00,1129.0,-67.5,0.01,-0.07,0.90,-11.84,1.34,-47.49,51.62,-46.29,-41.15,1,0.00,0.00,0,0,0,3.85,0.00,60.9,0,00,1,$
#,050,3,3,29.00,940.25,10.00,1139.0,-83.8,0.01,-0.07,0.90,-11.84,1.34,-47.49,51.62,-46.29,-41.15,1,0.00,0.00,0,0,0,3.85,0.00,62.0,0,00,1,$
#,050,4,3,29.00,940.25,10.00,1144.0,-71.98,0.02,-0.07,0.93,-12.94,0.67,-89.05,52.00,-46.31,-40.28,1,0.00,0.00,0,0,0,3.85,0.00,60.9,0,00,1,$
#,050,4,3,29.00,940.25,10.00,1154.0,-73.38,0.02,-0.07,0.93,-12.94,0.67,-89.05,52.00,-46.31,-40.28,1,0.00,0.00,0,0,0,3.85,0.00,60.9,0,00,1,$
#,050,4,4,29.00,940.25,10.00,1159.0,-71.28,0.02,-0.07,0.93,-12.94,0.67,-89.05,52.00,-46.31,-40.28,1,0.00,0.00,0,0,0,3.85,0.00,62.6,0,00,1,$
#,050,4,4,29.00,940.25,10.00,1164.0,-62.8,0.02,-0.07,0.93,1.46,-0.61,15.99,52.56,-47.28,-41.69,1,0.00,0.00,0,0,0,3.85,0.00,61.5,0,00,1,$
#,050,4,4,29.00,940.25,10.00,1174.0,-63.76,0.02,-0.07,0.93,1.46,-0.61,15.99,52.56,-47.28,-41.69,1,0.00,0.00,0,0,0,3.85,0.00,60.9,0,00,1,$
#,050,4,4,29.00,940.25,10.00,1169.0,-61.77,0.02,-0.07,0.93,1.46,-0.61,15.99,52.56,-47.28,-41.69,1,0.00,0.00,0,0,0,3.85,0.00,60.9,0,00,1,$
#,050,4,4,29.00,940.25,10.00,1179.0,-64.21,0.01,-0.07,0.97,2.75,0.31,9.77,51.44,-46.40,-40.20,1,0.00,0.00,0,0,0,3.85,0.00,61.5,0,00,1,$
#,050,4,4,29.00,940.25,10.00,1184.0,-67.31,0.01,-0.07,0.97,2.75,0.31,9.77,51.44,-46.40,-40.20,1,0.00,0.00,0,0,0,3.85,0.00,60.4,0,00,1,$
#,050,4,4,29.00,940.25,10.00,1194.0,-75.77,0.01,-0.07,0.97,2.75,0.31,9.77,51.44,-46.40,-40.20,1,0.00,0.00,0,0,0,3.85,0.00,62.0,0,00,1,$
#,050,5,4,29.00,940.25,10.00,1189.0,-73.14,0.01,-0.07,0.98,0.67,0.31,1.65,52.16,-45.54,-39.55,1,0.00,0.00,0,0,0,3.85,0.00,60.9,0,00,1,$
#,050,5,4,29.00,940.25,10.00,1199.0,-68.87,0.01,-0.07,0.98,0.67,0.31,1.65,52.16,-45.54,-39.55,1,0.00,0.00,0,0,0,3.85,0.00,62.6,0,00,1,$
#,050,5,5,29.00,940.25,10.00,1204.0,-65.88,0.01,-0.06,0.98,1.46,0.37,3.17,52.08,-45.81,-40.30,1,0.00,0.00,0,0,0,3.85,0.00,62.0,0,00,1,$
#,050,5,5,29.00,940.25,10.00,1214.0,-68.27,0.01,-0.06,0.98,1.46,0.37,3.17,52.08,-45.81,-40.30,1,0.00,0.00,0,0,0,3.85,0.00,63.1,0,00,1,$
#,050,5,5,29.00,940.25,10.00,1209.0,-64.82,0.01,-0.06,0.98,1.46,0.37,3.17,52.08,-45.81,-40.30,1,0.00,0.00,0,0,0,3.85,0.00,61.5,0,00,1,$
#,050,5,5,29.00,940.25,10.00,1209.0,-64.82,0.01,-0.06,0.98,1.46,0.37,3.17,52.08,-45.81,-40.30,1,0.00,0.00,0,0,0,3.85,0.00,62.0,0,00,1,$
#,050,5,5,29.00,940.25,10.00,1209.0,-64.82,0.01,-0.06,0.98,1.46,0.37,3.17,52.08,-45.81,-40.30,1,0.00,0.00,0,0,0,3.85,0.00,61.5,0,00,1,$
#,050,5,5,29.00,940.25,10.00,1209.0,-64.82,0.01,-0.06,0.98,1.46,0.37,3.17,52.08,-45.81,-40.30,1,0.00,0.00,0,0,0,3.85,0.00,61.5,0,00,1,$
#,050,5,5,29.00,940.25,10.00,1209.0,-64.82,0.01,-0.06,0.98,1.46,0.37,3.17,52.08,-45.81,-40.30,1,0.00,0.00,0,0,0,3.85,0.00,60.9,0,00,1,$
#,050,6,5,29.00,940.25,10.00,1209.0,-64.82,0.01,-0.06,0.98,1.46,0.37,3.17,52.08,-45.81,-40.30,1,0.00,0.00,0,0,0,3.85,0.00,59.8,0,00,1,$
#,050,6,5,29.00,940.25,10.00,1209.0,-64.82,0.01,-0.06,0.98,1.46,0.37,3.17,52.08,-45.81,-40.30,1,0.00,0.00,0,0,0,3.85,0.00,59.3,0,00,1,$
#,050,6,5,29.00,940.25,10.00,1209.0,-64.82,0.01,-0.06,0.98,1.46,0.37,3.17,52.08,-45.81,-40.30,1,0.00,0.00,0,0,0,3.85,0.00,58.7,0,00,1,$
#,050,6,6,29.00,940.25,10.00,1209.0,-64.82,0.01,-0.06,0.98,1.46,0.37,3.17,52.08,-45.81,-40.30,1,0.00,0.00,0,0,0,3.85,0.00,59.3,0,00,1,$
#,050,6,6,29.00,940.25,10.00,1209.0,-64.82,0.01,-0.06,0.98,1.46,0.37,3.17,52.08,-45.81,-40.30,1,0.00,0.00,0,0,0,3.85,0.00,58.7,0,00,1,$
#,050,6,6,29.00,940.25,10.00,1209.0,-64.82,0.01,-0.06,0.98,1.46,0.37,3.17,52.08,-45.81,-40.30,1,0.00,0.00,0,0,0,3.85,0.00,58.7,0,00,1,$
#,050,6,6,29.00,940.25,10.00,1209.0,-64.82,0.01,-0.06,0.98,1.46,0.37,3.17,52.08,-45.81,-40.30,1,0.00,0.00,0,0,0,3.85,0.00,60.4,0,00,1,$
#,050,6,6,29.00,940.25,10.00,1209.0,-64.82,0.01,-0.06,0.98,1.46,0.37,3.17,52.08,-45.81,-40.30,1,0.00,0.00,0,0,0,3.85,0.00,59.3,0,00,1,$
#,050,6,6,29.00,940.25,10.00,1209.0,-64.82,0.01,-0.06,0.98,1.46,0.37,3.17,52.08,-45.81,-40.30,1,0.00,0.00,0,0,0,3.85,0.00,58.7,0,00,1,$
#,050,6,6,29.00,940.25,10.00,1209.0,-64.82,0.01,-0.06,0.98,1.46,0.37,3.17,52.08,-45.81,-40.30,1,0.00,0.00,0,0,0,3.85,0.00,58.2,0,00,1,$
#,050,7,6,29.00,940.25,10.00,1209.0,-64.82,0.01,-0.06,0.98,1.46,0.37,3.17,52.08,-45.81,-40.30,1,0.00,0.00,0,0,0,3.85,0.00,58.2,0,00,1,$
#,050,7,6,29.00,940.25,10.00,1209.0,-64.82,0.01,-0.06,0.98,1.46,0.37,3.17,52.08,-45.81,-40.30,1,0.00,0.00,0,0,0,3.85,0.00,58.7,0,00,1,$
#,050,7,6,29.00,940.25,10.00,1209.0,-64.82,0.01,-0.06,0.98,1.46,0.37,3.17,52.08,-45.81,-40.30,1,0.00,0.00,0,0,0,3.85,0.00,57.1,0,00,1,$
#,050,7,7,29.00,940.25,10.00,1209.0,-64.82,0.01,-0.06,0.98,1.46,0.37,3.17,52.08,-45.81,-40.30,1,0.00,0.00,0,0,0,3.85,0.00,58.2,0,00,1,$
#,050,7,7,29.00,940.25,10.00,1209.0,-64.82,0.01,-0.06,0.98,1.46,0.37,3.17,52.08,-45.81,-40.30,1,0.00,0.00,0,0,0,3.85,0.00,57.6,0,00,1,$
#,050,7,7,29.00,940.25,10.00,1209.0,-64.82,0.01,-0.06,0.98,1.46,0.37,3.17,52.08,-45.81,-40.30,1,0.00,0.00,0,0,0,3.85,0.00,58.7,0,00,1,$
#,050,7,7,29.00,940.25,10.00,1209.0,-64.82,0.01,-0.06,0.98,1.46,0.37,3.17,52.08,-45.81,-40.30,1,0.00,0.00,0,0,0,3.85,0.00,57.6,0,00,1,$
#,050,7,7,29.00,940.25,10.00,1209.0,-64.82,0.01,-0.06,0.98,1.46,0.37,3.17,52.08,-45.81,-40.30,1,0.00,0.00,0,0,0,3.85,0.00,58.2,0,00,1,$
#,050,7,7,29.00,940.25,10.00,1209.0,-64.82,0.01,-0.06,0.98,1.46,0.37,3.17,52.08,-45.81,-40.30,1,0.00,0.00,0,0,0,3.85,0.00,58.7,0,00,1,$
#,050,7,7,29.00,940.25,10.00,1209.0,-64.82,0.01,-0.06,0.98,1.46,0.37,3.17,52.08,-45.81,-40.30,1,0.00,0.00,0,0,0,3.85,0.00,58.2,0,00,1,$
#,050,8,7,29.00,940.25,10.00,1209.0,-64.82,0.01,-0.06,0.98,1.46,0.37,3.17,52.08,-45.81,-40.30,1,0.00,0.00,0,0,0,3.85,0.00,58.2,0,00,1,$
#,050,8,7,29.00,940.25,10.00,1209.0,-64.82,0.01,-0.06,0.98,1.46,0.37,3.17,52.08,-45.81,-40.30,1,0.00,0.00,0,0,0,3.85,0.00,57.1,0,00,1,$
#,050,8,7,29.00,940.25,10.00,1209.0,-64.82,0.01,-0.06,0.98,1.46,0.37,3.17,52.08,-45.81,-40.30,1,0.00,0.00,0,0,0,3.85,0.00,57.1,0,00,1,$
#,050,8,8,29.00,940.25,10.00,1209.0,-64.82,0.01,-0.06,0.98,1.46,0.37,3.17,52.08,-45.81,-40.30,1,0.00,0.00,0,0,0,3.85,0.00,57.6,0,00,1,$
#,050,8,8,29.00,940.25,10.00,1219.0,-75.75,0.01,-0.07,0.98,1.46,0.55,3.72,50.81,-46.17,-39.88,1,0.00,0.00,0,0,0,3.85,0.00,58.7,0,00,1,$
#,050,8,8,29.00,940.25,10.00,1224.0,-64.44,0.01,-0.06,0.98,0.55,0.37,1.89,52.36,-47.07,-40.09,1,0.00,0.00,0,0,0,3.85,0.00,58.7,0,00,1,$
#,050,8,8,29.00,940.25,10.00,1234.0,-64.91,0.01,-0.06,0.98,0.55,0.37,1.89,52.36,-47.07,-40.09,1,0.00,0.00,0,0,0,3.85,0.00,60.9,0,00,1,$
#,050,8,8,29.00,940.25,10.00,1229.0,-75.46,0.01,-0.06,0.98,0.55,0.37,1.89,52.36,-47.07,-40.09,1,0.00,0.00,0,0,0,3.85,0.00,59.8,0,00,1,$
#,050,8,8,29.00,940.25,10.00,1239.0,-62.95,0.01,-0.06,0.99,0.49,-0.31,2.93,52.09,-46.91,-39.26,1,0.00,0.00,0,0,0,3.85,0.00,60.9,0,00,1,$
#,050,9,8,29.00,940.25,10.00,1244.0,-66.33,0.01,-0.06,0.99,0.49,-0.31,2.93,52.09,-46.91,-39.26,1,0.00,0.00,0,0,0,3.85,0.00,59.8,0,00,1,$
#,050,9,8,29.00,940.25,10.00,1254.0,-64.98,0.01,-0.06,0.99,-1.22,0.12,-2.69,51.78,-45.61,-38.28,1,0.00,0.00,0,0,0,3.85,0.00,60.4,0,00,1,$
#,050,9,8,29.00,940.25,10.00,1249.0,-66.96,0.01,-0.06,0.99,-1.22,0.12,-2.69,51.78,-45.61,-38.28,1,0.00,0.00,0,0,0,3.85,0.00,60.4,0,00,1,$
#,050,9,8,29.00,940.25,10.00,1264.0,-62.34,0.01,-0.06,0.99,-1.22,0.12,-2.69,51.78,-45.61,-38.28,1,0.00,0.00,0,0,0,3.85,0.00,59.8,0,00,1,$
#,050,9,9,29.00,940.25,10.00,1274.0,-68.41,0.02,-0.06,0.99,0.24,0.12,-1.65,52.38,-45.62,-39.17,1,0.00,0.00,0,0,0,3.85,0.00,60.9,0,00,1,$
#,050,9,9,29.00,940.25,10.00,1269.0,-71.61,0.02,-0.06,0.99,0.24,0.12,-1.65,52.38,-45.62,-39.17,1,0.00,0.00,0,0,0,3.85,0.00,60.4,0,00,1,$
#,050,9,9,29.00,940.25,10.00,1279.0,-74.95,0.02,-0.06,0.99,0.24,0.12,-1.65,52.38,-45.62,-39.17,1,0.00,0.00,0,0,0,3.85,0.00,59.8,0,00,1,$
#,050,9,9,29.00,940.25,10.00,1284.0,-69.81,0.02,-0.07,0.94,-11.60,0.61,-85.14,51.61,-46.55,-39.72,1,0.00,0.00,0,0,0,3.85,0.00,61.5,0,00,1,$
#,050,9,9,29.00,940.25,10.00,1294.0,-58.95,0.02,-0.07,0.94,-11.60,0.61,-85.14,51.61,-46.55,-39.72,1,0.00,0.00,0,0,0,3.85,0.00,61.5,0,00,1,$
#,050,10,9,29.00,940.25,10.00,1289.0,-68.25,0.02,-0.07,0.94,-11.60,0.61,-85.14,51.61,-46.55,-39.72,1,0.00,0.00,0,0,0,3.85,0.00,61.5,0,00,1,$
#,050,10,9,29.00,940.25,10.00,1299.0,-69.25,0.01,-0.06,0.96,-1.40,-0.31,-10.01,52.56,-46.80,-39.26,1,0.00,0.00,0,0,0,3.85,0.00,60.4,0,00,1,$
#,050,10,9,29.00,940.25,10.00,1304.0,-60.22,0.01,-0.06,0.96,-1.40,-0.31,-10.01,52.56,-46.80,-39.26,1,0.00,0.00,0,0,0,3.85,0.00,61.5,0,00,1,$
#,050,10,9,29.00,940.25,10.00,1314.0,-72.38,0.01,-0.06,0.96,-1.40,-0.31,-10.01,52.56,-46.80,-39.26,1,0.00,0.00,0,0,0,3.85,0.00,61.5,0,00,1,$
#,050,10,9,29.00,940.25,10.00,1309.0,-66.77,0.01,-0.06,0.98,0.67,0.37,2.01,52.54,-45.45,-39.20,1,0.00,0.00,0,0,0,3.85,0.00,62.0,0,00,1,$
#,050,10,10,29.00,940.25,10.00,1309.0,-66.77,0.01,-0.06,0.98,0.67,0.37,2.01,52.54,-45.45,-39.20,1,0.00,0.00,0,0,0,3.85,0.00,63.1,0,00,1,$
#,050,10,10,29.00,940.25,10.00,1319.0,-64.88,0.02,-0.07,0.99,0.73,0.31,1.89,52.01,-46.89,-40.52,1,0.00,0.00,0,0,0,3.85,0.00,60.4,0,00,1,$
#,050,10,10,29.00,940.25,10.00,1324.0,-66.1,0.02,-0.07,0.99,0.73,0.31,1.89,52.01,-46.89,-40.52,1,0.00,0.00,0,0,0,3.85,0.00,62.0,0,00,1,$
#,050,10,10,29.00,940.25,10.00,1334.0,-63.3,0.02,-0.07,0.99,0.73,0.31,1.89,52.01,-46.89,-40.52,1,0.00,0.00,0,0,0,3.85,0.00,60.4,0,00,1,$
#,050,10,10,29.00,940.25,10.00,1329.0,-65.6,0.01,-0.07,0.98,1.40,0.55,3.60,52.53,-47.12,-39.83,1,0.00,0.00,0,0,0,3.85,0.00,62.6,0,00,1,$
#,050,11,10,29.00,940.25,10.00,1344.0,-68.97,0.01,-0.07,0.98,1.40,0.55,3.60,52.53,-47.12,-39.83,1,0.00,0.00,0,0,0,3.85,0.00,61.5,0,00,1,$
#,050,11,10,29.00,940.25,10.00,1354.0,-71.2,0.01,-0.07,0.98,1.40,0.55,3.60,52.53,-47.12,-39.83,1,0.00,0.00,0,0,0,3.85,0.00,61.5,0,00,1,$
#,050,11,10,29.00,940.25,10.00,1349.0,-63.77,0.01,-0.06,0.99,0.92,0.31,3.17,51.14,-45.58,-38.38,1,0.00,0.00,0,0,0,3.85,0.00,62.6,0,00,1,$
#,050,11,10,29.00,940.25,10.00,1359.0,-73.28,0.01,-0.06,0.99,0.92,0.31,3.17,51.14,-45.58,-38.38,1,0.00,0.00,0,0,0,3.85,0.00,62.0,0,00,1,$
#,050,11,10,29.00,940.25,10.00,1364.0,-75.34,0.01,-0.06,0.99,0.92,0.31,3.17,51.14,-45.58,-38.38,1,0.00,0.00,0,0,0,3.85,0.00,63.7,0,00,1,$
#,050,11,11,29.00,940.25,10.00,1374.0,-73.68,0.01,-0.06,0.98,1.04,0.43,3.30,52.03,-45.98,-38.55,1,0.00,0.00,0,0,0,3.85,0.00,63.7,0,00,1,$
#,050,11,11,29.00,940.25,10.00,1369.0,-64.98,0.01,-0.06,0.98,1.04,0.43,3.30,52.03,-45.98,-38.55,1,0.00,0.00,0,0,0,3.85,0.00,62.6,0,00,1,$
#,050,11,11,29.00,940.25,10.00,1379.0,-60.64,-0.00,-0.07,0.96,-7.75,1.77,-2.38,51.59,-47.27,-39.72,1,0.00,0.00,0,0,0,3.85,0.00,61.5,0,00,1,$
#,050,11,11,29.00,940.25,10.00,1384.0,-79.52,-0.00,-0.07,0.96,-7.75,1.77,-2.38,51.59,-47.27,-39.72,1,0.00,0.00,0,0,0,3.85,0.00,62.0,0,00,1,$
#,050,12,11,29.00,940.25,10.00,1394.0,-75.01,-0.00,-0.07,0.96,-7.75,1.77,-2.38,51.59,-47.27,-39.72,1,0.00,0.00,0,0,0,3.85,0.00,62.6,0,00,1,$
#,050,12,11,29.00,940.25,10.00,1389.0,-54.36,0.01,-0.06,0.97,0.85,0.12,-1.53,52.37,-47.17,-40.82,1,0.00,0.00,0,0,0,3.85,0.00,63.1,0,00,1,$
#,050,12,11,29.00,940.25,10.00,1399.0,-65.28,0.01,-0.06,0.97,0.85,0.12,-1.53,52.37,-47.17,-40.82,1,0.00,0.00,0,0,0,3.85,0.00,61.5,0,00,1,$
#,050,12,11,29.00,940.25,10.00,1414.0,-62.3,0.01,-0.06,0.97,0.85,0.12,-1.53,52.37,-47.17,-40.82,1,0.00,0.00,0,0,0,3.85,0.00,62.0,0,00,1,$
#,050,12,11,29.00,940.25,10.00,1409.0,-74.82,0.01,-0.06,0.98,1.10,0.49,-0.12,51.31,-45.89,-38.94,1,0.00,0.00,0,0,0,3.85,0.00,62.0,0,00,1,$
#,050,12,11,29.00,940.25,10.00,1419.0,-64.24,0.01,-0.06,0.98,1.10,0.49,-0.12,51.31,-45.89,-38.94,1,0.00,0.00,0,0,0,3.85,0.00,60.9,0,00,1,$
#,050,12,12,29.00,940.25,10.00,1424.0,-60.54,0.01,-0.06,0.98,1.10,0.49,-0.12,51.31,-45.89,-38.94,1,0.00,0.00,0,0,0,3.85,0.00,63.1,0,00,1,$
#,050,12,12,29.00,940.25,10.00,1434.0,-64.11,0.01,-0.06,0.98,0.61,0.31,1.95,50.72,-45.79,-38.50,1,0.00,0.00,0,0,0,3.85,0.00,63.7,0,00,1,$
#,050,12,12,29.00,940.25,10.00,1429.0,-64.51,0.01,-0.06,0.98,0.61,0.31,1.95,50.72,-45.79,-38.50,1,0.00,0.00,0,0,0,3.85,0.00,62.0,0,00,1,$
#,050,13,12,29.00,940.25,10.00,1439.0,-61.49,0.02,-0.06,1.00,-0.55,0.85,-16.36,51.61,-46.92,-39.48,1,0.00,0.00,0,0,0,3.85,0.00,62.0,0,00,1,$
#,050,13,12,29.00,940.25,10.00,1444.0,-71.44,0.02,-0.06,1.00,-0.55,0.85,-16.36,51.61,-46.92,-39.48,1,0.00,0.00,0,0,0,3.85,0.00,62.6,0,00,1,$
#,050,13,12,29.00,940.25,10.00,1454.0,-64.35,0.02,-0.06,1.00,-0.55,0.85,-16.36,51.61,-46.92,-39.48,1,0.00,0.00,0,0,0,3.85,0.00,63.7,0,00,1,$
#,050,13,12,29.00,940.25,10.00,1449.0,-62.03,0.01,-0.06,0.99,0.73,0.49,1.71,53.08,-47.56,-40.38,1,0.00,0.00,0,0,0,3.85,0.00,63.7,0,00,1,$
#,050,13,12,29.00,940.25,10.00,1459.0,-61.55,0.01,-0.06,0.99,0.73,0.49,1.71,53.08,-47.56,-40.38,1,0.00,0.00,0,0,0,3.85,0.00,62.6,0,00,1,$
#,050,13,12,29.00,940.25,10.00,1464.0,-74.73,0.01,-0.06,0.99,0.73,0.49,1.71,53.08,-47.56,-40.38,1,0.00,0.00,0,0,0,3.85,0.00,63.7,0,00,1,$
#,050,13,12,29.00,940.25,10.00,1474.0,-63.63,0.01,-0.06,0.99,0.67,0.18,1.71,51.39,-45.68,-40.30,1,0.00,0.00,0,0,0,3.85,0.00,62.0,0,00,1,$
#,050,13,13,29.00,940.25,10.00,1469.0,-62.25,0.01,-0.06,0.99,0.67,0.18,1.71,51.39,-45.68,-40.30,1,0.00,0.00,0,0,0,3.85,0.00,62.0,0,00,1,$
#,050,13,13,29.00,940.25,10.00,1484.0,-57.53,0.01,-0.06,0.99,0.67,0.18,1.71,51.39,-45.68,-40.30,1,0.00,0.00,0,0,0,3.85,0.00,63.1,0,00,1,$
#,050,14,13,29.00,940.25,10.00,1494.0,-76.13,0.01,-0.06,0.98,0.61,0.18,1.83,51.88,-46.88,-40.88,1,0.00,0.00,0,0,0,3.85,0.00,63.7,0,00,1,$
#,050,14,13,29.00,940.25,10.00,1489.0,-67.48,0.01,-0.06,0.98,0.61,0.18,1.83,51.88,-46.88,-40.88,1,0.00,0.00,0,0,0,3.85,0.00,62.6,0,00,1,$
#,050,14,13,29.00,940.25,10.00,1499.0,-70.18,0.01,-0.06,0.98,0.61,0.18,1.83,51.88,-46.88,-40.88,1,0.00,0.00,0,0,0,3.85,0.00,63.1,0,00,1,$
#,050,14,13,29.00,940.25,10.00,1504.0,-80.8,0.03,-0.06,0.95,0.55,-15.20,18.62,51.84,-46.47,-39.03,1,0.00,0.00,0,0,0,3.85,0.00,62.6,0,00,1,$
#,050,14,13,29.00,940.25,10.00,1514.0,-69.41,0.03,-0.06,0.95,0.55,-15.20,18.62,51.84,-46.47,-39.03,1,0.00,0.00,0,0,0,3.85,0.00,63.7,0,00,1,$
#,050,14,13,29.00,940.25,10.00,1509.0,-64.61,0.01,-0.06,0.99,-1.16,-0.43,0.43,52.16,-45.02,-39.59,1,0.00,0.00,0,0,0,3.85,0.00,64.2,0,00,1,$
#,050,14,13,29.00,940.25,10.00,1519.0,-65.92,0.01,-0.06,0.99,-1.16,-0.43,0.43,52.16,-45.02,-39.59,1,0.00,0.00,0,0,0,3.85,0.00,62.6,0,00,1,$
#,050,14,13,29.00,940.25,10.00,1524.0,-58.79,0.01,-0.06,0.99,-1.16,-0.43,0.43,52.16,-45.02,-39.59,1,0.00,0.00,0,0,0,3.85,0.00,63.7,0,00,1,$
#,050,14,14,29.00,940.25,10.00,1534.0,-56.92,0.02,-0.07,0.99,0.73,0.31,-1.22,52.01,-45.45,-38.24,1,0.00,0.00,0,0,0,3.85,0.00,64.2,0,00,1,$
#,050,15,14,29.00,940.25,10.00,1529.0,-73.1,0.02,-0.07,0.99,0.73,0.31,-1.22,52.01,-45.45,-38.24,1,0.00,0.00,0,0,0,3.85,0.00,64.2,0,00,1,$
#,050,15,14,29.00,940.25,10.00,1539.0,-67.35,0.02,-0.07,0.99,0.73,0.31,-1.22,52.01,-45.45,-38.24,1,0.00,0.00,0,0,0,3.85,0.00,63.1,0,00,1,$
#,050,15,14,29.00,940.25,10.00,1544.0,-62.65,0.02,-0.07,0.94,10.86,-1.46,68.05,52.05,-47.38,-41.04,1,0.00,0.00,0,0,0,3.85,0.00,63.1,0,00,1,$
#,050,15,14,29.00,940.25,10.00,1549.0,-72.98,0.02,-0.07,0.94,10.86,-1.46,68.05,52.05,-47.38,-41.04,1,0.00,0.00,0,0,0,3.85,0.00,64.8,0,00,1,$
#,050,15,14,29.00,940.25,10.00,1559.0,-70.23,0.02,-0.07,0.94,10.86,-1.46,68.05,52.05,-47.38,-41.04,1,0.00,0.00,0,0,0,3.85,0.00,63.1,0,00,1,$
#,050,15,14,29.00,940.25,10.00,1564.0,-61.38,0.01,-0.07,0.99,0.61,0.49,1.71,52.65,-47.28,-41.04,1,0.00,0.00,0,0,0,3.85,0.00,63.7,0,00,1,$
#,050,15,14,29.00,940.25,10.00,1574.0,-68.39,0.01,-0.07,0.99,0.61,0.49,1.71,52.65,-47.28,-41.04,1,0.00,0.00,0,0,0,3.85,0.00,65.3,0,00,1,$
#,050,15,14,29.00,940.25,10.00,1569.0,-66.93,0.01,-0.07,0.98,-1.40,0.98,-22.34,52.39,-45.73,-39.14,1,0.00,0.00,0,0,0,3.85,0.00,64.8,0,00,1,$
#,050,15,14,29.00,940.25,10.00,1579.0,-65.78,0.01,-0.07,0.98,-1.40,0.98,-22.34,52.39,-45.73,-39.14,1,0.00,0.00,0,0,0,3.85,0.00,65.3,0,00,1,$
#,050,16,15,29.00,940.25,10.00,1584.0,-73.46,0.01,-0.07,0.98,-1.40,0.98,-22.34,52.39,-45.73,-39.14,1,0.00,0.00,0,0,0,3.85,0.00,64.8,0,00,1,$
#,050,0,0,29.00,940.25,10.00,954.0,-66.29,0.02,-0.07,0.99,0.55,0.37,2.01,50.09,-46.75,-47.29,1,0.00,0.00,0,0,0,3.68,3.09,54.9,0,00,1,$
#,050,0,0,29.00,940.25,10.00,949.0,-80.13,0.02,-0.06,0.98,1.40,0.55,3.30,50.61,-45.91,-46.69,1,0.00,0.00,0,0,0,3.68,3.09,53.8,0,00,1,$
#,050,0,0,29.00,940.25,10.00,959.0,-65.22,0.02,-0.06,0.98,1.40,0.55,3.30,50.61,-45.91,-46.69,1,0.00,0.00,0,0,0,3.68,3.00,54.3,0,00,1,$
#,050,0,0,29.00,940.25,10.00,974.0,-65.22,0.02,-0.06,0.97,0.67,0.37,2.14,49.57,-46.68,-50.02,1,0.00,0.00,0,0,0,3.68,3.27,53.8,0,00,1,$
#,050,0,0,29.00,940.25,10.00,969.0,-81.64,0.02,-0.06,0.97,0.67,0.37,2.14,49.57,-46.68,-50.02,1,0.00,0.00,0,0,0,3.68,3.27,53.8,0,00,1,$
#,050,0,0,29.00,940.25,10.00,979.0,-82.42,0.02,-0.06,0.97,0.67,0.37,2.14,49.57,-46.68,-50.02,1,0.00,0.00,0,0,0,3.67,3.27,55.4,0,00,1,$
#,050,0,0,29.00,940.25,10.00,984.0,-69.06,0.02,-0.07,0.99,1.16,0.43,3.36,49.85,-47.20,-46.48,1,0.00,0.00,0,0,0,3.67,3.27,56.0,0,00,1,$
#,050,0,0,29.00,940.25,10.00,989.0,-59.25,0.02,-0.07,0.99,1.16,0.43,3.36,49.85,-47.20,-46.48,1,0.00,0.00,0,0,0,3.67,3.23,54.3,0,00,1,$
#,050,0,0,29.00,940.25,10.00,999.0,-59.24,0.02,-0.07,0.98,-1.53,-0.12,-1.46,49.89,-45.95,-45.32,1,0.00,0.00,0,0,0,3.68,3.01,56.0,0,00,1,$
#,050,1,0,29.00,940.25,10.00,1004.0,-64.98,0.02,-0.07,0.98,-1.53,-0.12,-1.46,49.89,-45.95,-45.32,1,0.00,0.00,0,0,0,3.68,3.01,55.4,0,00,1,$
#,050,1,1,29.00,940.25,10.00,1014.0,-59.28,0.02,-0.07,0.98,-1.53,-0.12,-1.46,49.89,-45.95,-45.32,1,0.00,0.00,0,0,0,3.68,2.80,56.5,0,00,1,$
#,050,1,1,29.00,940.25,10.00,1009.0,-83.17,0.02,-0.07,0.99,0.85,0.31,-0.49,50.34,-46.28,-47.36,1,0.00,0.00,0,0,0,3.68,2.80,56.0,0,00,1,$
#,050,1,1,29.00,940.25,10.00,1024.0,-70.85,0.02,-0.07,0.99,0.85,0.31,-0.49,50.34,-46.28,-47.36,1,0.00,0.00,0,0,0,3.68,3.20,56.0,0,00,1,$
#,050,1,1,29.00,940.25,10.00,1034.0,-69.78,0.03,-0.06,0.95,1.59,-0.06,53.83,50.93,-46.84,-48.38,1,0.00,0.00,0,0,0,3.67,3.03,56.0,0,00,1,$
#,050,1,1,29.00,940.25,10.00,1029.0,-63.73,0.03,-0.06,0.95,1.59,-0.06,53.83,50.93,-46.84,-48.38,1,0.00,0.00,0,0,0,3.67,3.03,56.0,0,00,1,$
#,050,1,1,29.00,940.25,10.00,1039.0,-67.46,0.03,-0.06,0.95,1.59,-0.06,53.83,50.93,-46.84,-48.38,1,0.00,0.00,0,0,0,3.67,3.08,58.2,0,00,1,$
#,050,1,1,29.00,940.25,10.00,1054.0,-65.89,0.02,-0.07,1.00,0.79,0.79,0.98,49.65,-47.36,-47.23,1,0.00,0.00,0,0,0,3.67,3.08,57.6,0,00,1,$
#,050,2,1,29.00,940.25,10.00,1049.0,-68.7,0.02,-0.07,1.00,0.79,0.79,0.98,49.65,-47.36,-47.23,1,0.00,0.00,0,0,0,3.69,3.05,57.1,0,00,1,$
#,050,2,1,29.00,940.25,10.00,1059.0,-70.94,0.01,-0.06,0.96,0.61,0.18,2.01,49.63,-45.52,-47.36,1,0.00,0.00,0,0,0,3.68,2.99,57.1,0,00,1,$
#,050,2,2,29.00,940.25,10.00,1064.0,-60.65,0.01,-0.06,0.96,0.61,0.18,2.01,49.63,-45.52,-47.36,1,0.00,0.00,0,0,0,3.68,2.99,58.7,0,00,1,$
#,050,2,2,29.00,940.25,10.00,1074.0,-76.94,0.01,-0.06,0.96,0.61,0.18,2.01,49.63,-45.52,-47.36,1,0.00,0.00,0,0,0,3.69,3.11,57.6,0,00,1,$
#,050,2,2,29.00,940.25,10.00,1069.0,-67.88,0.01,-0.07,0.99,0.67,0.12,1.83,50.52,-47.55,-47.50,1,0.00,0.00,0,0,0,3.69,3.11,58.2,0,00,1,$
#,050,2,2,29.00,940.25,10.00,1079.0,-65.01,0.01,-0.07,0.99,0.67,0.12,1.83,50.52,-47.55,-47.50,1,0.00,0.00,0,0,0,3.68,3.26,57.6,0,00,1,$
#,050,2,2,29.00,940.25,10.00,1094.0,-68.73,0.01,-0.07,0.98,0.67,0.37,2.01,50.71,-46.35,-49.01,1,0.00,0.00,0,0,0,3.68,3.26,58.2,0,00,1,$
#,050,2,2,29.00,940.25,10.00,1089.0,-68.08,0.01,-0.07,0.98,0.67,0.37,2.01,50.71,-46.35,-49.01,1,0.00,0.00,0,0,0,3.68,3.12,58.2,0,00,1,$
#,050,3,2,29.00,940.25,10.00,1099.0,-63.91,0.01,-0.07,0.98,0.67,0.37,2.01,50.71,-46.35,-49.01,1,0.00,0.00,0,0,0,3.68,3.05,58.2,0,00,1,$
#,050,3,2,29.00,940.25,10.00,1104.0,-70.82,0.02,-0.07,0.99,0.79,0.12,1.95,50.62,-46.17,-46.72,1,0.00,0.00,0,0,0,3.68,3.05,58.7,0,00,1,$
#,050,3,3,29.00,940.25,10.00,1114.0,-60.24,0.02,-0.07,0.99,0.79,0.12,1.95,50.62,-46.17,-46.72,1,0.00,0.00,0,0,0,3.68,3.05,59.8,0,00,1,$
#,050,3,3,29.00,940.25,10.00,1119.0,-67.5,0.02,-0.06,0.98,0.92,0.43,2.08,49.68,-46.90,-45.47,1,0.00,0.00,0,0,0,3.68,3.05,58.2,0,00,1,$
#,050,3,3,29.00,940.25,10.00,1124.0,-65.8,0.02,-0.06,0.98,0.92,0.43,2.08,49.68,-46.90,-45.47,1,0.00,0.00,0,0,0,3.68,2.98,59.3,0,00,1,$
#,050,3,3,29.00,940.25,10.00,1134.0,-65.51,0.02,-0.06,0.98,0.92,0.43,2.08,49.68,-46.90,-45.47,1,0.00,0.00,0,0,0,3.67,3.00,60.4,0,00,1,$
#,050,3,3,29.00,940.25,10.00,1129.0,-68.11,0.01,-0.07,0.95,0.73,0.43,2.01,50.04,-47.18,-48.36,1,0.00,0.00,0,0,0,3.67,3.00,58.2,0,00,1,$
#,050,3,3,29.00,940.25,10.00,1139.0,-60.3,0.01,-0.07,0.95,0.73,0.43,2.01,50.04,-47.18,-48.36,1,0.00,0.00,0,0,0,3.68,3.30,57.6,0,00,1,$
#,050,3,3,29.00,940.25,10.00,1144.0,-64.43,0.01,-0.07,0.95,0.73,0.43,2.01,50.04,-47.18,-48.36,1,0.00,0.00,0,0,0,3.68,3.30,60.9,0,00,1,$
#,050,4,3,29.00,940.25,10.00,1154.0,-64.29,0.01,-0.07,0.99,-1.28,-0.49,-0.61,50.17,-45.62,-46.94,1,0.00,0.00,0,0,0,3.68,3.05,59.8,0,00,1,$
#,050,4,4,29.00,940.25,10.00,1159.0,-66.72,0.02,-0.08,0.93,-13.98,-0.12,-59.45,48.94,-45.85,-45.01,1,0.00,0.00,0,0,0,3.72,2.41,59.3,0,00,1,$
#,050,4,4,29.00,940.25,10.00,1174.0,-66.81,0.02,-0.08,0.93,-13.98,-0.12,-59.45,48.94,-45.85,-45.01,1,0.00,0.00,0,0,0,3.72,2.41,59.3,0,00,1,$
#,050,4,4,29.00,940.25,10.00,1169.0,-64.4,0.02,-0.08,0.93,-13.98,-0.12,-59.45,48.94,-45.85,-45.01,1,0.00,0.00,0,0,0,3.70,2.51,59.8,0,00,1,$
#,050,4,4,29.00,940.25,10.00,1179.0,-84.02,0.02,-0.06,0.93,1.89,-0.61,11.60,50.67,-47.25,-46.50,1,0.00,0.00,0,0,0,3.70,2.63,60.9,0,00,1,$
#,050,4,4,29.00,940.25,10.00,1184.0,-71.41,0.02,-0.06,0.93,1.89,-0.61,11.60,50.67,-47.25,-46.50,1,0.00,0.00,0,0,0,3.70,2.63,60.4,0,00,1,$
#,050,4,4,29.00,940.25,10.00,1194.0,-63.83,0.02,-0.06,0.98,0.73,0.37,2.14,50.78,-46.45,-46.74,1,0.00,0.00,0,0,0,3.70,2.54,60.4,0,00,1,$
#,050,5,4,29.00,940.25,10.00,1199.0,-61.07,0.02,-0.06,0.98,0.73,0.37,2.14,50.78,-46.45,-46.74,1,0.00,0.00,0,0,0,3.70,2.54,60.9,0,00,1,$
#,050,5,4,29.00,940.25,10.00,1204.0,-80.06,0.02,-0.06,0.98,0.73,0.37,2.14,50.78,-46.45,-46.74,1,0.00,0.00,0,0,0,3.71,2.51,60.9,0,00,1,$
#,050,5,4,29.00,940.25,10.00,1214.0,-57.62,0.01,-0.06,0.96,0.67,0.37,2.08,50.00,-46.06,-45.64,1,0.00,0.00,0,0,0,3.72,2.55,62.0,0,00,1,$
#,050,5,5,29.00,940.25,10.00,1209.0,-65.85,0.01,-0.06,0.96,0.67,0.37,2.08,50.00,-46.06,-45.64,1,0.00,0.00,0,0,0,3.72,2.55,60.4,0,00,1,$
#,050,5,5,29.00,940.25,10.00,1219.0,-72.41,0.01,-0.06,0.95,0.18,0.67,-10.31,50.00,-47.44,-45.32,1,0.00,0.00,0,0,0,3.71,2.35,62.6,0,00,1,$
#,050,5,5,29.00,940.25,10.00,1224.0,-68.95,0.01,-0.06,0.95,0.18,0.67,-10.31,50.00,-47.44,-45.32,1,0.00,0.00,0,0,0,3.71,2.35,62.6,0,00,1,$
#,050,5,5,29.00,940.25,10.00,1229.0,-74.62,0.01,-0.06,0.95,0.18,0.67,-10.31,50.00,-47.44,-45.32,1,0.00,0.00,0,0,0,3.71,2.56,60.9,0,00,1,$
#,050,5,5,29.00,940.25,10.00,1239.0,-64.79,0.01,-0.06,0.98,0.67,0.12,2.01,50.90,-47.08,-47.34,1,0.00,0.00,0,0,0,3.70,2.55,61.5,0,00,1,$
#,050,5,5,29.00,940.25,10.00,1244.0,-64.83,0.01,-0.06,0.98,0.67,0.12,2.01,50.90,-47.08,-47.34,1,0.00,0.00,0,0,0,3.70,2.55,61.5,0,00,1,$
#,050,6,5,29.00,940.25,10.00,1254.0,-76.32,0.01,-0.06,0.97,0.85,0.18,2.01,49.58,-46.06,-48.30,1,0.00,0.00,0,0,0,3.71,2.59,60.4,0,00,1,$
#,050,6,5,29.00,940.25,10.00,1249.0,-64.52,0.01,-0.06,0.97,0.85,0.18,2.01,49.58,-46.06,-48.30,1,0.00,0.00,0,0,0,3.71,2.59,63.1,0,00,1,$
#,050,6,6,29.00,940.25,10.00,1264.0,-64.84,0.01,-0.06,0.97,0.85,0.18,2.01,49.58,-46.06,-48.30,1,0.00,0.00,0,0,0,3.71,2.57,63.7,0,00,1,$
#,050,6,6,29.00,940.25,10.00,1274.0,-71.17,0.01,-0.06,0.98,0.61,0.37,1.83,50.02,-46.79,-43.48,1,0.00,0.00,0,0,0,3.71,2.57,62.6,0,00,1,$
#,050,6,6,29.00,940.25,10.00,1269.0,-62.62,0.01,-0.06,0.98,0.61,0.37,1.83,50.02,-46.79,-43.48,1,0.00,0.00,0,0,0,3.71,2.33,63.7,0,00,1,$
#,050,6,6,29.00,940.25,10.00,1279.0,-61.78,0.01,-0.06,0.98,-1.40,-0.49,-1.04,50.13,-46.69,-46.98,1,0.00,0.00,0,0,0,3.70,2.66,63.7,0,00,1,$
#,050,6,6,29.00,940.25,10.00,1284.0,-65.67,0.01,-0.06,0.98,-1.40,-0.49,-1.04,50.13,-46.69,-46.98,1,0.00,0.00,0,0,0,3.70,2.66,63.7,0,00,1,$
#,050,6,6,29.00,940.25,10.00,1294.0,-77.27,0.01,-0.06,0.98,-1.40,-0.49,-1.04,50.13,-46.69,-46.98,1,0.00,0.00,0,0,0,3.72,2.61,63.7,0,00,1,$
#,050,7,6,29.00,940.25,10.00,1299.0,-67.77,0.02,-0.06,0.98,-1.16,0.06,-1.34,50.44,-47.18,-46.30,1,0.00,0.00,0,0,0,3.72,2.61,63.7,0,00,1,$
#,050,7,6,29.00,940.25,10.00,1304.0,-66.58,0.02,-0.06,0.98,-1.16,0.06,-1.34,50.44,-47.18,-46.30,1,0.00,0.00,0,0,0,3.71,2.49,62.0,0,00,1,$
#,050,7,6,29.00,940.25,10.00,1314.0,-68.72,0.01,-0.05,0.96,0.92,0.37,0.24,49.57,-46.02,-45.63,1,0.00,0.00,0,0,0,3.71,2.42,63.7,0,00,1,$
#,050,7,7,29.00,940.25,10.00,1309.0,-63.77,0.01,-0.05,0.96,0.92,0.37,0.24,49.57,-46.02,-45.63,1,0.00,0.00,0,0,0,3.71,2.42,63.1,0,00,1,$
#,050,7,7,29.00,940.25,10.00,1319.0,-68.11,0.01,-0.05,0.96,0.92,0.37,0.24,49.57,-46.02,-45.63,1,0.00,0.00,0,0,0,3.70,2.57,64.2,0,00,1,$
#,050,7,7,29.00,940.25,10.00,1334.0,-86.21,0.01,-0.07,0.99,0.67,0.49,1.95,50.24,-47.57,-45.87,1,0.00,0.00,0,0,0,3.70,2.57,63.1,0,00,1,$
#,050,7,7,29.00,940.25,10.00,1329.0,-60.65,0.01,-0.07,0.99,0.67,0.49,1.95,50.24,-47.57,-45.87,1,0.00,0.00,0,0,0,3.70,2.39,63.1,0,00,1,$
#,050,7,7,29.00,940.25,10.00,1339.0,-78.22,0.01,-0.07,0.99,0.67,0.49,1.95,50.24,-47.57,-45.87,1,0.00,0.00,0,0,0,3.70,2.39,63.1,0,00,1,$
#,050,7,7,29.00,940.25,10.00,1344.0,-67.08,0.01,-0.06,0.97,0.67,0.43,2.26,49.67,-46.83,-44.76,1,0.00,0.00,0,0,0,3.70,2.38,65.3,0,00,1,$
#,050,8,7,29.00,940.25,10.00,1354.0,-61.17,0.01,-0.06,0.97,0.67,0.43,2.26,49.67,-46.83,-44.76,1,0.00,0.00,0,0,0,3.70,2.40,63.1,0,00,1,$
#,050,8,7,29.00,940.25,10.00,1349.0,-78.45,0.01,-0.07,0.98,0.67,0.43,2.01,50.44,-46.13,-46.02,1,0.00,0.00,0,0,0,3.70,2.40,63.7,0,00,1,$
#,050,8,7,29.00,940.25,10.00,1364.0,-68.46,0.01,-0.07,0.98,0.67,0.43,2.01,50.44,-46.13,-46.02,1,0.00,0.00,0,0,0,3.70,2.54,64.8,0,00,1,$
#,050,8,8,29.00,940.25,10.00,1369.0,-67.92,0.01,-0.06,0.98,0.67,0.31,2.01,49.39,-46.36,-45.21,1,0.00,0.00,0,0,0,3.71,2.54,63.1,0,00,1,$
#,050,8,8,29.00,940.25,10.00,1379.0,-74.18,0.01,-0.06,0.98,0.67,0.31,2.01,49.39,-46.36,-45.21,1,0.00,0.00,0,0,0,3.71,2.54,63.7,0,00,1,$
#,050,8,8,29.00,940.25,10.00,1384.0,-76.87,0.01,-0.06,0.98,0.67,0.31,2.01,49.39,-46.36,-45.21,1,0.00,0.00,0,0,0,3.71,2.75,64.2,0,00,1,$
#,050,8,8,29.00,940.25,10.00,1394.0,-81.09,0.01,-0.07,0.98,1.28,0.55,3.72,50.02,-47.49,-47.46,1,0.00,0.00,0,0,0,3.71,2.75,64.8,0,00,1,$
#,050,8,8,29.00,940.25,10.00,1389.0,-60.38,0.01,-0.07,0.98,1.28,0.55,3.72,50.02,-47.49,-47.46,1,0.00,0.00,0,0,0,3.70,2.65,65.3,0,00,1,$
#,050,9,8,29.00,940.25,10.00,1399.0,-62.92,0.01,-0.06,0.98,0.73,0.43,2.08,49.19,-47.05,-44.31,1,0.00,0.00,0,0,0,3.70,2.40,65.9,0,00,1,$
#,050,9,8,29.00,940.25,10.00,1414.0,-64.06,0.01,-0.06,0.98,0.73,0.43,2.08,49.19,-47.05,-44.31,1,0.00,0.00,0,0,0,3.70,2.40,65.3,0,00,1,$
#,050,9,8,29.00,940.25,10.00,1409.0,-80.27,0.01,-0.06,0.98,0.73,0.43,2.08,49.19,-47.05,-44.31,1,0.00,0.00,0,0,0,3.71,2.54,63.7,0,00,1,$
#,050,9,9,29.00,940.25,10.00,1419.0,-60.89,0.02,-0.07,0.94,0.98,0.37,3.36,50.60,-45.74,-45.36,1,0.00,0.00,0,0,0,3.71,2.54,63.7,0,00,1,$
#,050,9,9,29.00,940.25,10.00,1424.0,-60.41,0.02,-0.07,0.94,0.98,0.37,3.36,50.60,-45.74,-45.36,1,0.00,0.00,0,0,0,3.70,2.64,64.8,0,00,1,$
#,050,9,9,29.00,940.25,10.00,1434.0,-78.47,0.01,-0.07,0.97,-11.60,1.89,-36.50,49.87,-47.68,-46.88,1,0.00,0.00,0,0,0,3.70,2.67,64.8,0,00,1,$
#,050,9,9,29.00,940.25,10.00,1439.0,-61.69,0.01,-0.07,0.97,-11.60,1.89,-36.50,49.87,-47.68,-46.88,1,0.00,0.00,0,0,0,3.70,2.67,65.9,0,00,1,$
#,050,9,9,29.00,940.25,10.00,1444.0,-74.59,0.01,-0.07,0.97,-11.60,1.89,-36.50,49.87,-47.68,-46.88,1,0.00,0.00,0,0,0,3.70,2.46,65.3,0,00,1,$
#,050,10,9,29.00,940.25,10.00,1454.0,-63.42,0.02,-0.07,0.95,-11.90,0.00,-42.91,50.55,-47.09,-47.19,1,0.00,0.00,0,0,0,3.70,2.46,64.8,0,00,1,$
#,050,10,9,29.00,940.25,10.00,1449.0,-60.92,0.02,-0.07,0.95,-11.90,0.00,-42.91,50.55,-47.09,-47.19,1,0.00,0.00,0,0,0,3.70,2.53,64.8,0,00,1,$
#,050,10,9,29.00,940.25,10.00,1459.0,-57.37,0.01,-0.07,0.98,0.49,0.24,-0.67,50.28,-46.17,-45.68,1,0.00,0.00,0,0,0,3.70,2.53,66.4,0,00,1,$
#,050,10,9,29.00,940.25,10.00,1464.0,-70.49,0.01,-0.07,0.98,0.49,0.24,-0.67,50.28,-46.17,-45.68,1,0.00,0.00,0,0,0,3.70,2.34,65.9,0,00,1,$
#,050,10,10,29.00,940.25,10.00,1469.0,-83.73,0.01,-0.07,0.98,0.49,0.24,-0.67,50.28,-46.17,-45.68,1,0.00,0.00,0,0,0,3.70,2.53,65.9,0,00,1,$
#,050,10,10,29.00,940.25,10.00,1479.0,-62.66,0.01,-0.06,0.99,0.67,0.43,2.08,50.63,-46.64,-46.50,1,0.00,0.00,0,0,0,3.70,2.53,65.9,0,00,1,$
#,050,10,10,29.00,940.25,10.00,1484.0,-61.91,0.01,-0.06,0.99,0.67,0.43,2.08,50.63,-46.64,-46.50,1,0.00,0.00,0,0,0,3.70,2.60,66.4,0,00,1,$
#,050,10,10,29.00,940.25,10.00,1484.0,-61.91,0.01,-0.06,0.99,0.67,0.43,2.08,50.63,-46.64,-46.50,1,0.00,0.00,0,0,0,3.70,2.60,63.7,0,00,1,$
#,050,10,10,29.00,940.25,10.00,1489.0,-67.21,0.02,-0.07,0.99,0.61,0.37,1.95,49.87,-48.12,-46.00,1,0.00,0.00,0,0,0,3.71,2.24,64.8,0,00,1,$
#,050,11,10,29.00,940.25,10.00,1499.0,-71.77,0.02,-0.07,0.99,0.61,0.37,1.95,49.87,-48.12,-46.00,1,0.00,0.00,0,0,0,3.71,2.24,65.9,0,00,1,$
#,050,11,10,29.00,940.25,10.00,1504.0,-72.01,0.01,-0.06,0.98,-0.61,0.98,-12.02,50.76,-46.61,-47.02,1,0.00,0.00,0,0,0,3.70,2.37,65.3,0,00,1,$
#,050,11,10,29.00,940.25,10.00,1514.0,-69.72,0.01,-0.06,0.98,-0.61,0.98,-12.02,50.76,-46.61,-47.02,1,0.00,0.00,0,0,0,3.70,2.58,65.3,0,00,1,$
#,050,11,10,29.00,940.25,10.00,1509.0,-64.62,0.01,-0.06,0.98,-0.61,0.98,-12.02,50.76,-46.61,-47.02,1,0.00,0.00,0,0,0,3.70,2.58,66.4,0,00,1,$
#,050,11,11,29.00,940.25,10.00,1524.0,-61.42,0.02,-0.06,0.99,0.67,0.37,2.14,50.10,-45.59,-45.85,1,0.00,0.00,0,0,0,3.70,2.50,67.0,0,00,1,$
#,050,11,11,29.00,940.25,10.00,1534.0,-68.27,0.02,-0.06,0.99,0.67,0.37,2.14,50.10,-45.59,-45.85,1,0.00,0.00,0,0,0,3.70,2.50,67.0,0,00,1,$
#,050,11,11,29.00,940.25,10.00,1529.0,-65.37,0.01,-0.06,0.98,0.92,0.37,3.60,50.11,-47.17,-48.14,1,0.00,0.00,0,0,0,3.70,2.59,66.4,0,00,1,$
#,050,11,11,29.00,940.25,10.00,1539.0,-59.86,0.01,-0.06,0.98,0.92,0.37,3.60,50.11,-47.17,-48.14,1,0.00,0.00,0,0,0,3.70,2.56,67.5,0,00,1,$
#,050,12,11,29.00,940.25,10.00,1554.0,-67.26,0.01,-0.07,0.99,0.55,0.24,2.14,50.06,-47.19,-47.14,1,0.00,0.00,0,0,0,3.70,2.56,67.0,0,00,1,$
#,050,12,11,29.00,940.25,10.00,1549.0,-61.18,0.01,-0.07,0.99,0.55,0.24,2.14,50.06,-47.19,-47.14,1,0.00,0.00,0,0,0,3.70,2.67,67.5,0,00,1,$
#,050,12,11,29.00,940.25,10.00,1559.0,-65.59,0.01,-0.07,0.99,0.55,0.24,2.14,50.06,-47.19,-47.14,1,0.00,0.00,0,0,0,3.70,2.49,65.9,0,00,1,$
#,050,12,11,29.00,940.25,10.00,1564.0,-63.97,0.01,-0.07,0.98,-2.56,-0.12,-1.34,50.06,-46.56,-45.48,1,0.00,0.00,0,0,0,3.70,2.49,65.9,0,00,1,$
#,050,12,11,29.00,940.25,10.00,1574.0,-100.45,0.01,-0.07,0.98,-2.56,-0.12,-1.34,50.06,-46.56,-45.48,1,0.00,0.00,0,0,0,3.71,2.51,65.9,0,00,1,$
#,050,12,12,29.00,940.25,10.00,1579.0,-70.21,0.01,-0.07,0.99,0.12,0.24,-1.59,50.96,-45.87,-45.64,1,0.00,0.00,0,0,0,3.71,2.51,67.5,0,00,1,$
#,050,12,12,29.00,940.25,10.00,1584.0,-68.05,0.01,-0.07,0.99,0.12,0.24,-1.59,50.96,-45.87,-45.64,1,0.00,0.00,0,0,0,3.70,2.42,66.4,0,00,1,$
#,050,12,12,29.00,940.25,10.00,1594.0,-72.11,0.01,-0.07,0.99,0.12,0.24,-1.59,50.96,-45.87,-45.64,1,0.00,0.00,0,0,0,3.70,2.42,66.4,0,00,1,$
#,050,13,12,29.00,940.25,10.00,1589.0,-81.59,0.01,-0.07,0.99,0.67,0.06,-0.79,49.08,-47.29,-47.73,1,0.00,0.00,0,0,0,3.70,2.45,67.5,0,00,1,$
#,050,13,12,29.00,940.25,10.00,1599.0,-100.08,0.01,-0.07,0.99,0.67,0.06,-0.79,49.08,-47.29,-47.73,1,0.00,0.00,0,0,0,3.71,2.43,67.5,0,00,1,$
#,050,13,12,29.00,940.25,10.00,1614.0,-60.92,0.01,-0.07,0.98,0.79,0.24,1.95,50.49,-46.94,-47.25,1,0.00,0.00,0,0,0,3.71,2.43,67.0,0,00,1,$
#,050,13,12,29.00,940.25,10.00,1609.0,-68.68,0.01,-0.07,0.98,0.79,0.24,1.95,50.49,-46.94,-47.25,1,0.00,0.00,0,0,0,3.70,2.52,68.1,0,00,1,$
#,050,13,12,29.00,940.25,10.00,1619.0,-71.82,0.01,-0.07,0.98,0.79,0.24,1.95,50.49,-46.94,-47.25,1,0.00,0.00,0,0,0,3.70,2.52,68.6,0,00,1,$
#,050,13,12,29.00,940.25,10.00,1624.0,-67.72,0.01,-0.07,0.99,0.67,0.37,2.14,50.20,-45.51,-45.58,1,0.00,0.00,0,0,0,3.70,2.56,67.5,0,00,1,$
#,050,13,13,29.00,940.25,10.00,1634.0,-84.12,0.01,-0.07,0.99,0.67,0.37,2.14,50.20,-45.51,-45.58,1,0.00,0.00,0,0,0,3.70,2.51,67.0,0,00,1,$
#,050,13,13,29.00,940.25,10.00,1639.0,-63.14,0.01,-0.07,0.98,0.55,0.49,2.08,49.90,-46.75,-45.52,1,0.00,0.00,0,0,0,3.70,2.51,66.4,0,00,1,$
#,050,14,13,29.00,940.25,10.00,1644.0,-63.81,0.01,-0.07,0.98,0.55,0.49,2.08,49.90,-46.75,-45.52,1,0.00,0.00,0,0,0,3.70,2.50,67.5,0,00,1,$
#,050,14,13,29.00,940.25,10.00,1654.0,-74.61,0.01,-0.07,0.98,0.55,0.49,2.08,49.90,-46.75,-45.52,1,0.00,0.00,0,0,0,3.70,2.50,68.6,0,00,1,$
#,050,14,13,29.00,940.25,10.00,1649.0,-69.48,0.01,-0.07,0.99,0.73,0.43,2.20,50.42,-47.31,-46.12,1,0.00,0.00,0,0,0,3.70,2.47,68.1,0,00,1,$
#,050,14,13,29.00,940.25,10.00,1664.0,-80.01,0.01,-0.07,0.99,0.73,0.43,2.20,50.42,-47.31,-46.12,1,0.00,0.00,0,0,0,3.69,2.63,68.1,0,00,1,$
#,050,14,13,29.00,940.25,10.00,1674.0,-65.04,0.01,-0.07,0.98,0.67,0.43,2.14,50.12,-47.73,-45.78,1,0.00,0.00,0,0,0,3.69,2.63,67.0,0,00,1,$
#,050,14,13,29.00,940.25,10.00,1669.0,-57.75,0.01,-0.07,0.98,0.67,0.43,2.14,50.12,-47.73,-45.78,1,0.00,0.00,0,0,0,3.70,2.55,68.6,0,00,1,$
#,050,14,13,29.00,940.25,10.00,1679.0,-74.92,0.01,-0.07,0.99,1.04,0.55,3.36,50.05,-46.06,-44.90,1,0.00,0.00,0,0,0,3.70,2.55,68.1,0,00,1,$
#,050,14,14,29.00,940.25,10.00,1684.0,-62.14,0.01,-0.07,0.99,1.04,0.55,3.36,50.05,-46.06,-44.90,1,0.00,0.00,0,0,0,3.71,2.42,68.1,0,00,1,$
#,050,15,14,29.00,940.25,10.00,1694.0,-65.79,0.01,-0.07,0.99,1.04,0.55,3.36,50.05,-46.06,-44.90,1,0.00,0.00,0,0,0,3.70,2.58,67.0,0,00,1,$
#,050,15,14,29.00,940.25,10.00,1699.0,-70.06,0.01,-0.07,0.98,-0.37,-0.49,2.62,51.04,-47.49,-47.50,1,0.00,0.00,0,0,0,3.70,2.58,67.5,0,00,1,$
#,050,15,14,29.00,940.25,10.00,1704.0,-69.91,0.01,-0.07,0.98,-0.37,-0.49,2.62,51.04,-47.49,-47.50,1,0.00,0.00,0,0,0,3.70,2.37,67.5,0,00,1,$
#,050,15,14,29.00,940.25,10.00,1714.0,-65.92,0.01,-0.07,0.98,-0.37,-0.49,2.62,51.04,-47.49,-47.50,1,0.00,0.00,0,0,0,3.70,2.37,68.1,0,00,1,$
#,050,15,14,29.00,940.25,10.00,1709.0,-68.37,0.02,-0.07,1.00,1.34,-0.12,4.52,50.44,-47.01,-46.22,1,0.00,0.00,0,0,0,3.70,2.56,67.5,0,00,1,$
#,050,15,14,29.00,940.25,10.00,1719.0,-63.64,0.02,-0.07,1.00,1.34,-0.12,4.52,50.44,-47.01,-46.22,1,0.00,0.00,0,0,0,3.70,2.47,68.6,0,00,1,$
#,050,15,14,29.00,940.25,10.00,1724.0,-66.91,0.02,-0.06,0.99,0.18,-1.16,30.58,49.87,-46.41,-44.98,1,0.00,0.00,0,0,0,3.70,2.47,67.5,0,00,1,$
#,050,0,0,29.00,940.25,10.00,954.0,-67.18,0.02,-0.07,0.98,-1.10,-0.18,-0.61,47.61,-48.05,-41.19,1,0.00,0.00,0,0,0,3.77,1.23,46.6,0,00,1,$
#,050,0,0,29.00,940.25,10.00,949.0,-64.44,0.02,-0.07,0.98,-1.10,-0.18,-0.61,47.61,-48.05,-41.19,1,0.00,0.00,0,0,0,3.77,1.23,47.2,0,00,1,$
#,050,0,0,29.00,940.25,10.00,959.0,-64.77,0.02,-0.07,0.98,-2.14,-0.24,-7.87,47.88,-47.96,-40.37,1,0.00,0.00,0,0,0,3.76,1.42,48.3,0,00,1,$
#,050,0,0,29.00,940.25,10.00,964.0,-65.0,0.02,-0.07,0.98,-2.14,-0.24,-7.87,47.88,-47.96,-40.37,1,0.00,0.00,0,0,0,3.76,1.42,48.8,0,00,1,$
#,050,0,0,29.00,940.25,10.00,974.0,-67.29,0.01,-0.07,0.99,0.55,0.12,14.47,48.13,-48.62,-42.71,1,0.00,0.00,0,0,0,3.76,1.39,47.2,0,00,1,$
#,050,0,0,29.00,940.25,10.00,969.0,-66.72,0.01,-0.07,0.99,0.55,0.12,14.47,48.13,-48.62,-42.71,1,0.00,0.00,0,0,0,3.76,1.39,48.3,0,00,1,$
#,050,0,0,29.00,940.25,10.00,979.0,-85.21,0.01,-0.07,0.99,0.55,0.12,14.47,48.13,-48.62,-42.71,1,0.00,0.00,0,0,0,3.76,1.38,48.3,0,00,1,$
#,050,0,0,29.00,940.25,10.00,984.0,-61.72,0.02,-0.07,0.98,0.61,0.37,1.95,47.47,-48.67,-42.66,1,0.00,0.00,0,0,0,3.76,1.38,48.3,0,00,1,$
#,050,0,0,29.00,940.25,10.00,989.0,-66.24,0.02,-0.07,0.98,0.61,0.37,1.95,47.47,-48.67,-42.66,1,0.00,0.00,0,0,0,3.76,1.39,47.7,0,00,1,$
#,050,0,0,29.00,940.25,10.00,999.0,-67.98,0.02,-0.07,0.98,0.61,0.37,1.95,47.47,-48.67,-42.66,1,0.00,0.00,0,0,0,3.76,1.39,47.7,0,00,1,$
#,050,1,0,29.00,940.25,10.00,1004.0,-74.26,0.01,-0.07,0.98,0.61,0.24,2.01,47.09,-47.19,-39.36,1,0.00,0.00,0,0,0,3.76,1.23,47.2,0,00,1,$
#,050,1,0,29.00,940.25,10.00,1014.0,-73.51,0.01,-0.07,0.98,0.61,0.24,2.01,47.09,-47.19,-39.36,1,0.00,0.00,0,0,0,3.76,1.23,47.2,0,00,1,$
#,050,1,1,29.00,940.25,10.00,1009.0,-71.84,0.01,-0.07,0.98,0.61,0.24,2.01,47.09,-47.19,-39.36,1,0.00,0.00,0,0,0,3.77,1.23,48.8,0,00,1,$
#,050,1,1,29.00,940.25,10.00,1019.0,-69.57,0.02,-0.07,0.98,-1.65,1.04,3.48,47.67,-48.56,-42.98,1,0.00,0.00,0,0,0,3.76,1.38,48.3,0,00,1,$
#,050,1,1,29.00,940.25,10.00,1024.0,-60.49,0.02,-0.07,0.98,-1.65,1.04,3.48,47.67,-48.56,-42.98,1,0.00,0.00,0,0,0,3.76,1.38,48.8,0,00,1,$
#,050,1,1,29.00,940.25,10.00,1034.0,-64.99,0.02,-0.07,0.98,-1.65,1.04,3.48,47.67,-48.56,-42.98,1,0.00,0.00,0,0,0,3.76,1.34,48.3,0,00,1,$
#,050,1,1,29.00,940.25,10.00,1029.0,-73.37,0.01,-0.06,0.98,1.28,0.55,3.60,47.95,-48.86,-43.92,1,0.00,0.00,0,0,0,3.76,1.34,47.2,0,00,1,$
#,050,1,1,29.00,940.25,10.00,1039.0,-71.31,0.01,-0.06,0.98,1.28,0.55,3.60,47.95,-48.86,-43.92,1,0.00,0.00,0,0,0,3.76,1.35,48.3,0,00,1,$
#,050,1,1,29.00,940.25,10.00,1044.0,-61.75,0.01,-0.06,0.98,1.28,0.55,3.60,47.95,-48.86,-43.92,1,0.00,0.00,0,0,0,3.76,1.35,47.2,0,00,1,$
#,050,2,1,29.00,940.25,10.00,1054.0,-71.33,0.02,-0.07,0.98,0.73,0.18,1.89,47.24,-47.88,-42.43,1,0.00,0.00,0,0,0,3.77,1.24,48.3,0,00,1,$
#,050,2,1,29.00,940.25,10.00,1049.0,-69.96,0.02,-0.07,0.98,0.73,0.18,1.89,47.24,-47.88,-42.43,1,0.00,0.00,0,0,0,3.77,1.24,47.7,0,00,1,$
#,050,2,1,29.00,940.25,10.00,1059.0,-63.08,0.02,-0.07,0.98,0.73,0.18,1.89,47.24,-47.88,-42.43,1,0.00,0.00,0,0,0,3.77,1.23,47.2,0,00,1,$
#,050,2,2,29.00,940.25,10.00,1064.0,-66.37,0.02,-0.07,0.99,0.61,0.31,2.01,47.58,-48.24,-40.95,1,0.00,0.00,0,0,0,3.77,1.23,47.7,0,00,1,$
#,050,2,2,29.00,940.25,10.00,1074.0,-66.07,0.02,-0.07,0.99,0.61,0.31,2.01,47.58,-48.24,-40.95,1,0.00,0.00,0,0,0,3.76,1.38,46.6,0,00,1,$
#,050,2,2,29.00,940.25,10.00,1069.0,-64.0,0.02,-0.07,0.94,2.32,0.00,29.85,47.86,-48.78,-42.05,1,0.00,0.00,0,0,0,3.76,1.38,47.2,0,00,1,$
#,050,2,2,29.00,940.25,10.00,1084.0,-75.32,0.02,-0.07,0.94,2.32,0.00,29.85,47.86,-48.78,-42.05,1,0.00,0.00,0,0,0,3.76,1.38,48.3,0,00,1,$
#,050,2,2,29.00,940.25,10.00,1094.0,-72.64,0.02,-0.06,0.93,-10.19,-1.53,-39.49,47.60,-48.44,-42.61,1,0.00,0.00,0,0,0,3.76,1.34,47.2,0,00,1,$
#,050,2,2,29.00,940.25,10.00,1089.0,-62.6,0.02,-0.06,0.93,-10.19,-1.53,-39.49,47.60,-48.44,-42.61,1,0.00,0.00,0,0,0,3.76,1.34,46.6,0,00,1,$
#,050,3,2,29.00,940.25,10.00,1104.0,-69.76,0.02,-0.06,0.93,-10.19,-1.53,-39.49,47.60,-48.44,-42.61,1,0.00,0.00,0,0,0,3.76,1.24,48.3,0,00,1,$
#,050,3,2,29.00,940.25,10.00,1114.0,-65.77,0.02,-0.07,0.98,0.31,0.00,-1.22,47.72,-47.62,-40.49,1,0.00,0.00,0,0,0,3.76,1.24,48.3,0,00,1,$
#,050,3,3,29.00,940.25,10.00,1109.0,-71.05,0.02,-0.07,0.98,0.31,0.00,-1.22,47.72,-47.62,-40.49,1,0.00,0.00,0,0,0,3.76,1.26,48.8,0,00,1,$
#,050,3,3,29.00,940.25,10.00,1119.0,-71.96,0.02,-0.07,0.98,0.31,0.00,-1.22,47.72,-47.62,-40.49,1,0.00,0.00,0,0,0,3.76,1.26,48.3,0,00,1,$
#,050,3,3,29.00,940.25,10.00,1124.0,-60.93,0.01,-0.07,0.99,1.10,0.31,0.37,47.66,-48.54,-42.72,1,0.00,0.00,0,0,0,3.76,1.45,47.2,0,00,1,$
#,050,3,3,29.00,940.25,10.00,1134.0,-57.19,0.01,-0.07,0.99,1.10,0.31,0.37,47.66,-48.54,-42.72,1,0.00,0.00,0,0,0,3.76,1.45,47.7,0,00,1,$
#,050,3,3,29.00,940.25,10.00,1129.0,-66.73,0.01,-0.07,0.99,1.10,0.31,0.37,47.66,-48.54,-42.72,1,0.00,0.00,0,0,0,3.76,1.41,46.1,0,00,1,$
#,050,3,3,29.00,940.25,10.00,1139.0,-61.27,0.01,-0.07,0.97,0.67,0.43,2.26,47.81,-48.61,-42.41,1,0.00,0.00,0,0,0,3.76,1.41,47.7,0,00,1,$
#,050,3,3,29.00,940.25,10.00,1144.0,-64.2,0.01,-0.07,0.97,0.67,0.43,2.26,47.81,-48.61,-42.41,1,0.00,0.00,0,0,0,3.76,1.34,46.6,0,00,1,$
#,050,3,3,29.00,940.25,10.00,1154.0,-68.14,0.01,-0.07,0.97,0.67,0.43,2.26,47.81,-48.61,-42.41,1,0.00,0.00,0,0,0,3.76,1.34,46.6,0,00,1,$
#,050,4,3,29.00,940.25,10.00,1149.0,-59.67,0.01,-0.07,0.98,0.73,0.55,2.08,47.62,-47.63,-41.14,1,0.00,0.00,0,0,0,3.77,1.23,47.7,0,00,1,$
#,050,4,3,29.00,940.25,10.00,1159.0,-61.98,0.01,-0.07,0.98,0.73,0.55,2.08,47.62,-47.63,-41.14,1,0.00,0.00,0,0,0,3.77,1.23,47.2,0,00,1,$
#,050,4,4,29.00,940.25,10.00,1164.0,-65.86,0.01,-0.07,0.98,0.73,0.55,2.08,47.62,-47.63,-41.14,1,0.00,0.00,0,0,0,3.77,1.23,47.7,0,00,1,$
#,050,4,4,29.00,940.25,10.00,1174.0,-71.14,0.02,-0.07,0.98,-2.14,1.10,-26.98,47.18,-48.73,-42.59,1,0.00,0.00,0,0,0,3.76,1.38,46.1,0,00,1,$
#,050,4,4,29.00,940.25,10.00,1169.0,-68.39,0.02,-0.07,0.98,-2.14,1.10,-26.98,47.18,-48.73,-42.59,1,0.00,0.00,0,0,0,3.76,1.38,47.7,0,00,1,$
#,050,4,4,29.00,940.25,10.00,1179.0,-69.51,0.01,-0.07,0.99,0.67,0.31,1.77,47.73,-49.07,-42.32,1,0.00,0.00,0,0,0,3.76,1.40,46.6,0,00,1,$
#,050,4,4,29.00,940.25,10.00,1184.0,-63.08,0.01,-0.07,0.99,0.67,0.31,1.77,47.73,-49.07,-42.32,1,0.00,0.00,0,0,0,3.76,1.40,47.2,0,00,1,$
#,050,4,4,29.00,940.25,10.00,1194.0,-64.18,0.01,-0.07,0.99,0.67,0.31,1.77,47.73,-49.07,-42.32,1,0.00,0.00,0,0,0,3.76,1.40,46.6,0,00,1,$
#,050,4,4,29.00,940.25,10.00,1189.0,-65.72,0.02,-0.07,0.98,0.61,0.55,2.08,46.94,-47.79,-41.96,1,0.00,0.00,0,0,0,3.76,1.40,48.3,0,00,1,$
#,050,5,4,29.00,940.25,10.00,1199.0,-73.12,0.02,-0.07,0.98,0.61,0.55,2.08,46.94,-47.79,-41.96,1,0.00,0.00,0,0,0,3.76,1.27,47.7,0,00,1,$
#,050,5,4,29.00,940.25,10.00,1214.0,-60.67,0.02,-0.07,0.98,0.61,0.55,2.08,46.94,-47.79,-41.96,1,0.00,0.00,0,0,0,3.76,1.27,47.7,0,00,1,$
#,050,5,4,29.00,940.25,10.00,1209.0,-64.74,0.02,-0.07,0.98,0.61,0.43,2.08,47.20,-47.77,-40.49,1,0.00,0.00,0,0,0,3.77,1.23,46.6,0,00,1,$
#,050,5,5,29.00,940.25,10.00,1219.0,-65.85,0.02,-0.07,0.98,0.61,0.43,2.08,47.20,-47.77,-40.49,1,0.00,0.00,0,0,0,3.77,1.23,46.6,0,00,1,$
#,050,5,5,29.00,940.25,10.00,1224.0,-86.03,0.02,-0.07,0.98,0.61,0.43,2.08,47.20,-47.77,-40.49,1,0.00,0.00,0,0,0,3.76,1.38,47.7,0,00,1,$
#,050,5,5,29.00,940.25,10.00,1234.0,-88.45,0.02,-0.07,0.98,-1.77,-0.79,-0.67,47.24,-47.89,-41.97,1,0.00,0.00,0,0,0,3.76,1.38,46.6,0,00,1,$
#,050,5,5,29.00,940.25,10.00,1229.0,-66.46,0.02,-0.07,0.98,-1.77,-0.79,-0.67,47.24,-47.89,-41.97,1,0.00,0.00,0,0,0,3.76,1.34,47.7,0,00,1,$
#,050,5,5,29.00,940.25,10.00,1239.0,-61.67,0.02,-0.07,0.98,-1.77,-0.79,-0.67,47.24,-47.89,-41.97,1,0.00,0.00,0,0,0,3.76,1.34,47.2,0,00,1,$
#,050,5,5,29.00,940.25,10.00,1244.0,-68.08,0.02,-0.06,0.89,2.75,-1.71,35.16,47.86,-48.41,-41.61,1,0.00,0.00,0,0,0,3.76,1.35,46.1,0,00,1,$
#,050,5,5,29.00,940.25,10.00,1254.0,-67.24,0.02,-0.06,0.89,2.75,-1.71,35.16,47.86,-48.41,-41.61,1,0.00,0.00,0,0,0,3.76,1.35,46.6,0,00,1,$
#,050,6,5,29.00,940.25,10.00,1249.0,-67.79,0.02,-0.06,0.89,2.75,-1.71,35.16,47.86,-48.41,-41.61,1,0.00,0.00,0,0,0,3.77,1.27,47.2,0,00,1,$
#,050,6,5,29.00,940.25,10.00,1259.0,-65.38,0.02,-0.07,0.98,0.18,0.12,-1.04,47.52,-48.25,-40.78,1,0.00,0.00,0,0,0,3.77,1.27,46.6,0,00,1,$
#,050,6,6,29.00,940.25,10.00,1264.0,-77.65,0.02,-0.07,0.98,0.18,0.12,-1.04,47.52,-48.25,-40.78,1,0.00,0.00,0,0,0,3.76,1.23,48.3,0,00,1,$
#,050,6,6,29.00,940.25,10.00,1274.0,-82.08,0.02,-0.07,0.98,0.18,0.12,-1.04,47.52,-48.25,-40.78,1,0.00,0.00,0,0,0,3.76,1.23,47.7,0,00,1,$
#,050,6,6,29.00,940.25,10.00,1269.0,-65.57,0.02,-0.07,0.98,0.18,0.31,-0.24,47.24,-48.32,-41.99,1,0.00,0.00,0,0,0,3.76,1.48,47.7,0,00,1,$
#,050,6,6,29.00,940.25,10.00,1279.0,-74.61,0.02,-0.07,0.98,0.18,0.31,-0.24,47.24,-48.32,-41.99,1,0.00,0.00,0,0,0,3.76,1.48,47.7,0,00,1,$
#,050,6,6,29.00,940.25,10.00,1284.0,-71.59,0.02,-0.07,0.94,-6.29,0.12,-52.12,46.92,-48.57,-43.19,1,0.00,0.00,0,0,0,3.76,1.34,47.7,0,00,1,$
#,050,6,6,29.00,940.25,10.00,1294.0,-67.76,0.02,-0.07,0.94,-6.29,0.12,-52.12,46.92,-48.57,-43.19,1,0.00,0.00,0,0,0,3.76,1.34,46.1,0,00,1,$
#,050,6,6,29.00,940.25,10.00,1289.0,-74.71,0.02,-0.07,0.94,-6.29,0.12,-52.12,46.92,-48.57,-43.19,1,0.00,0.00,0,0,0,3.76,1.34,46.1,0,00,1,$
#,050,7,6,29.00,940.25,10.00,1299.0,-69.87,0.01,-0.07,0.98,0.61,0.37,2.08,47.25,-47.33,-40.47,1,0.00,0.00,0,0,0,3.77,1.23,48.3,0,00,1,$
#,050,7,6,29.00,940.25,10.00,1304.0,-73.18,0.01,-0.07,0.98,0.61,0.37,2.08,47.25,-47.33,-40.47,1,0.00,0.00,0,0,0,3.77,1.23,46.6,0,00,1,$
#,050,7,6,29.00,940.25,10.00,1309.0,-63.36,0.01,-0.07,0.98,0.61,0.37,2.08,47.25,-47.33,-40.47,1,0.00,0.00,0,0,0,3.77,1.23,47.7,0,00,1,$
#,050,7,7,29.00,940.25,10.00,1319.0,-81.25,0.02,-0.07,0.98,-2.44,0.55,3.30,47.00,-47.29,-42.58,1,0.00,0.00,0,0,0,3.77,1.23,46.6,0,00,1,$
#,050,7,7,29.00,940.25,10.00,1324.0,-65.64,0.02,-0.07,0.98,-2.44,0.55,3.30,47.00,-47.29,-42.58,1,0.00,0.00,0,0,0,3.76,1.46,46.6,0,00,1,$
#,050,7,7,29.00,940.25,10.00,1334.0,-69.48,0.02,-0.07,0.98,-2.44,0.55,3.30,47.00,-47.29,-42.58,1,0.00,0.00,0,0,0,3.76,1.46,47.2,0,00,1,$
#,050,7,7,29.00,940.25,10.00,1329.0,-68.97,0.02,-0.07,0.98,1.34,0.55,3.78,47.99,-48.40,-42.52,1,0.00,0.00,0,0,0,3.76,1.40,47.7,0,00,1,$
#,050,7,7,29.00,940.25,10.00,1339.0,-61.64,0.02,-0.07,0.98,1.34,0.55,3.78,47.99,-48.40,-42.52,1,0.00,0.00,0,0,0,3.76,1.40,46.6,0,00,1,$
#,050,7,7,29.00,940.25,10.00,1344.0,-79.44,0.02,-0.07,0.98,1.34,0.55,3.78,47.99,-48.40,-42.52,1,0.00,0.00,0,0,0,3.76,1.40,47.2,0,00,1,$
#,050,7,7,29.00,940.25,10.00,1354.0,-76.63,0.02,-0.07,0.99,0.98,0.55,3.23,47.63,-48.13,-42.81,1,0.00,0.00,0,0,0,3.76,1.40,46.6,0,00,1,$
#,050,8,7,29.00,940.25,10.00,1349.0,-66.97,0.02,-0.07,0.99,0.98,0.55,3.23,47.63,-48.13,-42.81,1,0.00,0.00,0,0,0,3.76,1.32,46.1,0,00,1,$
#,050,8,7,29.00,940.25,10.00,1359.0,-65.52,0.02,-0.07,0.99,0.98,0.55,3.23,47.63,-48.13,-42.81,1,0.00,0.00,0,0,0,3.76,1.32,46.6,0,00,1,$
#,050,8,7,29.00,940.25,10.00,1364.0,-58.55,0.02,-0.07,0.98,-0.06,0.37,0.98,47.91,-47.09,-41.37,1,0.00,0.00,0,0,0,3.76,1.29,47.7,0,00,1,$
#,050,8,8,29.00,940.25,10.00,1374.0,-62.35,0.02,-0.07,0.98,-0.06,0.37,0.98,47.91,-47.09,-41.37,1,0.00,0.00,0,0,0,3.76,1.29,46.6,0,00,1,$
#,050,8,8,29.00,940.25,10.00,1369.0,-67.52,0.02,-0.07,0.98,-0.06,0.37,0.98,47.91,-47.09,-41.37,1,0.00,0.00,0,0,0,3.76,1.50,47.7,0,00,1,$
#,050,8,8,29.00,940.25,10.00,1379.0,-67.41,0.02,-0.07,0.97,-13.73,0.06,-56.82,48.01,-48.18,-42.92,1,0.00,0.00,0,0,0,3.76,1.50,47.7,0,00,1,$
#,050,8,8,29.00,940.25,10.00,1384.0,-61.8,0.02,-0.07,0.97,-13.73,0.06,-56.82,48.01,-48.18,-42.92,1,0.00,0.00,0,0,0,3.76,1.50,47.7,0,00,1,$
#,050,8,8,29.00,940.25,10.00,1394.0,-73.84,0.04,-0.07,0.94,5.00,-1.16,50.60,47.06,-47.96,-42.49,1,0.00,0.00,0,0,0,3.76,1.50,47.7,0,00,1,$
#,050,8,8,29.00,940.25,10.00,1389.0,-65.59,0.04,-0.07,0.94,5.00,-1.16,50.60,47.06,-47.96,-42.49,1,0.00,0.00,0,0,0,3.76,1.44,46.6,0,00,1,$
#,050,9,8,29.00,940.25,10.00,1399.0,-77.59,0.04,-0.07,0.94,5.00,-1.16,50.60,47.06,-47.96,-42.49,1,0.00,0.00,0,0,0,3.76,1.44,47.2,0,00,1,$
#,050,9,8,29.00,940.25,10.00,1404.0,-66.34,0.02,-0.07,0.98,0.37,0.18,-0.67,47.61,-47.28,-42.04,1,0.00,0.00,0,0,0,3.76,1.45,46.6,0,00,1,$
#,050,9,8,29.00,940.25,10.00,1414.0,-56.81,0.02,-0.07,0.98,0.37,0.18,-0.67,47.61,-47.28,-42.04,1,0.00,0.00,0,0,0,3.76,1.45,47.7,0,00,1,$
#,050,9,8,29.00,940.25,10.00,1409.0,-65.02,0.02,-0.07,0.98,0.37,0.18,-0.67,47.61,-47.28,-42.04,1,0.00,0.00,0,0,0,3.76,1.34,46.1,0,00,1,$
#,050,9,9,29.00,940.25,10.00,1424.0,-64.74,0.02,-0.07,0.94,9.40,-1.71,54.44,47.19,-47.22,-40.67,1,0.00,0.00,0,0,0,3.76,1.26,47.7,0,00,1,$
#,050,9,9,29.00,940.25,10.00,1434.0,-62.31,0.02,-0.07,0.94,9.40,-1.71,54.44,47.19,-47.22,-40.67,1,0.00,0.00,0,0,0,3.76,1.26,47.7,0,00,1,$
#,050,9,9,29.00,940.25,10.00,1429.0,-81.26,0.02,-0.07,0.94,9.40,-1.71,54.44,47.19,-47.22,-40.67,1,0.00,0.00,0,0,0,3.76,1.43,46.1,0,00,1,$
#,050,9,9,29.00,940.25,10.00,1439.0,-70.84,0.02,-0.07,0.98,-1.16,0.92,-18.49,46.97,-48.21,-42.55,1,0.00,0.00,0,0,0,3.76,1.43,47.7,0,00,1,$
#,050,9,9,29.00,940.25,10.00,1444.0,-66.98,0.02,-0.07,0.98,-1.16,0.92,-18.49,46.97,-48.21,-42.55,1,0.00,0.00,0,0,0,3.76,1.38,46.6,0,00,1,$
#,050,9,9,29.00,940.25,10.00,1454.0,-62.21,0.02,-0.07,0.98,-1.16,0.92,-18.49,46.97,-48.21,-42.55,1,0.00,0.00,0,0,0,3.76,1.38,47.7,0,00,1,$
#,050,10,9,29.00,940.25,10.00,1449.0,-70.67,0.02,-0.07,0.98,0.49,0.61,-7.02,47.95,-48.46,-42.68,1,0.00,0.00,0,0,0,3.76,1.38,46.1,0,00,1,$
#,050,10,9,29.00,940.25,10.00,1459.0,-63.63,0.02,-0.07,0.98,0.49,0.61,-7.02,47.95,-48.46,-42.68,1,0.00,0.00,0,0,0,3.76,1.38,46.6,0,00,1,$
#,050,10,9,29.00,940.25,10.00,1464.0,-65.23,0.02,-0.07,0.98,0.49,0.61,-7.02,47.95,-48.46,-42.68,1,0.00,0.00,0,0,0,3.76,1.27,47.7,0,00,1,$
#,050,10,9,29.00,940.25,10.00,1474.0,-67.69,0.02,-0.07,0.98,1.28,0.43,3.48,47.71,-47.25,-40.49,1,0.00,0.00,0,0,0,3.76,1.27,46.6,0,00,1,$
#,050,10,10,29.00,940.25,10.00,1469.0,-60.07,0.02,-0.07,0.98,1.28,0.43,3.48,47.71,-47.25,-40.49,1,0.00,0.00,0,0,0,3.78,1.06,47.7,0,00,1,$
#,050,10,10,29.00,940.25,10.00,1479.0,-62.59,0.02,-0.07,0.98,1.28,0.43,3.48,47.71,-47.25,-40.49,1,0.00,0.00,0,0,0,3.78,1.06,46.6,0,00,1,$
#,050,10,10,29.00,940.25,10.00,1484.0,-62.39,0.01,-0.06,0.98,1.28,0.49,3.72,47.94,-48.80,-46.74,1,0.00,0.00,0,0,0,3.77,1.17,47.7,0,00,1,$
#,050,10,10,29.00,940.25,10.00,1494.0,-62.99,0.01,-0.06,0.98,1.28,0.49,3.72,47.94,-48.80,-46.74,1,0.00,0.00,0,0,0,3.77,1.17,47.7,0,00,1,$
#,050,10,10,29.00,940.25,10.00,1489.0,-70.9,0.01,-0.07,0.98,0.98,0.49,3.17,47.95,-49.07,-42.77,1,0.00,0.00,0,0,0,3.77,1.17,47.7,0,00,1,$
#,050,11,10,29.00,940.25,10.00,1499.0,-75.62,0.01,-0.07,0.98,0.98,0.49,3.17,47.95,-49.07,-42.77,1,0.00,0.00,0,0,0,3.77,1.17,46.1,0,00,1,$
#,050,11,10,29.00,940.25,10.00,1504.0,-74.95,0.01,-0.07,0.98,0.98,0.49,3.17,47.95,-49.07,-42.77,1,0.00,0.00,0,0,0,3.77,1.13,46.1,0,00,1,$
#,050,11,10,29.00,940.25,10.00,1514.0,-65.9,0.02,-0.06,0.92,0.98,0.43,62.38,47.46,-47.74,-40.20,1,0.00,0.00,0,0,0,3.77,1.13,46.6,0,00,1,$
#,050,11,10,29.00,940.25,10.00,1509.0,-67.86,0.02,-0.06,0.92,0.98,0.43,62.38,47.46,-47.74,-40.20,1,0.00,0.00,0,0,0,3.78,1.10,48.3,0,00,1,$
#,050,11,10,29.00,940.25,10.00,1519.0,-67.56,0.02,-0.06,0.92,0.98,0.43,62.38,47.46,-47.74,-40.20,1,0.00,0.00,0,0,0,3.78,1.10,46.1,0,00,1,$
#,050,11,11,29.00,940.25,10.00,1524.0,-66.8,0.02,-0.07,0.98,-1.71,-0.24,0.12,47.72,-47.99,-40.33,1,0.00,0.00,0,0,0,3.78,1.09,46.6,0,00,1,$
#,050,11,11,29.00,940.25,10.00,1529.0,-71.69,0.02,-0.07,0.98,-1.71,-0.24,0.12,47.72,-47.99,-40.33,1,0.00,0.00,0,0,0,3.78,1.09,46.1,0,00,1,$
#,050,11,11,29.00,940.25,10.00,1539.0,-78.53,0.02,-0.07,0.98,-1.71,-0.24,0.12,47.72,-47.99,-40.33,1,0.00,0.00,0,0,0,3.77,1.17,47.7,0,00,1,$
#,050,11,11,29.00,940.25,10.00,1544.0,-67.71,0.02,-0.06,0.95,-13.37,1.71,-43.88,47.38,-48.44,-42.88,1,0.00,0.00,0,0,0,3.77,1.17,46.6,0,00,1,$
#,050,11,11,29.00,940.25,10.00,1554.0,-73.17,0.02,-0.06,0.95,-13.37,1.71,-43.88,47.38,-48.44,-42.88,1,0.00,0.00,0,0,0,3.77,1.16,46.6,0,00,1,$
#,050,12,11,29.00,940.25,10.00,1549.0,-65.05,0.02,-0.06,0.95,-13.37,1.71,-43.88,47.38,-48.44,-42.88,1,0.00,0.00,0,0,0,3.77,1.16,47.2,0,00,1,$
#,050,12,11,29.00,940.25,10.00,1559.0,-65.33,0.01,-0.07,0.98,0.92,0.31,-0.92,47.86,-47.91,-41.86,1,0.00,0.00,0,0,0,3.77,1.16,46.1,0,00,1,$
#,050,12,11,29.00,940.25,10.00,1564.0,-63.22,0.01,-0.07,0.98,0.92,0.31,-0.92,47.86,-47.91,-41.86,1,0.00,0.00,0,0,0,3.78,1.06,46.6,0,00,1,$
#,050,12,11,29.00,940.25,10.00,1574.0,-64.11,0.01,-0.07,0.98,0.92,0.31,-0.92,47.86,-47.91,-41.86,1,0.00,0.00,0,0,0,3.78,1.06,47.2,0,00,1,$
#,050,12,11,29.00,940.25,10.00,1569.0,-65.73,0.02,-0.07,0.94,6.65,-1.34,39.43,47.01,-47.42,-40.62,1,0.00,0.00,0,0,0,3.78,1.06,46.1,0,00,1,$
#,050,12,12,29.00,940.25,10.00,1579.0,-64.85,0.02,-0.07,0.94,6.65,-1.34,39.43,47.01,-47.42,-40.62,1,0.00,0.00,0,0,0,3.78,1.06,46.6,0,00,1,$
#,050,12,12,29.00,940.25,10.00,1584.0,-71.92,0.02,-0.07,0.94,6.65,-1.34,39.43,47.01,-47.42,-40.62,1,0.00,0.00,0,0,0,3.77,1.21,47.7,0,00,1,$
#,050,12,12,29.00,940.25,10.00,1594.0,-72.74,0.02,-0.07,0.98,0.37,0.79,-9.09,47.71,-48.63,-41.50,1,0.00,0.00,0,0,0,3.77,1.21,46.6,0,00,1,$
#,050,12,12,29.00,940.25,10.00,1589.0,-69.36,0.02,-0.07,0.98,0.37,0.79,-9.09,47.71,-48.63,-41.50,1,0.00,0.00,0,0,0,3.77,1.12,47.2,0,00,1,$
#,050,13,12,29.00,940.25,10.00,1599.0,-67.81,0.02,-0.07,0.98,0.37,0.79,-9.09,47.71,-48.63,-41.50,1,0.00,0.00,0,0,0,3.77,1.12,46.6,0,00,1,$
#,050,13,12,29.00,940.25,10.00,1604.0,-65.81,0.02,-0.07,0.98,-0.43,0.73,-14.47,47.58,-48.80,-41.53,1,0.00,0.00,0,0,0,3.76,1.30,48.3,0,00,1,$
#,050,13,12,29.00,940.25,10.00,1614.0,-82.37,0.02,-0.07,0.98,-0.43,0.73,-14.47,47.58,-48.80,-41.53,1,0.00,0.00,0,0,0,3.76,1.30,46.1,0,00,1,$
#,050,13,12,29.00,940.25,10.00,1609.0,-70.43,0.02,-0.07,0.98,1.28,0.37,3.36,46.51,-47.30,-40.54,1,0.00,0.00,0,0,0,3.78,1.06,46.1,0,00,1,$
#,050,13,12,29.00,940.25,10.00,1619.0,-78.36,0.02,-0.07,0.98,1.28,0.37,3.36,46.51,-47.30,-40.54,1,0.00,0.00,0,0,0,3.78,1.06,46.6,0,00,1,$
#,050,13,12,29.00,940.25,10.00,1624.0,-71.69,0.02,-0.07,0.98,1.28,0.37,3.36,46.51,-47.30,-40.54,1,0.00,0.00,0,0,0,3.77,1.07,46.6,0,00,1,$
#,050,13,13,29.00,940.25,10.00,1634.0,-69.02,0.01,-0.06,0.94,0.24,-0.31,1.89,47.20,-48.47,-42.55,1,0.00,0.00,0,0,0,3.77,1.07,47.7,0,00,1,$
#,050,13,13,29.00,940.25,10.00,1639.0,-71.14,0.01,-0.06,0.94,0.24,-0.31,1.89,47.20,-48.47,-42.55,1,0.00,0.00,0,0,0,3.76,1.20,47.7,0,00,1,$
#,050,13,13,29.00,940.25,10.00,1644.0,-62.58,0.01,-0.06,0.94,0.24,-0.31,1.89,47.20,-48.47,-42.55,1,0.00,0.00,0,0,0,3.76,1.20,47.7,0,00,1,$
#,050,13,13,29.00,940.25,10.00,1654.0,-63.22,0.01,-0.06,0.98,0.92,0.67,2.08,47.64,-49.11,-41.75,1,0.00,0.00,0,0,0,3.77,1.17,47.7,0,00,1,$
#,050,14,13,29.00,940.25,10.00,1649.0,-62.01,0.01,-0.06,0.98,0.92,0.67,2.08,47.64,-49.11,-41.75,1,0.00,0.00,0,0,0,3.77,1.17,47.2,0,00,1,$
#,050,14,13,29.00,940.25,10.00,1659.0,-62.12,0.01,-0.06,0.98,0.92,0.67,2.08,47.64,-49.11,-41.75,1,0.00,0.00,0,0,0,3.77,1.19,47.7,0,00,1,$
#,050,14,13,29.00,940.25,10.00,1664.0,-72.75,0.01,-0.06,0.98,0.24,0.24,2.56,47.62,-48.75,-41.61,1,0.00,0.00,0,0,0,3.77,1.19,47.7,0,00,1,$
#,050,14,13,29.00,940.25,10.00,1674.0,-65.7,0.01,-0.06,0.98,0.24,0.24,2.56,47.62,-48.75,-41.61,1,0.00,0.00,0,0,0,3.77,1.16,46.6,0,00,1,$
#,050,0,0,29.00,940.25,10.00,954.0,-70.67,0.01,-0.07,0.93,-1.89,-0.43,-15.38,47.31,-47.38,-40.25,1,0.00,0.00,0,0,0,3.76,1.30,46.1,0,00,1,$
#,050,0,0,29.00,940.25,10.00,949.0,-69.2,0.01,-0.07,0.93,-1.89,-0.43,-15.38,47.31,-47.38,-40.25,1,0.00,0.00,0,0,0,3.76,1.30,46.1,0,00,1,$
#,050,0,0,29.00,940.25,10.00,959.0,-60.16,0.01,-0.07,0.93,-1.89,-0.43,-15.38,47.31,-47.38,-40.25,1,0.00,0.00,0,0,0,3.76,1.37,45.5,0,00,1,$
#,050,0,0,29.00,940.25,10.00,964.0,-67.77,0.01,-0.06,0.98,0.67,0.37,2.26,47.91,-47.77,-42.88,1,0.00,0.00,0,0,0,3.76,1.37,47.2,0,00,1,$
#,050,0,0,29.00,940.25,10.00,974.0,-57.7,0.01,-0.06,0.98,0.67,0.37,2.26,47.91,-47.77,-42.88,1,0.00,0.00,0,0,0,3.75,1.45,46.6,0,00,1,$
#,050,0,0,29.00,940.25,10.00,969.0,-60.27,0.01,-0.06,0.99,0.61,0.24,2.08,47.42,-48.73,-42.18,1,0.00,0.00,0,0,0,3.75,1.45,45.0,0,00,1,$
#,050,0,0,29.00,940.25,10.00,979.0,-67.35,0.01,-0.06,0.99,0.61,0.24,2.08,47.42,-48.73,-42.18,1,0.00,0.00,0,0,0,3.76,1.44,46.1,0,00,1,$
#,050,0,0,29.00,940.25,10.00,984.0,-63.1,0.01,-0.06,0.99,0.61,0.24,2.08,47.42,-48.73,-42.18,1,0.00,0.00,0,0,0,3.76,1.44,46.1,0,00,1,$
#,050,0,0,29.00,940.25,10.00,994.0,-65.34,0.01,-0.06,0.98,1.34,0.49,3.48,47.44,-47.80,-41.70,1,0.00,0.00,0,0,0,3.76,1.45,45.5,0,00,1,$
#,050,0,0,29.00,940.25,10.00,999.0,-58.68,0.01,-0.06,0.98,1.34,0.49,3.48,47.44,-47.80,-41.70,1,0.00,0.00,0,0,0,3.76,1.45,46.1,0,00,1,$
#,050,1,0,29.00,940.25,10.00,1004.0,-68.58,0.01,-0.06,0.98,1.34,0.49,3.48,47.44,-47.80,-41.70,1,0.00,0.00,0,0,0,3.76,1.30,45.5,0,00,1,$
#,050,1,0,29.00,940.25,10.00,1014.0,-69.93,0.01,-0.06,0.99,1.40,0.49,3.36,46.88,-47.53,-41.33,1,0.00,0.00,0,0,0,3.76,1.30,46.6,0,00,1,$
#,050,1,1,29.00,940.25,10.00,1009.0,-64.33,0.01,-0.06,0.99,1.40,0.49,3.36,46.88,-47.53,-41.33,1,0.00,0.00,0,0,0,3.76,1.29,45.5,0,00,1,$
#,050,1,1,29.00,940.25,10.00,1019.0,-60.08,0.01,-0.06,0.99,1.40,0.49,3.36,46.88,-47.53,-41.33,1,0.00,0.00,0,0,0,3.76,1.44,46.6,0,00,1,$
#,050,1,1,29.00,940.25,10.00,1024.0,-81.42,0.01,-0.06,0.98,0.85,0.37,3.30,47.62,-48.28,-42.63,1,0.00,0.00,0,0,0,3.76,1.44,46.6,0,00,1,$
#,050,1,1,29.00,940.25,10.00,1034.0,-68.04,0.01,-0.06,0.98,0.85,0.37,3.30,47.62,-48.28,-42.63,1,0.00,0.00,0,0,0,3.76,1.41,45.0,0,00,1,$
#,050,1,1,29.00,940.25,10.00,1029.0,-64.83,0.01,-0.06,0.98,0.85,0.37,3.30,47.62,-48.28,-42.63,1,0.00,0.00,0,0,0,3.76,1.41,45.5,0,00,1,$
#,050,1,1,29.00,940.25,10.00,1039.0,-64.63,0.01,-0.07,0.99,1.04,0.24,3.36,47.80,-48.96,-43.26,1,0.00,0.00,0,0,0,3.76,1.40,45.5,0,00,1,$
#,050,1,1,29.00,940.25,10.00,1044.0,-72.91,0.01,-0.07,0.99,1.04,0.24,3.36,47.80,-48.96,-43.26,1,0.00,0.00,0,0,0,3.76,1.40,46.1,0,00,1,$
#,050,2,1,29.00,940.25,10.00,1054.0,-62.37,0.01,-0.07,0.99,1.04,0.24,3.36,47.80,-48.96,-43.26,1,0.00,0.00,0,0,0,3.76,1.30,45.0,0,00,1,$
#,050,2,1,29.00,940.25,10.00,1049.0,-80.95,0.01,-0.06,0.97,-0.85,-0.06,1.83,47.33,-47.56,-41.67,1,0.00,0.00,0,0,0,3.76,1.30,45.0,0,00,1,$
#,050,2,1,29.00,940.25,10.00,1059.0,-66.34,0.01,-0.06,0.97,-0.85,-0.06,1.83,47.33,-47.56,-41.67,1,0.00,0.00,0,0,0,3.76,1.36,45.5,0,00,1,$
#,050,2,2,29.00,940.25,10.00,1064.0,-78.81,0.01,-0.06,0.97,-0.85,-0.06,1.83,47.33,-47.56,-41.67,1,0.00,0.00,0,0,0,3.76,1.36,45.0,0,00,1,$
#,050,2,2,29.00,940.25,10.00,1074.0,-71.05,0.01,-0.07,0.91,-14.77,-1.10,-55.73,47.86,-48.46,-41.96,1,0.00,0.00,0,0,0,3.76,1.40,45.5,0,00,1,$
#,050,2,2,29.00,940.25,10.00,1069.0,-73.15,0.01,-0.07,0.91,-14.77,-1.10,-55.73,47.86,-48.46,-41.96,1,0.00,0.00,0,0,0,3.76,1.40,45.0,0,00,1,$
#,050,2,2,29.00,940.25,10.00,1079.0,-71.92,0.02,-0.07,0.93,6.96,-2.56,-82.70,47.09,-48.52,-43.25,1,0.00,0.00,0,0,0,3.76,1.41,46.1,0,00,1,$
#,050,2,2,29.00,940.25,10.00,1084.0,-67.77,0.02,-0.07,0.93,6.96,-2.56,-82.70,47.09,-48.52,-43.25,1,0.00,0.00,0,0,0,3.76,1.41,45.0,0,00,1,$
#,050,2,2,29.00,940.25,10.00,1094.0,-64.95,0.02,-0.07,0.93,6.96,-2.56,-82.70,47.09,-48.52,-43.25,1,0.00,0.00,0,0,0,3.76,1.40,45.5,0,00,1,$
#,050,2,2,29.00,940.25,10.00,1089.0,-66.33,0.01,-0.07,0.98,0.73,0.55,2.01,47.05,-47.67,-41.20,1,0.00,0.00,0,0,0,3.76,1.40,45.5,0,00,1,$
#,050,3,2,29.00,940.25,10.00,1104.0,-72.17,0.01,-0.07,0.98,0.73,0.55,2.01,47.05,-47.67,-41.20,1,0.00,0.00,0,0,0,3.78,0.86,46.6,0,00,1,$
#,050,3,2,29.00,940.25,10.00,1114.0,-65.8,0.01,-0.07,0.98,0.73,0.55,2.01,47.05,-47.67,-41.20,1,0.00,0.00,0,0,0,3.78,0.86,46.1,0,00,1,$
#,050,3,3,29.00,940.25,10.00,1109.0,-62.36,0.01,-0.06,0.98,0.85,0.18,2.01,47.41,-47.86,-39.82,1,0.00,0.00,0,0,0,3.78,0.88,46.1,0,00,1,$
#,050,3,3,29.00,940.25,10.00,1119.0,-87.41,0.01,-0.06,0.98,0.85,0.18,2.01,47.41,-47.86,-39.82,1,0.00,0.00,0,0,0,3.78,0.88,46.1,0,00,1,$
#,050,3,3,29.00,940.25,10.00,1124.0,-64.52,0.01,-0.06,0.98,0.85,0.18,2.01,47.41,-47.86,-39.82,1,0.00,0.00,0,0,0,3.78,0.98,45.0,0,00,1,$
#,050,3,3,29.00,940.25,10.00,1134.0,-64.93,0.01,-0.06,0.98,0.67,0.37,-4.27,48.07,-48.46,-42.20,1,0.00,0.00,0,0,0,3.78,0.98,46.6,0,00,1,$
#,050,3,3,29.00,940.25,10.00,1129.0,-68.94,0.01,-0.06,0.98,0.67,0.37,-4.27,48.07,-48.46,-42.20,1,0.00,0.00,0,0,0,3.78,0.91,45.0,0,00,1,$
#,050,3,3,29.00,940.25,10.00,1139.0,-74.07,0.01,-0.06,0.98,0.67,0.37,-4.27,48.07,-48.46,-42.20,1,0.00,0.00,0,0,0,3.78,0.91,45.0,0,00,1,$
#,050,3,3,29.00,940.25,10.00,1144.0,-64.88,0.01,-0.06,0.99,1.40,0.67,3.54,47.63,-48.36,-42.00,1,0.00,0.00,0,0,0,3.78,0.93,46.1,0,00,1,$
#,050,3,3,29.00,940.25,10.00,1154.0,-74.78,0.01,-0.06,0.99,1.40,0.67,3.54,47.63,-48.36,-42.00,1,0.00,0.00,0,0,0,3.79,0.80,45.0,0,00,1,$
#,050,4,3,29.00,940.25,10.00,1149.0,-65.39,0.01,-0.06,0.99,1.40,0.67,3.54,47.63,-48.36,-42.00,1,0.00,0.00,0,0,0,3.79,0.80,45.5,0,00,1,$
#,050,4,3,29.00,940.25,10.00,1159.0,-61.88,0.02,-0.06,0.98,1.40,0.67,3.23,47.22,-47.28,-39.98,1,0.00,0.00,0,0,0,3.79,0.83,46.1,0,00,1,$
#,050,4,4,29.00,940.25,10.00,1164.0,-71.56,0.02,-0.06,0.98,1.40,0.67,3.23,47.22,-47.28,-39.98,1,0.00,0.00,0,0,0,3.79,0.83,45.5,0,00,1,$
#,050,4,4,29.00,940.25,10.00,1174.0,-71.26,0.02,-0.06,0.98,1.40,0.67,3.23,47.22,-47.28,-39.98,1,0.00,0.00,0,0,0,3.78,0.93,45.5,0,00,1,$
#,050,4,4,29.00,940.25,10.00,1169.0,-70.74,0.01,-0.06,0.99,0.92,0.31,3.30,47.66,-49.07,-43.47,1,0.00,0.00,0,0,0,3.78,0.93,46.6,0,00,1,$
#,050,4,4,29.00,940.25,10.00,1179.0,-67.13,0.01,-0.06,0.99,0.92,0.31,3.30,47.66,-49.07,-43.47,1,0.00,0.00,0,0,0,3.78,0.93,45.5,0,00,1,$
#,050,4,4,29.00,940.25,10.00,1184.0,-69.63,0.01,-0.07,0.99,0.55,0.24,1.95,47.56,-49.04,-42.46,1,0.00,0.00,0,0,0,3.78,0.93,45.0,0,00,1,$
#,050,4,4,29.00,940.25,10.00,1194.0,-67.7,0.01,-0.07,0.99,0.55,0.24,1.95,47.56,-49.04,-42.46,1,0.00,0.00,0,0,0,3.78,0.90,45.0,0,00,1,$
#,050,4,4,29.00,940.25,10.00,1189.0,-62.53,0.01,-0.07,0.99,0.55,0.24,1.95,47.56,-49.04,-42.46,1,0.00,0.00,0,0,0,3.78,0.90,45.0,0,00,1,$
#,050,5,4,29.00,940.25,10.00,1199.0,-63.55,0.02,-0.07,0.98,-2.62,-0.55,-5.25,47.42,-48.49,-39.76,1,0.00,0.00,0,0,0,3.78,0.79,45.0,0,00,1,$
#,050,5,4,29.00,940.25,10.00,1204.0,-66.2,0.02,-0.07,0.98,-2.62,-0.55,-5.25,47.42,-48.49,-39.76,1,0.00,0.00,0,0,0,3.78,0.79,46.6,0,00,1,$
#,050,5,4,29.00,940.25,10.00,1209.0,-64.23,0.02,-0.07,0.98,-2.62,-0.55,-5.25,47.42,-48.49,-39.76,1,0.00,0.00,0,0,0,3.79,0.79,45.0,0,00,1,$
#,050,5,5,29.00,940.25,10.00,1219.0,-70.2,0.01,-0.06,0.98,-0.37,0.31,-4.27,47.95,-49.26,-42.43,1,0.00,0.00,0,0,0,3.79,0.79,45.0,0,00,1,$
#,050,5,5,29.00,940.25,10.00,1224.0,-68.85,0.01,-0.06,0.98,-0.37,0.31,-4.27,47.95,-49.26,-42.43,1,0.00,0.00,0,0,0,3.78,0.93,44.4,0,00,1,$
#,050,5,5,29.00,940.25,10.00,1234.0,-70.75,0.01,-0.06,0.98,-0.37,0.31,-4.27,47.95,-49.26,-42.43,1,0.00,0.00,0,0,0,3.78,0.93,46.1,0,00,1,$
#,050,5,5,29.00,940.25,10.00,1229.0,-76.63,0.01,-0.06,0.97,1.28,0.12,0.37,47.19,-48.72,-41.08,1,0.00,0.00,0,0,0,3.78,0.89,45.0,0,00,1,$
#,050,5,5,29.00,940.25,10.00,1239.0,-61.34,0.01,-0.06,0.97,1.28,0.12,0.37,47.19,-48.72,-41.08,1,0.00,0.00,0,0,0,3.78,0.89,46.1,0,00,1,$
#,050,5,5,29.00,940.25,10.00,1244.0,-68.84,0.01,-0.06,0.97,1.28,0.12,0.37,47.19,-48.72,-41.08,1,0.00,0.00,0,0,0,3.78,0.93,45.0,0,00,1,$
#,050,5,5,29.00,940.25,10.00,1254.0,-70.38,0.02,-0.07,0.95,-4.52,-0.37,-41.87,47.58,-48.34,-41.19,1,0.00,0.00,0,0,0,3.78,0.93,46.1,0,00,1,$
#,050,6,5,29.00,940.25,10.00,1249.0,-66.02,0.02,-0.07,0.95,-4.52,-0.37,-41.87,47.58,-48.34,-41.19,1,0.00,0.00,0,0,0,3.79,0.83,46.1,0,00,1,$
#,050,6,5,29.00,940.25,10.00,1259.0,-78.27,0.02,-0.07,0.95,-4.52,-0.37,-41.87,47.58,-48.34,-41.19,1,0.00,0.00,0,0,0,3.79,0.83,46.1,0,00,1,$
#,050,6,6,29.00,940.25,10.00,1264.0,-61.83,0.01,-0.07,0.99,0.73,0.43,2.26,47.27,-47.84,-41.56,1,0.00,0.00,0,0,0,3.78,0.82,45.5,0,00,1,$
#,050,6,6,29.00,940.25,10.00,1274.0,-62.77,0.01,-0.07,0.99,0.73,0.43,2.26,47.27,-47.84,-41.56,1,0.00,0.00,0,0,0,3.78,0.82,46.1,0,00,1,$
#,050,6,6,29.00,940.25,10.00,1269.0,-74.29,0.01,-0.07,0.99,0.73,0.43,2.26,47.27,-47.84,-41.56,1,0.00,0.00,0,0,0,3.78,0.97,45.0,0,00,1,$
#,050,6,6,29.00,940.25,10.00,1279.0,-63.4,0.01,-0.06,0.97,1.77,0.43,4.09,47.28,-49.22,-42.50,1,0.00,0.00,0,0,0,3.78,0.93,46.1,0,00,1,$
#,050,6,6,29.00,940.25,10.00,1284.0,-80.81,0.01,-0.06,0.97,1.77,0.43,4.09,47.28,-49.22,-42.50,1,0.00,0.00,0,0,0,3.78,0.93,45.0,0,00,1,$
#,050,6,6,29.00,940.25,10.00,1294.0,-84.54,0.01,-0.06,0.99,0.61,0.31,2.01,47.69,-48.35,-42.46,1,0.00,0.00,0,0,0,3.78,0.93,45.0,0,00,1,$
#,050,6,6,29.00,940.25,10.00,1289.0,-63.91,0.01,-0.06,0.99,0.61,0.31,2.01,47.69,-48.35,-42.46,1,0.00,0.00,0,0,0,3.78,0.93,45.0,0,00,1,$
#,050,7,6,29.00,940.25,10.00,1299.0,-72.57,0.01,-0.06,0.99,0.61,0.31,2.01,47.69,-48.35,-42.46,1,0.00,0.00,0,0,0,3.78,0.82,45.0,0,00,1,$
#,050,7,6,29.00,940.25,10.00,1304.0,-71.94,0.01,-0.06,0.98,0.61,0.31,2.08,46.88,-47.23,-40.65,1,0.00,0.00,0,0,0,3.78,0.82,45.5,0,00,1,$
#,050,7,6,29.00,940.25,10.00,1314.0,-71.64,0.01,-0.06,0.98,0.61,0.31,2.08,46.88,-47.23,-40.65,1,0.00,0.00,0,0,0,3.78,0.83,46.6,0,00,1,$
#,050,7,7,29.00,940.25,10.00,1319.0,-68.76,0.01,-0.06,0.98,0.61,0.31,2.08,46.88,-47.23,-40.65,1,0.00,0.00,0,0,0,3.78,0.83,45.5,0,00,1,$
#,050,7,7,29.00,940.25,10.00,1324.0,-65.92,0.01,-0.06,0.98,0.79,0.24,2.08,47.75,-49.37,-44.85,1,0.00,0.00,0,0,0,3.78,0.97,46.1,0,00,1,$
#,050,7,7,29.00,940.25,10.00,1334.0,-71.3,0.01,-0.06,0.98,0.79,0.24,2.08,47.75,-49.37,-44.85,1,0.00,0.00,0,0,0,3.78,0.97,45.5,0,00,1,$
#,050,7,7,29.00,940.25,10.00,1329.0,-77.34,0.01,-0.06,0.98,0.79,0.24,2.08,47.75,-49.37,-44.85,1,0.00,0.00,0,0,0,3.78,0.92,45.5,0,00,1,$
#,050,7,7,29.00,940.25,10.00,1339.0,-64.99,0.02,-0.07,0.99,0.06,0.12,2.01,48.23,-48.97,-43.96,1,0.00,0.00,0,0,0,3.78,0.92,46.6,0,00,1,$
#,050,7,7,29.00,940.25,10.00,1344.0,-72.47,0.02,-0.07,0.99,0.06,0.12,2.01,48.23,-48.97,-43.96,1,0.00,0.00,0,0,0,3.78,0.92,45.5,0,00,1,$
#,050,7,7,29.00,940.25,10.00,1354.0,-73.66,0.02,-0.07,0.99,0.06,0.12,2.01,48.23,-48.97,-43.96,1,0.00,0.00,0,0,0,3.78,0.92,46.1,0,00,1,$
#,050,8,7,29.00,940.25,10.00,1349.0,-67.83,0.01,-0.07,0.99,-2.01,0.12,-1.10,47.88,-47.91,-41.30,1,0.00,0.00,0,0,0,3.78,0.92,46.1,0,00,1,$
#,050,8,7,29.00,940.25,10.00,1359.0,-69.64,0.01,-0.07,0.99,-2.01,0.12,-1.10,47.88,-47.91,-41.30,1,0.00,0.00,0,0,0,3.78,0.92,45.5,0,00,1,$
#,050,8,7,29.00,940.25,10.00,1364.0,-86.03,0.01,-0.07,0.99,-2.01,0.12,-1.10,47.88,-47.91,-41.30,1,0.00,0.00,0,0,0,3.78,0.82,44.4,0,00,1,$
#,050,8,8,29.00,940.25,10.00,1374.0,-86.66,0.01,-0.07,0.99,0.55,0.12,-5.55,47.50,-47.36,-39.76,1,0.00,0.00,0,0,0,3.78,0.82,46.1,0,00,1,$
#,050,8,8,29.00,940.25,10.00,1369.0,-67.76,0.01,-0.07,0.99,0.55,0.12,-5.55,47.50,-47.36,-39.76,1,0.00,0.00,0,0,0,3.78,0.98,46.1,0,00,1,$
#,050,8,8,29.00,940.25,10.00,1379.0,-66.42,0.01,-0.07,0.99,0.55,0.12,-5.55,47.50,-47.36,-39.76,1,0.00,0.00,0,0,0,3.78,0.98,45.0,0,00,1,$
#,050,8,8,29.00,940.25,10.00,1384.0,-66.78,0.01,-0.07,0.98,0.49,0.43,-0.98,47.17,-48.05,-42.27,1,0.00,0.00,0,0,0,3.78,0.95,45.0,0,00,1,$
#,050,8,8,29.00,940.25,10.00,1394.0,-70.38,0.01,-0.07,0.98,0.49,0.43,-0.98,47.17,-48.05,-42.27,1,0.00,0.00,0,0,0,3.78,0.95,44.4,0,00,1,$
#,050,8,8,29.00,940.25,10.00,1389.0,-65.85,0.02,-0.06,0.98,0.67,0.31,2.01,47.96,-48.65,-41.46,1,0.00,0.00,0,0,0,3.78,0.89,45.5,0,00,1,$
#,050,9,8,29.00,940.25,10.00,1399.0,-65.9,0.02,-0.06,0.98,0.67,0.31,2.01,47.96,-48.65,-41.46,1,0.00,0.00,0,0,0,3.78,0.89,46.1,0,00,1,$
#,050,9,8,29.00,940.25,10.00,1404.0,-70.8,0.02,-0.06,0.98,0.67,0.31,2.01,47.96,-48.65,-41.46,1,0.00,0.00,0,0,0,3.78,0.89,45.5,0,00,1,$
#,050,9,8,29.00,940.25,10.00,1414.0,-55.23,0.01,-0.07,0.98,0.73,0.24,2.08,47.35,-47.60,-41.19,1,0.00,0.00,0,0,0,3.79,0.79,44.4,0,00,1,$
#,050,9,8,29.00,940.25,10.00,1409.0,-59.86,0.01,-0.07,0.98,0.73,0.24,2.08,47.35,-47.60,-41.19,1,0.00,0.00,0,0,0,3.79,0.79,45.5,0,00,1,$
#,050,9,9,29.00,940.25,10.00,1424.0,-57.68,0.01,-0.07,0.98,0.73,0.24,2.08,47.35,-47.60,-41.19,1,0.00,0.00,0,0,0,3.77,1.08,46.1,0,00,1,$
#,050,9,9,29.00,940.25,10.00,1434.0,-78.47,0.01,-0.07,0.99,0.55,0.31,2.14,46.85,-48.21,-42.19,1,0.00,0.00,0,0,0,3.77,1.08,46.1,0,00,1,$
#,050,9,9,29.00,940.25,10.00,1429.0,-69.66,0.01,-0.07,0.99,0.55,0.31,2.14,46.85,-48.21,-42.19,1,0.00,0.00,0,0,0,3.77,1.19,45.0,0,00,1,$
#,050,9,9,29.00,940.25,10.00,1439.0,-72.29,0.01,-0.07,0.99,0.55,0.31,2.14,46.85,-48.21,-42.19,1,0.00,0.00,0,0,0,3.77,1.19,45.0,0,00,1,$
#,050,9,9,29.00,940.25,10.00,1444.0,-66.42,0.01,-0.06,0.98,1.28,0.37,3.42,47.69,-48.34,-41.99,1,0.00,0.00,0,0,0,3.77,1.21,45.5,0,00,1,$
#,050,9,9,29.00,940.25,10.00,1454.0,-68.03,0.01,-0.06,0.98,1.28,0.37,3.42,47.69,-48.34,-41.99,1,0.00,0.00,0,0,0,3.77,1.21,45.5,0,00,1,$
#,050,10,9,29.00,940.25,10.00,1449.0,-58.75,0.01,-0.06,0.98,1.28,0.37,3.42,47.69,-48.34,-41.99,1,0.00,0.00,0,0,0,3.77,1.17,44.4,0,00,1,$
#,050,10,9,29.00,940.25,10.00,1459.0,-57.99,0.01,-0.06,0.98,0.55,-0.06,2.08,47.02,-48.46,-42.53,1,0.00,0.00,0,0,0,3.77,1.17,46.1,0,00,1,$
#,050,10,9,29.00,940.25,10.00,1464.0,-70.44,0.01,-0.06,0.98,0.55,-0.06,2.08,47.02,-48.46,-42.53,1,0.00,0.00,0,0,0,3.77,1.09,45.5,0,00,1,$
#,050,10,9,29.00,940.25,10.00,1474.0,-63.74,0.01,-0.06,0.98,0.55,-0.06,2.08,47.02,-48.46,-42.53,1,0.00,0.00,0,0,0,3.77,1.09,45.5,0,00,1,$
#,050,10,10,29.00,940.25,10.00,1469.0,-61.85,0.01,-0.06,0.98,0.61,0.49,1.89,47.33,-48.02,-42.69,1,0.00,0.00,0,0,0,3.77,1.16,46.6,0,00,1,$
#,050,10,10,29.00,940.25,10.00,1479.0,-70.01,0.01,-0.06,0.98,0.61,0.49,1.89,47.33,-48.02,-42.69,1,0.00,0.00,0,0,0,3.77,1.16,45.0,0,00,1,$
#,050,10,10,29.00,940.25,10.00,1484.0,-63.04,0.01,-0.06,0.98,0.61,0.49,1.89,47.33,-48.02,-42.69,1,0.00,0.00,0,0,0,3.76,1.24,44.4,0,00,1,$
#,050,10,10,29.00,940.25,10.00,1494.0,-64.97,0.01,-0.07,0.99,0.61,0.31,1.89,47.86,-48.78,-41.89,1,0.00,0.00,0,0,0,3.76,1.24,45.5,0,00,1,$
#,050,10,10,29.00,940.25,10.00,1489.0,-60.91,0.01,-0.07,0.99,0.61,0.31,1.89,47.86,-48.78,-41.89,1,0.00,0.00,0,0,0,3.76,1.22,45.0,0,00,1,$
#,050,11,10,29.00,940.25,10.00,1499.0,-62.85,0.01,-0.07,0.98,0.12,0.24,-2.38,47.77,-48.35,-42.48,1,0.00,0.00,0,0,0,3.76,1.22,45.0,0,00,1,$
#,050,11,10,29.00,940.25,10.00,1504.0,-70.77,0.01,-0.07,0.98,0.12,0.24,-2.38,47.77,-48.35,-42.48,1,0.00,0.00,0,0,0,3.77,1.26,45.0,0,00,1,$
#,050,11,10,29.00,940.25,10.00,1514.0,-68.71,0.01,-0.07,0.98,0.12,0.24,-2.38,47.77,-48.35,-42.48,1,0.00,0.00,0,0,0,3.77,1.26,45.0,0,00,1,$
#,050,11,10,29.00,940.25,10.00,1509.0,-66.35,0.01,-0.06,0.96,0.06,-0.98,19.59,46.96,-47.81,-41.37,1,0.00,0.00,0,0,0,3.77,1.13,46.1,0,00,1,$
#,050,11,10,29.00,940.25,10.00,1519.0,-63.82,0.01,-0.06,0.96,0.06,-0.98,19.59,46.96,-47.81,-41.37,1,0.00,0.00,0,0,0,3.77,1.13,46.1,0,00,1,$
#,050,11,11,29.00,940.25,10.00,1534.0,-68.25,0.01,-0.06,0.96,0.06,-0.98,19.59,46.96,-47.81,-41.37,1,0.00,0.00,0,0,0,3.77,1.09,45.5,0,00,1,$
#,050,11,11,29.00,940.25,10.00,1529.0,-78.73,0.01,-0.06,0.93,-8.61,1.40,-22.58,46.86,-47.83,-42.24,1,0.00,0.00,0,0,0,3.77,1.09,45.5,0,00,1,$
#,050,11,11,29.00,940.25,10.00,1539.0,-66.16,0.01,-0.06,0.93,-8.61,1.40,-22.58,46.86,-47.83,-42.24,1,0.00,0.00,0,0,0,3.76,1.26,46.6,0,00,1,$
#,050,11,11,29.00,940.25,10.00,1544.0,-58.82,0.01,-0.06,0.93,-8.61,1.40,-22.58,46.86,-47.83,-42.24,1,0.00,0.00,0,0,0,3.77,1.21,46.6,0,00,1,$
#,050,11,11,29.00,940.25,10.00,1554.0,-65.54,0.01,-0.06,0.99,0.55,0.24,2.01,47.23,-48.45,-42.58,1,0.00,0.00,0,0,0,3.77,1.21,45.5,0,00,1,$
#,050,12,11,29.00,940.25,10.00,1549.0,-67.2,0.01,-0.06,0.99,0.55,0.24,2.01,47.23,-48.45,-42.58,1,0.00,0.00,0,0,0,3.77,1.22,44.4,0,00,1,$
#,050,12,11,29.00,940.25,10.00,1559.0,-65.65,0.01,-0.06,0.99,0.55,0.24,2.01,47.23,-48.45,-42.58,1,0.00,0.00,0,0,0,3.77,1.22,46.1,0,00,1,$
#,050,12,11,29.00,940.25,10.00,1564.0,-72.82,0.01,-0.06,0.98,0.67,0.31,1.95,48.00,-49.21,-41.72,1,0.00,0.00,0,0,0,3.77,1.10,46.6,0,00,1,$
#,050,12,11,29.00,940.25,10.00,1574.0,-66.05,0.01,-0.06,0.98,0.67,0.31,1.95,48.00,-49.21,-41.72,1,0.00,0.00,0,0,0,3.77,1.10,45.5,0,00,1,$
#,050,12,11,29.00,940.25,10.00,1569.0,-65.97,0.01,-0.06,0.98,0.67,0.31,1.95,48.00,-49.21,-41.72,1,0.00,0.00,0,0,0,3.77,1.10,45.0,0,00,1,$
#,050,12,12,29.00,940.25,10.00,1579.0,-67.39,0.02,-0.06,0.98,0.67,0.24,1.71,47.83,-47.99,-41.42,1,0.00,0.00,0,0,0,3.77,1.10,45.5,0,00,1,$
#,050,12,12,29.00,940.25,10.00,1584.0,-75.38,0.02,-0.06,0.98,0.67,0.24,1.71,47.83,-47.99,-41.42,1,0.00,0.00,0,0,0,3.77,1.21,45.0,0,00,1,$
#,050,12,12,29.00,940.25,10.00,1594.0,-75.2,0.02,-0.06,0.98,0.67,0.24,1.71,47.83,-47.99,-41.42,1,0.00,0.00,0,0,0,3.77,1.21,45.5,0,00,1,$
#,050,12,12,29.00,940.25,10.00,1589.0,-65.02,0.01,-0.07,0.98,0.61,0.43,2.26,47.40,-48.45,-42.29,1,0.00,0.00,0,0,0,3.77,1.18,46.1,0,00,1,$
#,050,13,12,29.00,940.25,10.00,1599.0,-65.25,0.01,-0.07,0.98,0.61,0.43,2.26,47.40,-48.45,-42.29,1,0.00,0.00,0,0,0,3.77,1.18,44.4,0,00,1,$
#,050,13,12,29.00,940.25,10.00,1604.0,-68.34,0.01,-0.06,0.99,1.22,0.61,3.54,49.89,-49.00,-44.52,1,0.00,0.00,0,0,0,3.77,1.17,45.0,0,00,1,$
#,050,13,12,29.00,940.25,10.00,1614.0,-64.5,0.01,-0.06,0.99,1.22,0.61,3.54,49.89,-49.00,-44.52,1,0.00,0.00,0,0,0,3.77,1.17,45.0,0,00,1,$
#,050,13,12,29.00,940.25,10.00,1609.0,-73.24,0.01,-0.06,0.99,1.22,0.61,3.54,49.89,-49.00,-44.52,1,0.00,0.00,0,0,0,3.77,1.12,45.0,0,00,1,$
#,050,13,12,29.00,940.25,10.00,1619.0,-76.04,0.01,-0.06,0.98,0.61,0.24,2.01,47.07,-47.35,-40.56,1,0.00,0.00,0,0,0,3.77,1.12,44.4,0,00,1,$
#,050,13,12,29.00,940.25,10.00,1624.0,-64.06,0.01,-0.06,0.98,0.61,0.24,2.01,47.07,-47.35,-40.56,1,0.00,0.00,0,0,0,3.77,1.07,44.4,0,00,1,$
#,050,13,13,29.00,940.25,10.00,1634.0,-69.22,0.01,-0.06,0.98,0.61,0.24,2.01,47.07,-47.35,-40.56,1,0.00,0.00,0,0,0,3.77,1.07,45.5,0,00,1,$
#,050,13,13,29.00,940.25,10.00,1639.0,-65.28,0.00,-0.07,0.98,-1.95,-0.31,-0.98,47.91,-48.99,-43.32,1,0.00,0.00,0,0,0,3.77,1.24,45.5,0,00,1,$
#,050,13,13,29.00,940.25,10.00,1644.0,-84.11,0.00,-0.07,0.98,-1.95,-0.31,-0.98,47.91,-48.99,-43.32,1,0.00,0.00,0,0,0,3.77,1.24,45.5,0,00,1,$
#,050,13,13,29.00,940.25,10.00,1654.0,-68.87,0.00,-0.07,0.98,-1.95,-0.31,-0.98,47.91,-48.99,-43.32,1,0.00,0.00,0,0,0,3.77,1.22,46.1,0,00,1,$
#,050,14,13,29.00,940.25,10.00,1649.0,-61.24,0.01,-0.06,0.98,-0.49,-0.67,0.06,47.83,-48.77,-42.30,1,0.00,0.00,0,0,0,3.77,1.22,45.5,0,00,1,$
#,050,14,13,29.00,940.25,10.00,1659.0,-61.41,0.01,-0.06,0.98,-0.49,-0.67,0.06,47.83,-48.77,-42.30,1,0.00,0.00,0,0,0,3.77,1.22,45.0,0,00,1,$
#,050,14,13,29.00,940.25,10.00,1664.0,-59.74,0.01,-0.06,0.98,-0.49,-0.67,0.06,47.83,-48.77,-42.30,1,0.00,0.00,0,0,0,3.77,1.22,44.4,0,00,1,$
#,050,14,13,29.00,940.25,10.00,1674.0,-70.44,0.01,-0.07,0.97,-0.49,0.06,-1.46,47.40,-48.12,-40.95,1,0.00,0.00,0,0,0,3.77,1.21,45.0,0,00,1,$
#,050,14,13,29.00,940.25,10.00,1669.0,-64.0,0.01,-0.07,0.97,-0.49,0.06,-1.46,47.40,-48.12,-40.95,1,0.00,0.00,0,0,0,3.77,1.11,45.0,0,00,1,$
#,050,14,13,29.00,940.25,10.00,1679.0,-61.7,0.01,-0.07,0.97,-0.49,0.06,-1.46,47.40,-48.12,-40.95,1,0.00,0.00,0,0,0,3.77,1.11,44.4,0,00,1,$
#,050,14,14,29.00,940.25,10.00,1684.0,-62.93,0.02,-0.07,0.93,10.80,-2.75,-68.24,47.51,-48.01,-40.94,1,0.00,0.00,0,0,0,3.76,1.13,45.5,0,00,1,$
#,050,14,14,29.00,940.25,10.00,1694.0,-60.85,0.02,-0.07,0.93,10.80,-2.75,-68.24,47.51,-48.01,-40.94,1,0.00,0.00,0,0,0,3.76,1.13,44.4,0,00,1,$
#,050,14,14,29.00,940.25,10.00,1689.0,-62.05,0.02,-0.07,0.93,10.80,-2.75,-68.24,47.51,-48.01,-40.94,1,0.00,0.00,0,0,0,3.76,1.23,46.1,0,00,1,$
#,050,15,14,29.00,940.25,10.00,1699.0,-61.77,0.01,-0.07,0.97,0.79,0.37,2.20,48.17,-48.16,-42.14,1,0.00,0.00,0,0,0,3.76,1.23,44.4,0,00,1,$
#,050,15,14,29.00,940.25,10.00,1704.0,-68.03,0.01,-0.07,0.97,0.79,0.37,2.20,48.17,-48.16,-42.14,1,0.00,0.00,0,0,0,3.77,1.17,46.1,0,00,1,$
#,050,15,14,29.00,940.25,10.00,1714.0,-59.69,0.00,-0.06,0.98,0.73,0.31,2.01,47.14,-48.06,-43.03,1,0.00,0.00,0,0,0,3.77,1.17,45.0,0,00,1,$
#,050,15,14,29.00,940.25,10.00,1709.0,-66.24,0.00,-0.06,0.98,0.73,0.31,2.01,47.14,-48.06,-43.03,1,0.00,0.00,0,0,0,3.77,1.17,44.4,0,00,1,$
#,050,15,14,29.00,940.25,10.00,1719.0,-66.01,0.00,-0.06,0.98,0.73,0.31,2.01,47.14,-48.06,-43.03,1,0.00,0.00,0,0,0,3.77,1.17,45.5,0,00,1,$
#,050,15,14,29.00,940.25,10.00,1724.0,-78.17,0.01,-0.07,0.98,0.55,0.31,2.08,47.68,-48.16,-40.75,1,0.00,0.00,0,0,0,3.77,1.07,45.5,0,00,1,$
#,050,15,14,29.00,940.25,10.00,1734.0,-73.1,0.01,-0.07,0.98,0.55,0.31,2.08,47.68,-48.16,-40.75,1,0.00,0.00,0,0,0,3.77,1.07,45.5,0,00,1,$
#,050,15,15,29.00,940.25,10.00,1729.0,-63.53,0.01,-0.07,0.98,0.55,0.31,2.08,47.68,-48.16,-40.75,1,0.00,0.00,0,0,0,3.77,1.09,45.5,0,00,1,$
#,050,15,15,29.00,940.25,10.00,1744.0,-69.26,0.01,-0.07,0.98,0.67,0.31,2.01,47.22,-48.39,-42.65,1,0.00,0.00,0,0,0,3.77,1.09,45.5,0,00,1,$
#,050,15,15,29.00,940.25,10.00,1754.0,-67.45,0.01,-0.07,0.98,0.67,0.31,2.01,47.22,-48.39,-42.65,1,0.00,0.00,0,0,0,3.76,1.08,46.6,0,00,1,$
#,050,16,15,29.00,940.25,10.00,1749.0,-59.34,0.01,-0.07,0.98,0.67,0.31,2.01,47.22,-48.39,-42.65,1,0.00,0.00,0,0,0,3.76,1.08,46.6,0,00,1,$
#,050,16,15,29.00,940.25,10.00,1759.0,-62.32,0.01,-0.06,0.98,0.67,0.49,2.01,47.00,-48.90,-44.21,1,0.00,0.00,0,0,0,3.78,0.93,46.1,0,00,1,$
#,050,16,15,29.00,940.25,10.00,1764.0,-60.12,0.01,-0.06,0.98,0.67,0.49,2.01,47.00,-48.90,-44.21,1,0.00,0.00,0,0,0,3.78,0.93,45.0,0,00,1,$
#,050,16,15,29.00,940.25,10.00,1774.0,-62.32,0.01,-0.06,0.98,0.67,0.49,2.01,47.00,-48.90,-44.21,1,0.00,0.00,0,0,0,3.78,0.95,46.1,0,00,1,$
#,050,16,15,29.00,940.25,10.00,1769.0,-65.23,0.01,-0.06,0.98,0.00,0.00,1.59,47.56,-48.19,-40.59,1,0.00,0.00,0,0,0,3.78,0.95,45.0,0,00,1,$
#,050,16,15,29.00,940.25,10.00,1779.0,-67.58,0.01,-0.06,0.98,0.00,0.00,1.59,47.56,-48.19,-40.59,1,0.00,0.00,0,0,0,3.78,0.90,44.4,0,00,1,$
#,050,16,15,29.00,940.25,10.00,1784.0,-69.69,0.01,-0.06,0.98,0.00,0.00,1.59,47.56,-48.19,-40.59,1,0.00,0.00,0,0,0,3.78,0.90,45.0,0,00,1,$
#,050,16,16,29.00,940.25,10.00,1794.0,-75.82,0.01,-0.06,0.98,0.18,-0.37,-9.03,47.62,-47.40,-40.42,1,0.00,0.00,0,0,0,3.78,0.84,45.0,0,00,1,$
#,050,16,16,29.00,940.25,10.00,1789.0,-60.63,0.01,-0.06,0.98,0.18,-0.37,-9.03,47.62,-47.40,-40.42,1,0.00,0.00,0,0,0,3.78,0.84,46.1,0,00,1,$
#,050,17,16,29.00,940.25,10.00,1799.0,-59.22,0.01,-0.06,0.98,0.18,-0.37,-9.03,47.62,-47.40,-40.42,1,0.00,0.00,0,0,0,3.78,0.96,45.0,0,00,1,$
#,050,17,16,29.00,940.25,10.00,1804.0,-63.07,0.02,-0.06,0.97,-1.22,-3.23,15.81,47.92,-48.58,-39.90,1,0.00,0.00,0,0,0,3.78,0.92,45.0,0,00,1,$
#,050,17,16,29.00,940.25,10.00,1814.0,-64.16,0.02,-0.06,0.97,-1.22,-3.23,15.81,47.92,-48.58,-39.90,1,0.00,0.00,0,0,0,3.78,0.92,45.0,0,00,1,$
#,050,17,16,29.00,940.25,10.00,1809.0,-72.3,0.02,-0.06,0.97,-1.22,-3.23,15.81,47.92,-48.58,-39.90,1,0.00,0.00,0,0,0,3.78,0.89,46.6,0,00,1,$
#,050,17,16,29.00,940.25,10.00,1819.0,-74.82,0.02,-0.06,0.99,0.79,0.18,0.06,47.50,-48.67,-41.60,1,0.00,0.00,0,0,0,3.78,0.89,45.5,0,00,1,$
#,050,17,16,29.00,940.25,10.00,1824.0,-68.82,0.02,-0.06,0.99,0.79,0.18,0.06,47.50,-48.67,-41.60,1,0.00,0.00,0,0,0,3.79,0.81,43.9,0,00,1,$
#,050,17,16,29.00,940.25,10.00,1834.0,-66.27,0.03,-0.07,0.96,10.56,-1.77,62.38,47.07,-47.74,-40.27,1,0.00,0.00,0,0,0,3.79,0.81,45.0,0,00,1,$
#,050,17,16,29.00,940.25,10.00,1829.0,-77.88,0.03,-0.07,0.96,10.56,-1.77,62.38,47.07,-47.74,-40.27,1,0.00,0.00,0,0,0,3.79,0.82,46.1,0,00,1,$
#,050,17,17,29.00,940.25,10.00,1839.0,-64.75,0.03,-0.07,0.96,10.56,-1.77,62.38,47.07,-47.74,-40.27,1,0.00,0.00,0,0,0,3.79,0.82,45.5,0,00,1,$
#,050,17,17,29.00,940.25,10.00,1844.0,-72.76,0.02,-0.07,0.92,8.48,-1.59,54.57,46.83,-48.86,-42.18,1,0.00,0.00,0,0,0,3.78,0.90,45.0,0,00,1,$
#,050,18,17,29.00,940.25,10.00,1849.0,-67.6,0.02,-0.07,0.92,8.48,-1.59,54.57,46.83,-48.86,-42.18,1,0.00,0.00,0,0,0,3.78,0.90,45.0,0,00,1,$
#,050,18,17,29.00,940.25,10.00,1859.0,-68.03,0.02,-0.07,0.92,8.48,-1.59,54.57,46.83,-48.86,-42.18,1,0.00,0.00,0,0,0,3.78,0.89,45.0,0,00,1,$
#,050,18,17,29.00,940.25,10.00,1864.0,-70.09,0.01,-0.07,0.96,0.67,0.24,1.95,47.99,-48.36,-41.78,1,0.00,0.00,0,0,0,3.78,0.89,46.1,0,00,1,$
#,050,18,17,29.00,940.25,10.00,1874.0,-72.22,0.01,-0.07,0.96,0.67,0.24,1.95,47.99,-48.36,-41.78,1,0.00,0.00,0,0,0,3.78,0.96,46.6,0,00,1,$
#,050,18,17,29.00,940.25,10.00,1869.0,-65.93,0.01,-0.07,0.96,0.67,0.24,1.95,47.99,-48.36,-41.78,1,0.00,0.00,0,0,0,3.78,0.96,46.6,0,00,1,$
#,050,18,17,29.00,940.25,10.00,1879.0,-67.63,0.02,-0.06,0.98,0.79,0.18,1.65,48.40,-48.73,-40.98,1,0.00,0.00,0,0,0,3.78,0.82,44.4,0,00,1,$
#,050,18,17,29.00,940.25,10.00,1884.0,-63.97,0.02,-0.06,0.98,0.79,0.18,1.65,48.40,-48.73,-40.98,1,0.00,0.00,0,0,0,3.78,0.82,45.0,0,00,1,$
#,050,18,17,29.00,940.25,10.00,1894.0,-65.29,0.02,-0.06,0.98,0.79,0.18,1.65,48.40,-48.73,-40.98,1,0.00,0.00,0,0,0,3.78,0.79,46.1,0,00,1,$
#,050,18,18,29.00,940.25,10.00,1889.0,-64.53,0.01,-0.06,0.98,0.55,0.24,1.95,47.31,-47.69,-41.49,1,0.00,0.00,0,0,0,3.78,0.79,46.1,0,00,1,$
#,050,19,18,29.00,940.25,10.00,1899.0,-60.29,0.01,-0.06,0.98,0.55,0.24,1.95,47.31,-47.69,-41.49,1,0.00,0.00,0,0,0,3.78,1.01,45.0,0,00,1,$
#,050,19,18,29.00,940.25,10.00,1904.0,-64.37,0.01,-0.06,0.98,0.55,0.24,1.95,47.31,-47.69,-41.49,1,0.00,0.00,0,0,0,3.78,1.01,45.5,0,00,1,$
#,050,19,18,29.00,940.25,10.00,1914.0,-71.17,0.01,-0.07,1.00,0.49,0.49,2.01,47.28,-48.74,-43.57,1,0.00,0.00,0,0,0,3.78,0.93,45.0,0,00,1,$
#,050,19,18,29.00,940.25,10.00,1909.0,-80.79,0.01,-0.07,1.00,0.49,0.49,2.01,47.28,-48.74,-43.57,1,0.00,0.00,0,0,0,3.78,0.93,46.1,0,00,1,$
#,050,19,18,29.00,940.25,10.00,1919.0,-63.38,0.01,-0.07,1.00,0.49,0.49,2.01,47.28,-48.74,-43.57,1,0.00,0.00,0,0,0,3.78,0.92,45.0,0,00,1,$
#,050,19,18,29.00,940.25,10.00,1924.0,-68.08,0.01,-0.07,1.00,0.85,0.79,3.36,48.11,-48.61,-42.46,1,0.00,0.00,0,0,0,3.78,0.92,44.4,0,00,1,$
#,050,19,18,29.00,940.25,10.00,1934.0,-61.52,0.01,-0.07,1.00,0.85,0.79,3.36,48.11,-48.61,-42.46,1,0.00,0.00,0,0,0,3.78,0.89,46.1,0,00,1,$
#,050,19,18,29.00,940.25,10.00,1929.0,-60.91,0.02,-0.06,1.01,0.00,0.24,1.59,47.44,-47.73,-40.39,1,0.00,0.00,0,0,0,3.79,0.81,44.4,0,00,1,$
#,050,19,18,29.00,940.25,10.00,1939.0,-62.65,0.02,-0.06,1.01,0.00,0.24,1.59,47.44,-47.73,-40.39,1,0.00,0.00,0,0,0,3.79,0.81,45.0,0,00,1,$
#,050,19,19,29.00,940.25,10.00,1944.0,-67.22,0.02,-0.06,1.01,0.00,0.24,1.59,47.44,-47.73,-40.39,1,0.00,0.00,0,0,0,3.78,0.89,45.5,0,00,1,$
#,050,20,19,29.00,940.25,10.00,1954.0,-71.97,0.02,-0.07,0.95,-15.32,0.98,-69.95,48.34,-48.71,-41.77,1,0.00,0.00,0,0,0,3.78,0.89,44.4,0,00,1,$
#,050,20,19,29.00,940.25,10.00,1959.0,-62.9,0.02,-0.07,0.95,-15.32,0.98,-69.95,48.34,-48.71,-41.77,1,0.00,0.00,0,0,0,3.78,0.98,46.1,0,00,1,$
#,050,20,19,29.00,940.25,10.00,1964.0,-61.47,0.02,-0.07,0.95,-15.32,0.98,-69.95,48.34,-48.71,-41.77,1,0.00,0.00,0,0,0,3.78,0.98,45.5,0,00,1,$
#,050,20,19,29.00,940.25,10.00,1974.0,-66.56,0.01,-0.07,0.98,-0.61,-0.06,-1.53,47.08,-48.97,-41.02,1,0.00,0.00,0,0,0,3.78,1.02,45.0,0,00,1,$
#,050,20,19,29.00,940.25,10.00,1969.0,-63.57,0.01,-0.07,0.98,-0.61,-0.06,-1.53,47.08,-48.97,-41.02,1,0.00,0.00,0,0,0,3.78,1.02,46.1,0,00,1,$
#,050,20,19,29.00,940.25,10.00,1979.0,-59.37,0.01,-0.07,0.98,-0.61,-0.06,-1.53,47.08,-48.97,-41.02,1,0.00,0.00,0,0,0,3.77,1.22,43.9,0,00,1,$
#,050,20,19,29.00,940.25,10.00,1984.0,-62.88,0.02,-0.07,0.94,8.30,-1.65,46.08,46.81,-47.06,-40.59,1,0.00,0.00,0,0,0,3.77,1.22,46.1,0,00,1,$
#,050,20,19,29.00,940.25,10.00,1994.0,-76.62,0.02,-0.07,0.94,8.30,-1.65,46.08,46.81,-47.06,-40.59,1,0.00,0.00,0,0,0,3.77,1.11,45.0,0,00,1,$
#,050,20,19,29.00,940.25,10.00,1989.0,-63.98,0.02,-0.07,0.94,8.30,-1.65,46.08,46.81,-47.06,-40.59,1,0.00,0.00,0,0,0,3.77,1.11,45.0,0,00,1,$
#,050,21,20,29.00,940.25,10.00,1999.0,-82.46,0.02,-0.07,0.98,0.49,0.43,2.20,46.89,-47.51,-40.50,1,0.00,0.00,0,0,0,3.77,1.14,45.0,0,00,1,$
#,050,21,20,29.00,940.25,10.00,2004.0,-63.01,0.02,-0.07,0.98,0.49,0.43,2.20,46.89,-47.51,-40.50,1,0.00,0.00,0,0,0,3.77,1.14,46.1,0,00,1,$
#,050,21,20,29.00,940.25,10.00,2014.0,-62.62,0.02,-0.07,0.98,0.49,0.43,2.20,46.89,-47.51,-40.50,1,0.00,0.00,0,0,0,3.77,1.21,45.0,0,00,1,$
#,050,21,20,29.00,940.25,10.00,2009.0,-62.49,0.01,-0.06,0.98,1.53,0.61,-1.34,47.64,-48.50,-44.18,1,0.00,0.00,0,0,0,3.77,1.21,45.0,0,00,1,$
#,050,21,20,29.00,940.25,10.00,2019.0,-61.74,0.01,-0.06,0.98,1.53,0.61,-1.34,47.64,-48.50,-44.18,1,0.00,0.00,0,0,0,3.76,1.21,46.1,0,00,1,$
#,050,21,20,29.00,940.25,10.00,2024.0,-75.38,0.01,-0.06,0.98,1.53,0.61,-1.34,47.64,-48.50,-44.18,1,0.00,0.00,0,0,0,3.76,1.21,45.5,0,00,1,$
#,050,21,20,29.00,940.25,10.00,2034.0,-75.2,0.02,-0.07,0.97,0.67,0.37,1.89,47.09,-48.57,-42.42,1,0.00,0.00,0,0,0,3.76,1.29,45.5,0,00,1,$
#,050,21,20,29.00,940.25,10.00,2029.0,-76.07,0.02,-0.07,0.97,0.67,0.37,1.89,47.09,-48.57,-42.42,1,0.00,0.00,0,0,0,3.76,1.29,43.9,0,00,1,$
#,050,21,20,29.00,940.25,10.00,2039.0,-61.53,0.01,-0.06,0.97,0.67,0.18,2.01,46.88,-47.42,-40.72,1,0.00,0.00,0,0,0,3.77,1.10,45.5,0,00,1,$
